date,camelsbr_42210000,camelsbr_43200000,GRDC_3651408
1950-01-01,,,
1950-01-02,,,
1950-01-03,,,
1950-01-04,,,
1950-01-05,,,
1950-01-06,,,
1950-01-07,,,
1950-01-08,,,
1950-01-09,,,
1950-01-10,,,
1950-01-11,,,
1950-01-12,,,
1950-01-13,,,
1950-01-14,,,
1950-01-15,,,
1950-01-16,,,
1950-01-17,,,
1950-01-18,,,
1950-01-19,,,
1950-01-20,,,
1950-01-21,,,
1950-01-22,,,
1950-01-23,,,
1950-01-24,,,
1950-01-25,,,
1950-01-26,,,
1950-01-27,,,
1950-01-28,,,
1950-01-29,,,
1950-01-30,,,
1950-01-31,,,
1950-02-01,,,
1950-02-02,,,
1950-02-03,,,
1950-02-04,,,
1950-02-05,,,
1950-02-06,,,
1950-02-07,,,
1950-02-08,,,
1950-02-09,,,
1950-02-10,,,
1950-02-11,,,
1950-02-12,,,
1950-02-13,,,
1950-02-14,,,
1950-02-15,,,
1950-02-16,,,
1950-02-17,,,
1950-02-18,,,
1950-02-19,,,
1950-02-20,,,
1950-02-21,,,
1950-02-22,,,
1950-02-23,,,
1950-02-24,,,
1950-02-25,,,
1950-02-26,,,
1950-02-27,,,
1950-02-28,,,
1950-03-01,,,
1950-03-02,,,
1950-03-03,,,
1950-03-04,,,
1950-03-05,,,
1950-03-06,,,
1950-03-07,,,
1950-03-08,,,
1950-03-09,,,
1950-03-10,,,
1950-03-11,,,
1950-03-12,,,
1950-03-13,,,
1950-03-14,,,
1950-03-15,,,
1950-03-16,,,
1950-03-17,,,
1950-03-18,,,
1950-03-19,,,
1950-03-20,,,
1950-03-21,,,
1950-03-22,,,
1950-03-23,,,
1950-03-24,,,
1950-03-25,,,
1950-03-26,,,
1950-03-27,,,
1950-03-28,,,
1950-03-29,,,
1950-03-30,,,
1950-03-31,,,
1950-04-01,,,
1950-04-02,,,
1950-04-03,,,
1950-04-04,,,
1950-04-05,,,
1950-04-06,,,
1950-04-07,,,
1950-04-08,,,
1950-04-09,,,
1950-04-10,,,
1950-04-11,,,
1950-04-12,,,
1950-04-13,,,
1950-04-14,,,
1950-04-15,,,
1950-04-16,,,
1950-04-17,,,
1950-04-18,,,
1950-04-19,,,
1950-04-20,,,
1950-04-21,,,
1950-04-22,,,
1950-04-23,,,
1950-04-24,,,
1950-04-25,,,
1950-04-26,,,
1950-04-27,,,
1950-04-28,,,
1950-04-29,,,
1950-04-30,,,
1950-05-01,,,
1950-05-02,,,
1950-05-03,,,
1950-05-04,,,
1950-05-05,,,
1950-05-06,,,
1950-05-07,,,
1950-05-08,,,
1950-05-09,,,
1950-05-10,,,
1950-05-11,,,
1950-05-12,,,
1950-05-13,,,
1950-05-14,,,
1950-05-15,,,
1950-05-16,,,
1950-05-17,,,
1950-05-18,,,
1950-05-19,,,
1950-05-20,,,
1950-05-21,,,
1950-05-22,,,
1950-05-23,,,
1950-05-24,,,
1950-05-25,,,
1950-05-26,,,
1950-05-27,,,
1950-05-28,,,
1950-05-29,,,
1950-05-30,,,
1950-05-31,,,
1950-06-01,,,
1950-06-02,,,
1950-06-03,,,
1950-06-04,,,
1950-06-05,,,
1950-06-06,,,
1950-06-07,,,
1950-06-08,,,
1950-06-09,,,
1950-06-10,,,
1950-06-11,,,
1950-06-12,,,
1950-06-13,,,
1950-06-14,,,
1950-06-15,,,
1950-06-16,,,
1950-06-17,,,
1950-06-18,,,
1950-06-19,,,
1950-06-20,,,
1950-06-21,,,
1950-06-22,,,
1950-06-23,,,
1950-06-24,,,
1950-06-25,,,
1950-06-26,,,
1950-06-27,,,
1950-06-28,,,
1950-06-29,,,
1950-06-30,,,
1950-07-01,,,
1950-07-02,,,
1950-07-03,,,
1950-07-04,,,
1950-07-05,,,
1950-07-06,,,
1950-07-07,,,
1950-07-08,,,
1950-07-09,,,
1950-07-10,,,
1950-07-11,,,
1950-07-12,,,
1950-07-13,,,
1950-07-14,,,
1950-07-15,,,
1950-07-16,,,
1950-07-17,,,
1950-07-18,,,
1950-07-19,,,
1950-07-20,,,
1950-07-21,,,
1950-07-22,,,
1950-07-23,,,
1950-07-24,,,
1950-07-25,,,
1950-07-26,,,
1950-07-27,,,
1950-07-28,,,
1950-07-29,,,
1950-07-30,,,
1950-07-31,,,
1950-08-01,,,
1950-08-02,,,
1950-08-03,,,
1950-08-04,,,
1950-08-05,,,
1950-08-06,,,
1950-08-07,,,
1950-08-08,,,
1950-08-09,,,
1950-08-10,,,
1950-08-11,,,
1950-08-12,,,
1950-08-13,,,
1950-08-14,,,
1950-08-15,,,
1950-08-16,,,
1950-08-17,,,
1950-08-18,,,
1950-08-19,,,
1950-08-20,,,
1950-08-21,,,
1950-08-22,,,
1950-08-23,,,
1950-08-24,,,
1950-08-25,,,
1950-08-26,,,
1950-08-27,,,
1950-08-28,,,
1950-08-29,,,
1950-08-30,,,
1950-08-31,,,
1950-09-01,,,
1950-09-02,,,
1950-09-03,,,
1950-09-04,,,
1950-09-05,,,
1950-09-06,,,
1950-09-07,,,
1950-09-08,,,
1950-09-09,,,
1950-09-10,,,
1950-09-11,,,
1950-09-12,,,
1950-09-13,,,
1950-09-14,,,
1950-09-15,,,
1950-09-16,,,
1950-09-17,,,
1950-09-18,,,
1950-09-19,,,
1950-09-20,,,
1950-09-21,,,
1950-09-22,,,
1950-09-23,,,
1950-09-24,,,
1950-09-25,,,
1950-09-26,,,
1950-09-27,,,
1950-09-28,,,
1950-09-29,,,
1950-09-30,,,
1950-10-01,,,
1950-10-02,,,
1950-10-03,,,
1950-10-04,,,
1950-10-05,,,
1950-10-06,,,
1950-10-07,,,
1950-10-08,,,
1950-10-09,,,
1950-10-10,,,
1950-10-11,,,
1950-10-12,,,
1950-10-13,,,
1950-10-14,,,
1950-10-15,,,
1950-10-16,,,
1950-10-17,,,
1950-10-18,,,
1950-10-19,,,
1950-10-20,,,
1950-10-21,,,
1950-10-22,,,
1950-10-23,,,
1950-10-24,,,
1950-10-25,,,
1950-10-26,,,
1950-10-27,,,
1950-10-28,,,
1950-10-29,,,
1950-10-30,,,
1950-10-31,,,
1950-11-01,,,
1950-11-02,,,
1950-11-03,,,
1950-11-04,,,
1950-11-05,,,
1950-11-06,,,
1950-11-07,,,
1950-11-08,,,
1950-11-09,,,
1950-11-10,,,
1950-11-11,,,
1950-11-12,,,
1950-11-13,,,
1950-11-14,,,
1950-11-15,,,
1950-11-16,,,
1950-11-17,,,
1950-11-18,,,
1950-11-19,,,
1950-11-20,,,
1950-11-21,,,
1950-11-22,,,
1950-11-23,,,
1950-11-24,,,
1950-11-25,,,
1950-11-26,,,
1950-11-27,,,
1950-11-28,,,
1950-11-29,,,
1950-11-30,,,
1950-12-01,,,
1950-12-02,,,
1950-12-03,,,
1950-12-04,,,
1950-12-05,,,
1950-12-06,,,
1950-12-07,,,
1950-12-08,,,
1950-12-09,,,
1950-12-10,,,
1950-12-11,,,
1950-12-12,,,
1950-12-13,,,
1950-12-14,,,
1950-12-15,,,
1950-12-16,,,
1950-12-17,,,
1950-12-18,,,
1950-12-19,,,
1950-12-20,,,
1950-12-21,,,
1950-12-22,,,
1950-12-23,,,
1950-12-24,,,
1950-12-25,,,
1950-12-26,,,
1950-12-27,,,
1950-12-28,,,
1950-12-29,,,
1950-12-30,,,
1950-12-31,,,
1951-01-01,,,
1951-01-02,,,
1951-01-03,,,
1951-01-04,,,
1951-01-05,,,
1951-01-06,,,
1951-01-07,,,
1951-01-08,,,
1951-01-09,,,
1951-01-10,,,
1951-01-11,,,
1951-01-12,,,
1951-01-13,,,
1951-01-14,,,
1951-01-15,,,
1951-01-16,,,
1951-01-17,,,
1951-01-18,,,
1951-01-19,,,
1951-01-20,,,
1951-01-21,,,
1951-01-22,,,
1951-01-23,,,
1951-01-24,,,
1951-01-25,,,
1951-01-26,,,
1951-01-27,,,
1951-01-28,,,
1951-01-29,,,
1951-01-30,,,
1951-01-31,,,
1951-02-01,,,
1951-02-02,,,
1951-02-03,,,
1951-02-04,,,
1951-02-05,,,
1951-02-06,,,
1951-02-07,,,
1951-02-08,,,
1951-02-09,,,
1951-02-10,,,
1951-02-11,,,
1951-02-12,,,
1951-02-13,,,
1951-02-14,,,
1951-02-15,,,
1951-02-16,,,
1951-02-17,,,
1951-02-18,,,
1951-02-19,,,
1951-02-20,,,
1951-02-21,,,
1951-02-22,,,
1951-02-23,,,
1951-02-24,,,
1951-02-25,,,
1951-02-26,,,
1951-02-27,,,
1951-02-28,,,
1951-03-01,,,
1951-03-02,,,
1951-03-03,,,
1951-03-04,,,
1951-03-05,,,
1951-03-06,,,
1951-03-07,,,
1951-03-08,,,
1951-03-09,,,
1951-03-10,,,
1951-03-11,,,
1951-03-12,,,
1951-03-13,,,
1951-03-14,,,
1951-03-15,,,
1951-03-16,,,
1951-03-17,,,
1951-03-18,,,
1951-03-19,,,
1951-03-20,,,
1951-03-21,,,
1951-03-22,,,
1951-03-23,,,
1951-03-24,,,
1951-03-25,,,
1951-03-26,,,
1951-03-27,,,
1951-03-28,,,
1951-03-29,,,
1951-03-30,,,
1951-03-31,,,
1951-04-01,,,
1951-04-02,,,
1951-04-03,,,
1951-04-04,,,
1951-04-05,,,
1951-04-06,,,
1951-04-07,,,
1951-04-08,,,
1951-04-09,,,
1951-04-10,,,
1951-04-11,,,
1951-04-12,,,
1951-04-13,,,
1951-04-14,,,
1951-04-15,,,
1951-04-16,,,
1951-04-17,,,
1951-04-18,,,
1951-04-19,,,
1951-04-20,,,
1951-04-21,,,
1951-04-22,,,
1951-04-23,,,
1951-04-24,,,
1951-04-25,,,
1951-04-26,,,
1951-04-27,,,
1951-04-28,,,
1951-04-29,,,
1951-04-30,,,
1951-05-01,,,
1951-05-02,,,
1951-05-03,,,
1951-05-04,,,
1951-05-05,,,
1951-05-06,,,
1951-05-07,,,
1951-05-08,,,
1951-05-09,,,
1951-05-10,,,
1951-05-11,,,
1951-05-12,,,
1951-05-13,,,
1951-05-14,,,
1951-05-15,,,
1951-05-16,,,
1951-05-17,,,
1951-05-18,,,
1951-05-19,,,
1951-05-20,,,
1951-05-21,,,
1951-05-22,,,
1951-05-23,,,
1951-05-24,,,
1951-05-25,,,
1951-05-26,,,
1951-05-27,,,
1951-05-28,,,
1951-05-29,,,
1951-05-30,,,
1951-05-31,,,
1951-06-01,,,
1951-06-02,,,
1951-06-03,,,
1951-06-04,,,
1951-06-05,,,
1951-06-06,,,
1951-06-07,,,
1951-06-08,,,
1951-06-09,,,
1951-06-10,,,
1951-06-11,,,
1951-06-12,,,
1951-06-13,,,
1951-06-14,,,
1951-06-15,,,
1951-06-16,,,
1951-06-17,,,
1951-06-18,,,
1951-06-19,,,
1951-06-20,,,
1951-06-21,,,
1951-06-22,,,
1951-06-23,,,
1951-06-24,,,
1951-06-25,,,
1951-06-26,,,
1951-06-27,,,
1951-06-28,,,
1951-06-29,,,
1951-06-30,,,
1951-07-01,,,
1951-07-02,,,
1951-07-03,,,
1951-07-04,,,
1951-07-05,,,
1951-07-06,,,
1951-07-07,,,
1951-07-08,,,
1951-07-09,,,
1951-07-10,,,
1951-07-11,,,
1951-07-12,,,
1951-07-13,,,
1951-07-14,,,
1951-07-15,,,
1951-07-16,,,
1951-07-17,,,
1951-07-18,,,
1951-07-19,,,
1951-07-20,,,
1951-07-21,,,
1951-07-22,,,
1951-07-23,,,
1951-07-24,,,
1951-07-25,,,
1951-07-26,,,
1951-07-27,,,
1951-07-28,,,
1951-07-29,,,
1951-07-30,,,
1951-07-31,,,
1951-08-01,,,
1951-08-02,,,
1951-08-03,,,
1951-08-04,,,
1951-08-05,,,
1951-08-06,,,
1951-08-07,,,
1951-08-08,,,
1951-08-09,,,
1951-08-10,,,
1951-08-11,,,
1951-08-12,,,
1951-08-13,,,
1951-08-14,,,
1951-08-15,,,
1951-08-16,,,
1951-08-17,,,
1951-08-18,,,
1951-08-19,,,
1951-08-20,,,
1951-08-21,,,
1951-08-22,,,
1951-08-23,,,
1951-08-24,,,
1951-08-25,,,
1951-08-26,,,
1951-08-27,,,
1951-08-28,,,
1951-08-29,,,
1951-08-30,,,
1951-08-31,,,
1951-09-01,,,
1951-09-02,,,
1951-09-03,,,
1951-09-04,,,
1951-09-05,,,
1951-09-06,,,
1951-09-07,,,
1951-09-08,,,
1951-09-09,,,
1951-09-10,,,
1951-09-11,,,
1951-09-12,,,
1951-09-13,,,
1951-09-14,,,
1951-09-15,,,
1951-09-16,,,
1951-09-17,,,
1951-09-18,,,
1951-09-19,,,
1951-09-20,,,
1951-09-21,,,
1951-09-22,,,
1951-09-23,,,
1951-09-24,,,
1951-09-25,,,
1951-09-26,,,
1951-09-27,,,
1951-09-28,,,
1951-09-29,,,
1951-09-30,,,
1951-10-01,,,
1951-10-02,,,
1951-10-03,,,
1951-10-04,,,
1951-10-05,,,
1951-10-06,,,
1951-10-07,,,
1951-10-08,,,
1951-10-09,,,
1951-10-10,,,
1951-10-11,,,
1951-10-12,,,
1951-10-13,,,
1951-10-14,,,
1951-10-15,,,
1951-10-16,,,
1951-10-17,,,
1951-10-18,,,
1951-10-19,,,
1951-10-20,,,
1951-10-21,,,
1951-10-22,,,
1951-10-23,,,
1951-10-24,,,
1951-10-25,,,
1951-10-26,,,
1951-10-27,,,
1951-10-28,,,
1951-10-29,,,
1951-10-30,,,
1951-10-31,,,
1951-11-01,,,
1951-11-02,,,
1951-11-03,,,
1951-11-04,,,
1951-11-05,,,
1951-11-06,,,
1951-11-07,,,
1951-11-08,,,
1951-11-09,,,
1951-11-10,,,
1951-11-11,,,
1951-11-12,,,
1951-11-13,,,
1951-11-14,,,
1951-11-15,,,
1951-11-16,,,
1951-11-17,,,
1951-11-18,,,
1951-11-19,,,
1951-11-20,,,
1951-11-21,,,
1951-11-22,,,
1951-11-23,,,
1951-11-24,,,
1951-11-25,,,
1951-11-26,,,
1951-11-27,,,
1951-11-28,,,
1951-11-29,,,
1951-11-30,,,
1951-12-01,,,
1951-12-02,,,
1951-12-03,,,
1951-12-04,,,
1951-12-05,,,
1951-12-06,,,
1951-12-07,,,
1951-12-08,,,
1951-12-09,,,
1951-12-10,,,
1951-12-11,,,
1951-12-12,,,
1951-12-13,,,
1951-12-14,,,
1951-12-15,,,
1951-12-16,,,
1951-12-17,,,
1951-12-18,,,
1951-12-19,,,
1951-12-20,,,
1951-12-21,,,
1951-12-22,,,
1951-12-23,,,
1951-12-24,,,
1951-12-25,,,
1951-12-26,,,
1951-12-27,,,
1951-12-28,,,
1951-12-29,,,
1951-12-30,,,
1951-12-31,,,
1952-01-01,,,1.19
1952-01-02,,,1.3125
1952-01-03,,,1.39125
1952-01-04,,,1.785
1952-01-05,,,1.945
1952-01-06,,,1.5575
1952-01-07,,,1.29875
1952-01-08,,,0.94625
1952-01-09,,,0.76875
1952-01-10,,,0.74125
1952-01-11,,,0.76625
1952-01-12,,,1.21625
1952-01-13,,,1.16625
1952-01-14,,,1.28125
1952-01-15,,,1.79
1952-01-16,,,2.0
1952-01-17,,,2.02875
1952-01-18,,,1.74125
1952-01-19,,,1.60375
1952-01-20,,,1.23125
1952-01-21,,,0.865
1952-01-22,,,0.84625
1952-01-23,,,1.38375
1952-01-24,,,1.67
1952-01-25,,,1.7525
1952-01-26,,,1.9175
1952-01-27,,,3.13
1952-01-28,,,4.1575
1952-01-29,,,4.25375
1952-01-30,,,2.99
1952-01-31,,,1.4975
1952-02-01,,,1.135
1952-02-02,,,1.15375
1952-02-03,,,1.08125
1952-02-04,,,1.20125
1952-02-05,,,1.3075
1952-02-06,,,1.355
1952-02-07,,,1.4475
1952-02-08,,,2.06375
1952-02-09,,,2.815
1952-02-10,,,4.625
1952-02-11,,,4.8
1952-02-12,,,3.845
1952-02-13,,,2.70375
1952-02-14,,,2.46375
1952-02-15,,,1.77625
1952-02-16,,,1.505
1952-02-17,,,1.34875
1952-02-18,,,1.25125
1952-02-19,,,2.0975
1952-02-20,,,3.3575
1952-02-21,,,3.3275
1952-02-22,,,2.6175
1952-02-23,,,2.03
1952-02-24,,,1.54
1952-02-25,,,1.40125
1952-02-26,,,1.24125
1952-02-27,,,1.01
1952-02-28,,,0.91875
1952-02-29,,,1.5225
1952-03-01,,,1.95125
1952-03-02,,,2.62125
1952-03-03,,,2.85875
1952-03-04,,,3.27375
1952-03-05,,,4.5025
1952-03-06,,,
1952-03-07,,,
1952-03-08,,,
1952-03-09,,,
1952-03-10,,,2.5
1952-03-11,,,2.31625
1952-03-12,,,2.28125
1952-03-13,,,2.70875
1952-03-14,,,2.83125
1952-03-15,,,2.72625
1952-03-16,,,2.68375
1952-03-17,,,2.645
1952-03-18,,,2.5875
1952-03-19,,,2.53625
1952-03-20,,,2.29375
1952-03-21,,,1.76125
1952-03-22,,,1.45375
1952-03-23,,,1.175
1952-03-24,,,1.13125
1952-03-25,,,1.20875
1952-03-26,,,1.465
1952-03-27,,,2.7075
1952-03-28,,,3.83375
1952-03-29,,,3.73375
1952-03-30,,,2.7725
1952-03-31,,,1.96625
1952-04-01,,,1.68625
1952-04-02,,,1.49375
1952-04-03,,,1.225
1952-04-04,,,1.09375
1952-04-05,,,1.045
1952-04-06,,,0.99625
1952-04-07,,,0.91125
1952-04-08,,,0.865
1952-04-09,,,0.86
1952-04-10,,,0.8425
1952-04-11,,,0.8225
1952-04-12,,,0.8025
1952-04-13,,,0.765
1952-04-14,,,0.78625
1952-04-15,,,0.895
1952-04-16,,,1.58375
1952-04-17,,,1.58375
1952-04-18,,,1.3425
1952-04-19,,,1.17875
1952-04-20,,,1.1075
1952-04-21,,,0.9775
1952-04-22,,,0.8375
1952-04-23,,,0.82
1952-04-24,,,0.8025
1952-04-25,,,0.835
1952-04-26,,,0.95375
1952-04-27,,,1.1275
1952-04-28,,,1.115
1952-04-29,,,1.06625
1952-04-30,,,0.99875
1952-05-01,,,0.94625
1952-05-02,,,0.89625
1952-05-03,,,0.8025
1952-05-04,,,0.76375
1952-05-05,,,0.73375
1952-05-06,,,0.72125
1952-05-07,,,0.69375
1952-05-08,,,0.68125
1952-05-09,,,0.6625
1952-05-10,,,0.63375
1952-05-11,,,0.60375
1952-05-12,,,0.6
1952-05-13,,,0.5825
1952-05-14,,,0.57125
1952-05-15,,,0.5525
1952-05-16,,,0.55
1952-05-17,,,0.5325
1952-05-18,,,0.52125
1952-05-19,,,0.52
1952-05-20,,,0.52
1952-05-21,,,0.51125
1952-05-22,,,0.50125
1952-05-23,,,0.49125
1952-05-24,,,0.4725
1952-05-25,,,0.46125
1952-05-26,,,0.45125
1952-05-27,,,0.44125
1952-05-28,,,0.4225
1952-05-29,,,0.39375
1952-05-30,,,0.39
1952-05-31,,,0.38125
1952-06-01,,,0.38875
1952-06-02,,,0.39
1952-06-03,,,0.39
1952-06-04,,,0.39
1952-06-05,,,0.39
1952-06-06,,,0.39
1952-06-07,,,0.39
1952-06-08,,,0.39
1952-06-09,,,0.39
1952-06-10,,,0.39
1952-06-11,,,0.39
1952-06-12,,,0.39875
1952-06-13,,,0.4
1952-06-14,,,0.4
1952-06-15,,,0.4
1952-06-16,,,0.4
1952-06-17,,,0.39125
1952-06-18,,,0.39
1952-06-19,,,0.39
1952-06-20,,,0.39
1952-06-21,,,0.39
1952-06-22,,,0.39
1952-06-23,,,0.39
1952-06-24,,,0.38125
1952-06-25,,,0.38
1952-06-26,,,0.37125
1952-06-27,,,0.37
1952-06-28,,,0.36125
1952-06-29,,,0.36
1952-06-30,,,0.35125
1952-07-01,,,0.35
1952-07-02,,,0.35
1952-07-03,,,0.35
1952-07-04,,,0.35
1952-07-05,,,0.35
1952-07-06,,,0.34125
1952-07-07,,,0.34
1952-07-08,,,0.34
1952-07-09,,,0.34
1952-07-10,,,0.33125
1952-07-11,,,0.32125
1952-07-12,,,0.32
1952-07-13,,,0.31125
1952-07-14,,,0.31
1952-07-15,,,0.31
1952-07-16,,,0.31
1952-07-17,,,0.31
1952-07-18,,,0.31
1952-07-19,,,0.30125
1952-07-20,,,0.3
1952-07-21,,,0.3
1952-07-22,,,0.29125
1952-07-23,,,0.28125
1952-07-24,,,0.28
1952-07-25,,,0.28
1952-07-26,,,0.28
1952-07-27,,,0.28
1952-07-28,,,0.28
1952-07-29,,,0.27125
1952-07-30,,,0.27
1952-07-31,,,0.27
1952-08-01,,,0.27
1952-08-02,,,0.27
1952-08-03,,,0.27
1952-08-04,,,0.26125
1952-08-05,,,0.26
1952-08-06,,,0.26
1952-08-07,,,0.26
1952-08-08,,,0.26
1952-08-09,,,0.25125
1952-08-10,,,0.25
1952-08-11,,,0.25
1952-08-12,,,0.25
1952-08-13,,,0.25
1952-08-14,,,0.25
1952-08-15,,,0.25
1952-08-16,,,0.25
1952-08-17,,,0.25
1952-08-18,,,0.25
1952-08-19,,,0.25
1952-08-20,,,0.25
1952-08-21,,,0.24125
1952-08-22,,,0.24
1952-08-23,,,0.24
1952-08-24,,,0.24
1952-08-25,,,0.24
1952-08-26,,,0.24
1952-08-27,,,0.24
1952-08-28,,,0.23125
1952-08-29,,,0.23
1952-08-30,,,0.23
1952-08-31,,,0.23
1952-09-01,,,
1952-09-02,,,
1952-09-03,,,
1952-09-04,,,
1952-09-05,,,
1952-09-06,,,
1952-09-07,,,
1952-09-08,,,
1952-09-09,,,
1952-09-10,,,
1952-09-11,,,
1952-09-12,,,
1952-09-13,,,
1952-09-14,,,
1952-09-15,,,
1952-09-16,,,
1952-09-17,,,
1952-09-18,,,
1952-09-19,,,
1952-09-20,,,
1952-09-21,,,0.26
1952-09-22,,,0.2775
1952-09-23,,,0.28875
1952-09-24,,,0.28125
1952-09-25,,,0.315
1952-09-26,,,0.3725
1952-09-27,,,0.3975
1952-09-28,,,0.33875
1952-09-29,,,0.295
1952-09-30,,,0.29875
1952-10-01,,,0.2825
1952-10-02,,,0.27125
1952-10-03,,,0.24375
1952-10-04,,,0.23125
1952-10-05,,,0.22125
1952-10-06,,,0.22875
1952-10-07,,,0.23
1952-10-08,,,0.2125
1952-10-09,,,0.245
1952-10-10,,,0.22375
1952-10-11,,,0.22
1952-10-12,,,0.21125
1952-10-13,,,0.21875
1952-10-14,,,0.22
1952-10-15,,,0.22
1952-10-16,,,0.2375
1952-10-17,,,0.26625
1952-10-18,,,0.27875
1952-10-19,,,0.28875
1952-10-20,,,0.3075
1952-10-21,,,0.275
1952-10-22,,,0.235
1952-10-23,,,0.22125
1952-10-24,,,0.2025
1952-10-25,,,0.2
1952-10-26,,,0.20875
1952-10-27,,,0.30625
1952-10-28,,,0.285
1952-10-29,,,0.315
1952-10-30,,,0.3025
1952-10-31,,,0.265
1952-11-01,,,0.25125
1952-11-02,,,0.27625
1952-11-03,,,0.315
1952-11-04,,,0.32875
1952-11-05,,,0.3475
1952-11-06,,,0.35875
1952-11-07,,,0.36875
1952-11-08,,,0.37
1952-11-09,,,0.50125
1952-11-10,,,0.59
1952-11-11,,,0.6525
1952-11-12,,,0.7825
1952-11-13,,,0.94
1952-11-14,,,1.03875
1952-11-15,,,1.07625
1952-11-16,,,1.01875
1952-11-17,,,0.93125
1952-11-18,,,0.82375
1952-11-19,,,0.7225
1952-11-20,,,0.70125
1952-11-21,,,0.63875
1952-11-22,,,0.48125
1952-11-23,,,0.46875
1952-11-24,,,0.4525
1952-11-25,,,0.45
1952-11-26,,,0.4325
1952-11-27,,,0.395
1952-11-28,,,0.4425
1952-11-29,,,0.47625
1952-11-30,,,0.445
1952-12-01,,,0.4575
1952-12-02,,,0.495
1952-12-03,,,0.535
1952-12-04,,,0.89
1952-12-05,,,0.9575
1952-12-06,,,1.24875
1952-12-07,,,1.91125
1952-12-08,,,2.46375
1952-12-09,,,2.80125
1952-12-10,,,2.39375
1952-12-11,,,2.1725
1952-12-12,,,2.19375
1952-12-13,,,1.77125
1952-12-14,,,1.43875
1952-12-15,,,1.54
1952-12-16,,,2.085
1952-12-17,,,2.405
1952-12-18,,,1.6175
1952-12-19,,,1.255
1952-12-20,,,1.15
1952-12-21,,,1.11375
1952-12-22,,,1.22375
1952-12-23,,,1.905
1952-12-24,,,1.965
1952-12-25,,,1.5925
1952-12-26,,,1.5925
1952-12-27,,,1.88875
1952-12-28,,,1.615
1952-12-29,,,1.42125
1952-12-30,,,1.35625
1952-12-31,,,1.14
1953-01-01,,,0.7425
1953-01-02,,,0.62
1953-01-03,,,0.5925
1953-01-04,,,0.59
1953-01-05,,,0.58125
1953-01-06,,,0.58
1953-01-07,,,0.57125
1953-01-08,,,0.56125
1953-01-09,,,0.56
1953-01-10,,,0.56
1953-01-11,,,0.56
1953-01-12,,,0.55125
1953-01-13,,,0.55
1953-01-14,,,0.54125
1953-01-15,,,0.54
1953-01-16,,,0.54
1953-01-17,,,0.54
1953-01-18,,,0.53125
1953-01-19,,,0.53
1953-01-20,,,0.52125
1953-01-21,,,0.51125
1953-01-22,,,0.48375
1953-01-23,,,0.41875
1953-01-24,,,0.36625
1953-01-25,,,0.3075
1953-01-26,,,0.29125
1953-01-27,,,0.29875
1953-01-28,,,0.30875
1953-01-29,,,0.42375
1953-01-30,,,0.44
1953-01-31,,,0.43125
1953-02-01,,,0.43
1953-02-02,,,0.43875
1953-02-03,,,0.44
1953-02-04,,,0.44875
1953-02-05,,,0.44125
1953-02-06,,,0.44
1953-02-07,,,0.44
1953-02-08,,,0.43125
1953-02-09,,,0.43
1953-02-10,,,0.43
1953-02-11,,,0.43
1953-02-12,,,0.4475
1953-02-13,,,0.47625
1953-02-14,,,0.54125
1953-02-15,,,0.55875
1953-02-16,,,0.5775
1953-02-17,,,0.65
1953-02-18,,,0.8175
1953-02-19,,,1.5575
1953-02-20,,,1.79125
1953-02-21,,,1.76625
1953-02-22,,,1.57625
1953-02-23,,,1.3225
1953-02-24,,,1.22875
1953-02-25,,,1.185
1953-02-26,,,1.1625
1953-02-27,,,1.195
1953-02-28,,,1.2175
1953-03-01,,,1.22
1953-03-02,,,1.1675
1953-03-03,,,0.8625
1953-03-04,,,0.715
1953-03-05,,,0.67375
1953-03-06,,,0.66125
1953-03-07,,,0.66
1953-03-08,,,0.66
1953-03-09,,,0.66
1953-03-10,,,0.66
1953-03-11,,,0.65125
1953-03-12,,,0.65875
1953-03-13,,,0.66
1953-03-14,,,0.66
1953-03-15,,,0.73
1953-03-16,,,1.37
1953-03-17,,,1.55625
1953-03-18,,,1.5875
1953-03-19,,,1.5725
1953-03-20,,,1.56125
1953-03-21,,,1.44625
1953-03-22,,,1.1325
1953-03-23,,,1.055
1953-03-24,,,1.0325
1953-03-25,,,1.03
1953-03-26,,,1.0125
1953-03-27,,,1.01
1953-03-28,,,0.9925
1953-03-29,,,0.92
1953-03-30,,,0.91
1953-03-31,,,0.7875
1953-04-01,,,0.595
1953-04-02,,,0.56125
1953-04-03,,,0.55125
1953-04-04,,,0.52375
1953-04-05,,,0.51125
1953-04-06,,,0.50125
1953-04-07,,,0.4825
1953-04-08,,,0.48
1953-04-09,,,0.48875
1953-04-10,,,0.49875
1953-04-11,,,0.535
1953-04-12,,,0.9425
1953-04-13,,,1.0
1953-04-14,,,0.9475
1953-04-15,,,0.8
1953-04-16,,,0.535
1953-04-17,,,0.49125
1953-04-18,,,0.44625
1953-04-19,,,0.43125
1953-04-20,,,0.43
1953-04-21,,,0.43
1953-04-22,,,0.43875
1953-04-23,,,0.44
1953-04-24,,,0.4575
1953-04-25,,,0.50375
1953-04-26,,,0.51
1953-04-27,,,0.4575
1953-04-28,,,0.415
1953-04-29,,,0.3925
1953-04-30,,,0.34625
1953-05-01,,,0.33125
1953-05-02,,,0.33
1953-05-03,,,0.33
1953-05-04,,,0.33
1953-05-05,,,0.33
1953-05-06,,,0.33
1953-05-07,,,0.32125
1953-05-08,,,0.32
1953-05-09,,,0.32
1953-05-10,,,0.32
1953-05-11,,,0.32
1953-05-12,,,0.32
1953-05-13,,,0.32
1953-05-14,,,0.32
1953-05-15,,,0.32
1953-05-16,,,0.32
1953-05-17,,,0.31125
1953-05-18,,,0.31
1953-05-19,,,0.31
1953-05-20,,,0.30125
1953-05-21,,,0.29125
1953-05-22,,,0.29
1953-05-23,,,0.2725
1953-05-24,,,0.26125
1953-05-25,,,0.26
1953-05-26,,,0.26
1953-05-27,,,0.25125
1953-05-28,,,0.25
1953-05-29,,,0.25
1953-05-30,,,0.25
1953-05-31,,,0.25
1953-06-01,,,0.25
1953-06-02,,,0.25
1953-06-03,,,0.25
1953-06-04,,,0.25
1953-06-05,,,0.24125
1953-06-06,,,0.24
1953-06-07,,,0.24
1953-06-08,,,0.24
1953-06-09,,,0.24
1953-06-10,,,0.23125
1953-06-11,,,0.23
1953-06-12,,,0.23
1953-06-13,,,0.23
1953-06-14,,,0.23
1953-06-15,,,0.23
1953-06-16,,,0.23
1953-06-17,,,0.23
1953-06-18,,,0.23
1953-06-19,,,0.22125
1953-06-20,,,0.22
1953-06-21,,,0.22
1953-06-22,,,0.22
1953-06-23,,,0.22
1953-06-24,,,0.22
1953-06-25,,,0.22
1953-06-26,,,0.22
1953-06-27,,,0.21125
1953-06-28,,,0.21
1953-06-29,,,0.21
1953-06-30,,,0.21
1953-07-01,,,0.21
1953-07-02,,,0.21
1953-07-03,,,0.21
1953-07-04,,,0.21
1953-07-05,,,0.21
1953-07-06,,,0.20125
1953-07-07,,,0.2
1953-07-08,,,0.2
1953-07-09,,,0.2
1953-07-10,,,0.2
1953-07-11,,,0.19125
1953-07-12,,,0.19
1953-07-13,,,0.19
1953-07-14,,,0.19
1953-07-15,,,0.19
1953-07-16,,,0.19
1953-07-17,,,0.19
1953-07-18,,,0.19
1953-07-19,,,0.19
1953-07-20,,,0.18125
1953-07-21,,,0.18
1953-07-22,,,0.18
1953-07-23,,,0.18
1953-07-24,,,0.18
1953-07-25,,,0.18
1953-07-26,,,0.18
1953-07-27,,,0.18
1953-07-28,,,0.17125
1953-07-29,,,0.17
1953-07-30,,,0.17
1953-07-31,,,0.17
1953-08-01,,,0.17
1953-08-02,,,0.17
1953-08-03,,,0.17
1953-08-04,,,0.17
1953-08-05,,,0.17
1953-08-06,,,0.17
1953-08-07,,,0.17
1953-08-08,,,0.17
1953-08-09,,,0.16125
1953-08-10,,,0.16
1953-08-11,,,0.16
1953-08-12,,,0.16
1953-08-13,,,0.16
1953-08-14,,,0.16
1953-08-15,,,0.16
1953-08-16,,,0.16
1953-08-17,,,0.16
1953-08-18,,,0.16
1953-08-19,,,0.16
1953-08-20,,,0.16
1953-08-21,,,0.16
1953-08-22,,,0.16
1953-08-23,,,0.16
1953-08-24,,,0.16
1953-08-25,,,0.16
1953-08-26,,,0.16
1953-08-27,,,0.16
1953-08-28,,,0.16
1953-08-29,,,0.16
1953-08-30,,,0.16
1953-08-31,,,0.16
1953-09-01,,,0.16
1953-09-02,,,0.16
1953-09-03,,,0.16
1953-09-04,,,0.16
1953-09-05,,,0.16
1953-09-06,,,0.16
1953-09-07,,,0.16
1953-09-08,,,0.16
1953-09-09,,,0.16
1953-09-10,,,0.16
1953-09-11,,,0.16
1953-09-12,,,0.16
1953-09-13,,,0.16
1953-09-14,,,0.16
1953-09-15,,,0.16
1953-09-16,,,0.1775
1953-09-17,,,0.18875
1953-09-18,,,0.19875
1953-09-19,,,0.20875
1953-09-20,,,0.20125
1953-09-21,,,0.2
1953-09-22,,,0.2175
1953-09-23,,,0.2375
1953-09-24,,,0.24875
1953-09-25,,,0.27625
1953-09-26,,,0.28
1953-09-27,,,0.2625
1953-09-28,,,0.25125
1953-09-29,,,0.25
1953-09-30,,,0.25
1953-10-01,,,0.285
1953-10-02,,,0.255
1953-10-03,,,0.2325
1953-10-04,,,0.22125
1953-10-05,,,0.21125
1953-10-06,,,0.20125
1953-10-07,,,0.22625
1953-10-08,,,0.2475
1953-10-09,,,0.25875
1953-10-10,,,0.2775
1953-10-11,,,0.3675
1953-10-12,,,0.3975
1953-10-13,,,0.3825
1953-10-14,,,0.38875
1953-10-15,,,0.48625
1953-10-16,,,0.5175
1953-10-17,,,0.44125
1953-10-18,,,0.59625
1953-10-19,,,0.69875
1953-10-20,,,0.7275
1953-10-21,,,1.2375
1953-10-22,,,1.10875
1953-10-23,,,1.10625
1953-10-24,,,1.13625
1953-10-25,,,1.21
1953-10-26,,,1.0625
1953-10-27,,,0.865
1953-10-28,,,0.595
1953-10-29,,,0.4725
1953-10-30,,,0.36375
1953-10-31,,,0.315
1953-11-01,,,0.2575
1953-11-02,,,0.24125
1953-11-03,,,0.275
1953-11-04,,,0.2625
1953-11-05,,,0.26
1953-11-06,,,0.33
1953-11-07,,,0.43625
1953-11-08,,,0.54625
1953-11-09,,,0.74375
1953-11-10,,,0.65625
1953-11-11,,,0.6225
1953-11-12,,,0.57625
1953-11-13,,,0.56125
1953-11-14,,,0.5075
1953-11-15,,,0.43
1953-11-16,,,0.385
1953-11-17,,,0.37125
1953-11-18,,,0.34375
1953-11-19,,,0.3575
1953-11-20,,,0.3775
1953-11-21,,,0.66875
1953-11-22,,,0.91125
1953-11-23,,,0.84375
1953-11-24,,,0.9175
1953-11-25,,,1.0
1953-11-26,,,0.89625
1953-11-27,,,0.76625
1953-11-28,,,0.67125
1953-11-29,,,0.625
1953-11-30,,,0.48875
1953-12-01,,,0.42625
1953-12-02,,,0.42
1953-12-03,,,0.39375
1953-12-04,,,0.45125
1953-12-05,,,0.6
1953-12-06,,,0.80375
1953-12-07,,,0.87375
1953-12-08,,,0.7925
1953-12-09,,,0.885
1953-12-10,,,0.9525
1953-12-11,,,1.0475
1953-12-12,,,1.12125
1953-12-13,,,1.36625
1953-12-14,,,1.95125
1953-12-15,,,2.17
1953-12-16,,,2.3825
1953-12-17,,,2.34
1953-12-18,,,2.67125
1953-12-19,,,2.81625
1953-12-20,,,2.27
1953-12-21,,,2.8725
1953-12-22,,,3.1975
1953-12-23,,,3.405
1953-12-24,,,4.1475
1953-12-25,,,3.80375
1953-12-26,,,3.2675
1953-12-27,,,2.955
1953-12-28,,,2.40375
1953-12-29,,,2.26
1953-12-30,,,2.1625
1953-12-31,,,2.0975
1954-01-01,,,1.88875
1954-01-02,,,2.06125
1954-01-03,,,2.44875
1954-01-04,,,2.00125
1954-01-05,,,1.79875
1954-01-06,,,1.78
1954-01-07,,,1.73625
1954-01-08,,,1.835
1954-01-09,,,1.68375
1954-01-10,,,1.56375
1954-01-11,,,1.50625
1954-01-12,,,1.45625
1954-01-13,,,1.275
1954-01-14,,,1.0925
1954-01-15,,,0.99125
1954-01-16,,,1.04125
1954-01-17,,,1.015
1954-01-18,,,0.9575
1954-01-19,,,0.8975
1954-01-20,,,0.5575
1954-01-21,,,0.72
1954-01-22,,,0.575
1954-01-23,,,0.6025
1954-01-24,,,0.84625
1954-01-25,,,0.915
1954-01-26,,,0.89375
1954-01-27,,,0.81125
1954-01-28,,,0.73
1954-01-29,,,0.65
1954-01-30,,,0.6225
1954-01-31,,,0.62
1954-02-01,,,0.73375
1954-02-02,,,0.88125
1954-02-03,,,1.04875
1954-02-04,,,1.07875
1954-02-05,,,1.115
1954-02-06,,,1.5225
1954-02-07,,,2.30625
1954-02-08,,,2.13
1954-02-09,,,2.1775
1954-02-10,,,2.1025
1954-02-11,,,2.13375
1954-02-12,,,2.18375
1954-02-13,,,2.3825
1954-02-14,,,2.52375
1954-02-15,,,2.5575
1954-02-16,,,2.56
1954-02-17,,,2.7875
1954-02-18,,,2.9075
1954-02-19,,,2.99875
1954-02-20,,,2.98375
1954-02-21,,,3.26
1954-02-22,,,3.37875
1954-02-23,,,3.2325
1954-02-24,,,3.21
1954-02-25,,,2.475
1954-02-26,,,1.9675
1954-02-27,,,1.69125
1954-02-28,,,1.59875
1954-03-01,,,1.47625
1954-03-02,,,1.4075
1954-03-03,,,1.32125
1954-03-04,,,1.0825
1954-03-05,,,1.46125
1954-03-06,,,0.96
1954-03-07,,,0.845
1954-03-08,,,0.8575
1954-03-09,,,0.76375
1954-03-10,,,0.70625
1954-03-11,,,0.63875
1954-03-12,,,0.60375
1954-03-13,,,0.6525
1954-03-14,,,0.73875
1954-03-15,,,0.79375
1954-03-16,,,0.905
1954-03-17,,,0.96375
1954-03-18,,,1.06625
1954-03-19,,,1.3075
1954-03-20,,,1.41
1954-03-21,,,1.4725
1954-03-22,,,1.61125
1954-03-23,,,1.49875
1954-03-24,,,1.4275
1954-03-25,,,1.34125
1954-03-26,,,1.25125
1954-03-27,,,1.12625
1954-03-28,,,1.04875
1954-03-29,,,1.10125
1954-03-30,,,1.32875
1954-03-31,,,1.5
1954-04-01,,,1.58125
1954-04-02,,,1.7125
1954-04-03,,,1.73
1954-04-04,,,1.52
1954-04-05,,,1.30625
1954-04-06,,,1.13125
1954-04-07,,,0.97875
1954-04-08,,,0.89
1954-04-09,,,0.845
1954-04-10,,,0.81375
1954-04-11,,,0.7925
1954-04-12,,,0.7725
1954-04-13,,,0.76125
1954-04-14,,,0.7425
1954-04-15,,,0.7225
1954-04-16,,,0.53625
1954-04-17,,,0.4925
1954-04-18,,,0.4725
1954-04-19,,,0.46125
1954-04-20,,,0.46
1954-04-21,,,0.45125
1954-04-22,,,0.45
1954-04-23,,,0.44125
1954-04-24,,,0.43125
1954-04-25,,,0.42125
1954-04-26,,,0.41125
1954-04-27,,,0.41
1954-04-28,,,0.40125
1954-04-29,,,0.4175
1954-04-30,,,0.455
1954-05-01,,,0.27625
1954-05-02,,,0.2675
1954-05-03,,,0.26125
1954-05-04,,,0.26
1954-05-05,,,0.25125
1954-05-06,,,0.24125
1954-05-07,,,0.23125
1954-05-08,,,0.23
1954-05-09,,,0.23
1954-05-10,,,0.23
1954-05-11,,,0.23
1954-05-12,,,0.2475
1954-05-13,,,0.24125
1954-05-14,,,0.24875
1954-05-15,,,0.25
1954-05-16,,,0.25
1954-05-17,,,0.24125
1954-05-18,,,0.24
1954-05-19,,,0.23125
1954-05-20,,,0.23
1954-05-21,,,0.2475
1954-05-22,,,0.24125
1954-05-23,,,0.24
1954-05-24,,,0.24
1954-05-25,,,0.24
1954-05-26,,,0.24
1954-05-27,,,0.24
1954-05-28,,,0.2225
1954-05-29,,,0.2025
1954-05-30,,,0.1825
1954-05-31,,,0.18
1954-06-01,,,0.18
1954-06-02,,,0.17125
1954-06-03,,,0.16125
1954-06-04,,,0.16
1954-06-05,,,0.15125
1954-06-06,,,0.15
1954-06-07,,,0.14125
1954-06-08,,,0.14
1954-06-09,,,0.14875
1954-06-10,,,0.15875
1954-06-11,,,0.16
1954-06-12,,,0.16
1954-06-13,,,0.16
1954-06-14,,,0.15125
1954-06-15,,,0.15
1954-06-16,,,0.15
1954-06-17,,,0.15
1954-06-18,,,0.14125
1954-06-19,,,0.14
1954-06-20,,,0.13125
1954-06-21,,,0.13
1954-06-22,,,0.13
1954-06-23,,,0.13
1954-06-24,,,0.13
1954-06-25,,,0.13
1954-06-26,,,0.12125
1954-06-27,,,0.12
1954-06-28,,,0.12
1954-06-29,,,0.12
1954-06-30,,,0.12
1954-07-01,,,0.225
1954-07-02,,,0.24
1954-07-03,,,0.24
1954-07-04,,,0.24875
1954-07-05,,,0.25
1954-07-06,,,0.25
1954-07-07,,,0.25
1954-07-08,,,0.24125
1954-07-09,,,0.24
1954-07-10,,,0.24
1954-07-11,,,0.24
1954-07-12,,,0.24
1954-07-13,,,0.24
1954-07-14,,,0.24
1954-07-15,,,0.24
1954-07-16,,,0.23125
1954-07-17,,,0.23
1954-07-18,,,0.23
1954-07-19,,,0.2125
1954-07-20,,,0.21875
1954-07-21,,,0.22
1954-07-22,,,0.22
1954-07-23,,,0.22
1954-07-24,,,0.22
1954-07-25,,,0.22
1954-07-26,,,0.21125
1954-07-27,,,0.21
1954-07-28,,,0.21
1954-07-29,,,0.21
1954-07-30,,,0.21
1954-07-31,,,0.20125
1954-08-01,,,0.2
1954-08-02,,,0.2
1954-08-03,,,0.2
1954-08-04,,,0.2
1954-08-05,,,0.19125
1954-08-06,,,0.19
1954-08-07,,,0.19
1954-08-08,,,0.19
1954-08-09,,,0.19
1954-08-10,,,0.19
1954-08-11,,,0.18125
1954-08-12,,,0.18
1954-08-13,,,0.18
1954-08-14,,,0.17125
1954-08-15,,,0.17
1954-08-16,,,0.17
1954-08-17,,,0.17
1954-08-18,,,0.17
1954-08-19,,,0.17
1954-08-20,,,0.17
1954-08-21,,,0.17
1954-08-22,,,0.16125
1954-08-23,,,0.16
1954-08-24,,,0.16
1954-08-25,,,0.16
1954-08-26,,,0.16
1954-08-27,,,0.16
1954-08-28,,,0.16
1954-08-29,,,0.16
1954-08-30,,,0.16
1954-08-31,,,0.16
1954-09-01,,,0.16
1954-09-02,,,0.16
1954-09-03,,,0.15125
1954-09-04,,,0.15
1954-09-05,,,0.15
1954-09-06,,,0.15
1954-09-07,,,0.15
1954-09-08,,,0.15
1954-09-09,,,0.14125
1954-09-10,,,0.14
1954-09-11,,,0.14
1954-09-12,,,0.14
1954-09-13,,,0.14
1954-09-14,,,0.13125
1954-09-15,,,0.13
1954-09-16,,,0.13
1954-09-17,,,0.13
1954-09-18,,,0.13
1954-09-19,,,0.13
1954-09-20,,,0.13
1954-09-21,,,0.13
1954-09-22,,,0.13
1954-09-23,,,0.13
1954-09-24,,,0.13
1954-09-25,,,0.13
1954-09-26,,,0.13
1954-09-27,,,0.13
1954-09-28,,,0.1475
1954-09-29,,,0.15875
1954-09-30,,,0.15125
1954-10-01,,,0.14125
1954-10-02,,,0.13125
1954-10-03,,,0.12125
1954-10-04,,,0.12
1954-10-05,,,0.12
1954-10-06,,,0.12
1954-10-07,,,0.11125
1954-10-08,,,0.11
1954-10-09,,,0.11
1954-10-10,,,0.11
1954-10-11,,,0.11
1954-10-12,,,0.11
1954-10-13,,,0.11
1954-10-14,,,0.11
1954-10-15,,,0.11
1954-10-16,,,0.11
1954-10-17,,,0.11
1954-10-18,,,0.11
1954-10-19,,,0.11
1954-10-20,,,0.11
1954-10-21,,,0.11
1954-10-22,,,0.11
1954-10-23,,,0.11
1954-10-24,,,0.11
1954-10-25,,,0.11
1954-10-26,,,0.18875
1954-10-27,,,0.3575
1954-10-28,,,0.31
1954-10-29,,,0.23875
1954-10-30,,,0.20375
1954-10-31,,,0.2
1954-11-01,,,0.19125
1954-11-02,,,0.16375
1954-11-03,,,0.16
1954-11-04,,,0.2475
1954-11-05,,,0.3125
1954-11-06,,,0.34625
1954-11-07,,,0.39375
1954-11-08,,,0.44375
1954-11-09,,,0.3625
1954-11-10,,,0.21
1954-11-11,,,0.19875
1954-11-12,,,0.26125
1954-11-13,,,0.20875
1954-11-14,,,0.445
1954-11-15,,,0.34
1954-11-16,,,0.25875
1954-11-17,,,0.34625
1954-11-18,,,0.40375
1954-11-19,,,0.34
1954-11-20,,,0.4
1954-11-21,,,0.83
1954-11-22,,,0.96875
1954-11-23,,,1.37375
1954-11-24,,,1.4825
1954-11-25,,,0.99125
1954-11-26,,,1.94375
1954-11-27,,,2.055
1954-11-28,,,1.42875
1954-11-29,,,1.26125
1954-11-30,,,1.08375
1954-12-01,,,1.2175
1954-12-02,,,0.7325
1954-12-03,,,0.66
1954-12-04,,,0.905
1954-12-05,,,0.9575
1954-12-06,,,0.925
1954-12-07,,,0.9025
1954-12-08,,,1.45125
1954-12-09,,,1.0225
1954-12-10,,,0.94125
1954-12-11,,,1.42125
1954-12-12,,,1.525
1954-12-13,,,2.0375
1954-12-14,,,1.76875
1954-12-15,,,2.04375
1954-12-16,,,2.09
1954-12-17,,,1.355
1954-12-18,,,1.985
1954-12-19,,,1.8975
1954-12-20,,,1.00375
1954-12-21,,,0.85375
1954-12-22,,,0.80625
1954-12-23,,,0.75625
1954-12-24,,,0.645
1954-12-25,,,0.58625
1954-12-26,,,0.53625
1954-12-27,,,0.52125
1954-12-28,,,0.47625
1954-12-29,,,0.4525
1954-12-30,,,0.45
1954-12-31,,,0.5725
1955-01-01,,,0.7125
1955-01-02,,,0.77375
1955-01-03,,,0.85875
1955-01-04,,,0.9225
1955-01-05,,,1.02625
1955-01-06,,,1.2325
1955-01-07,,,1.25125
1955-01-08,,,0.9875
1955-01-09,,,0.8975
1955-01-10,,,0.88125
1955-01-11,,,0.845
1955-01-12,,,0.77875
1955-01-13,,,0.7
1955-01-14,,,0.64625
1955-01-15,,,0.59625
1955-01-16,,,0.5375
1955-01-17,,,0.50375
1955-01-18,,,0.4825
1955-01-19,,,0.47125
1955-01-20,,,0.82875
1955-01-21,,,0.90625
1955-01-22,,,0.8925
1955-01-23,,,0.8725
1955-01-24,,,0.8875
1955-01-25,,,2.36
1955-01-26,,,2.31625
1955-01-27,,,2.2625
1955-01-28,,,2.14625
1955-01-29,,,2.08625
1955-01-30,,,1.87875
1955-01-31,,,1.7275
1955-02-01,,,1.61375
1955-02-02,,,1.59125
1955-02-03,,,1.5375
1955-02-04,,,1.52125
1955-02-05,,,1.5025
1955-02-06,,,1.465
1955-02-07,,,1.4425
1955-02-08,,,1.41375
1955-02-09,,,1.3925
1955-02-10,,,1.34625
1955-02-11,,,1.305
1955-02-12,,,1.25625
1955-02-13,,,1.2325
1955-02-14,,,1.16875
1955-02-15,,,1.125
1955-02-16,,,1.085
1955-02-17,,,1.05375
1955-02-18,,,1.0325
1955-02-19,,,1.0125
1955-02-20,,,0.9925
1955-02-21,,,0.96375
1955-02-22,,,0.93375
1955-02-23,,,0.92125
1955-02-24,,,0.9025
1955-02-25,,,0.8825
1955-02-26,,,0.8625
1955-02-27,,,0.8425
1955-02-28,,,0.81375
1955-03-01,,,0.3725
1955-03-02,,,0.30125
1955-03-03,,,0.3
1955-03-04,,,0.29125
1955-03-05,,,0.28125
1955-03-06,,,0.28
1955-03-07,,,0.27125
1955-03-08,,,0.27
1955-03-09,,,0.26125
1955-03-10,,,0.26
1955-03-11,,,0.25125
1955-03-12,,,0.25
1955-03-13,,,0.25
1955-03-14,,,0.25
1955-03-15,,,0.25
1955-03-16,,,0.25
1955-03-17,,,0.25
1955-03-18,,,0.31125
1955-03-19,,,0.3375
1955-03-20,,,0.33125
1955-03-21,,,0.32125
1955-03-22,,,0.3025
1955-03-23,,,0.2825
1955-03-24,,,0.28
1955-03-25,,,0.27125
1955-03-26,,,0.26125
1955-03-27,,,0.26
1955-03-28,,,0.26
1955-03-29,,,0.25125
1955-03-30,,,0.25875
1955-03-31,,,0.26
1955-04-01,,,0.2775
1955-04-02,,,0.28
1955-04-03,,,0.35875
1955-04-04,,,0.55375
1955-04-05,,,0.8075
1955-04-06,,,0.63875
1955-04-07,,,0.4875
1955-04-08,,,0.4175
1955-04-09,,,0.40125
1955-04-10,,,0.44375
1955-04-11,,,0.4325
1955-04-12,,,0.43
1955-04-13,,,0.43
1955-04-14,,,0.43875
1955-04-15,,,0.44875
1955-04-16,,,0.44125
1955-04-17,,,0.43125
1955-04-18,,,0.42125
1955-04-19,,,0.4025
1955-04-20,,,0.39125
1955-04-21,,,0.38125
1955-04-22,,,0.38
1955-04-23,,,0.37125
1955-04-24,,,0.36125
1955-04-25,,,0.35125
1955-04-26,,,0.35
1955-04-27,,,0.34125
1955-04-28,,,0.33125
1955-04-29,,,0.32125
1955-04-30,,,0.32
1955-05-01,,,0.32
1955-05-02,,,0.32
1955-05-03,,,0.31125
1955-05-04,,,0.30125
1955-05-05,,,0.3
1955-05-06,,,0.2825
1955-05-07,,,0.28
1955-05-08,,,0.2625
1955-05-09,,,0.26875
1955-05-10,,,0.27
1955-05-11,,,0.27
1955-05-12,,,0.26125
1955-05-13,,,0.26
1955-05-14,,,0.25125
1955-05-15,,,0.25
1955-05-16,,,0.25
1955-05-17,,,0.25
1955-05-18,,,0.25
1955-05-19,,,0.25
1955-05-20,,,0.25
1955-05-21,,,0.25
1955-05-22,,,0.24125
1955-05-23,,,0.24
1955-05-24,,,0.2575
1955-05-25,,,0.26
1955-05-26,,,0.26
1955-05-27,,,0.30375
1955-05-28,,,0.35375
1955-05-29,,,0.38625
1955-05-30,,,0.355
1955-05-31,,,0.3325
1955-06-01,,,0.32125
1955-06-02,,,0.31125
1955-06-03,,,0.30125
1955-06-04,,,0.29125
1955-06-05,,,0.3075
1955-06-06,,,0.31875
1955-06-07,,,0.32
1955-06-08,,,0.32
1955-06-09,,,0.32
1955-06-10,,,0.32
1955-06-11,,,0.32
1955-06-12,,,0.32875
1955-06-13,,,0.32125
1955-06-14,,,0.32
1955-06-15,,,0.32
1955-06-16,,,0.32
1955-06-17,,,0.31125
1955-06-18,,,0.30125
1955-06-19,,,0.29125
1955-06-20,,,0.28125
1955-06-21,,,0.28
1955-06-22,,,0.28
1955-06-23,,,0.28
1955-06-24,,,0.27125
1955-06-25,,,0.26125
1955-06-26,,,0.26
1955-06-27,,,0.25125
1955-06-28,,,0.25
1955-06-29,,,0.24125
1955-06-30,,,0.23125
1955-07-01,,,0.23
1955-07-02,,,0.22125
1955-07-03,,,0.22
1955-07-04,,,0.22
1955-07-05,,,0.22
1955-07-06,,,0.22
1955-07-07,,,0.22
1955-07-08,,,0.22
1955-07-09,,,0.22
1955-07-10,,,0.22
1955-07-11,,,0.22
1955-07-12,,,0.21125
1955-07-13,,,0.21
1955-07-14,,,0.21
1955-07-15,,,0.21
1955-07-16,,,0.21
1955-07-17,,,0.21
1955-07-18,,,0.21
1955-07-19,,,0.21
1955-07-20,,,0.21
1955-07-21,,,0.21
1955-07-22,,,0.21
1955-07-23,,,0.21
1955-07-24,,,0.21
1955-07-25,,,0.21
1955-07-26,,,0.21
1955-07-27,,,0.20125
1955-07-28,,,0.2
1955-07-29,,,0.19125
1955-07-30,,,0.19
1955-07-31,,,0.19
1955-08-01,,,0.19
1955-08-02,,,0.19
1955-08-03,,,0.18125
1955-08-04,,,0.18
1955-08-05,,,0.17125
1955-08-06,,,0.17
1955-08-07,,,0.16125
1955-08-08,,,0.16
1955-08-09,,,0.15125
1955-08-10,,,0.15
1955-08-11,,,0.15
1955-08-12,,,0.14125
1955-08-13,,,0.14
1955-08-14,,,0.13125
1955-08-15,,,0.13
1955-08-16,,,0.13
1955-08-17,,,0.12125
1955-08-18,,,0.12
1955-08-19,,,0.12
1955-08-20,,,0.12
1955-08-21,,,0.11125
1955-08-22,,,0.11
1955-08-23,,,0.11
1955-08-24,,,0.10125
1955-08-25,,,0.1
1955-08-26,,,0.1
1955-08-27,,,0.1
1955-08-28,,,0.1
1955-08-29,,,0.09125
1955-08-30,,,0.09
1955-08-31,,,0.09
1955-09-01,,,
1955-09-02,,,
1955-09-03,,,
1955-09-04,,,
1955-09-05,,,
1955-09-06,,,
1955-09-07,,,
1955-09-08,,,
1955-09-09,,,
1955-09-10,,,
1955-09-11,,,
1955-09-12,,,
1955-09-13,,,
1955-09-14,,,
1955-09-15,,,
1955-09-16,,,0.12
1955-09-17,,,0.11125
1955-09-18,,,0.11
1955-09-19,,,0.11
1955-09-20,,,0.11
1955-09-21,,,0.11
1955-09-22,,,0.11
1955-09-23,,,0.11
1955-09-24,,,0.11
1955-09-25,,,0.11
1955-09-26,,,0.11
1955-09-27,,,0.11
1955-09-28,,,0.11
1955-09-29,,,0.11
1955-09-30,,,0.11
1955-10-01,,,0.11
1955-10-02,,,0.11
1955-10-03,,,0.11
1955-10-04,,,0.11
1955-10-05,,,0.11
1955-10-06,,,0.11
1955-10-07,,,0.11
1955-10-08,,,0.11
1955-10-09,,,0.11
1955-10-10,,,0.11
1955-10-11,,,0.11875
1955-10-12,,,0.1375
1955-10-13,,,0.1575
1955-10-14,,,0.1775
1955-10-15,,,0.20625
1955-10-16,,,0.23625
1955-10-17,,,0.2575
1955-10-18,,,0.2775
1955-10-19,,,0.2975
1955-10-20,,,0.3175
1955-10-21,,,0.3375
1955-10-22,,,0.3575
1955-10-23,,,0.43875
1955-10-24,,,0.45875
1955-10-25,,,0.83625
1955-10-26,,,0.93375
1955-10-27,,,0.8175
1955-10-28,,,0.8525
1955-10-29,,,0.825
1955-10-30,,,0.925
1955-10-31,,,1.185
1955-11-01,,,1.24625
1955-11-02,,,1.1275
1955-11-03,,,1.18
1955-11-04,,,1.1725
1955-11-05,,,1.02125
1955-11-06,,,0.895
1955-11-07,,,0.8625
1955-11-08,,,0.8775
1955-11-09,,,1.02
1955-11-10,,,0.795
1955-11-11,,,0.69875
1955-11-12,,,0.73375
1955-11-13,,,0.64375
1955-11-14,,,0.49
1955-11-15,,,0.40875
1955-11-16,,,0.365
1955-11-17,,,0.3075
1955-11-18,,,0.265
1955-11-19,,,0.23375
1955-11-20,,,0.4925
1955-11-21,,,1.895
1955-11-22,,,1.81
1955-11-23,,,1.32375
1955-11-24,,,1.3125
1955-11-25,,,1.2325
1955-11-26,,,0.98375
1955-11-27,,,0.7575
1955-11-28,,,0.59875
1955-11-29,,,0.46625
1955-11-30,,,0.44125
1955-12-01,,,0.44
1955-12-02,,,0.41375
1955-12-03,,,0.40125
1955-12-04,,,0.4175
1955-12-05,,,0.81375
1955-12-06,,,0.91375
1955-12-07,,,0.99
1955-12-08,,,1.72625
1955-12-09,,,1.7075
1955-12-10,,,1.8475
1955-12-11,,,1.45875
1955-12-12,,,1.295
1955-12-13,,,1.245
1955-12-14,,,1.19625
1955-12-15,,,1.2775
1955-12-16,,,1.29
1955-12-17,,,1.3075
1955-12-18,,,1.38
1955-12-19,,,1.67875
1955-12-20,,,2.04375
1955-12-21,,,2.23875
1955-12-22,,,2.61
1955-12-23,,,2.6075
1955-12-24,,,2.81875
1955-12-25,,,2.66625
1955-12-26,,,2.24625
1955-12-27,,,2.37375
1955-12-28,,,2.25125
1955-12-29,,,2.1425
1955-12-30,,,2.6375
1955-12-31,,,2.71875
1956-01-01,,,3.32375
1956-01-02,,,3.62875
1956-01-03,,,3.765
1956-01-04,,,3.745
1956-01-05,,,3.67
1956-01-06,,,3.5725
1956-01-07,,,3.53375
1956-01-08,,,3.53875
1956-01-09,,,3.4175
1956-01-10,,,3.05
1956-01-11,,,2.55375
1956-01-12,,,2.07875
1956-01-13,,,1.83625
1956-01-14,,,1.53875
1956-01-15,,,1.35125
1956-01-16,,,1.225
1956-01-17,,,1.105
1956-01-18,,,1.01125
1956-01-19,,,0.92125
1956-01-20,,,0.86625
1956-01-21,,,0.81625
1956-01-22,,,0.80125
1956-01-23,,,0.77375
1956-01-24,,,0.74375
1956-01-25,,,0.74875
1956-01-26,,,0.6975
1956-01-27,,,0.655
1956-01-28,,,0.64125
1956-01-29,,,0.605
1956-01-30,,,0.59125
1956-01-31,,,0.58125
1956-02-01,,,0.57125
1956-02-02,,,0.56125
1956-02-03,,,0.5425
1956-02-04,,,0.54875
1956-02-05,,,0.5325
1956-02-06,,,0.52125
1956-02-07,,,0.51125
1956-02-08,,,0.48375
1956-02-09,,,0.47125
1956-02-10,,,0.46125
1956-02-11,,,0.45125
1956-02-12,,,0.45875
1956-02-13,,,0.48625
1956-02-14,,,0.53375
1956-02-15,,,0.575
1956-02-16,,,0.60625
1956-02-17,,,0.68
1956-02-18,,,0.80375
1956-02-19,,,1.03
1956-02-20,,,1.40125
1956-02-21,,,1.7125
1956-02-22,,,1.855
1956-02-23,,,1.9575
1956-02-24,,,2.075
1956-02-25,,,2.09
1956-02-26,,,1.76625
1956-02-27,,,1.5975
1956-02-28,,,1.65
1956-02-29,,,1.9575
1956-03-01,,,2.07875
1956-03-02,,,2.27375
1956-03-03,,,2.3525
1956-03-04,,,2.43
1956-03-05,,,2.60625
1956-03-06,,,2.84875
1956-03-07,,,3.195
1956-03-08,,,3.5025
1956-03-09,,,3.49625
1956-03-10,,,3.42875
1956-03-11,,,3.07
1956-03-12,,,2.71375
1956-03-13,,,2.39875
1956-03-14,,,2.07125
1956-03-15,,,1.785
1956-03-16,,,1.46125
1956-03-17,,,1.28875
1956-03-18,,,1.13875
1956-03-19,,,1.05875
1956-03-20,,,1.04125
1956-03-21,,,1.03125
1956-03-22,,,1.02125
1956-03-23,,,1.06375
1956-03-24,,,1.13125
1956-03-25,,,1.18375
1956-03-26,,,1.155
1956-03-27,,,1.05375
1956-03-28,,,1.01375
1956-03-29,,,0.905
1956-03-30,,,0.84625
1956-03-31,,,0.805
1956-04-01,,,0.75625
1956-04-02,,,0.7325
1956-04-03,,,0.7125
1956-04-04,,,0.73625
1956-04-05,,,0.74875
1956-04-06,,,0.72375
1956-04-07,,,0.69375
1956-04-08,,,0.6725
1956-04-09,,,0.64375
1956-04-10,,,0.63125
1956-04-11,,,0.60375
1956-04-12,,,0.59125
1956-04-13,,,0.5725
1956-04-14,,,0.57875
1956-04-15,,,0.58875
1956-04-16,,,0.58125
1956-04-17,,,0.57125
1956-04-18,,,0.56125
1956-04-19,,,0.56875
1956-04-20,,,0.57
1956-04-21,,,0.5875
1956-04-22,,,0.6075
1956-04-23,,,0.63625
1956-04-24,,,0.6575
1956-04-25,,,0.6775
1956-04-26,,,0.6975
1956-04-27,,,0.74375
1956-04-28,,,0.7675
1956-04-29,,,0.77875
1956-04-30,,,0.675
1956-05-01,,,0.6425
1956-05-02,,,0.6225
1956-05-03,,,0.73375
1956-05-04,,,0.8375
1956-05-05,,,0.70125
1956-05-06,,,0.645
1956-05-07,,,0.61375
1956-05-08,,,0.58375
1956-05-09,,,0.58875
1956-05-10,,,0.695
1956-05-11,,,0.7625
1956-05-12,,,0.805
1956-05-13,,,0.81875
1956-05-14,,,0.7325
1956-05-15,,,0.79875
1956-05-16,,,0.845
1956-05-17,,,0.7975
1956-05-18,,,0.7725
1956-05-19,,,0.67375
1956-05-20,,,0.59875
1956-05-21,,,0.54625
1956-05-22,,,0.5225
1956-05-23,,,0.52875
1956-05-24,,,0.5125
1956-05-25,,,0.50125
1956-05-26,,,0.5
1956-05-27,,,0.5
1956-05-28,,,0.57875
1956-05-29,,,0.68625
1956-05-30,,,0.74375
1956-05-31,,,0.77625
1956-06-01,,,0.745
1956-06-02,,,0.6525
1956-06-03,,,0.56125
1956-06-04,,,0.52375
1956-06-05,,,0.52875
1956-06-06,,,0.565
1956-06-07,,,0.57
1956-06-08,,,0.535
1956-06-09,,,0.50375
1956-06-10,,,0.47375
1956-06-11,,,0.46125
1956-06-12,,,0.46875
1956-06-13,,,0.4875
1956-06-14,,,0.5425
1956-06-15,,,0.6725
1956-06-16,,,0.92625
1956-06-17,,,0.925
1956-06-18,,,0.885
1956-06-19,,,0.78375
1956-06-20,,,0.72625
1956-06-21,,,0.6675
1956-06-22,,,0.625
1956-06-23,,,0.5675
1956-06-24,,,0.51625
1956-06-25,,,0.4925
1956-06-26,,,0.49
1956-06-27,,,0.4725
1956-06-28,,,0.46125
1956-06-29,,,0.45125
1956-06-30,,,0.45
1956-07-01,,,0.44125
1956-07-02,,,0.43125
1956-07-03,,,0.43
1956-07-04,,,0.42125
1956-07-05,,,0.41125
1956-07-06,,,0.41
1956-07-07,,,0.40125
1956-07-08,,,0.4
1956-07-09,,,0.4
1956-07-10,,,0.40875
1956-07-11,,,0.43625
1956-07-12,,,0.43125
1956-07-13,,,0.4125
1956-07-14,,,0.40125
1956-07-15,,,0.4
1956-07-16,,,0.39125
1956-07-17,,,0.39
1956-07-18,,,0.38125
1956-07-19,,,0.38
1956-07-20,,,0.37125
1956-07-21,,,0.37
1956-07-22,,,0.36125
1956-07-23,,,0.36
1956-07-24,,,0.36
1956-07-25,,,0.35125
1956-07-26,,,0.35
1956-07-27,,,0.34125
1956-07-28,,,0.34
1956-07-29,,,0.34
1956-07-30,,,0.34
1956-07-31,,,0.3575
1956-08-01,,,0.36875
1956-08-02,,,0.37875
1956-08-03,,,0.3975
1956-08-04,,,0.4
1956-08-05,,,0.3825
1956-08-06,,,0.3625
1956-08-07,,,0.3425
1956-08-08,,,0.33125
1956-08-09,,,0.3125
1956-08-10,,,0.30125
1956-08-11,,,0.3
1956-08-12,,,0.3
1956-08-13,,,0.3
1956-08-14,,,0.3
1956-08-15,,,0.29125
1956-08-16,,,0.29
1956-08-17,,,0.29
1956-08-18,,,0.29
1956-08-19,,,0.29
1956-08-20,,,0.29
1956-08-21,,,0.28125
1956-08-22,,,0.28
1956-08-23,,,0.28
1956-08-24,,,0.28
1956-08-25,,,0.28
1956-08-26,,,0.28
1956-08-27,,,0.27125
1956-08-28,,,0.27
1956-08-29,,,0.305
1956-08-30,,,0.345
1956-08-31,,,0.30625
1956-09-01,,,0.32625
1956-09-02,,,0.28625
1956-09-03,,,0.315
1956-09-04,,,0.27625
1956-09-05,,,0.26125
1956-09-06,,,0.25125
1956-09-07,,,0.25
1956-09-08,,,0.24125
1956-09-09,,,0.24
1956-09-10,,,0.24
1956-09-11,,,0.24
1956-09-12,,,0.24
1956-09-13,,,0.24
1956-09-14,,,0.24
1956-09-15,,,0.24
1956-09-16,,,0.24
1956-09-17,,,0.2575
1956-09-18,,,0.2775
1956-09-19,,,0.27125
1956-09-20,,,0.2525
1956-09-21,,,0.24125
1956-09-22,,,0.2225
1956-09-23,,,0.22
1956-09-24,,,0.21125
1956-09-25,,,0.20125
1956-09-26,,,0.2
1956-09-27,,,0.2
1956-09-28,,,0.2
1956-09-29,,,0.19125
1956-09-30,,,0.19875
1956-10-01,,,0.20875
1956-10-02,,,0.21875
1956-10-03,,,0.22875
1956-10-04,,,0.265
1956-10-05,,,0.29625
1956-10-06,,,0.2825
1956-10-07,,,0.27125
1956-10-08,,,0.235
1956-10-09,,,0.2125
1956-10-10,,,0.20125
1956-10-11,,,0.2
1956-10-12,,,0.2
1956-10-13,,,0.2
1956-10-14,,,0.2
1956-10-15,,,0.20875
1956-10-16,,,0.21
1956-10-17,,,0.23625
1956-10-18,,,0.2225
1956-10-19,,,0.22
1956-10-20,,,0.21125
1956-10-21,,,0.20125
1956-10-22,,,0.20875
1956-10-23,,,0.25375
1956-10-24,,,0.2425
1956-10-25,,,0.2225
1956-10-26,,,0.22
1956-10-27,,,0.29875
1956-10-28,,,0.3275
1956-10-29,,,0.28625
1956-10-30,,,0.245
1956-10-31,,,0.24
1956-11-01,,,0.23125
1956-11-02,,,0.265
1956-11-03,,,0.2875
1956-11-04,,,0.33375
1956-11-05,,,0.34875
1956-11-06,,,0.44625
1956-11-07,,,0.64375
1956-11-08,,,0.74
1956-11-09,,,0.6975
1956-11-10,,,0.6025
1956-11-11,,,0.8875
1956-11-12,,,1.07875
1956-11-13,,,1.28375
1956-11-14,,,1.66
1956-11-15,,,1.6575
1956-11-16,,,1.615
1956-11-17,,,1.23375
1956-11-18,,,0.9175
1956-11-19,,,0.71375
1956-11-20,,,0.62875
1956-11-21,,,0.5675
1956-11-22,,,0.525
1956-11-23,,,0.835
1956-11-24,,,1.09
1956-11-25,,,1.63625
1956-11-26,,,2.10375
1956-11-27,,,2.74625
1956-11-28,,,3.15375
1956-11-29,,,3.0425
1956-11-30,,,2.635
1956-12-01,,,2.335
1956-12-02,,,2.09
1956-12-03,,,1.80625
1956-12-04,,,1.56
1956-12-05,,,1.4775
1956-12-06,,,1.37375
1956-12-07,,,1.28125
1956-12-08,,,1.27875
1956-12-09,,,1.27125
1956-12-10,,,1.71625
1956-12-11,,,1.71875
1956-12-12,,,1.64
1956-12-13,,,1.7525
1956-12-14,,,1.805
1956-12-15,,,2.18625
1956-12-16,,,2.345
1956-12-17,,,2.6225
1956-12-18,,,2.68625
1956-12-19,,,2.4975
1956-12-20,,,2.3825
1956-12-21,,,2.86
1956-12-22,,,3.0
1956-12-23,,,3.10625
1956-12-24,,,3.225
1956-12-25,,,3.3625
1956-12-26,,,3.52
1956-12-27,,,3.74125
1956-12-28,,,4.00625
1956-12-29,,,4.03125
1956-12-30,,,3.86375
1956-12-31,,,3.7525
1957-01-01,,,4.895
1957-01-02,,,5.47125
1957-01-03,,,5.39875
1957-01-04,,,5.24
1957-01-05,,,5.07125
1957-01-06,,,4.945
1957-01-07,,,5.00875
1957-01-08,,,4.565
1957-01-09,,,4.1675
1957-01-10,,,3.5425
1957-01-11,,,3.18875
1957-01-12,,,2.86125
1957-01-13,,,3.45
1957-01-14,,,3.96875
1957-01-15,,,4.42375
1957-01-16,,,3.9725
1957-01-17,,,3.34
1957-01-18,,,3.6975
1957-01-19,,,4.01375
1957-01-20,,,4.11125
1957-01-21,,,3.945
1957-01-22,,,3.94625
1957-01-23,,,4.02
1957-01-24,,,4.16125
1957-01-25,,,4.41625
1957-01-26,,,4.59
1957-01-27,,,5.1
1957-01-28,,,4.19
1957-01-29,,,4.25125
1957-01-30,,,4.0525
1957-01-31,,,4.02875
1957-02-01,,,3.3475
1957-02-02,,,2.90875
1957-02-03,,,2.60625
1957-02-04,,,2.42125
1957-02-05,,,2.435
1957-02-06,,,2.51
1957-02-07,,,2.58125
1957-02-08,,,2.63375
1957-02-09,,,2.66625
1957-02-10,,,2.6525
1957-02-11,,,2.46625
1957-02-12,,,2.3
1957-02-13,,,2.1925
1957-02-14,,,2.10125
1957-02-15,,,2.09
1957-02-16,,,2.15125
1957-02-17,,,2.3175
1957-02-18,,,2.4275
1957-02-19,,,2.3875
1957-02-20,,,2.45875
1957-02-21,,,2.6275
1957-02-22,,,2.57125
1957-02-23,,,2.9975
1957-02-24,,,4.0225
1957-02-25,,,4.09
1957-02-26,,,4.00125
1957-02-27,,,4.17375
1957-02-28,,,4.54125
1957-03-01,,,4.9925
1957-03-02,,,5.3125
1957-03-03,,,5.4725
1957-03-04,,,5.4375
1957-03-05,,,5.2725
1957-03-06,,,5.075
1957-03-07,,,4.79625
1957-03-08,,,4.305
1957-03-09,,,3.785
1957-03-10,,,3.27375
1957-03-11,,,2.965
1957-03-12,,,3.07875
1957-03-13,,,3.1525
1957-03-14,,,3.27375
1957-03-15,,,3.43875
1957-03-16,,,4.3875
1957-03-17,,,4.23125
1957-03-18,,,4.75875
1957-03-19,,,5.1725
1957-03-20,,,4.7825
1957-03-21,,,4.4575
1957-03-22,,,4.1575
1957-03-23,,,4.05
1957-03-24,,,4.18
1957-03-25,,,4.41
1957-03-26,,,4.51875
1957-03-27,,,4.285
1957-03-28,,,4.08375
1957-03-29,,,4.2525
1957-03-30,,,4.09625
1957-03-31,,,3.95625
1957-04-01,,,3.89625
1957-04-02,,,3.89875
1957-04-03,,,3.89125
1957-04-04,,,3.82
1957-04-05,,,3.6175
1957-04-06,,,3.625
1957-04-07,,,3.9275
1957-04-08,,,4.32875
1957-04-09,,,4.1525
1957-04-10,,,3.84875
1957-04-11,,,3.74875
1957-04-12,,,3.67875
1957-04-13,,,3.67
1957-04-14,,,3.705
1957-04-15,,,3.6225
1957-04-16,,,3.505
1957-04-17,,,3.35875
1957-04-18,,,3.13875
1957-04-19,,,2.9
1957-04-20,,,2.625
1957-04-21,,,2.38
1957-04-22,,,2.21
1957-04-23,,,2.1025
1957-04-24,,,2.01125
1957-04-25,,,1.86
1957-04-26,,,1.77
1957-04-27,,,1.69
1957-04-28,,,1.6275
1957-04-29,,,1.61125
1957-04-30,,,1.5575
1957-05-01,,,1.55
1957-05-02,,,1.52375
1957-05-03,,,1.5025
1957-05-04,,,1.47375
1957-05-05,,,1.40875
1957-05-06,,,1.39125
1957-05-07,,,1.39
1957-05-08,,,1.39
1957-05-09,,,1.39
1957-05-10,,,1.36375
1957-05-11,,,1.36875
1957-05-12,,,1.3
1957-05-13,,,1.255
1957-05-14,,,1.24125
1957-05-15,,,1.2225
1957-05-16,,,1.24625
1957-05-17,,,1.34625
1957-05-18,,,1.465
1957-05-19,,,1.54125
1957-05-20,,,1.47125
1957-05-21,,,1.31125
1957-05-22,,,1.22875
1957-05-23,,,1.1675
1957-05-24,,,1.13375
1957-05-25,,,1.1125
1957-05-26,,,1.0925
1957-05-27,,,1.08125
1957-05-28,,,1.07125
1957-05-29,,,1.0875
1957-05-30,,,1.04625
1957-05-31,,,1.0225
1957-06-01,,,1.01125
1957-06-02,,,0.9925
1957-06-03,,,0.98125
1957-06-04,,,0.98
1957-06-05,,,0.97125
1957-06-06,,,0.96125
1957-06-07,,,0.95125
1957-06-08,,,0.94125
1957-06-09,,,0.93125
1957-06-10,,,0.92125
1957-06-11,,,0.92
1957-06-12,,,0.92
1957-06-13,,,0.92
1957-06-14,,,0.91125
1957-06-15,,,0.90125
1957-06-16,,,0.8825
1957-06-17,,,0.88
1957-06-18,,,0.88
1957-06-19,,,0.88
1957-06-20,,,0.88
1957-06-21,,,0.88
1957-06-22,,,0.88
1957-06-23,,,0.88
1957-06-24,,,0.87125
1957-06-25,,,0.86125
1957-06-26,,,0.825
1957-06-27,,,0.8025
1957-06-28,,,0.80875
1957-06-29,,,0.81875
1957-06-30,,,0.81125
1957-07-01,,,0.81
1957-07-02,,,0.80125
1957-07-03,,,0.79125
1957-07-04,,,0.78125
1957-07-05,,,0.77125
1957-07-06,,,0.76125
1957-07-07,,,0.75125
1957-07-08,,,0.75
1957-07-09,,,0.74125
1957-07-10,,,0.74
1957-07-11,,,0.74
1957-07-12,,,0.74
1957-07-13,,,0.73125
1957-07-14,,,0.73
1957-07-15,,,0.72125
1957-07-16,,,0.7025
1957-07-17,,,0.69125
1957-07-18,,,0.69
1957-07-19,,,0.69
1957-07-20,,,0.69
1957-07-21,,,0.68125
1957-07-22,,,0.67125
1957-07-23,,,0.67
1957-07-24,,,0.66125
1957-07-25,,,0.66
1957-07-26,,,0.65125
1957-07-27,,,0.64125
1957-07-28,,,0.64
1957-07-29,,,0.64
1957-07-30,,,0.64
1957-07-31,,,0.64
1957-08-01,,,0.63125
1957-08-02,,,0.62125
1957-08-03,,,0.61125
1957-08-04,,,0.61
1957-08-05,,,0.61
1957-08-06,,,0.60125
1957-08-07,,,0.6
1957-08-08,,,0.59125
1957-08-09,,,0.59
1957-08-10,,,0.58125
1957-08-11,,,0.57125
1957-08-12,,,0.57
1957-08-13,,,0.57
1957-08-14,,,0.57
1957-08-15,,,0.56125
1957-08-16,,,0.56
1957-08-17,,,0.56
1957-08-18,,,0.55125
1957-08-19,,,0.55
1957-08-20,,,0.54125
1957-08-21,,,0.54
1957-08-22,,,0.54
1957-08-23,,,0.54
1957-08-24,,,0.53125
1957-08-25,,,0.52125
1957-08-26,,,0.52
1957-08-27,,,0.51125
1957-08-28,,,0.51
1957-08-29,,,0.50125
1957-08-30,,,0.5
1957-08-31,,,0.5
1957-09-01,,,0.49125
1957-09-02,,,0.49
1957-09-03,,,0.49
1957-09-04,,,0.49
1957-09-05,,,0.49
1957-09-06,,,0.49
1957-09-07,,,0.49
1957-09-08,,,0.49
1957-09-09,,,0.49875
1957-09-10,,,0.5
1957-09-11,,,0.49125
1957-09-12,,,0.48125
1957-09-13,,,0.47125
1957-09-14,,,0.46125
1957-09-15,,,0.45125
1957-09-16,,,0.44125
1957-09-17,,,0.44
1957-09-18,,,0.44
1957-09-19,,,0.43125
1957-09-20,,,0.43
1957-09-21,,,0.43
1957-09-22,,,0.43
1957-09-23,,,0.45625
1957-09-24,,,0.52125
1957-09-25,,,0.53
1957-09-26,,,0.53
1957-09-27,,,0.55625
1957-09-28,,,0.5425
1957-09-29,,,0.5225
1957-09-30,,,0.51125
1957-10-01,,,0.50125
1957-10-02,,,0.61375
1957-10-03,,,0.69125
1957-10-04,,,0.69125
1957-10-05,,,0.7775
1957-10-06,,,0.65875
1957-10-07,,,0.56125
1957-10-08,,,0.4975
1957-10-09,,,0.5075
1957-10-10,,,0.46625
1957-10-11,,,0.45125
1957-10-12,,,0.44125
1957-10-13,,,0.43125
1957-10-14,,,0.43
1957-10-15,,,0.42125
1957-10-16,,,0.41125
1957-10-17,,,0.40125
1957-10-18,,,0.39125
1957-10-19,,,0.38125
1957-10-20,,,0.38
1957-10-21,,,0.37125
1957-10-22,,,0.37
1957-10-23,,,0.36125
1957-10-24,,,0.35125
1957-10-25,,,0.34125
1957-10-26,,,0.3575
1957-10-27,,,0.36
1957-10-28,,,0.40375
1957-10-29,,,0.4275
1957-10-30,,,0.43
1957-10-31,,,0.43
1957-11-01,,,0.42125
1957-11-02,,,0.42
1957-11-03,,,0.41125
1957-11-04,,,0.40125
1957-11-05,,,0.37375
1957-11-06,,,0.36125
1957-11-07,,,0.35125
1957-11-08,,,0.37625
1957-11-09,,,0.59875
1957-11-10,,,0.8225
1957-11-11,,,0.815
1957-11-12,,,0.66125
1957-11-13,,,0.64875
1957-11-14,,,0.755
1957-11-15,,,0.86625
1957-11-16,,,0.7225
1957-11-17,,,0.6475
1957-11-18,,,0.7975
1957-11-19,,,0.9075
1957-11-20,,,0.99875
1957-11-21,,,1.395
1957-11-22,,,1.66875
1957-11-23,,,1.42875
1957-11-24,,,1.57375
1957-11-25,,,1.5825
1957-11-26,,,1.265
1957-11-27,,,1.03625
1957-11-28,,,0.98375
1957-11-29,,,1.05
1957-11-30,,,0.94625
1957-12-01,,,1.0525
1957-12-02,,,0.93875
1957-12-03,,,0.885
1957-12-04,,,0.88
1957-12-05,,,1.08125
1957-12-06,,,1.495
1957-12-07,,,1.82125
1957-12-08,,,2.2975
1957-12-09,,,2.1325
1957-12-10,,,2.07375
1957-12-11,,,2.56
1957-12-12,,,2.4025
1957-12-13,,,2.48375
1957-12-14,,,2.4125
1957-12-15,,,2.3125
1957-12-16,,,1.78375
1957-12-17,,,1.5525
1957-12-18,,,1.74
1957-12-19,,,1.72625
1957-12-20,,,1.545
1957-12-21,,,1.93125
1957-12-22,,,1.96375
1957-12-23,,,1.89875
1957-12-24,,,1.63625
1957-12-25,,,1.705
1957-12-26,,,1.67625
1957-12-27,,,1.6175
1957-12-28,,,1.47875
1957-12-29,,,1.34625
1957-12-30,,,1.16375
1957-12-31,,,1.0175
1958-01-01,,,0.895
1958-01-02,,,0.85375
1958-01-03,,,0.78875
1958-01-04,,,0.75375
1958-01-05,,,0.72375
1958-01-06,,,0.7025
1958-01-07,,,0.67375
1958-01-08,,,0.64375
1958-01-09,,,0.6225
1958-01-10,,,0.6025
1958-01-11,,,0.59125
1958-01-12,,,0.68625
1958-01-13,,,0.76125
1958-01-14,,,0.77875
1958-01-15,,,0.85875
1958-01-16,,,0.89625
1958-01-17,,,0.935
1958-01-18,,,1.15875
1958-01-19,,,1.295
1958-01-20,,,1.40625
1958-01-21,,,1.46375
1958-01-22,,,1.56625
1958-01-23,,,2.23625
1958-01-24,,,2.8375
1958-01-25,,,2.86625
1958-01-26,,,2.8075
1958-01-27,,,2.52875
1958-01-28,,,2.4375
1958-01-29,,,2.43
1958-01-30,,,2.5
1958-01-31,,,2.405
1958-02-01,,,2.1275
1958-02-02,,,2.09
1958-02-03,,,2.265
1958-02-04,,,2.3775
1958-02-05,,,2.43375
1958-02-06,,,2.51
1958-02-07,,,2.45
1958-02-08,,,2.195
1958-02-09,,,2.72
1958-02-10,,,2.80875
1958-02-11,,,2.8625
1958-02-12,,,2.87875
1958-02-13,,,2.78375
1958-02-14,,,2.56875
1958-02-15,,,2.32125
1958-02-16,,,2.08875
1958-02-17,,,1.98125
1958-02-18,,,1.725
1958-02-19,,,1.43625
1958-02-20,,,1.365
1958-02-21,,,1.28125
1958-02-22,,,1.19125
1958-02-23,,,1.11875
1958-02-24,,,1.06625
1958-02-25,,,1.0075
1958-02-26,,,0.9825
1958-02-27,,,1.015
1958-02-28,,,1.1425
1958-03-01,,,1.43125
1958-03-02,,,1.42625
1958-03-03,,,1.42
1958-03-04,,,1.53375
1958-03-05,,,1.76
1958-03-06,,,1.25625
1958-03-07,,,1.075
1958-03-08,,,0.9725
1958-03-09,,,0.91625
1958-03-10,,,1.05875
1958-03-11,,,1.03625
1958-03-12,,,1.0475
1958-03-13,,,1.1725
1958-03-14,,,1.155
1958-03-15,,,1.01875
1958-03-16,,,0.92125
1958-03-17,,,0.88375
1958-03-18,,,0.83625
1958-03-19,,,0.865
1958-03-20,,,0.98375
1958-03-21,,,1.245
1958-03-22,,,1.62125
1958-03-23,,,1.4775
1958-03-24,,,1.2225
1958-03-25,,,1.5575
1958-03-26,,,1.6975
1958-03-27,,,1.6925
1958-03-28,,,1.305
1958-03-29,,,1.31125
1958-03-30,,,1.1275
1958-03-31,,,1.065
1958-04-01,,,1.01625
1958-04-02,,,0.96625
1958-04-03,,,0.93375
1958-04-04,,,1.0
1958-04-05,,,1.0275
1958-04-06,,,1.02125
1958-04-07,,,0.99375
1958-04-08,,,0.91125
1958-04-09,,,0.87375
1958-04-10,,,0.79125
1958-04-11,,,0.75375
1958-04-12,,,0.72375
1958-04-13,,,0.7375
1958-04-14,,,0.775
1958-04-15,,,0.82375
1958-04-16,,,0.87375
1958-04-17,,,0.95875
1958-04-18,,,1.04875
1958-04-19,,,1.22625
1958-04-20,,,2.055
1958-04-21,,,2.5725
1958-04-22,,,2.5075
1958-04-23,,,2.23625
1958-04-24,,,1.885
1958-04-25,,,1.72625
1958-04-26,,,1.15875
1958-04-27,,,1.045
1958-04-28,,,1.01375
1958-04-29,,,0.9575
1958-04-30,,,0.88875
1958-05-01,,,0.845
1958-05-02,,,0.805
1958-05-03,,,0.77375
1958-05-04,,,0.7525
1958-05-05,,,0.7325
1958-05-06,,,0.70375
1958-05-07,,,0.72625
1958-05-08,,,0.68625
1958-05-09,,,0.6625
1958-05-10,,,0.6425
1958-05-11,,,0.6225
1958-05-12,,,0.62
1958-05-13,,,0.62
1958-05-14,,,0.6375
1958-05-15,,,0.64875
1958-05-16,,,0.62375
1958-05-17,,,0.62
1958-05-18,,,0.6025
1958-05-19,,,0.59125
1958-05-20,,,0.59
1958-05-21,,,0.58125
1958-05-22,,,0.57125
1958-05-23,,,0.56125
1958-05-24,,,0.5425
1958-05-25,,,0.575
1958-05-26,,,0.55375
1958-05-27,,,0.54125
1958-05-28,,,0.5575
1958-05-29,,,0.5775
1958-05-30,,,0.615
1958-05-31,,,0.62
1958-06-01,,,0.6025
1958-06-02,,,0.6
1958-06-03,,,0.57375
1958-06-04,,,0.5525
1958-06-05,,,0.5325
1958-06-06,,,0.53
1958-06-07,,,0.53
1958-06-08,,,0.52125
1958-06-09,,,0.52
1958-06-10,,,0.51125
1958-06-11,,,0.50125
1958-06-12,,,0.5
1958-06-13,,,0.5
1958-06-14,,,0.49125
1958-06-15,,,0.49
1958-06-16,,,0.49
1958-06-17,,,0.48125
1958-06-18,,,0.48
1958-06-19,,,0.48
1958-06-20,,,0.47125
1958-06-21,,,0.47
1958-06-22,,,0.47
1958-06-23,,,0.47
1958-06-24,,,0.47
1958-06-25,,,0.47
1958-06-26,,,0.47
1958-06-27,,,0.44375
1958-06-28,,,0.44
1958-06-29,,,0.44
1958-06-30,,,0.44
1958-07-01,,,0.44
1958-07-02,,,0.44
1958-07-03,,,0.44
1958-07-04,,,0.44
1958-07-05,,,0.44
1958-07-06,,,0.44
1958-07-07,,,0.44
1958-07-08,,,0.44
1958-07-09,,,0.44
1958-07-10,,,0.44
1958-07-11,,,0.43125
1958-07-12,,,0.42125
1958-07-13,,,0.41125
1958-07-14,,,0.40125
1958-07-15,,,0.39125
1958-07-16,,,0.43375
1958-07-17,,,0.44
1958-07-18,,,0.44
1958-07-19,,,0.44
1958-07-20,,,0.48375
1958-07-21,,,0.48125
1958-07-22,,,0.48
1958-07-23,,,0.48
1958-07-24,,,0.48875
1958-07-25,,,0.48125
1958-07-26,,,0.445
1958-07-27,,,0.44
1958-07-28,,,0.44
1958-07-29,,,0.44
1958-07-30,,,0.44
1958-07-31,,,0.44
1958-08-01,,,0.44
1958-08-02,,,0.44
1958-08-03,,,0.44
1958-08-04,,,0.44
1958-08-05,,,0.44
1958-08-06,,,0.44
1958-08-07,,,0.44
1958-08-08,,,0.44875
1958-08-09,,,0.49375
1958-08-10,,,0.4825
1958-08-11,,,0.515
1958-08-12,,,0.485
1958-08-13,,,0.48
1958-08-14,,,0.48875
1958-08-15,,,0.49
1958-08-16,,,0.51625
1958-08-17,,,0.52
1958-08-18,,,0.51125
1958-08-19,,,0.51
1958-08-20,,,0.51875
1958-08-21,,,0.51125
1958-08-22,,,0.4925
1958-08-23,,,0.525
1958-08-24,,,0.53
1958-08-25,,,0.52125
1958-08-26,,,0.52
1958-08-27,,,0.52
1958-08-28,,,0.52
1958-08-29,,,0.52
1958-08-30,,,0.52
1958-08-31,,,0.52
1958-09-01,,,0.42375
1958-09-02,,,0.38375
1958-09-03,,,0.33625
1958-09-04,,,0.30375
1958-09-05,,,0.30875
1958-09-06,,,0.31875
1958-09-07,,,0.27625
1958-09-08,,,0.27
1958-09-09,,,0.27
1958-09-10,,,0.27
1958-09-11,,,0.2525
1958-09-12,,,0.25
1958-09-13,,,0.25
1958-09-14,,,0.32
1958-09-15,,,0.40875
1958-09-16,,,0.42875
1958-09-17,,,0.465
1958-09-18,,,0.46125
1958-09-19,,,0.425
1958-09-20,,,0.39375
1958-09-21,,,0.3725
1958-09-22,,,0.32625
1958-09-23,,,0.27625
1958-09-24,,,0.2525
1958-09-25,,,0.25
1958-09-26,,,0.24125
1958-09-27,,,0.23125
1958-09-28,,,0.22125
1958-09-29,,,0.22
1958-09-30,,,0.22
1958-10-01,,,0.21125
1958-10-02,,,0.21
1958-10-03,,,0.20125
1958-10-04,,,0.2
1958-10-05,,,0.2
1958-10-06,,,0.2
1958-10-07,,,0.2
1958-10-08,,,0.2175
1958-10-09,,,0.47375
1958-10-10,,,0.5975
1958-10-11,,,0.4875
1958-10-12,,,0.33
1958-10-13,,,0.80875
1958-10-14,,,0.6525
1958-10-15,,,0.62
1958-10-16,,,0.585
1958-10-17,,,0.5275
1958-10-18,,,0.4325
1958-10-19,,,0.42
1958-10-20,,,0.5075
1958-10-21,,,0.5375
1958-10-22,,,0.61
1958-10-23,,,0.36625
1958-10-24,,,0.3125
1958-10-25,,,0.2925
1958-10-26,,,0.26375
1958-10-27,,,0.225
1958-10-28,,,0.22
1958-10-29,,,0.4475
1958-10-30,,,0.78625
1958-10-31,,,0.69875
1958-11-01,,,0.645
1958-11-02,,,0.6225
1958-11-03,,,0.57625
1958-11-04,,,0.605
1958-11-05,,,0.715
1958-11-06,,,0.52
1958-11-07,,,0.4725
1958-11-08,,,0.39125
1958-11-09,,,0.3975
1958-11-10,,,0.33875
1958-11-11,,,0.33
1958-11-12,,,0.32125
1958-11-13,,,0.29375
1958-11-14,,,0.26375
1958-11-15,,,0.25125
1958-11-16,,,0.24125
1958-11-17,,,0.24
1958-11-18,,,0.23125
1958-11-19,,,0.22125
1958-11-20,,,0.21125
1958-11-21,,,0.21
1958-11-22,,,0.20125
1958-11-23,,,0.2
1958-11-24,,,0.19125
1958-11-25,,,0.18125
1958-11-26,,,0.17125
1958-11-27,,,0.2225
1958-11-28,,,0.5275
1958-11-29,,,0.61375
1958-11-30,,,0.6725
1958-12-01,,,0.68
1958-12-02,,,0.715
1958-12-03,,,0.51875
1958-12-04,,,0.44625
1958-12-05,,,0.3525
1958-12-06,,,0.27875
1958-12-07,,,0.24375
1958-12-08,,,0.23125
1958-12-09,,,0.22125
1958-12-10,,,0.29
1958-12-11,,,0.36125
1958-12-12,,,0.39625
1958-12-13,,,0.42625
1958-12-14,,,0.535
1958-12-15,,,0.85625
1958-12-16,,,0.9
1958-12-17,,,0.94375
1958-12-18,,,0.81
1958-12-19,,,0.67625
1958-12-20,,,0.5725
1958-12-21,,,0.42875
1958-12-22,,,0.34
1958-12-23,,,0.3125
1958-12-24,,,0.47625
1958-12-25,,,0.5175
1958-12-26,,,0.415
1958-12-27,,,0.4175
1958-12-28,,,0.70875
1958-12-29,,,0.98625
1958-12-30,,,1.3
1958-12-31,,,1.73375
1959-01-01,,,2.0
1959-01-02,,,1.9075
1959-01-03,,,1.715
1959-01-04,,,1.08625
1959-01-05,,,1.02625
1959-01-06,,,0.9775
1959-01-07,,,1.32
1959-01-08,,,1.25625
1959-01-09,,,1.35375
1959-01-10,,,1.16
1959-01-11,,,1.15625
1959-01-12,,,1.39625
1959-01-13,,,1.43
1959-01-14,,,1.45625
1959-01-15,,,1.20625
1959-01-16,,,1.2925
1959-01-17,,,1.415
1959-01-18,,,1.31625
1959-01-19,,,1.1425
1959-01-20,,,1.015
1959-01-21,,,1.11375
1959-01-22,,,1.235
1959-01-23,,,1.83625
1959-01-24,,,2.36625
1959-01-25,,,2.59625
1959-01-26,,,2.62
1959-01-27,,,2.71625
1959-01-28,,,2.59875
1959-01-29,,,2.335
1959-01-30,,,2.11625
1959-01-31,,,2.01125
1959-02-01,,,1.50125
1959-02-02,,,1.43
1959-02-03,,,1.35125
1959-02-04,,,1.31375
1959-02-05,,,1.135
1959-02-06,,,1.03125
1959-02-07,,,0.97625
1959-02-08,,,0.92625
1959-02-09,,,0.87625
1959-02-10,,,0.77375
1959-02-11,,,0.69875
1959-02-12,,,0.66375
1959-02-13,,,0.79125
1959-02-14,,,0.8275
1959-02-15,,,0.7775
1959-02-16,,,0.77875
1959-02-17,,,0.73625
1959-02-18,,,0.73875
1959-02-19,,,0.6875
1959-02-20,,,0.65375
1959-02-21,,,0.62375
1959-02-22,,,0.57625
1959-02-23,,,0.5525
1959-02-24,,,0.52375
1959-02-25,,,0.51125
1959-02-26,,,0.51
1959-02-27,,,0.50125
1959-02-28,,,0.4825
1959-03-01,,,0.515
1959-03-02,,,0.6075
1959-03-03,,,0.80375
1959-03-04,,,1.04875
1959-03-05,,,1.40375
1959-03-06,,,1.8175
1959-03-07,,,2.0625
1959-03-08,,,2.4575
1959-03-09,,,2.545
1959-03-10,,,2.375
1959-03-11,,,2.35
1959-03-12,,,2.2625
1959-03-13,,,2.17125
1959-03-14,,,2.0725
1959-03-15,,,1.96375
1959-03-16,,,1.8625
1959-03-17,,,1.7975
1959-03-18,,,1.9125
1959-03-19,,,1.8075
1959-03-20,,,1.71125
1959-03-21,,,1.76125
1959-03-22,,,1.7525
1959-03-23,,,1.68875
1959-03-24,,,1.42625
1959-03-25,,,1.13625
1959-03-26,,,1.03875
1959-03-27,,,0.9775
1959-03-28,,,0.97875
1959-03-29,,,1.155
1959-03-30,,,1.2675
1959-03-31,,,1.27125
1959-04-01,,,1.1825
1959-04-02,,,1.09125
1959-04-03,,,0.96625
1959-04-04,,,0.88875
1959-04-05,,,0.81875
1959-04-06,,,0.775
1959-04-07,,,0.7
1959-04-08,,,0.69
1959-04-09,,,0.64625
1959-04-10,,,0.6225
1959-04-11,,,0.585
1959-04-12,,,0.55375
1959-04-13,,,0.54125
1959-04-14,,,0.54
1959-04-15,,,0.53125
1959-04-16,,,0.53
1959-04-17,,,0.53
1959-04-18,,,0.52125
1959-04-19,,,0.52
1959-04-20,,,0.52
1959-04-21,,,0.51125
1959-04-22,,,0.50125
1959-04-23,,,0.5175
1959-04-24,,,0.485
1959-04-25,,,0.4625
1959-04-26,,,0.46
1959-04-27,,,0.4425
1959-04-28,,,0.43125
1959-04-29,,,0.43
1959-04-30,,,0.43
1959-05-01,,,0.43
1959-05-02,,,0.43
1959-05-03,,,0.43
1959-05-04,,,0.42125
1959-05-05,,,0.42
1959-05-06,,,0.42
1959-05-07,,,0.42
1959-05-08,,,0.42
1959-05-09,,,0.41125
1959-05-10,,,0.41
1959-05-11,,,0.40125
1959-05-12,,,0.4
1959-05-13,,,0.4
1959-05-14,,,0.39125
1959-05-15,,,0.39
1959-05-16,,,0.39
1959-05-17,,,0.38125
1959-05-18,,,0.38
1959-05-19,,,0.38
1959-05-20,,,0.37125
1959-05-21,,,0.37
1959-05-22,,,0.36125
1959-05-23,,,0.36
1959-05-24,,,0.35125
1959-05-25,,,0.35
1959-05-26,,,0.35
1959-05-27,,,0.35
1959-05-28,,,0.34125
1959-05-29,,,0.34
1959-05-30,,,0.33125
1959-05-31,,,0.33
1959-06-01,,,0.33
1959-06-02,,,0.33
1959-06-03,,,0.33
1959-06-04,,,0.33
1959-06-05,,,0.33
1959-06-06,,,0.33
1959-06-07,,,0.33
1959-06-08,,,0.33
1959-06-09,,,0.33
1959-06-10,,,0.33
1959-06-11,,,0.33
1959-06-12,,,0.33
1959-06-13,,,0.33
1959-06-14,,,0.33
1959-06-15,,,0.32125
1959-06-16,,,0.32
1959-06-17,,,0.31125
1959-06-18,,,0.31
1959-06-19,,,0.31
1959-06-20,,,0.30125
1959-06-21,,,0.3
1959-06-22,,,0.29125
1959-06-23,,,0.29
1959-06-24,,,0.29
1959-06-25,,,0.29
1959-06-26,,,0.28125
1959-06-27,,,0.28
1959-06-28,,,0.28
1959-06-29,,,0.28
1959-06-30,,,0.28
1959-07-01,,,0.28
1959-07-02,,,0.28
1959-07-03,,,0.27125
1959-07-04,,,0.27
1959-07-05,,,0.27
1959-07-06,,,0.27
1959-07-07,,,0.27
1959-07-08,,,0.27
1959-07-09,,,0.26125
1959-07-10,,,0.26
1959-07-11,,,0.26
1959-07-12,,,0.25125
1959-07-13,,,0.25
1959-07-14,,,0.25
1959-07-15,,,0.25
1959-07-16,,,0.25
1959-07-17,,,0.25
1959-07-18,,,0.25
1959-07-19,,,0.24125
1959-07-20,,,0.24
1959-07-21,,,0.24
1959-07-22,,,0.23125
1959-07-23,,,0.23
1959-07-24,,,0.23
1959-07-25,,,0.23
1959-07-26,,,0.23
1959-07-27,,,0.23
1959-07-28,,,0.22125
1959-07-29,,,0.22
1959-07-30,,,0.22
1959-07-31,,,0.22
1959-08-01,,,0.22
1959-08-02,,,0.22
1959-08-03,,,0.22
1959-08-04,,,0.21125
1959-08-05,,,0.21
1959-08-06,,,0.21
1959-08-07,,,0.21
1959-08-08,,,0.21
1959-08-09,,,0.21
1959-08-10,,,0.21
1959-08-11,,,0.20125
1959-08-12,,,0.2
1959-08-13,,,0.2
1959-08-14,,,0.2
1959-08-15,,,0.2
1959-08-16,,,0.2
1959-08-17,,,0.2
1959-08-18,,,0.2
1959-08-19,,,0.2
1959-08-20,,,0.19125
1959-08-21,,,0.19
1959-08-22,,,0.18125
1959-08-23,,,0.18
1959-08-24,,,0.18
1959-08-25,,,0.18
1959-08-26,,,0.18
1959-08-27,,,0.17125
1959-08-28,,,0.17
1959-08-29,,,0.17
1959-08-30,,,0.17
1959-08-31,,,0.17
1959-09-01,,,0.17
1959-09-02,,,0.16125
1959-09-03,,,0.16
1959-09-04,,,0.16
1959-09-05,,,0.16
1959-09-06,,,0.16
1959-09-07,,,0.16
1959-09-08,,,0.15125
1959-09-09,,,0.15
1959-09-10,,,0.15
1959-09-11,,,0.15
1959-09-12,,,0.15
1959-09-13,,,0.15
1959-09-14,,,0.15
1959-09-15,,,0.15
1959-09-16,,,0.15
1959-09-17,,,0.14125
1959-09-18,,,0.14
1959-09-19,,,0.14
1959-09-20,,,0.14
1959-09-21,,,0.14
1959-09-22,,,0.14
1959-09-23,,,0.13125
1959-09-24,,,0.13
1959-09-25,,,0.13
1959-09-26,,,0.13
1959-09-27,,,0.13
1959-09-28,,,0.13875
1959-09-29,,,0.14875
1959-09-30,,,0.15875
1959-10-01,,,0.16
1959-10-02,,,0.16
1959-10-03,,,0.15125
1959-10-04,,,0.15
1959-10-05,,,0.15
1959-10-06,,,0.15
1959-10-07,,,0.14125
1959-10-08,,,0.14
1959-10-09,,,0.14875
1959-10-10,,,0.15
1959-10-11,,,0.15
1959-10-12,,,0.15
1959-10-13,,,0.15
1959-10-14,,,0.19375
1959-10-15,,,0.19125
1959-10-16,,,0.19875
1959-10-17,,,0.22625
1959-10-18,,,0.41375
1959-10-19,,,0.41375
1959-10-20,,,0.43625
1959-10-21,,,0.5275
1959-10-22,,,0.505
1959-10-23,,,0.42125
1959-10-24,,,0.38375
1959-10-25,,,0.47625
1959-10-26,,,0.49
1959-10-27,,,0.41125
1959-10-28,,,0.32125
1959-10-29,,,0.26625
1959-10-30,,,0.225
1959-10-31,,,0.5875
1959-11-01,,,0.7275
1959-11-02,,,0.8975
1959-11-03,,,0.96375
1959-11-04,,,1.06625
1959-11-05,,,0.835
1959-11-06,,,0.59875
1959-11-07,,,0.47375
1959-11-08,,,0.39875
1959-11-09,,,0.3375
1959-11-10,,,0.39125
1959-11-11,,,0.37375
1959-11-12,,,0.335
1959-11-13,,,0.3125
1959-11-14,,,0.38
1959-11-15,,,0.46
1959-11-16,,,0.54875
1959-11-17,,,1.02375
1959-11-18,,,0.81875
1959-11-19,,,0.605
1959-11-20,,,0.93
1959-11-21,,,1.30375
1959-11-22,,,1.8575
1959-11-23,,,2.0525
1959-11-24,,,2.51625
1959-11-25,,,2.11625
1959-11-26,,,1.8925
1959-11-27,,,1.7475
1959-11-28,,,1.37125
1959-11-29,,,1.01375
1959-11-30,,,0.8125
1959-12-01,,,0.6325
1959-12-02,,,0.505
1959-12-03,,,0.4375
1959-12-04,,,0.4125
1959-12-05,,,0.36625
1959-12-06,,,0.395
1959-12-07,,,0.5925
1959-12-08,,,0.8125
1959-12-09,,,0.875
1959-12-10,,,0.775
1959-12-11,,,0.6725
1959-12-12,,,0.8175
1959-12-13,,,1.04125
1959-12-14,,,1.42
1959-12-15,,,1.35625
1959-12-16,,,1.08625
1959-12-17,,,0.86625
1959-12-18,,,0.63875
1959-12-19,,,0.56625
1959-12-20,,,0.49875
1959-12-21,,,0.42
1959-12-22,,,0.4275
1959-12-23,,,0.38625
1959-12-24,,,0.35375
1959-12-25,,,0.4725
1959-12-26,,,0.5775
1959-12-27,,,0.59875
1959-12-28,,,0.62625
1959-12-29,,,0.95375
1959-12-30,,,2.09375
1959-12-31,,,1.82125
1960-01-01,,,2.18875
1960-01-02,,,2.62625
1960-01-03,,,2.05875
1960-01-04,,,1.97875
1960-01-05,,,1.60375
1960-01-06,,,1.27875
1960-01-07,,,1.03875
1960-01-08,,,1.01
1960-01-09,,,1.19375
1960-01-10,,,1.22
1960-01-11,,,1.07125
1960-01-12,,,1.09375
1960-01-13,,,1.17
1960-01-14,,,1.11875
1960-01-15,,,1.075
1960-01-16,,,1.06125
1960-01-17,,,1.2525
1960-01-18,,,1.4725
1960-01-19,,,1.5175
1960-01-20,,,1.84375
1960-01-21,,,1.785
1960-01-22,,,2.33
1960-01-23,,,2.235
1960-01-24,,,2.105
1960-01-25,,,2.85125
1960-01-26,,,4.255
1960-01-27,,,4.36125
1960-01-28,,,3.67625
1960-01-29,,,2.55625
1960-01-30,,,2.1475
1960-01-31,,,1.82125
1960-02-01,,,1.84125
1960-02-02,,,2.03375
1960-02-03,,,3.17125
1960-02-04,,,3.8025
1960-02-05,,,4.38625
1960-02-06,,,4.22375
1960-02-07,,,3.84
1960-02-08,,,3.43125
1960-02-09,,,3.17
1960-02-10,,,2.8775
1960-02-11,,,2.56
1960-02-12,,,2.2925
1960-02-13,,,1.98875
1960-02-14,,,1.635
1960-02-15,,,1.3275
1960-02-16,,,1.1675
1960-02-17,,,1.045
1960-02-18,,,0.9775
1960-02-19,,,0.9
1960-02-20,,,0.88125
1960-02-21,,,0.85375
1960-02-22,,,0.80625
1960-02-23,,,0.8175
1960-02-24,,,0.855
1960-02-25,,,1.13125
1960-02-26,,,1.07375
1960-02-27,,,1.025
1960-02-28,,,1.27375
1960-02-29,,,1.38
1960-03-01,,,1.8625
1960-03-02,,,1.5975
1960-03-03,,,1.96125
1960-03-04,,,1.97625
1960-03-05,,,1.865
1960-03-06,,,1.87625
1960-03-07,,,2.055
1960-03-08,,,1.8175
1960-03-09,,,1.64
1960-03-10,,,1.48875
1960-03-11,,,1.37375
1960-03-12,,,1.115
1960-03-13,,,1.955
1960-03-14,,,2.1325
1960-03-15,,,2.32375
1960-03-16,,,2.86625
1960-03-17,,,3.325
1960-03-18,,,3.1
1960-03-19,,,2.7625
1960-03-20,,,2.615
1960-03-21,,,2.5475
1960-03-22,,,2.68
1960-03-23,,,3.435
1960-03-24,,,3.39125
1960-03-25,,,3.5275
1960-03-26,,,3.3925
1960-03-27,,,3.13375
1960-03-28,,,2.6975
1960-03-29,,,2.15875
1960-03-30,,,2.09
1960-03-31,,,2.34375
1960-04-01,,,2.24875
1960-04-02,,,1.8975
1960-04-03,,,1.66625
1960-04-04,,,1.52625
1960-04-05,,,1.37
1960-04-06,,,1.27125
1960-04-07,,,1.18125
1960-04-08,,,1.09125
1960-04-09,,,1.045
1960-04-10,,,1.005
1960-04-11,,,0.9825
1960-04-12,,,1.05875
1960-04-13,,,1.07875
1960-04-14,,,1.2025
1960-04-15,,,1.24625
1960-04-16,,,1.0925
1960-04-17,,,0.97375
1960-04-18,,,0.89875
1960-04-19,,,0.88125
1960-04-20,,,0.8275
1960-04-21,,,0.77625
1960-04-22,,,0.74375
1960-04-23,,,0.73125
1960-04-24,,,0.77375
1960-04-25,,,0.78
1960-04-26,,,0.78
1960-04-27,,,0.78
1960-04-28,,,0.7625
1960-04-29,,,0.73375
1960-04-30,,,0.73
1960-05-01,,,0.695
1960-05-02,,,0.69
1960-05-03,,,0.69
1960-05-04,,,0.69
1960-05-05,,,0.69
1960-05-06,,,0.66375
1960-05-07,,,0.66
1960-05-08,,,0.65125
1960-05-09,,,0.685
1960-05-10,,,0.7075
1960-05-11,,,0.6925
1960-05-12,,,0.6725
1960-05-13,,,0.66125
1960-05-14,,,0.6425
1960-05-15,,,0.63125
1960-05-16,,,0.70875
1960-05-17,,,0.99125
1960-05-18,,,0.95125
1960-05-19,,,0.84375
1960-05-20,,,0.8125
1960-05-21,,,0.7575
1960-05-22,,,0.7325
1960-05-23,,,0.66
1960-05-24,,,0.6325
1960-05-25,,,0.60375
1960-05-26,,,0.60875
1960-05-27,,,0.575
1960-05-28,,,0.5875
1960-05-29,,,0.59
1960-05-30,,,0.59
1960-05-31,,,0.59
1960-06-01,,,0.5725
1960-06-02,,,0.56125
1960-06-03,,,0.5775
1960-06-04,,,0.58875
1960-06-05,,,0.59
1960-06-06,,,0.5375
1960-06-07,,,0.52125
1960-06-08,,,0.52
1960-06-09,,,0.52
1960-06-10,,,0.52
1960-06-11,,,0.52875
1960-06-12,,,0.53875
1960-06-13,,,0.54
1960-06-14,,,0.54
1960-06-15,,,0.54875
1960-06-16,,,0.55
1960-06-17,,,0.55
1960-06-18,,,0.54125
1960-06-19,,,0.54
1960-06-20,,,0.54
1960-06-21,,,0.54
1960-06-22,,,0.54
1960-06-23,,,0.53125
1960-06-24,,,0.53875
1960-06-25,,,0.49625
1960-06-26,,,0.49875
1960-06-27,,,0.50875
1960-06-28,,,0.48375
1960-06-29,,,0.50625
1960-06-30,,,0.48375
1960-07-01,,,0.48
1960-07-02,,,0.48
1960-07-03,,,0.48
1960-07-04,,,0.48
1960-07-05,,,0.48
1960-07-06,,,0.47125
1960-07-07,,,0.4525
1960-07-08,,,0.44125
1960-07-09,,,0.4225
1960-07-10,,,0.37625
1960-07-11,,,0.32625
1960-07-12,,,0.285
1960-07-13,,,0.30625
1960-07-14,,,0.30125
1960-07-15,,,0.3175
1960-07-16,,,0.3725
1960-07-17,,,0.35375
1960-07-18,,,0.32375
1960-07-19,,,0.3725
1960-07-20,,,0.38
1960-07-21,,,0.33625
1960-07-22,,,0.3125
1960-07-23,,,0.30125
1960-07-24,,,0.30875
1960-07-25,,,0.28375
1960-07-26,,,0.27125
1960-07-27,,,0.27
1960-07-28,,,0.2525
1960-07-29,,,0.24125
1960-07-30,,,0.23125
1960-07-31,,,0.23875
1960-08-01,,,0.24
1960-08-02,,,0.24875
1960-08-03,,,0.25
1960-08-04,,,0.25875
1960-08-05,,,0.2425
1960-08-06,,,0.2575
1960-08-07,,,0.3475
1960-08-08,,,0.36
1960-08-09,,,0.36
1960-08-10,,,0.3075
1960-08-11,,,0.3175
1960-08-12,,,0.32
1960-08-13,,,0.29375
1960-08-14,,,0.28125
1960-08-15,,,0.28
1960-08-16,,,0.30625
1960-08-17,,,0.31
1960-08-18,,,0.31875
1960-08-19,,,0.32
1960-08-20,,,0.32
1960-08-21,,,0.29375
1960-08-22,,,0.29
1960-08-23,,,0.28125
1960-08-24,,,0.28
1960-08-25,,,0.27125
1960-08-26,,,0.27875
1960-08-27,,,0.28
1960-08-28,,,0.27125
1960-08-29,,,0.26125
1960-08-30,,,0.23375
1960-08-31,,,0.23
1960-09-01,,,0.265
1960-09-02,,,0.27
1960-09-03,,,0.27875
1960-09-04,,,0.30625
1960-09-05,,,0.3275
1960-09-06,,,0.33
1960-09-07,,,0.33875
1960-09-08,,,0.34875
1960-09-09,,,0.35
1960-09-10,,,0.35875
1960-09-11,,,0.26375
1960-09-12,,,0.25
1960-09-13,,,0.25
1960-09-14,,,0.215
1960-09-15,,,0.21
1960-09-16,,,0.20125
1960-09-17,,,0.2
1960-09-18,,,0.2
1960-09-19,,,0.2
1960-09-20,,,0.19125
1960-09-21,,,0.19
1960-09-22,,,0.19
1960-09-23,,,0.19
1960-09-24,,,0.18125
1960-09-25,,,0.18
1960-09-26,,,0.18
1960-09-27,,,0.18
1960-09-28,,,0.18
1960-09-29,,,0.18
1960-09-30,,,0.18875
1960-10-01,,,0.19875
1960-10-02,,,0.19125
1960-10-03,,,0.19
1960-10-04,,,0.2075
1960-10-05,,,0.2275
1960-10-06,,,0.23
1960-10-07,,,0.22125
1960-10-08,,,0.21125
1960-10-09,,,0.21875
1960-10-10,,,0.22
1960-10-11,,,0.22875
1960-10-12,,,0.2125
1960-10-13,,,0.1925
1960-10-14,,,0.18125
1960-10-15,,,0.17125
1960-10-16,,,0.16125
1960-10-17,,,0.16
1960-10-18,,,0.16
1960-10-19,,,0.15125
1960-10-20,,,0.15
1960-10-21,,,0.15
1960-10-22,,,0.15
1960-10-23,,,0.185
1960-10-24,,,0.2075
1960-10-25,,,0.21
1960-10-26,,,0.2975
1960-10-27,,,0.38
1960-10-28,,,0.3375
1960-10-29,,,0.3475
1960-10-30,,,0.3675
1960-10-31,,,0.39625
1960-11-01,,,0.5225
1960-11-02,,,0.60125
1960-11-03,,,0.4525
1960-11-04,,,0.38625
1960-11-05,,,0.31875
1960-11-06,,,0.28375
1960-11-07,,,0.2625
1960-11-08,,,0.3475
1960-11-09,,,0.33375
1960-11-10,,,0.32125
1960-11-11,,,0.32
1960-11-12,,,0.355
1960-11-13,,,0.40375
1960-11-14,,,0.41
1960-11-15,,,0.6025
1960-11-16,,,0.79625
1960-11-17,,,0.8025
1960-11-18,,,0.7475
1960-11-19,,,0.8275
1960-11-20,,,0.8225
1960-11-21,,,0.81125
1960-11-22,,,0.83625
1960-11-23,,,0.76125
1960-11-24,,,0.6275
1960-11-25,,,0.60125
1960-11-26,,,0.71375
1960-11-27,,,0.93125
1960-11-28,,,1.16125
1960-11-29,,,2.21375
1960-11-30,,,2.5175
1960-12-01,,,2.4525
1960-12-02,,,2.22125
1960-12-03,,,1.9625
1960-12-04,,,2.1225
1960-12-05,,,1.66
1960-12-06,,,1.42375
1960-12-07,,,1.74125
1960-12-08,,,1.86
1960-12-09,,,1.835
1960-12-10,,,1.85625
1960-12-11,,,1.71125
1960-12-12,,,1.61125
1960-12-13,,,1.39875
1960-12-14,,,1.1425
1960-12-15,,,1.1275
1960-12-16,,,1.06
1960-12-17,,,1.21625
1960-12-18,,,1.17
1960-12-19,,,1.36125
1960-12-20,,,2.93
1960-12-21,,,3.03625
1960-12-22,,,3.20375
1960-12-23,,,3.16
1960-12-24,,,2.87875
1960-12-25,,,2.63875
1960-12-26,,,2.37375
1960-12-27,,,2.0075
1960-12-28,,,1.81125
1960-12-29,,,1.76375
1960-12-30,,,1.90875
1960-12-31,,,1.825
1961-01-01,,,1.6175
1961-01-02,,,1.91375
1961-01-03,,,2.23125
1961-01-04,,,2.50625
1961-01-05,,,3.1
1961-01-06,,,3.11
1961-01-07,,,3.91375
1961-01-08,,,3.98625
1961-01-09,,,4.05
1961-01-10,,,4.13875
1961-01-11,,,4.2025
1961-01-12,,,3.30875
1961-01-13,,,3.32
1961-01-14,,,3.50625
1961-01-15,,,3.32
1961-01-16,,,3.885
1961-01-17,,,3.96125
1961-01-18,,,3.82875
1961-01-19,,,3.6525
1961-01-20,,,3.51625
1961-01-21,,,3.87625
1961-01-22,,,4.27125
1961-01-23,,,3.97
1961-01-24,,,3.955
1961-01-25,,,4.2575
1961-01-26,,,4.5625
1961-01-27,,,4.78375
1961-01-28,,,5.18625
1961-01-29,,,5.0825
1961-01-30,,,4.70125
1961-01-31,,,4.4225
1961-02-01,,,4.25
1961-02-02,,,4.475
1961-02-03,,,4.60625
1961-02-04,,,4.41875
1961-02-05,,,4.20625
1961-02-06,,,4.01375
1961-02-07,,,4.13875
1961-02-08,,,4.13375
1961-02-09,,,3.4825
1961-02-10,,,2.69
1961-02-11,,,2.33625
1961-02-12,,,2.20375
1961-02-13,,,2.3825
1961-02-14,,,2.90875
1961-02-15,,,3.81125
1961-02-16,,,4.245
1961-02-17,,,4.40375
1961-02-18,,,3.22125
1961-02-19,,,2.9975
1961-02-20,,,3.22625
1961-02-21,,,3.6975
1961-02-22,,,3.54125
1961-02-23,,,3.195
1961-02-24,,,2.91375
1961-02-25,,,2.7225
1961-02-26,,,2.4725
1961-02-27,,,2.15125
1961-02-28,,,1.9525
1961-03-01,,,1.8075
1961-03-02,,,1.71125
1961-03-03,,,1.76125
1961-03-04,,,2.70625
1961-03-05,,,3.33
1961-03-06,,,2.44625
1961-03-07,,,2.6075
1961-03-08,,,3.09625
1961-03-09,,,3.20375
1961-03-10,,,3.0
1961-03-11,,,2.1475
1961-03-12,,,1.86375
1961-03-13,,,1.74375
1961-03-14,,,1.80875
1961-03-15,,,1.58375
1961-03-16,,,1.3925
1961-03-17,,,1.29125
1961-03-18,,,1.2275
1961-03-19,,,1.24625
1961-03-20,,,1.3725
1961-03-21,,,1.29375
1961-03-22,,,1.1925
1961-03-23,,,1.145
1961-03-24,,,1.105
1961-03-25,,,1.0125
1961-03-26,,,1.0175
1961-03-27,,,0.97625
1961-03-28,,,0.9525
1961-03-29,,,0.9325
1961-03-30,,,0.9125
1961-03-31,,,0.90125
1961-04-01,,,0.83875
1961-04-02,,,0.83
1961-04-03,,,0.83
1961-04-04,,,0.83
1961-04-05,,,0.8475
1961-04-06,,,0.89375
1961-04-07,,,0.9
1961-04-08,,,0.83875
1961-04-09,,,0.83
1961-04-10,,,1.04
1961-04-11,,,0.86875
1961-04-12,,,0.83125
1961-04-13,,,0.7775
1961-04-14,,,0.74375
1961-04-15,,,0.73125
1961-04-16,,,0.66875
1961-04-17,,,0.6425
1961-04-18,,,0.64
1961-04-19,,,0.63125
1961-04-20,,,0.62125
1961-04-21,,,0.6025
1961-04-22,,,0.6
1961-04-23,,,0.60875
1961-04-24,,,0.6275
1961-04-25,,,0.67375
1961-04-26,,,0.65375
1961-04-27,,,0.65875
1961-04-28,,,0.61625
1961-04-29,,,0.855
1961-04-30,,,1.00375
1961-05-01,,,0.94125
1961-05-02,,,0.85125
1961-05-03,,,0.7875
1961-05-04,,,0.71875
1961-05-05,,,0.675
1961-05-06,,,0.6525
1961-05-07,,,0.72
1961-05-08,,,0.835
1961-05-09,,,0.7975
1961-05-10,,,0.76375
1961-05-11,,,0.68125
1961-05-12,,,0.69625
1961-05-13,,,0.67375
1961-05-14,,,0.6875
1961-05-15,,,0.6375
1961-05-16,,,0.595
1961-05-17,,,0.5725
1961-05-18,,,0.56125
1961-05-19,,,0.5425
1961-05-20,,,0.5225
1961-05-21,,,0.52875
1961-05-22,,,0.4775
1961-05-23,,,0.4875
1961-05-24,,,0.49
1961-05-25,,,0.49875
1961-05-26,,,0.5175
1961-05-27,,,0.51125
1961-05-28,,,0.48375
1961-05-29,,,0.48
1961-05-30,,,0.48
1961-05-31,,,0.47125
1961-06-01,,,0.47
1961-06-02,,,0.46125
1961-06-03,,,0.45125
1961-06-04,,,0.49375
1961-06-05,,,0.49125
1961-06-06,,,0.49
1961-06-07,,,0.49875
1961-06-08,,,0.50875
1961-06-09,,,0.51875
1961-06-10,,,0.52
1961-06-11,,,0.52
1961-06-12,,,0.52
1961-06-13,,,0.52875
1961-06-14,,,0.46875
1961-06-15,,,0.46
1961-06-16,,,0.45125
1961-06-17,,,0.45
1961-06-18,,,0.45
1961-06-19,,,0.44125
1961-06-20,,,0.44
1961-06-21,,,0.44
1961-06-22,,,0.44
1961-06-23,,,0.44
1961-06-24,,,0.44
1961-06-25,,,0.44
1961-06-26,,,0.44
1961-06-27,,,0.44
1961-06-28,,,0.44
1961-06-29,,,0.44
1961-06-30,,,0.44
1961-07-01,,,0.44
1961-07-02,,,0.44
1961-07-03,,,0.41375
1961-07-04,,,0.41
1961-07-05,,,0.41
1961-07-06,,,0.41875
1961-07-07,,,0.42
1961-07-08,,,0.42
1961-07-09,,,0.41125
1961-07-10,,,0.41
1961-07-11,,,0.41
1961-07-12,,,0.41875
1961-07-13,,,0.42
1961-07-14,,,0.41125
1961-07-15,,,0.41875
1961-07-16,,,0.42
1961-07-17,,,0.41125
1961-07-18,,,0.43625
1961-07-19,,,0.3875
1961-07-20,,,0.38
1961-07-21,,,0.38875
1961-07-22,,,0.39
1961-07-23,,,0.39
1961-07-24,,,0.39875
1961-07-25,,,0.4
1961-07-26,,,0.37375
1961-07-27,,,0.39625
1961-07-28,,,0.39125
1961-07-29,,,0.39
1961-07-30,,,0.39875
1961-07-31,,,0.4
1961-08-01,,,0.2425
1961-08-02,,,0.22
1961-08-03,,,0.22
1961-08-04,,,0.22
1961-08-05,,,0.22
1961-08-06,,,0.22
1961-08-07,,,0.21125
1961-08-08,,,0.21
1961-08-09,,,0.21
1961-08-10,,,0.21
1961-08-11,,,0.21
1961-08-12,,,0.20125
1961-08-13,,,0.2
1961-08-14,,,0.2
1961-08-15,,,0.2
1961-08-16,,,0.2
1961-08-17,,,0.2
1961-08-18,,,0.2
1961-08-19,,,0.2
1961-08-20,,,0.19125
1961-08-21,,,0.19
1961-08-22,,,0.19
1961-08-23,,,0.19
1961-08-24,,,0.19
1961-08-25,,,0.19
1961-08-26,,,0.19
1961-08-27,,,0.19
1961-08-28,,,0.19
1961-08-29,,,0.19
1961-08-30,,,0.19
1961-08-31,,,0.19
1961-09-01,,,0.19
1961-09-02,,,0.19
1961-09-03,,,0.19
1961-09-04,,,0.19
1961-09-05,,,0.18125
1961-09-06,,,0.18
1961-09-07,,,0.17125
1961-09-08,,,0.17
1961-09-09,,,0.17
1961-09-10,,,0.16125
1961-09-11,,,0.16
1961-09-12,,,0.16
1961-09-13,,,0.16
1961-09-14,,,0.16
1961-09-15,,,0.16
1961-09-16,,,0.16
1961-09-17,,,0.16
1961-09-18,,,0.16
1961-09-19,,,0.16
1961-09-20,,,0.16
1961-09-21,,,0.16
1961-09-22,,,0.16
1961-09-23,,,0.16
1961-09-24,,,0.16
1961-09-25,,,0.16
1961-09-26,,,0.16
1961-09-27,,,0.16
1961-09-28,,,0.16
1961-09-29,,,0.16
1961-09-30,,,0.15125
1961-10-01,,,0.15
1961-10-02,,,0.15
1961-10-03,,,0.15
1961-10-04,,,0.15
1961-10-05,,,0.15
1961-10-06,,,0.15
1961-10-07,,,0.14125
1961-10-08,,,0.14
1961-10-09,,,0.14
1961-10-10,,,0.14
1961-10-11,,,0.14
1961-10-12,,,0.14
1961-10-13,,,0.14
1961-10-14,,,0.14
1961-10-15,,,0.14
1961-10-16,,,0.1575
1961-10-17,,,0.16
1961-10-18,,,0.16
1961-10-19,,,0.16
1961-10-20,,,0.15125
1961-10-21,,,0.15
1961-10-22,,,0.14125
1961-10-23,,,0.14
1961-10-24,,,0.14
1961-10-25,,,0.14
1961-10-26,,,0.14
1961-10-27,,,0.21875
1961-10-28,,,0.25625
1961-10-29,,,0.26
1961-10-30,,,0.25125
1961-10-31,,,0.215
1961-11-01,,,0.21
1961-11-02,,,0.1925
1961-11-03,,,0.21625
1961-11-04,,,0.22875
1961-11-05,,,0.2125
1961-11-06,,,0.20125
1961-11-07,,,0.19125
1961-11-08,,,0.2075
1961-11-09,,,0.28
1961-11-10,,,0.26375
1961-11-11,,,0.28625
1961-11-12,,,0.2375
1961-11-13,,,0.27375
1961-11-14,,,0.30625
1961-11-15,,,0.28375
1961-11-16,,,0.315
1961-11-17,,,0.425
1961-11-18,,,0.51
1961-11-19,,,0.52875
1961-11-20,,,0.5125
1961-11-21,,,0.44
1961-11-22,,,0.33375
1961-11-23,,,0.24125
1961-11-24,,,0.195
1961-11-25,,,0.1725
1961-11-26,,,0.1525
1961-11-27,,,0.14125
1961-11-28,,,0.13125
1961-11-29,,,0.13
1961-11-30,,,0.12125
1961-12-01,,,0.12
1961-12-02,,,0.11125
1961-12-03,,,0.11
1961-12-04,,,0.11875
1961-12-05,,,0.33
1961-12-06,,,0.5175
1961-12-07,,,0.47875
1961-12-08,,,0.365
1961-12-09,,,0.5425
1961-12-10,,,0.61375
1961-12-11,,,0.57625
1961-12-12,,,0.7275
1961-12-13,,,0.8375
1961-12-14,,,1.22625
1961-12-15,,,1.0175
1961-12-16,,,1.3475
1961-12-17,,,1.68875
1961-12-18,,,1.45875
1961-12-19,,,1.23625
1961-12-20,,,1.0175
1961-12-21,,,0.7625
1961-12-22,,,0.5725
1961-12-23,,,0.4975
1961-12-24,,,0.41125
1961-12-25,,,0.33875
1961-12-26,,,0.30375
1961-12-27,,,0.3525
1961-12-28,,,0.64875
1961-12-29,,,1.075
1961-12-30,,,1.2875
1961-12-31,,,1.30125
1962-01-01,,,1.32625
1962-01-02,,,1.4
1962-01-03,,,1.6025
1962-01-04,,,2.19875
1962-01-05,,,2.60375
1962-01-06,,,1.9325
1962-01-07,,,1.64625
1962-01-08,,,1.64625
1962-01-09,,,1.43125
1962-01-10,,,1.61875
1962-01-11,,,1.51
1962-01-12,,,1.91
1962-01-13,,,2.1625
1962-01-14,,,2.0675
1962-01-15,,,2.61875
1962-01-16,,,2.90125
1962-01-17,,,2.965
1962-01-18,,,2.73375
1962-01-19,,,2.63
1962-01-20,,,2.41
1962-01-21,,,2.31
1962-01-22,,,2.32625
1962-01-23,,,2.0675
1962-01-24,,,1.9775
1962-01-25,,,2.71375
1962-01-26,,,2.60125
1962-01-27,,,2.63125
1962-01-28,,,2.5525
1962-01-29,,,3.415
1962-01-30,,,3.26875
1962-01-31,,,2.985
1962-02-01,,,2.88
1962-02-02,,,2.72125
1962-02-03,,,2.8925
1962-02-04,,,2.78
1962-02-05,,,2.6375
1962-02-06,,,2.6025
1962-02-07,,,2.4775
1962-02-08,,,2.3725
1962-02-09,,,2.3775
1962-02-10,,,2.40625
1962-02-11,,,2.6725
1962-02-12,,,2.6575
1962-02-13,,,2.5625
1962-02-14,,,2.41
1962-02-15,,,2.3375
1962-02-16,,,2.18125
1962-02-17,,,2.13375
1962-02-18,,,2.025
1962-02-19,,,2.03625
1962-02-20,,,2.06625
1962-02-21,,,1.9125
1962-02-22,,,1.81125
1962-02-23,,,1.75625
1962-02-24,,,1.575
1962-02-25,,,1.2175
1962-02-26,,,1.09125
1962-02-27,,,1.1675
1962-02-28,,,1.5475
1962-03-01,,,1.5825
1962-03-02,,,1.62375
1962-03-03,,,1.525
1962-03-04,,,1.30875
1962-03-05,,,1.1575
1962-03-06,,,1.2975
1962-03-07,,,1.3725
1962-03-08,,,1.065
1962-03-09,,,1.15125
1962-03-10,,,1.14375
1962-03-11,,,1.2975
1962-03-12,,,1.78375
1962-03-13,,,1.7275
1962-03-14,,,1.78
1962-03-15,,,1.9475
1962-03-16,,,2.3025
1962-03-17,,,2.91875
1962-03-18,,,2.90375
1962-03-19,,,2.81125
1962-03-20,,,2.73
1962-03-21,,,2.545
1962-03-22,,,2.38
1962-03-23,,,2.40375
1962-03-24,,,2.33125
1962-03-25,,,2.3025
1962-03-26,,,2.09875
1962-03-27,,,1.8425
1962-03-28,,,1.60875
1962-03-29,,,1.43125
1962-03-30,,,1.24375
1962-03-31,,,1.1325
1962-04-01,,,1.0675
1962-04-02,,,1.0075
1962-04-03,,,0.965
1962-04-04,,,0.925
1962-04-05,,,0.92
1962-04-06,,,0.89375
1962-04-07,,,0.86375
1962-04-08,,,0.83375
1962-04-09,,,0.8125
1962-04-10,,,0.76625
1962-04-11,,,0.75125
1962-04-12,,,0.7325
1962-04-13,,,0.7125
1962-04-14,,,0.6925
1962-04-15,,,0.68125
1962-04-16,,,0.67125
1962-04-17,,,0.64375
1962-04-18,,,0.63125
1962-04-19,,,0.62125
1962-04-20,,,0.61125
1962-04-21,,,0.60125
1962-04-22,,,0.66125
1962-04-23,,,0.71375
1962-04-24,,,0.685
1962-04-25,,,0.6625
1962-04-26,,,0.66
1962-04-27,,,0.6425
1962-04-28,,,0.6225
1962-04-29,,,0.62
1962-04-30,,,0.655
1962-05-01,,,0.7825
1962-05-02,,,0.835
1962-05-03,,,0.93625
1962-05-04,,,0.8625
1962-05-05,,,0.80625
1962-05-06,,,0.73875
1962-05-07,,,0.72125
1962-05-08,,,0.71125
1962-05-09,,,0.66625
1962-05-10,,,0.59875
1962-05-11,,,0.5725
1962-05-12,,,0.54375
1962-05-13,,,0.53125
1962-05-14,,,0.52125
1962-05-15,,,0.52
1962-05-16,,,0.51125
1962-05-17,,,0.51
1962-05-18,,,0.50125
1962-05-19,,,0.49125
1962-05-20,,,0.49
1962-05-21,,,0.48125
1962-05-22,,,0.47125
1962-05-23,,,0.46125
1962-05-24,,,0.46
1962-05-25,,,0.45125
1962-05-26,,,0.45
1962-05-27,,,0.45
1962-05-28,,,0.45
1962-05-29,,,0.4325
1962-05-30,,,0.43
1962-05-31,,,0.42125
1962-06-01,,,0.42
1962-06-02,,,0.42
1962-06-03,,,0.41125
1962-06-04,,,0.41
1962-06-05,,,0.41
1962-06-06,,,0.40125
1962-06-07,,,0.4
1962-06-08,,,0.4
1962-06-09,,,0.39125
1962-06-10,,,0.39
1962-06-11,,,0.38125
1962-06-12,,,0.38875
1962-06-13,,,0.4075
1962-06-14,,,0.40125
1962-06-15,,,0.39125
1962-06-16,,,0.39
1962-06-17,,,0.38125
1962-06-18,,,0.38
1962-06-19,,,0.37125
1962-06-20,,,0.37
1962-06-21,,,0.36125
1962-06-22,,,0.36
1962-06-23,,,0.36
1962-06-24,,,0.36
1962-06-25,,,0.35125
1962-06-26,,,0.34125
1962-06-27,,,0.34
1962-06-28,,,0.33125
1962-06-29,,,0.33
1962-06-30,,,0.32125
1962-07-01,,,0.32
1962-07-02,,,0.31125
1962-07-03,,,0.31
1962-07-04,,,0.31
1962-07-05,,,0.30125
1962-07-06,,,0.3
1962-07-07,,,0.3
1962-07-08,,,0.3
1962-07-09,,,0.3
1962-07-10,,,0.3
1962-07-11,,,0.29125
1962-07-12,,,0.29
1962-07-13,,,0.28125
1962-07-14,,,0.28
1962-07-15,,,0.28
1962-07-16,,,0.28
1962-07-17,,,0.27125
1962-07-18,,,0.27
1962-07-19,,,0.27
1962-07-20,,,0.26125
1962-07-21,,,0.26
1962-07-22,,,0.26
1962-07-23,,,0.2775
1962-07-24,,,0.27125
1962-07-25,,,0.27
1962-07-26,,,0.26125
1962-07-27,,,0.26
1962-07-28,,,0.26
1962-07-29,,,0.26
1962-07-30,,,0.25125
1962-07-31,,,0.25
1962-08-01,,,0.25
1962-08-02,,,0.25
1962-08-03,,,0.24125
1962-08-04,,,0.24
1962-08-05,,,0.24
1962-08-06,,,0.23125
1962-08-07,,,0.23
1962-08-08,,,0.23
1962-08-09,,,0.23
1962-08-10,,,0.22125
1962-08-11,,,0.22
1962-08-12,,,0.22
1962-08-13,,,0.22
1962-08-14,,,0.22
1962-08-15,,,0.22
1962-08-16,,,0.22
1962-08-17,,,0.22
1962-08-18,,,0.21125
1962-08-19,,,0.21
1962-08-20,,,0.21
1962-08-21,,,0.21
1962-08-22,,,0.21
1962-08-23,,,0.21
1962-08-24,,,0.21
1962-08-25,,,0.20125
1962-08-26,,,0.2
1962-08-27,,,0.2
1962-08-28,,,0.19125
1962-08-29,,,0.19
1962-08-30,,,0.19
1962-08-31,,,0.19
1962-09-01,,,0.19
1962-09-02,,,0.18125
1962-09-03,,,0.1975
1962-09-04,,,0.2175
1962-09-05,,,0.28125
1962-09-06,,,0.28125
1962-09-07,,,0.2625
1962-09-08,,,0.26875
1962-09-09,,,0.2875
1962-09-10,,,0.26375
1962-09-11,,,0.2075
1962-09-12,,,0.19125
1962-09-13,,,0.18125
1962-09-14,,,0.17125
1962-09-15,,,0.17
1962-09-16,,,0.17
1962-09-17,,,0.17
1962-09-18,,,0.17
1962-09-19,,,0.17
1962-09-20,,,0.17875
1962-09-21,,,0.18
1962-09-22,,,0.18
1962-09-23,,,0.17125
1962-09-24,,,0.16125
1962-09-25,,,0.16
1962-09-26,,,0.16875
1962-09-27,,,0.17
1962-09-28,,,0.1875
1962-09-29,,,0.19875
1962-09-30,,,0.20875
1962-10-01,,,0.25375
1962-10-02,,,0.2425
1962-10-03,,,0.24
1962-10-04,,,0.2575
1962-10-05,,,0.33
1962-10-06,,,0.4625
1962-10-07,,,0.4975
1962-10-08,,,0.47375
1962-10-09,,,0.39125
1962-10-10,,,0.31875
1962-10-11,,,0.275
1962-10-12,,,0.34875
1962-10-13,,,0.36
1962-10-14,,,0.42125
1962-10-15,,,0.535
1962-10-16,,,0.71625
1962-10-17,,,0.635
1962-10-18,,,0.57625
1962-10-19,,,0.47375
1962-10-20,,,0.39
1962-10-21,,,0.3275
1962-10-22,,,0.29375
1962-10-23,,,0.26375
1962-10-24,,,0.26
1962-10-25,,,0.25125
1962-10-26,,,0.2325
1962-10-27,,,0.23
1962-10-28,,,0.23
1962-10-29,,,0.30875
1962-10-30,,,0.4425
1962-10-31,,,0.565
1962-11-01,,,0.60625
1962-11-02,,,1.31875
1962-11-03,,,1.23625
1962-11-04,,,1.035
1962-11-05,,,0.975
1962-11-06,,,0.9175
1962-11-07,,,0.7
1962-11-08,,,0.57375
1962-11-09,,,0.56875
1962-11-10,,,0.85875
1962-11-11,,,0.75125
1962-11-12,,,0.695
1962-11-13,,,0.76875
1962-11-14,,,0.66625
1962-11-15,,,0.57125
1962-11-16,,,0.49
1962-11-17,,,0.40125
1962-11-18,,,0.32875
1962-11-19,,,0.285
1962-11-20,,,0.2625
1962-11-21,,,0.25125
1962-11-22,,,0.24125
1962-11-23,,,0.28375
1962-11-24,,,0.36875
1962-11-25,,,0.52
1962-11-26,,,0.6275
1962-11-27,,,0.7975
1962-11-28,,,0.8025
1962-11-29,,,0.6775
1962-11-30,,,0.555
1962-12-01,,,0.645
1962-12-02,,,0.9575
1962-12-03,,,1.07
1962-12-04,,,0.93125
1962-12-05,,,0.77875
1962-12-06,,,1.11875
1962-12-07,,,1.61625
1962-12-08,,,2.12625
1962-12-09,,,1.735
1962-12-10,,,1.495
1962-12-11,,,1.4
1962-12-12,,,1.3725
1962-12-13,,,1.57125
1962-12-14,,,3.91
1962-12-15,,,4.12625
1962-12-16,,,4.06625
1962-12-17,,,3.3075
1962-12-18,,,3.40125
1962-12-19,,,3.64
1962-12-20,,,3.775
1962-12-21,,,4.21875
1962-12-22,,,4.42
1962-12-23,,,4.79
1962-12-24,,,5.09375
1962-12-25,,,5.6725
1962-12-26,,,6.4325
1962-12-27,,,6.85375
1962-12-28,,,7.215
1962-12-29,,,7.5225
1962-12-30,,,7.5775
1962-12-31,,,7.53625
1963-01-01,,,6.585
1963-01-02,,,6.24875
1963-01-03,,,6.08875
1963-01-04,,,5.965
1963-01-05,,,5.7575
1963-01-06,,,5.65125
1963-01-07,,,5.36
1963-01-08,,,5.1625
1963-01-09,,,4.90375
1963-01-10,,,4.8
1963-01-11,,,4.3875
1963-01-12,,,3.88375
1963-01-13,,,3.1375
1963-01-14,,,2.71625
1963-01-15,,,2.43375
1963-01-16,,,2.1725
1963-01-17,,,2.0525
1963-01-18,,,1.935
1963-01-19,,,1.8325
1963-01-20,,,1.77625
1963-01-21,,,1.65625
1963-01-22,,,1.61375
1963-01-23,,,1.575
1963-01-24,,,1.57
1963-01-25,,,1.61375
1963-01-26,,,1.6025
1963-01-27,,,1.495
1963-01-28,,,1.3925
1963-01-29,,,1.31
1963-01-30,,,1.23
1963-01-31,,,1.15
1963-02-01,,,1.1225
1963-02-02,,,1.19875
1963-02-03,,,1.28
1963-02-04,,,1.24625
1963-02-05,,,1.19625
1963-02-06,,,1.33
1963-02-07,,,1.44625
1963-02-08,,,1.74875
1963-02-09,,,1.85125
1963-02-10,,,2.0175
1963-02-11,,,2.6
1963-02-12,,,2.5925
1963-02-13,,,2.65875
1963-02-14,,,2.88
1963-02-15,,,3.23375
1963-02-16,,,3.42875
1963-02-17,,,3.44125
1963-02-18,,,3.16875
1963-02-19,,,2.89375
1963-02-20,,,2.78125
1963-02-21,,,2.735
1963-02-22,,,2.6075
1963-02-23,,,2.37125
1963-02-24,,,2.165
1963-02-25,,,2.02625
1963-02-26,,,1.93125
1963-02-27,,,1.85875
1963-02-28,,,1.7275
1963-03-01,,,1.64875
1963-03-02,,,1.5
1963-03-03,,,1.34
1963-03-04,,,1.27625
1963-03-05,,,1.22625
1963-03-06,,,1.19375
1963-03-07,,,1.1725
1963-03-08,,,1.17875
1963-03-09,,,1.11875
1963-03-10,,,1.0575
1963-03-11,,,1.0325
1963-03-12,,,0.98625
1963-03-13,,,0.95375
1963-03-14,,,0.9325
1963-03-15,,,0.9125
1963-03-16,,,0.90125
1963-03-17,,,0.87375
1963-03-18,,,0.8525
1963-03-19,,,0.8325
1963-03-20,,,0.8125
1963-03-21,,,0.80125
1963-03-22,,,0.79125
1963-03-23,,,0.7725
1963-03-24,,,0.76125
1963-03-25,,,0.75125
1963-03-26,,,0.74125
1963-03-27,,,0.73125
1963-03-28,,,0.72125
1963-03-29,,,0.71125
1963-03-30,,,0.70125
1963-03-31,,,0.69125
1963-04-01,,,0.68125
1963-04-02,,,0.67125
1963-04-03,,,0.67
1963-04-04,,,0.66125
1963-04-05,,,0.66
1963-04-06,,,0.65125
1963-04-07,,,0.64125
1963-04-08,,,0.63125
1963-04-09,,,0.63
1963-04-10,,,0.62125
1963-04-11,,,0.62
1963-04-12,,,0.64625
1963-04-13,,,0.67625
1963-04-14,,,0.6975
1963-04-15,,,0.69125
1963-04-16,,,0.655
1963-04-17,,,0.79875
1963-04-18,,,0.86375
1963-04-19,,,0.8175
1963-04-20,,,0.7575
1963-04-21,,,0.72375
1963-04-22,,,0.7025
1963-04-23,,,0.6825
1963-04-24,,,0.6625
1963-04-25,,,0.6425
1963-04-26,,,0.63125
1963-04-27,,,0.62125
1963-04-28,,,0.61125
1963-04-29,,,0.60125
1963-04-30,,,0.59125
1963-05-01,,,0.58125
1963-05-02,,,0.58
1963-05-03,,,0.58
1963-05-04,,,0.57125
1963-05-05,,,0.57
1963-05-06,,,0.56125
1963-05-07,,,0.55125
1963-05-08,,,0.54125
1963-05-09,,,0.54
1963-05-10,,,0.54
1963-05-11,,,0.53125
1963-05-12,,,0.52125
1963-05-13,,,0.52
1963-05-14,,,0.52
1963-05-15,,,0.51125
1963-05-16,,,0.51
1963-05-17,,,0.50125
1963-05-18,,,0.5
1963-05-19,,,0.49125
1963-05-20,,,0.49
1963-05-21,,,0.48125
1963-05-22,,,0.48
1963-05-23,,,0.47125
1963-05-24,,,0.47
1963-05-25,,,0.47
1963-05-26,,,0.47
1963-05-27,,,0.47
1963-05-28,,,0.47
1963-05-29,,,0.47
1963-05-30,,,0.46125
1963-05-31,,,0.46
1963-06-01,,,0.46
1963-06-02,,,0.46
1963-06-03,,,0.46
1963-06-04,,,0.45125
1963-06-05,,,0.45
1963-06-06,,,0.45
1963-06-07,,,0.45
1963-06-08,,,0.45
1963-06-09,,,0.44125
1963-06-10,,,0.44
1963-06-11,,,0.44
1963-06-12,,,0.44
1963-06-13,,,0.44
1963-06-14,,,0.44
1963-06-15,,,0.43125
1963-06-16,,,0.43
1963-06-17,,,0.43
1963-06-18,,,0.43
1963-06-19,,,0.43
1963-06-20,,,0.42125
1963-06-21,,,0.41125
1963-06-22,,,0.41
1963-06-23,,,0.41
1963-06-24,,,0.40125
1963-06-25,,,0.4
1963-06-26,,,0.39125
1963-06-27,,,0.39
1963-06-28,,,0.39
1963-06-29,,,0.39
1963-06-30,,,0.39
1963-07-01,,,0.39
1963-07-02,,,0.39
1963-07-03,,,0.39
1963-07-04,,,0.39
1963-07-05,,,0.39
1963-07-06,,,0.39
1963-07-07,,,0.38125
1963-07-08,,,0.38
1963-07-09,,,0.38
1963-07-10,,,0.37125
1963-07-11,,,0.37
1963-07-12,,,0.37
1963-07-13,,,0.37
1963-07-14,,,0.37
1963-07-15,,,0.36125
1963-07-16,,,0.36
1963-07-17,,,0.36
1963-07-18,,,0.36
1963-07-19,,,0.36
1963-07-20,,,0.36
1963-07-21,,,0.35125
1963-07-22,,,0.35
1963-07-23,,,0.35
1963-07-24,,,0.34125
1963-07-25,,,0.33125
1963-07-26,,,0.33
1963-07-27,,,0.33
1963-07-28,,,0.33
1963-07-29,,,0.33
1963-07-30,,,0.32125
1963-07-31,,,0.32
1963-08-01,,,0.32
1963-08-02,,,0.32
1963-08-03,,,0.32
1963-08-04,,,0.32
1963-08-05,,,0.32
1963-08-06,,,0.31125
1963-08-07,,,0.31
1963-08-08,,,0.31
1963-08-09,,,0.31
1963-08-10,,,0.31
1963-08-11,,,0.30125
1963-08-12,,,0.3
1963-08-13,,,0.3
1963-08-14,,,0.3
1963-08-15,,,0.29125
1963-08-16,,,0.29
1963-08-17,,,0.29
1963-08-18,,,0.28125
1963-08-19,,,0.28
1963-08-20,,,0.28
1963-08-21,,,0.27125
1963-08-22,,,0.27
1963-08-23,,,0.27
1963-08-24,,,0.27
1963-08-25,,,0.26125
1963-08-26,,,0.26
1963-08-27,,,0.26
1963-08-28,,,0.26
1963-08-29,,,0.26
1963-08-30,,,0.26
1963-08-31,,,0.25125
1963-09-01,,,0.25
1963-09-02,,,0.25
1963-09-03,,,0.24125
1963-09-04,,,0.24
1963-09-05,,,0.24
1963-09-06,,,0.24875
1963-09-07,,,0.25
1963-09-08,,,0.24125
1963-09-09,,,0.24
1963-09-10,,,0.24
1963-09-11,,,0.24
1963-09-12,,,0.24
1963-09-13,,,0.23125
1963-09-14,,,0.23
1963-09-15,,,0.23
1963-09-16,,,0.23
1963-09-17,,,0.23
1963-09-18,,,0.23
1963-09-19,,,0.22125
1963-09-20,,,0.22
1963-09-21,,,0.22
1963-09-22,,,0.22
1963-09-23,,,0.22
1963-09-24,,,0.22
1963-09-25,,,0.22
1963-09-26,,,0.21125
1963-09-27,,,0.21
1963-09-28,,,0.21
1963-09-29,,,0.21
1963-09-30,,,0.21
1963-10-01,,,0.21
1963-10-02,,,0.20125
1963-10-03,,,0.2
1963-10-04,,,0.2
1963-10-05,,,0.2
1963-10-06,,,0.2
1963-10-07,,,0.2
1963-10-08,,,0.2
1963-10-09,,,0.19125
1963-10-10,,,0.19
1963-10-11,,,0.19
1963-10-12,,,0.19
1963-10-13,,,0.19
1963-10-14,,,0.18125
1963-10-15,,,0.18
1963-10-16,,,0.18
1963-10-17,,,0.18
1963-10-18,,,0.18
1963-10-19,,,0.18
1963-10-20,,,0.18
1963-10-21,,,0.18
1963-10-22,,,0.18
1963-10-23,,,0.18
1963-10-24,,,0.18
1963-10-25,,,0.17125
1963-10-26,,,0.17
1963-10-27,,,0.17
1963-10-28,,,0.17
1963-10-29,,,0.17875
1963-10-30,,,0.18
1963-10-31,,,0.18
1963-11-01,,,0.18
1963-11-02,,,0.18875
1963-11-03,,,0.19875
1963-11-04,,,0.26125
1963-11-05,,,0.29625
1963-11-06,,,0.3175
1963-11-07,,,0.3025
1963-11-08,,,0.2475
1963-11-09,,,0.24875
1963-11-10,,,0.24125
1963-11-11,,,0.2225
1963-11-12,,,0.22
1963-11-13,,,0.2375
1963-11-14,,,0.485
1963-11-15,,,0.4675
1963-11-16,,,0.45125
1963-11-17,,,0.555
1963-11-18,,,0.5875
1963-11-19,,,0.66
1963-11-20,,,0.55625
1963-11-21,,,0.51375
1963-11-22,,,0.53625
1963-11-23,,,0.51375
1963-11-24,,,0.44
1963-11-25,,,0.36
1963-11-26,,,0.28
1963-11-27,,,0.24375
1963-11-28,,,0.23125
1963-11-29,,,0.2125
1963-11-30,,,0.1925
1963-12-01,,,0.19
1963-12-02,,,0.18125
1963-12-03,,,0.17125
1963-12-04,,,0.16125
1963-12-05,,,0.16
1963-12-06,,,0.16
1963-12-07,,,0.15125
1963-12-08,,,0.15
1963-12-09,,,0.15
1963-12-10,,,0.15
1963-12-11,,,0.15
1963-12-12,,,0.15
1963-12-13,,,0.1675
1963-12-14,,,0.21375
1963-12-15,,,0.3075
1963-12-16,,,0.495
1963-12-17,,,0.695
1963-12-18,,,0.5275
1963-12-19,,,0.4475
1963-12-20,,,0.41375
1963-12-21,,,0.48875
1963-12-22,,,0.77125
1963-12-23,,,0.62625
1963-12-24,,,0.48625
1963-12-25,,,0.51375
1963-12-26,,,0.5025
1963-12-27,,,0.4125
1963-12-28,,,0.33
1963-12-29,,,0.29375
1963-12-30,,,0.28125
1963-12-31,,,0.385
1964-01-01,,,0.46125
1964-01-02,,,0.47
1964-01-03,,,0.5925
1964-01-04,,,0.72375
1964-01-05,,,0.64375
1964-01-06,,,0.7175
1964-01-07,,,1.0975
1964-01-08,,,1.14125
1964-01-09,,,1.06125
1964-01-10,,,0.9625
1964-01-11,,,1.44875
1964-01-12,,,1.9925
1964-01-13,,,1.9375
1964-01-14,,,2.8475
1964-01-15,,,2.60375
1964-01-16,,,2.57625
1964-01-17,,,3.93625
1964-01-18,,,3.5
1964-01-19,,,3.1825
1964-01-20,,,2.8
1964-01-21,,,2.47875
1964-01-22,,,2.5275
1964-01-23,,,2.9425
1964-01-24,,,3.385
1964-01-25,,,3.4225
1964-01-26,,,4.05
1964-01-27,,,4.70875
1964-01-28,,,4.2475
1964-01-29,,,3.68875
1964-01-30,,,3.99625
1964-01-31,,,3.5425
1964-02-01,,,3.68
1964-02-02,,,3.885
1964-02-03,,,3.76125
1964-02-04,,,3.38125
1964-02-05,,,3.015
1964-02-06,,,2.9
1964-02-07,,,2.72375
1964-02-08,,,2.32375
1964-02-09,,,1.98125
1964-02-10,,,1.96625
1964-02-11,,,2.83625
1964-02-12,,,2.47
1964-02-13,,,1.945
1964-02-14,,,1.60875
1964-02-15,,,1.45625
1964-02-16,,,1.34375
1964-02-17,,,1.49625
1964-02-18,,,2.03625
1964-02-19,,,2.3725
1964-02-20,,,2.445
1964-02-21,,,2.40625
1964-02-22,,,2.4175
1964-02-23,,,2.32375
1964-02-24,,,2.73
1964-02-25,,,2.65
1964-02-26,,,2.21
1964-02-27,,,2.675
1964-02-28,,,2.09375
1964-02-29,,,1.72
1964-03-01,,,1.575
1964-03-02,,,1.525
1964-03-03,,,1.38
1964-03-04,,,1.28125
1964-03-05,,,1.17375
1964-03-06,,,1.02
1964-03-07,,,0.93
1964-03-08,,,0.885
1964-03-09,,,0.845
1964-03-10,,,0.7875
1964-03-11,,,0.75375
1964-03-12,,,0.74125
1964-03-13,,,0.74
1964-03-14,,,0.69625
1964-03-15,,,0.6725
1964-03-16,,,0.635
1964-03-17,,,0.77
1964-03-18,,,0.825
1964-03-19,,,0.865
1964-03-20,,,1.00125
1964-03-21,,,1.1775
1964-03-22,,,0.955
1964-03-23,,,0.84125
1964-03-24,,,0.80375
1964-03-25,,,0.7125
1964-03-26,,,0.6475
1964-03-27,,,0.605
1964-03-28,,,0.5825
1964-03-29,,,0.58875
1964-03-30,,,1.185
1964-03-31,,,1.235
1964-04-01,,,1.5625
1964-04-02,,,1.19875
1964-04-03,,,1.07875
1964-04-04,,,1.44625
1964-04-05,,,1.29875
1964-04-06,,,1.2
1964-04-07,,,1.085
1964-04-08,,,0.92125
1964-04-09,,,0.83
1964-04-10,,,0.785
1964-04-11,,,0.71
1964-04-12,,,0.63
1964-04-13,,,0.585
1964-04-14,,,0.5625
1964-04-15,,,0.53375
1964-04-16,,,0.52125
1964-04-17,,,0.51125
1964-04-18,,,0.4925
1964-04-19,,,0.48125
1964-04-20,,,0.47125
1964-04-21,,,0.46125
1964-04-22,,,0.45125
1964-04-23,,,0.44125
1964-04-24,,,0.43125
1964-04-25,,,0.43
1964-04-26,,,0.43
1964-04-27,,,0.43
1964-04-28,,,0.43
1964-04-29,,,0.43875
1964-04-30,,,0.44
1964-05-01,,,0.44
1964-05-02,,,0.4575
1964-05-03,,,0.53875
1964-05-04,,,0.585
1964-05-05,,,0.49375
1964-05-06,,,0.4625
1964-05-07,,,0.45125
1964-05-08,,,0.44125
1964-05-09,,,0.44
1964-05-10,,,0.44
1964-05-11,,,0.43125
1964-05-12,,,0.43
1964-05-13,,,0.42125
1964-05-14,,,0.41125
1964-05-15,,,0.41
1964-05-16,,,0.41
1964-05-17,,,0.41
1964-05-18,,,0.40125
1964-05-19,,,0.4
1964-05-20,,,0.39125
1964-05-21,,,0.39
1964-05-22,,,0.39
1964-05-23,,,0.41625
1964-05-24,,,0.41125
1964-05-25,,,0.40125
1964-05-26,,,0.39125
1964-05-27,,,0.39
1964-05-28,,,0.38125
1964-05-29,,,0.37125
1964-05-30,,,0.36125
1964-05-31,,,0.36
1964-06-01,,,0.35125
1964-06-02,,,0.34125
1964-06-03,,,0.34
1964-06-04,,,0.33125
1964-06-05,,,0.33
1964-06-06,,,0.33
1964-06-07,,,0.33
1964-06-08,,,0.32125
1964-06-09,,,0.32
1964-06-10,,,0.32
1964-06-11,,,0.32
1964-06-12,,,0.32
1964-06-13,,,0.31125
1964-06-14,,,0.31
1964-06-15,,,0.31
1964-06-16,,,0.30125
1964-06-17,,,0.3
1964-06-18,,,0.3
1964-06-19,,,0.3
1964-06-20,,,0.29125
1964-06-21,,,0.29
1964-06-22,,,0.29
1964-06-23,,,0.29
1964-06-24,,,0.29
1964-06-25,,,0.28125
1964-06-26,,,0.28
1964-06-27,,,0.28
1964-06-28,,,0.27125
1964-06-29,,,0.27
1964-06-30,,,0.26125
1964-07-01,,,0.26
1964-07-02,,,0.26
1964-07-03,,,0.26
1964-07-04,,,0.26
1964-07-05,,,0.26
1964-07-06,,,0.25125
1964-07-07,,,0.25
1964-07-08,,,0.25
1964-07-09,,,0.24125
1964-07-10,,,0.24
1964-07-11,,,0.24
1964-07-12,,,0.24
1964-07-13,,,0.24
1964-07-14,,,0.23125
1964-07-15,,,0.23
1964-07-16,,,0.23
1964-07-17,,,0.23
1964-07-18,,,0.23
1964-07-19,,,0.23
1964-07-20,,,0.23
1964-07-21,,,0.22125
1964-07-22,,,0.22875
1964-07-23,,,0.23
1964-07-24,,,0.2475
1964-07-25,,,0.25875
1964-07-26,,,0.26875
1964-07-27,,,0.27
1964-07-28,,,0.2525
1964-07-29,,,0.24125
1964-07-30,,,0.23125
1964-07-31,,,0.22125
1964-08-01,,,0.22
1964-08-02,,,0.22
1964-08-03,,,0.22
1964-08-04,,,0.21125
1964-08-05,,,0.21
1964-08-06,,,0.20125
1964-08-07,,,0.2
1964-08-08,,,0.2
1964-08-09,,,0.2
1964-08-10,,,0.2
1964-08-11,,,0.2
1964-08-12,,,0.19125
1964-08-13,,,0.19
1964-08-14,,,0.19
1964-08-15,,,0.19
1964-08-16,,,0.19
1964-08-17,,,0.19
1964-08-18,,,0.18125
1964-08-19,,,0.18
1964-08-20,,,0.18
1964-08-21,,,0.18
1964-08-22,,,0.17125
1964-08-23,,,0.17
1964-08-24,,,0.17
1964-08-25,,,0.17
1964-08-26,,,0.17
1964-08-27,,,0.16125
1964-08-28,,,0.16
1964-08-29,,,0.16
1964-08-30,,,0.16
1964-08-31,,,0.16
1964-09-01,,,0.16
1964-09-02,,,0.15125
1964-09-03,,,0.15
1964-09-04,,,0.15
1964-09-05,,,0.15
1964-09-06,,,0.15
1964-09-07,,,0.15
1964-09-08,,,0.15
1964-09-09,,,0.15875
1964-09-10,,,0.15125
1964-09-11,,,0.1675
1964-09-12,,,0.17
1964-09-13,,,0.1525
1964-09-14,,,0.14125
1964-09-15,,,0.14
1964-09-16,,,0.14
1964-09-17,,,0.14
1964-09-18,,,0.14
1964-09-19,,,0.14
1964-09-20,,,0.13125
1964-09-21,,,0.13
1964-09-22,,,0.13
1964-09-23,,,0.13
1964-09-24,,,0.13
1964-09-25,,,0.13
1964-09-26,,,0.13
1964-09-27,,,0.13
1964-09-28,,,0.13
1964-09-29,,,0.13875
1964-09-30,,,0.14
1964-10-01,,,0.14875
1964-10-02,,,0.15
1964-10-03,,,0.15875
1964-10-04,,,0.16
1964-10-05,,,0.16875
1964-10-06,,,0.17
1964-10-07,,,0.1875
1964-10-08,,,0.2075
1964-10-09,,,0.2275
1964-10-10,,,0.265
1964-10-11,,,0.3225
1964-10-12,,,0.4175
1964-10-13,,,0.54375
1964-10-14,,,0.51625
1964-10-15,,,0.4925
1964-10-16,,,0.4725
1964-10-17,,,0.44375
1964-10-18,,,0.37
1964-10-19,,,0.3425
1964-10-20,,,0.3225
1964-10-21,,,0.3025
1964-10-22,,,0.3
1964-10-23,,,0.32625
1964-10-24,,,0.42625
1964-10-25,,,0.5975
1964-10-26,,,0.7775
1964-10-27,,,0.8175
1964-10-28,,,0.70625
1964-10-29,,,0.62875
1964-10-30,,,0.5675
1964-10-31,,,0.525
1964-11-01,,,0.51125
1964-11-02,,,0.60625
1964-11-03,,,0.76
1964-11-04,,,0.85875
1964-11-05,,,0.94875
1964-11-06,,,1.02125
1964-11-07,,,1.135
1964-11-08,,,1.26375
1964-11-09,,,1.5775
1964-11-10,,,1.8475
1964-11-11,,,1.9675
1964-11-12,,,2.0325
1964-11-13,,,2.01375
1964-11-14,,,1.87
1964-11-15,,,1.63125
1964-11-16,,,1.5125
1964-11-17,,,1.35125
1964-11-18,,,1.2425
1964-11-19,,,1.1775
1964-11-20,,,1.12625
1964-11-21,,,1.0675
1964-11-22,,,0.96375
1964-11-23,,,0.92375
1964-11-24,,,0.9025
1964-11-25,,,0.8475
1964-11-26,,,0.83125
1964-11-27,,,0.80375
1964-11-28,,,0.72125
1964-11-29,,,0.675
1964-11-30,,,0.635
1964-12-01,,,0.5425
1964-12-02,,,0.66125
1964-12-03,,,0.75875
1964-12-04,,,0.84
1964-12-05,,,0.8325
1964-12-06,,,1.3725
1964-12-07,,,1.58125
1964-12-08,,,1.60875
1964-12-09,,,1.3825
1964-12-10,,,1.245
1964-12-11,,,1.22125
1964-12-12,,,1.2375
1964-12-13,,,1.37125
1964-12-14,,,1.39875
1964-12-15,,,1.32125
1964-12-16,,,1.345
1964-12-17,,,1.245
1964-12-18,,,1.08125
1964-12-19,,,0.955
1964-12-20,,,0.87875
1964-12-21,,,0.75625
1964-12-22,,,0.73125
1964-12-23,,,0.77375
1964-12-24,,,0.9025
1964-12-25,,,1.2
1964-12-26,,,1.17
1964-12-27,,,1.16
1964-12-28,,,1.25625
1964-12-29,,,1.0075
1964-12-30,,,1.13625
1964-12-31,,,1.3875
1965-01-01,,,1.55125
1965-01-02,,,1.5525
1965-01-03,,,1.5325
1965-01-04,,,1.7925
1965-01-05,,,2.1275
1965-01-06,,,2.135
1965-01-07,,,2.095
1965-01-08,,,2.1775
1965-01-09,,,2.23375
1965-01-10,,,2.2925
1965-01-11,,,2.32625
1965-01-12,,,2.33
1965-01-13,,,2.33
1965-01-14,,,2.2425
1965-01-15,,,2.0025
1965-01-16,,,1.73375
1965-01-17,,,1.48125
1965-01-18,,,1.2925
1965-01-19,,,1.15625
1965-01-20,,,1.105
1965-01-21,,,1.625
1965-01-22,,,1.95375
1965-01-23,,,1.92875
1965-01-24,,,1.885
1965-01-25,,,1.7575
1965-01-26,,,1.59125
1965-01-27,,,1.38625
1965-01-28,,,1.42125
1965-01-29,,,1.255
1965-01-30,,,1.16875
1965-01-31,,,1.1775
1965-02-01,,,1.285
1965-02-02,,,1.1075
1965-02-03,,,1.0975
1965-02-04,,,0.995
1965-02-05,,,0.945
1965-02-06,,,0.96625
1965-02-07,,,1.10125
1965-02-08,,,1.4
1965-02-09,,,1.25625
1965-02-10,,,1.405
1965-02-11,,,1.56125
1965-02-12,,,1.7725
1965-02-13,,,1.86125
1965-02-14,,,1.7825
1965-02-15,,,1.6825
1965-02-16,,,1.64375
1965-02-17,,,1.045
1965-02-18,,,1.84375
1965-02-19,,,2.03125
1965-02-20,,,2.18
1965-02-21,,,2.0425
1965-02-22,,,1.88
1965-02-23,,,1.9125
1965-02-24,,,1.885
1965-02-25,,,1.7225
1965-02-26,,,1.49875
1965-02-27,,,1.67125
1965-02-28,,,1.74375
1965-03-01,,,1.75
1965-03-02,,,1.58375
1965-03-03,,,1.385
1965-03-04,,,1.2025
1965-03-05,,,1.075
1965-03-06,,,1.10375
1965-03-07,,,1.2675
1965-03-08,,,1.52625
1965-03-09,,,2.14625
1965-03-10,,,2.43125
1965-03-11,,,2.5125
1965-03-12,,,2.70375
1965-03-13,,,2.86125
1965-03-14,,,3.02
1965-03-15,,,2.6375
1965-03-16,,,2.5975
1965-03-17,,,2.565
1965-03-18,,,2.72625
1965-03-19,,,2.65375
1965-03-20,,,2.57875
1965-03-21,,,2.61375
1965-03-22,,,2.6375
1965-03-23,,,2.4475
1965-03-24,,,2.21875
1965-03-25,,,1.91
1965-03-26,,,1.8175
1965-03-27,,,2.055
1965-03-28,,,2.5625
1965-03-29,,,2.5075
1965-03-30,,,2.4025
1965-03-31,,,2.215
1965-04-01,,,2.12
1965-04-02,,,2.04875
1965-04-03,,,1.83875
1965-04-04,,,1.67
1965-04-05,,,1.34375
1965-04-06,,,1.2475
1965-04-07,,,1.23125
1965-04-08,,,1.18625
1965-04-09,,,1.1625
1965-04-10,,,1.1775
1965-04-11,,,1.25
1965-04-12,,,1.2425
1965-04-13,,,1.38
1965-04-14,,,1.30375
1965-04-15,,,1.2025
1965-04-16,,,1.12
1965-04-17,,,1.04875
1965-04-18,,,0.97875
1965-04-19,,,0.92625
1965-04-20,,,0.89375
1965-04-21,,,0.86375
1965-04-22,,,0.8425
1965-04-23,,,0.86625
1965-04-24,,,0.905
1965-04-25,,,0.88375
1965-04-26,,,0.85375
1965-04-27,,,0.8325
1965-04-28,,,0.78625
1965-04-29,,,0.7625
1965-04-30,,,0.9175
1965-05-01,,,0.9225
1965-05-02,,,0.92
1965-05-03,,,0.96375
1965-05-04,,,0.935
1965-05-05,,,0.9125
1965-05-06,,,0.84875
1965-05-07,,,0.74375
1965-05-08,,,0.70375
1965-05-09,,,0.67375
1965-05-10,,,0.66125
1965-05-11,,,0.6425
1965-05-12,,,0.63125
1965-05-13,,,0.62125
1965-05-14,,,0.61125
1965-05-15,,,0.60125
1965-05-16,,,0.6
1965-05-17,,,0.59125
1965-05-18,,,0.5725
1965-05-19,,,0.57
1965-05-20,,,0.57
1965-05-21,,,0.64
1965-05-22,,,0.62375
1965-05-23,,,0.6025
1965-05-24,,,0.59125
1965-05-25,,,0.5725
1965-05-26,,,0.54375
1965-05-27,,,0.54
1965-05-28,,,0.53125
1965-05-29,,,0.52125
1965-05-30,,,0.51125
1965-05-31,,,0.50125
1965-06-01,,,0.5
1965-06-02,,,0.49125
1965-06-03,,,0.49
1965-06-04,,,0.49
1965-06-05,,,0.48125
1965-06-06,,,0.47125
1965-06-07,,,0.47
1965-06-08,,,0.47
1965-06-09,,,0.47
1965-06-10,,,0.46125
1965-06-11,,,0.46
1965-06-12,,,0.46
1965-06-13,,,0.45125
1965-06-14,,,0.45
1965-06-15,,,0.44125
1965-06-16,,,0.44
1965-06-17,,,0.44
1965-06-18,,,0.43125
1965-06-19,,,0.43
1965-06-20,,,0.43
1965-06-21,,,0.43
1965-06-22,,,0.42125
1965-06-23,,,0.42
1965-06-24,,,0.41125
1965-06-25,,,0.41
1965-06-26,,,0.41
1965-06-27,,,0.50625
1965-06-28,,,0.66
1965-06-29,,,0.56625
1965-06-30,,,0.48875
1965-07-01,,,0.445
1965-07-02,,,0.44
1965-07-03,,,0.43125
1965-07-04,,,0.42125
1965-07-05,,,0.41125
1965-07-06,,,0.3925
1965-07-07,,,0.38125
1965-07-08,,,0.38
1965-07-09,,,0.38
1965-07-10,,,0.40625
1965-07-11,,,0.41
1965-07-12,,,0.4975
1965-07-13,,,0.51875
1965-07-14,,,0.485
1965-07-15,,,0.47125
1965-07-16,,,0.42625
1965-07-17,,,0.4025
1965-07-18,,,0.3825
1965-07-19,,,0.37125
1965-07-20,,,0.36125
1965-07-21,,,0.35125
1965-07-22,,,0.35
1965-07-23,,,0.34125
1965-07-24,,,0.34
1965-07-25,,,0.33125
1965-07-26,,,0.33
1965-07-27,,,0.32125
1965-07-28,,,0.32
1965-07-29,,,0.31125
1965-07-30,,,0.31
1965-07-31,,,0.31
1965-08-01,,,0.31
1965-08-02,,,0.30125
1965-08-03,,,0.3
1965-08-04,,,0.3
1965-08-05,,,0.30875
1965-08-06,,,0.31875
1965-08-07,,,0.32
1965-08-08,,,0.31125
1965-08-09,,,0.30125
1965-08-10,,,0.29125
1965-08-11,,,0.28125
1965-08-12,,,0.28
1965-08-13,,,0.28
1965-08-14,,,0.27125
1965-08-15,,,0.27
1965-08-16,,,0.26125
1965-08-17,,,0.26
1965-08-18,,,0.26
1965-08-19,,,0.25125
1965-08-20,,,0.25
1965-08-21,,,0.24125
1965-08-22,,,0.24
1965-08-23,,,0.23125
1965-08-24,,,0.23
1965-08-25,,,0.22125
1965-08-26,,,0.22
1965-08-27,,,0.22
1965-08-28,,,0.22
1965-08-29,,,0.22
1965-08-30,,,0.22
1965-08-31,,,0.21125
1965-09-01,,,0.21
1965-09-02,,,0.20125
1965-09-03,,,0.2
1965-09-04,,,0.2
1965-09-05,,,0.2
1965-09-06,,,0.2
1965-09-07,,,0.19125
1965-09-08,,,0.19
1965-09-09,,,0.19
1965-09-10,,,0.19
1965-09-11,,,0.18125
1965-09-12,,,0.18
1965-09-13,,,0.18
1965-09-14,,,0.17125
1965-09-15,,,0.17
1965-09-16,,,0.17
1965-09-17,,,0.17
1965-09-18,,,0.17
1965-09-19,,,0.17
1965-09-20,,,0.17
1965-09-21,,,0.16125
1965-09-22,,,0.16
1965-09-23,,,0.195
1965-09-24,,,0.2
1965-09-25,,,0.2
1965-09-26,,,0.2
1965-09-27,,,0.2
1965-09-28,,,0.27
1965-09-29,,,0.35
1965-09-30,,,0.325
1965-10-01,,,0.31125
1965-10-02,,,0.555
1965-10-03,,,1.19375
1965-10-04,,,1.0
1965-10-05,,,0.855
1965-10-06,,,0.76125
1965-10-07,,,0.6625
1965-10-08,,,0.53625
1965-10-09,,,0.37125
1965-10-10,,,0.3325
1965-10-11,,,0.30375
1965-10-12,,,0.2825
1965-10-13,,,0.28
1965-10-14,,,0.28875
1965-10-15,,,0.3425
1965-10-16,,,0.48125
1965-10-17,,,0.49125
1965-10-18,,,0.49875
1965-10-19,,,0.6225
1965-10-20,,,0.57
1965-10-21,,,0.53375
1965-10-22,,,0.495
1965-10-23,,,0.4725
1965-10-24,,,0.47
1965-10-25,,,0.435
1965-10-26,,,0.4475
1965-10-27,,,0.485
1965-10-28,,,0.44625
1965-10-29,,,0.4575
1965-10-30,,,0.55625
1965-10-31,,,1.0425
1965-11-01,,,1.53
1965-11-02,,,1.4675
1965-11-03,,,1.345
1965-11-04,,,1.16375
1965-11-05,,,1.16625
1965-11-06,,,0.98625
1965-11-07,,,0.6625
1965-11-08,,,0.4275
1965-11-09,,,0.3125
1965-11-10,,,0.3
1965-11-11,,,0.50125
1965-11-12,,,0.74875
1965-11-13,,,0.68375
1965-11-14,,,0.73125
1965-11-15,,,0.7925
1965-11-16,,,1.0625
1965-11-17,,,0.88125
1965-11-18,,,1.19125
1965-11-19,,,1.5375
1965-11-20,,,1.9475
1965-11-21,,,1.8425
1965-11-22,,,2.05625
1965-11-23,,,2.02875
1965-11-24,,,1.76625
1965-11-25,,,1.63375
1965-11-26,,,1.445
1965-11-27,,,1.21875
1965-11-28,,,1.155
1965-11-29,,,1.0275
1965-11-30,,,0.9925
1965-12-01,,,1.89125
1965-12-02,,,2.09875
1965-12-03,,,1.9875
1965-12-04,,,1.66375
1965-12-05,,,1.48
1965-12-06,,,1.4075
1965-12-07,,,1.46125
1965-12-08,,,1.54
1965-12-09,,,1.6725
1965-12-10,,,1.71625
1965-12-11,,,1.58
1965-12-12,,,1.6125
1965-12-13,,,1.62875
1965-12-14,,,1.56875
1965-12-15,,,1.48125
1965-12-16,,,1.365
1965-12-17,,,1.42
1965-12-18,,,1.40375
1965-12-19,,,1.19
1965-12-20,,,1.06375
1965-12-21,,,0.9975
1965-12-22,,,0.885
1965-12-23,,,0.79125
1965-12-24,,,0.85875
1965-12-25,,,0.8525
1965-12-26,,,0.85875
1965-12-27,,,0.86875
1965-12-28,,,0.94875
1965-12-29,,,0.88125
1965-12-30,,,0.80875
1965-12-31,,,0.80875
1966-01-01,,,0.7225
1966-01-02,,,1.03375
1966-01-03,,,0.93125
1966-01-04,,,0.875
1966-01-05,,,1.31625
1966-01-06,,,1.4675
1966-01-07,,,1.655
1966-01-08,,,1.6275
1966-01-09,,,2.3025
1966-01-10,,,3.75625
1966-01-11,,,4.78125
1966-01-12,,,4.69875
1966-01-13,,,4.59125
1966-01-14,,,4.7375
1966-01-15,,,4.59375
1966-01-16,,,4.43
1966-01-17,,,4.8475
1966-01-18,,,4.84875
1966-01-19,,,4.6825
1966-01-20,,,4.51125
1966-01-21,,,4.41125
1966-01-22,,,4.4875
1966-01-23,,,4.29
1966-01-24,,,3.93625
1966-01-25,,,3.60125
1966-01-26,,,2.93875
1966-01-27,,,2.43875
1966-01-28,,,2.0475
1966-01-29,,,1.81625
1966-01-30,,,1.78125
1966-01-31,,,1.84125
1966-02-01,,,2.06
1966-02-02,,,2.1775
1966-02-03,,,2.82
1966-02-04,,,3.12875
1966-02-05,,,3.6325
1966-02-06,,,4.05
1966-02-07,,,4.52
1966-02-08,,,4.62375
1966-02-09,,,4.58625
1966-02-10,,,4.44875
1966-02-11,,,4.5
1966-02-12,,,4.65875
1966-02-13,,,4.72375
1966-02-14,,,4.835
1966-02-15,,,5.03375
1966-02-16,,,5.22625
1966-02-17,,,5.31125
1966-02-18,,,5.145
1966-02-19,,,5.0675
1966-02-20,,,4.68375
1966-02-21,,,4.315
1966-02-22,,,3.84125
1966-02-23,,,3.38625
1966-02-24,,,2.90125
1966-02-25,,,2.35
1966-02-26,,,2.11375
1966-02-27,,,1.94125
1966-02-28,,,1.9025
1966-03-01,,,1.75125
1966-03-02,,,1.66875
1966-03-03,,,1.68625
1966-03-04,,,1.68125
1966-03-05,,,1.67125
1966-03-06,,,1.69625
1966-03-07,,,1.7175
1966-03-08,,,1.755
1966-03-09,,,1.9875
1966-03-10,,,2.4575
1966-03-11,,,2.66
1966-03-12,,,2.79375
1966-03-13,,,3.2475
1966-03-14,,,3.10875
1966-03-15,,,3.03625
1966-03-16,,,2.7325
1966-03-17,,,2.26125
1966-03-18,,,1.99875
1966-03-19,,,1.78625
1966-03-20,,,1.6375
1966-03-21,,,1.48
1966-03-22,,,1.39
1966-03-23,,,1.30125
1966-03-24,,,1.1675
1966-03-25,,,1.08
1966-03-26,,,1.0525
1966-03-27,,,1.05
1966-03-28,,,1.1375
1966-03-29,,,1.115
1966-03-30,,,1.11
1966-03-31,,,1.145
1966-04-01,,,1.15
1966-04-02,,,1.15
1966-04-03,,,1.22875
1966-04-04,,,1.33625
1966-04-05,,,1.4025
1966-04-06,,,1.36625
1966-04-07,,,1.42125
1966-04-08,,,1.61375
1966-04-09,,,1.78
1966-04-10,,,1.70375
1966-04-11,,,1.43625
1966-04-12,,,1.2425
1966-04-13,,,1.12375
1966-04-14,,,1.06625
1966-04-15,,,1.025
1966-04-16,,,0.99375
1966-04-17,,,0.96375
1966-04-18,,,0.9425
1966-04-19,,,0.905
1966-04-20,,,0.8825
1966-04-21,,,0.87125
1966-04-22,,,0.86125
1966-04-23,,,0.85125
1966-04-24,,,0.8325
1966-04-25,,,0.82125
1966-04-26,,,0.8025
1966-04-27,,,0.8175
1966-04-28,,,0.84625
1966-04-29,,,0.92875
1966-04-30,,,1.185
1966-05-01,,,1.07125
1966-05-02,,,0.88375
1966-05-03,,,0.825
1966-05-04,,,0.8025
1966-05-05,,,0.7475
1966-05-06,,,0.74
1966-05-07,,,0.74875
1966-05-08,,,0.715
1966-05-09,,,0.75375
1966-05-10,,,0.76
1966-05-11,,,0.8125
1966-05-12,,,0.8375
1966-05-13,,,0.88375
1966-05-14,,,0.86375
1966-05-15,,,0.825
1966-05-16,,,0.855
1966-05-17,,,0.86
1966-05-18,,,0.79
1966-05-19,,,0.78
1966-05-20,,,0.78
1966-05-21,,,0.7625
1966-05-22,,,0.7425
1966-05-23,,,0.71375
1966-05-24,,,0.71
1966-05-25,,,0.745
1966-05-26,,,0.74125
1966-05-27,,,0.74875
1966-05-28,,,0.75
1966-05-29,,,0.72375
1966-05-30,,,0.71125
1966-05-31,,,0.71
1966-06-01,,,0.70125
1966-06-02,,,0.7
1966-06-03,,,0.69125
1966-06-04,,,0.68125
1966-06-05,,,0.67125
1966-06-06,,,0.67
1966-06-07,,,0.66125
1966-06-08,,,0.65125
1966-06-09,,,0.65
1966-06-10,,,0.64125
1966-06-11,,,0.64
1966-06-12,,,0.63125
1966-06-13,,,0.63
1966-06-14,,,0.62125
1966-06-15,,,0.62
1966-06-16,,,0.62
1966-06-17,,,0.61125
1966-06-18,,,0.61
1966-06-19,,,0.60125
1966-06-20,,,0.6
1966-06-21,,,0.59125
1966-06-22,,,0.59
1966-06-23,,,0.58125
1966-06-24,,,0.58
1966-06-25,,,0.57125
1966-06-26,,,0.57
1966-06-27,,,0.57
1966-06-28,,,0.57
1966-06-29,,,0.56125
1966-06-30,,,0.56
1966-07-01,,,0.55125
1966-07-02,,,0.54125
1966-07-03,,,0.54
1966-07-04,,,0.54
1966-07-05,,,0.54
1966-07-06,,,0.53125
1966-07-07,,,0.53
1966-07-08,,,0.52125
1966-07-09,,,0.52
1966-07-10,,,0.51125
1966-07-11,,,0.51
1966-07-12,,,0.50125
1966-07-13,,,0.5
1966-07-14,,,0.5
1966-07-15,,,0.49125
1966-07-16,,,0.49
1966-07-17,,,0.49
1966-07-18,,,0.49
1966-07-19,,,0.48125
1966-07-20,,,0.48
1966-07-21,,,0.47125
1966-07-22,,,0.47
1966-07-23,,,0.47
1966-07-24,,,0.47
1966-07-25,,,0.47
1966-07-26,,,0.46125
1966-07-27,,,0.46
1966-07-28,,,0.46
1966-07-29,,,0.46
1966-07-30,,,0.45125
1966-07-31,,,0.45
1966-08-01,,,0.45
1966-08-02,,,0.45
1966-08-03,,,0.45
1966-08-04,,,0.45
1966-08-05,,,0.44125
1966-08-06,,,0.44
1966-08-07,,,0.43125
1966-08-08,,,0.43
1966-08-09,,,0.43
1966-08-10,,,0.42125
1966-08-11,,,0.42
1966-08-12,,,0.42
1966-08-13,,,0.41125
1966-08-14,,,0.41
1966-08-15,,,0.41
1966-08-16,,,0.40125
1966-08-17,,,0.4
1966-08-18,,,0.4
1966-08-19,,,0.39125
1966-08-20,,,0.39
1966-08-21,,,0.39
1966-08-22,,,0.38125
1966-08-23,,,0.38
1966-08-24,,,0.37125
1966-08-25,,,0.37
1966-08-26,,,0.37
1966-08-27,,,0.36125
1966-08-28,,,0.36
1966-08-29,,,0.36
1966-08-30,,,0.36
1966-08-31,,,0.36
1966-09-01,,,0.35125
1966-09-02,,,0.35
1966-09-03,,,0.34125
1966-09-04,,,0.34
1966-09-05,,,0.34
1966-09-06,,,0.34
1966-09-07,,,0.34
1966-09-08,,,0.34
1966-09-09,,,0.34
1966-09-10,,,0.33125
1966-09-11,,,0.33
1966-09-12,,,0.33
1966-09-13,,,0.33
1966-09-14,,,0.33
1966-09-15,,,0.33
1966-09-16,,,0.33
1966-09-17,,,0.33
1966-09-18,,,0.33
1966-09-19,,,0.33
1966-09-20,,,0.33
1966-09-21,,,0.33
1966-09-22,,,0.33
1966-09-23,,,0.33
1966-09-24,,,0.32125
1966-09-25,,,0.32
1966-09-26,,,0.32
1966-09-27,,,0.32875
1966-09-28,,,0.33
1966-09-29,,,0.33875
1966-09-30,,,0.34875
1966-10-01,,,0.35
1966-10-02,,,0.35875
1966-10-03,,,0.36875
1966-10-04,,,0.3875
1966-10-05,,,0.36375
1966-10-06,,,0.35125
1966-10-07,,,0.3325
1966-10-08,,,0.295
1966-10-09,,,0.28125
1966-10-10,,,0.27125
1966-10-11,,,0.27875
1966-10-12,,,0.34125
1966-10-13,,,0.385
1966-10-14,,,0.53875
1966-10-15,,,0.69125
1966-10-16,,,0.6575
1966-10-17,,,0.58875
1966-10-18,,,0.475
1966-10-19,,,0.39
1966-10-20,,,0.35375
1966-10-21,,,0.4025
1966-10-22,,,0.52375
1966-10-23,,,0.74125
1966-10-24,,,0.63
1966-10-25,,,0.4875
1966-10-26,,,0.505
1966-10-27,,,0.5625
1966-10-28,,,0.5875
1966-10-29,,,0.5725
1966-10-30,,,0.56125
1966-10-31,,,0.5425
1966-11-01,,,0.5225
1966-11-02,,,0.555
1966-11-03,,,0.55125
1966-11-04,,,0.5675
1966-11-05,,,0.6925
1966-11-06,,,0.68375
1966-11-07,,,0.645
1966-11-08,,,0.5525
1966-11-09,,,0.47
1966-11-10,,,0.43375
1966-11-11,,,0.43
1966-11-12,,,0.47375
1966-11-13,,,0.48875
1966-11-14,,,0.60375
1966-11-15,,,0.57625
1966-11-16,,,0.54375
1966-11-17,,,0.53125
1966-11-18,,,0.53
1966-11-19,,,0.48625
1966-11-20,,,0.55
1966-11-21,,,0.5425
1966-11-22,,,0.56625
1966-11-23,,,0.6575
1966-11-24,,,0.67
1966-11-25,,,0.76625
1966-11-26,,,0.82375
1966-11-27,,,0.71625
1966-11-28,,,0.7
1966-11-29,,,0.58625
1966-11-30,,,0.5
1966-12-01,,,0.4375
1966-12-02,,,0.43
1966-12-03,,,0.42125
1966-12-04,,,0.41125
1966-12-05,,,0.3925
1966-12-06,,,0.39875
1966-12-07,,,0.39125
1966-12-08,,,0.38125
1966-12-09,,,0.37125
1966-12-10,,,0.37
1966-12-11,,,0.37
1966-12-12,,,0.37
1966-12-13,,,0.3525
1966-12-14,,,0.35875
1966-12-15,,,0.45625
1966-12-16,,,0.5225
1966-12-17,,,0.55625
1966-12-18,,,0.58625
1966-12-19,,,0.63375
1966-12-20,,,0.6925
1966-12-21,,,1.2075
1966-12-22,,,1.7175
1966-12-23,,,2.01625
1966-12-24,,,2.1375
1966-12-25,,,2.35125
1966-12-26,,,2.68625
1966-12-27,,,2.87875
1966-12-28,,,3.32
1966-12-29,,,3.45
1966-12-30,,,3.2675
1966-12-31,,,3.17875
1967-01-01,,,3.17875
1967-01-02,,,3.2325
1967-01-03,,,2.82875
1967-01-04,,,2.41125
1967-01-05,,,1.975
1967-01-06,,,1.85
1967-01-07,,,1.5425
1967-01-08,,,1.40375
1967-01-09,,,1.11
1967-01-10,,,1.5425
1967-01-11,,,1.67125
1967-01-12,,,1.575
1967-01-13,,,1.2975
1967-01-14,,,1.12
1967-01-15,,,1.03875
1967-01-16,,,0.9775
1967-01-17,,,1.005
1967-01-18,,,1.2725
1967-01-19,,,1.26625
1967-01-20,,,1.085
1967-01-21,,,0.99
1967-01-22,,,1.35625
1967-01-23,,,1.1475
1967-01-24,,,1.01375
1967-01-25,,,0.895
1967-01-26,,,0.8275
1967-01-27,,,0.75875
1967-01-28,,,0.88125
1967-01-29,,,0.9875
1967-01-30,,,1.02625
1967-01-31,,,1.03875
1967-02-01,,,1.01375
1967-02-02,,,1.2725
1967-02-03,,,1.61625
1967-02-04,,,1.35375
1967-02-05,,,1.9225
1967-02-06,,,1.77375
1967-02-07,,,1.67
1967-02-08,,,1.56375
1967-02-09,,,1.34875
1967-02-10,,,1.36375
1967-02-11,,,1.79875
1967-02-12,,,1.13375
1967-02-13,,,0.9775
1967-02-14,,,1.67
1967-02-15,,,2.0325
1967-02-16,,,2.0175
1967-02-17,,,1.87875
1967-02-18,,,2.02625
1967-02-19,,,2.12
1967-02-20,,,2.13875
1967-02-21,,,2.42
1967-02-22,,,2.3025
1967-02-23,,,1.895
1967-02-24,,,1.58625
1967-02-25,,,1.445
1967-02-26,,,1.3075
1967-02-27,,,1.2375
1967-02-28,,,1.18625
1967-03-01,,,1.0925
1967-03-02,,,1.01
1967-03-03,,,0.92125
1967-03-04,,,0.86625
1967-03-05,,,0.825
1967-03-06,,,0.79375
1967-03-07,,,0.7725
1967-03-08,,,0.79625
1967-03-09,,,0.77375
1967-03-10,,,0.7525
1967-03-11,,,0.96
1967-03-12,,,1.0425
1967-03-13,,,1.11125
1967-03-14,,,1.05875
1967-03-15,,,1.00625
1967-03-16,,,0.95625
1967-03-17,,,1.0025
1967-03-18,,,1.185
1967-03-19,,,1.3675
1967-03-20,,,1.705
1967-03-21,,,2.03875
1967-03-22,,,2.00125
1967-03-23,,,1.955
1967-03-24,,,2.11625
1967-03-25,,,2.21
1967-03-26,,,2.33375
1967-03-27,,,2.18375
1967-03-28,,,2.0025
1967-03-29,,,1.8225
1967-03-30,,,1.6425
1967-03-31,,,1.585
1967-04-01,,,1.335
1967-04-02,,,1.3175
1967-04-03,,,1.215
1967-04-04,,,1.095
1967-04-05,,,0.98375
1967-04-06,,,0.94375
1967-04-07,,,0.89625
1967-04-08,,,0.86375
1967-04-09,,,0.8425
1967-04-10,,,0.84
1967-04-11,,,0.805
1967-04-12,,,0.7825
1967-04-13,,,0.7625
1967-04-14,,,0.75125
1967-04-15,,,0.7675
1967-04-16,,,0.77875
1967-04-17,,,1.26125
1967-04-18,,,1.60125
1967-04-19,,,1.4125
1967-04-20,,,1.2225
1967-04-21,,,1.095
1967-04-22,,,1.10625
1967-04-23,,,0.9875
1967-04-24,,,0.89125
1967-04-25,,,0.705
1967-04-26,,,1.02125
1967-04-27,,,1.20125
1967-04-28,,,1.185
1967-04-29,,,1.1625
1967-04-30,,,0.985
1967-05-01,,,0.86375
1967-05-02,,,0.78
1967-05-03,,,0.735
1967-05-04,,,0.7125
1967-05-05,,,0.71
1967-05-06,,,0.6925
1967-05-07,,,0.6725
1967-05-08,,,0.66125
1967-05-09,,,0.66
1967-05-10,,,0.6425
1967-05-11,,,0.63125
1967-05-12,,,0.62125
1967-05-13,,,0.61125
1967-05-14,,,0.5925
1967-05-15,,,0.58125
1967-05-16,,,0.58
1967-05-17,,,0.57125
1967-05-18,,,0.56125
1967-05-19,,,0.56
1967-05-20,,,0.55125
1967-05-21,,,0.54125
1967-05-22,,,0.54
1967-05-23,,,0.54
1967-05-24,,,0.53125
1967-05-25,,,0.53
1967-05-26,,,0.52125
1967-05-27,,,0.52
1967-05-28,,,0.51125
1967-05-29,,,0.50125
1967-05-30,,,0.49125
1967-05-31,,,0.49
1967-06-01,,,0.49
1967-06-02,,,0.48125
1967-06-03,,,0.48
1967-06-04,,,0.48
1967-06-05,,,0.47125
1967-06-06,,,0.47
1967-06-07,,,0.4875
1967-06-08,,,0.46375
1967-06-09,,,0.46
1967-06-10,,,0.46
1967-06-11,,,0.46
1967-06-12,,,0.46
1967-06-13,,,0.46
1967-06-14,,,0.46
1967-06-15,,,0.45125
1967-06-16,,,0.45
1967-06-17,,,0.44125
1967-06-18,,,0.44
1967-06-19,,,0.43125
1967-06-20,,,0.43
1967-06-21,,,0.42125
1967-06-22,,,0.41125
1967-06-23,,,0.41875
1967-06-24,,,0.42
1967-06-25,,,0.41125
1967-06-26,,,0.41
1967-06-27,,,0.41
1967-06-28,,,0.3925
1967-06-29,,,0.39
1967-06-30,,,0.39
1967-07-01,,,0.39
1967-07-02,,,0.38125
1967-07-03,,,0.38
1967-07-04,,,0.415
1967-07-05,,,0.4025
1967-07-06,,,0.3825
1967-07-07,,,0.37125
1967-07-08,,,0.37
1967-07-09,,,0.37
1967-07-10,,,0.36125
1967-07-11,,,0.36
1967-07-12,,,0.36
1967-07-13,,,0.36
1967-07-14,,,0.36
1967-07-15,,,0.36
1967-07-16,,,0.36
1967-07-17,,,0.35125
1967-07-18,,,0.34125
1967-07-19,,,0.34
1967-07-20,,,0.33125
1967-07-21,,,0.33
1967-07-22,,,0.33
1967-07-23,,,0.33
1967-07-24,,,0.32125
1967-07-25,,,0.32
1967-07-26,,,0.32
1967-07-27,,,0.32
1967-07-28,,,0.32
1967-07-29,,,0.32
1967-07-30,,,0.31125
1967-07-31,,,0.31
1967-08-01,,,0.31
1967-08-02,,,0.31
1967-08-03,,,0.30125
1967-08-04,,,0.3
1967-08-05,,,0.3
1967-08-06,,,0.3
1967-08-07,,,0.29125
1967-08-08,,,0.29
1967-08-09,,,0.29
1967-08-10,,,0.29
1967-08-11,,,0.28125
1967-08-12,,,0.27125
1967-08-13,,,0.27
1967-08-14,,,0.27875
1967-08-15,,,0.28
1967-08-16,,,0.27125
1967-08-17,,,0.27
1967-08-18,,,0.27
1967-08-19,,,0.26125
1967-08-20,,,0.26
1967-08-21,,,0.26
1967-08-22,,,0.25125
1967-08-23,,,0.25
1967-08-24,,,0.25
1967-08-25,,,0.25
1967-08-26,,,0.24125
1967-08-27,,,0.24
1967-08-28,,,0.24
1967-08-29,,,0.24
1967-08-30,,,0.24
1967-08-31,,,0.23125
1967-09-01,,,0.23
1967-09-02,,,0.23
1967-09-03,,,0.23
1967-09-04,,,0.22125
1967-09-05,,,0.22
1967-09-06,,,0.22
1967-09-07,,,0.22
1967-09-08,,,0.22
1967-09-09,,,0.21125
1967-09-10,,,0.21
1967-09-11,,,0.21
1967-09-12,,,0.21875
1967-09-13,,,0.22
1967-09-14,,,0.22875
1967-09-15,,,0.23875
1967-09-16,,,0.24
1967-09-17,,,0.24
1967-09-18,,,0.23125
1967-09-19,,,0.23
1967-09-20,,,0.22125
1967-09-21,,,0.22
1967-09-22,,,0.22875
1967-09-23,,,0.22125
1967-09-24,,,0.21125
1967-09-25,,,0.20125
1967-09-26,,,0.2
1967-09-27,,,0.2
1967-09-28,,,0.20875
1967-09-29,,,0.21
1967-09-30,,,0.21
1967-10-01,,,0.21875
1967-10-02,,,0.22
1967-10-03,,,0.21125
1967-10-04,,,0.20125
1967-10-05,,,0.2
1967-10-06,,,0.19125
1967-10-07,,,0.19
1967-10-08,,,0.18125
1967-10-09,,,0.18
1967-10-10,,,0.18
1967-10-11,,,0.17125
1967-10-12,,,0.17
1967-10-13,,,0.17
1967-10-14,,,0.17
1967-10-15,,,0.17
1967-10-16,,,0.17
1967-10-17,,,0.16125
1967-10-18,,,0.16
1967-10-19,,,0.16
1967-10-20,,,0.16
1967-10-21,,,0.16
1967-10-22,,,0.16
1967-10-23,,,0.16
1967-10-24,,,0.16
1967-10-25,,,0.16
1967-10-26,,,0.16875
1967-10-27,,,0.17875
1967-10-28,,,0.18
1967-10-29,,,0.1975
1967-10-30,,,0.2175
1967-10-31,,,0.26375
1967-11-01,,,0.3575
1967-11-02,,,0.51
1967-11-03,,,0.50375
1967-11-04,,,0.395
1967-11-05,,,0.35375
1967-11-06,,,0.34125
1967-11-07,,,0.3225
1967-11-08,,,0.3025
1967-11-09,,,0.3
1967-11-10,,,0.29125
1967-11-11,,,0.29875
1967-11-12,,,0.34375
1967-11-13,,,0.4725
1967-11-14,,,0.6825
1967-11-15,,,0.59625
1967-11-16,,,0.5625
1967-11-17,,,0.49875
1967-11-18,,,0.56875
1967-11-19,,,0.685
1967-11-20,,,0.86625
1967-11-21,,,0.9425
1967-11-22,,,0.88
1967-11-23,,,0.73875
1967-11-24,,,0.7025
1967-11-25,,,0.6825
1967-11-26,,,0.96875
1967-11-27,,,1.15875
1967-11-28,,,1.7925
1967-11-29,,,1.915
1967-11-30,,,1.89375
1967-12-01,,,1.70625
1967-12-02,,,1.4525
1967-12-03,,,1.525
1967-12-04,,,1.05875
1967-12-05,,,0.85
1967-12-06,,,0.68125
1967-12-07,,,0.6075
1967-12-08,,,0.5475
1967-12-09,,,0.49625
1967-12-10,,,0.46375
1967-12-11,,,0.705
1967-12-12,,,1.32625
1967-12-13,,,1.515
1967-12-14,,,1.17125
1967-12-15,,,1.1025
1967-12-16,,,0.96875
1967-12-17,,,0.915
1967-12-18,,,1.155
1967-12-19,,,1.35625
1967-12-20,,,1.8
1967-12-21,,,2.105
1967-12-22,,,2.44625
1967-12-23,,,2.315
1967-12-24,,,2.40375
1967-12-25,,,3.04125
1967-12-26,,,3.725
1967-12-27,,,4.25625
1967-12-28,,,4.43375
1967-12-29,,,4.2575
1967-12-30,,,3.8275
1967-12-31,,,3.6825
1968-01-01,,,3.55625
1968-01-02,,,3.365
1968-01-03,,,3.1125
1968-01-04,,,2.56375
1968-01-05,,,2.09625
1968-01-06,,,1.80375
1968-01-07,,,1.65625
1968-01-08,,,1.77125
1968-01-09,,,1.86
1968-01-10,,,1.7825
1968-01-11,,,1.67375
1968-01-12,,,1.86125
1968-01-13,,,2.23125
1968-01-14,,,2.07
1968-01-15,,,1.82125
1968-01-16,,,1.64125
1968-01-17,,,1.43625
1968-01-18,,,1.26125
1968-01-19,,,1.0475
1968-01-20,,,0.9675
1968-01-21,,,0.925
1968-01-22,,,0.87625
1968-01-23,,,0.835
1968-01-24,,,0.795
1968-01-25,,,0.76375
1968-01-26,,,0.73375
1968-01-27,,,0.72125
1968-01-28,,,0.7025
1968-01-29,,,0.67375
1968-01-30,,,0.64375
1968-01-31,,,0.6575
1968-02-01,,,0.72125
1968-02-02,,,0.8175
1968-02-03,,,0.94375
1968-02-04,,,1.0825
1968-02-05,,,1.1875
1968-02-06,,,1.27875
1968-02-07,,,1.22
1968-02-08,,,1.2625
1968-02-09,,,1.62875
1968-02-10,,,1.96
1968-02-11,,,1.92125
1968-02-12,,,1.74375
1968-02-13,,,1.4925
1968-02-14,,,1.31125
1968-02-15,,,1.15875
1968-02-16,,,1.0875
1968-02-17,,,1.08
1968-02-18,,,1.15
1968-02-19,,,1.23
1968-02-20,,,1.5025
1968-02-21,,,1.86375
1968-02-22,,,2.23375
1968-02-23,,,2.28
1968-02-24,,,2.56
1968-02-25,,,2.9325
1968-02-26,,,3.32125
1968-02-27,,,3.51875
1968-02-28,,,3.715
1968-02-29,,,3.7925
1968-03-01,,,4.115
1968-03-02,,,4.11625
1968-03-03,,,4.06625
1968-03-04,,,3.99875
1968-03-05,,,3.82375
1968-03-06,,,3.75625
1968-03-07,,,3.54
1968-03-08,,,3.3175
1968-03-09,,,3.0975
1968-03-10,,,2.79
1968-03-11,,,2.44375
1968-03-12,,,2.155
1968-03-13,,,1.9275
1968-03-14,,,1.73375
1968-03-15,,,1.63125
1968-03-16,,,1.50625
1968-03-17,,,1.42
1968-03-18,,,1.40125
1968-03-19,,,1.4525
1968-03-20,,,1.4775
1968-03-21,,,1.375
1968-03-22,,,1.33375
1968-03-23,,,1.295
1968-03-24,,,1.2375
1968-03-25,,,1.16875
1968-03-26,,,1.09
1968-03-27,,,1.03625
1968-03-28,,,0.995
1968-03-29,,,0.9725
1968-03-30,,,0.94375
1968-03-31,,,0.91375
1968-04-01,,,0.875
1968-04-02,,,0.87
1968-04-03,,,0.8875
1968-04-04,,,0.9075
1968-04-05,,,1.14625
1968-04-06,,,1.0925
1968-04-07,,,1.465
1968-04-08,,,1.44125
1968-04-09,,,1.47375
1968-04-10,,,1.52375
1968-04-11,,,1.29375
1968-04-12,,,1.19
1968-04-13,,,1.11
1968-04-14,,,1.10875
1968-04-15,,,1.075
1968-04-16,,,0.99125
1968-04-17,,,0.9275
1968-04-18,,,0.87625
1968-04-19,,,0.87
1968-04-20,,,0.835
1968-04-21,,,0.83875
1968-04-22,,,0.81375
1968-04-23,,,0.83625
1968-04-24,,,0.8575
1968-04-25,,,0.85125
1968-04-26,,,0.815
1968-04-27,,,0.78375
1968-04-28,,,0.745
1968-04-29,,,0.7225
1968-04-30,,,0.7025
1968-05-01,,,0.69125
1968-05-02,,,0.68125
1968-05-03,,,0.67125
1968-05-04,,,0.67
1968-05-05,,,0.66125
1968-05-06,,,0.6425
1968-05-07,,,0.64
1968-05-08,,,0.63125
1968-05-09,,,0.62125
1968-05-10,,,0.62
1968-05-11,,,0.62
1968-05-12,,,0.62
1968-05-13,,,0.62
1968-05-14,,,0.62875
1968-05-15,,,0.6475
1968-05-16,,,0.64125
1968-05-17,,,0.6225
1968-05-18,,,0.6025
1968-05-19,,,0.60875
1968-05-20,,,0.60125
1968-05-21,,,0.59125
1968-05-22,,,0.59
1968-05-23,,,0.5725
1968-05-24,,,0.57
1968-05-25,,,0.56125
1968-05-26,,,0.55125
1968-05-27,,,0.54125
1968-05-28,,,0.54
1968-05-29,,,0.54
1968-05-30,,,0.53125
1968-05-31,,,0.52125
1968-06-01,,,0.52
1968-06-02,,,0.52
1968-06-03,,,0.52
1968-06-04,,,0.52
1968-06-05,,,0.51125
1968-06-06,,,0.50125
1968-06-07,,,0.5
1968-06-08,,,0.49125
1968-06-09,,,0.49
1968-06-10,,,0.49
1968-06-11,,,0.48125
1968-06-12,,,0.48
1968-06-13,,,0.47125
1968-06-14,,,0.47
1968-06-15,,,0.47
1968-06-16,,,0.47
1968-06-17,,,0.46125
1968-06-18,,,0.46
1968-06-19,,,0.46
1968-06-20,,,0.45125
1968-06-21,,,0.45
1968-06-22,,,0.45
1968-06-23,,,0.44125
1968-06-24,,,0.44
1968-06-25,,,0.44
1968-06-26,,,0.44
1968-06-27,,,0.44
1968-06-28,,,0.43125
1968-06-29,,,0.43
1968-06-30,,,0.43
1968-07-01,,,0.43
1968-07-02,,,0.42125
1968-07-03,,,0.42
1968-07-04,,,0.42
1968-07-05,,,0.41125
1968-07-06,,,0.41
1968-07-07,,,0.41
1968-07-08,,,0.41
1968-07-09,,,0.41
1968-07-10,,,0.41
1968-07-11,,,0.40125
1968-07-12,,,0.4
1968-07-13,,,0.39125
1968-07-14,,,0.39
1968-07-15,,,0.39
1968-07-16,,,0.39
1968-07-17,,,0.39
1968-07-18,,,0.39
1968-07-19,,,0.3725
1968-07-20,,,0.37
1968-07-21,,,0.37
1968-07-22,,,0.37875
1968-07-23,,,0.37125
1968-07-24,,,0.37
1968-07-25,,,0.37
1968-07-26,,,0.37
1968-07-27,,,0.37
1968-07-28,,,0.36125
1968-07-29,,,0.36
1968-07-30,,,0.35125
1968-07-31,,,0.35
1968-08-01,,,0.35
1968-08-02,,,0.34125
1968-08-03,,,0.34
1968-08-04,,,0.34
1968-08-05,,,0.34
1968-08-06,,,0.34
1968-08-07,,,0.34
1968-08-08,,,0.34875
1968-08-09,,,0.3675
1968-08-10,,,0.37
1968-08-11,,,0.37875
1968-08-12,,,0.38
1968-08-13,,,0.37125
1968-08-14,,,0.37875
1968-08-15,,,0.3975
1968-08-16,,,0.39125
1968-08-17,,,0.36375
1968-08-18,,,0.3425
1968-08-19,,,0.33125
1968-08-20,,,0.32125
1968-08-21,,,0.32
1968-08-22,,,0.31125
1968-08-23,,,0.31
1968-08-24,,,0.30125
1968-08-25,,,0.3
1968-08-26,,,0.3
1968-08-27,,,0.3
1968-08-28,,,0.3
1968-08-29,,,0.29125
1968-08-30,,,0.29
1968-08-31,,,0.29
1968-09-01,,,0.29875
1968-09-02,,,0.29125
1968-09-03,,,0.29875
1968-09-04,,,0.32625
1968-09-05,,,0.4175
1968-09-06,,,0.465
1968-09-07,,,0.47875
1968-09-08,,,0.515
1968-09-09,,,0.4675
1968-09-10,,,0.38125
1968-09-11,,,0.34375
1968-09-12,,,0.33125
1968-09-13,,,0.32125
1968-09-14,,,0.31125
1968-09-15,,,0.30125
1968-09-16,,,0.3
1968-09-17,,,0.2825
1968-09-18,,,0.28
1968-09-19,,,0.27125
1968-09-20,,,0.27
1968-09-21,,,0.27
1968-09-22,,,0.26125
1968-09-23,,,0.26
1968-09-24,,,0.26
1968-09-25,,,0.25125
1968-09-26,,,0.25
1968-09-27,,,0.24125
1968-09-28,,,0.24
1968-09-29,,,0.24
1968-09-30,,,0.24
1968-10-01,,,0.24
1968-10-02,,,0.24
1968-10-03,,,0.24875
1968-10-04,,,0.25
1968-10-05,,,0.25875
1968-10-06,,,0.26875
1968-10-07,,,0.27
1968-10-08,,,0.27
1968-10-09,,,0.2525
1968-10-10,,,0.24125
1968-10-11,,,0.23125
1968-10-12,,,0.22125
1968-10-13,,,0.24625
1968-10-14,,,0.27625
1968-10-15,,,0.30625
1968-10-16,,,0.3275
1968-10-17,,,0.365
1968-10-18,,,0.43125
1968-10-19,,,0.545
1968-10-20,,,0.63
1968-10-21,,,0.75375
1968-10-22,,,0.875
1968-10-23,,,0.785
1968-10-24,,,0.65625
1968-10-25,,,0.61375
1968-10-26,,,0.53125
1968-10-27,,,0.4325
1968-10-28,,,0.39375
1968-10-29,,,0.38125
1968-10-30,,,0.37125
1968-10-31,,,0.36125
1968-11-01,,,0.33375
1968-11-02,,,0.3125
1968-11-03,,,0.30125
1968-11-04,,,0.27375
1968-11-05,,,0.2525
1968-11-06,,,0.24125
1968-11-07,,,0.2225
1968-11-08,,,0.22
1968-11-09,,,0.21125
1968-11-10,,,0.20125
1968-11-11,,,0.2
1968-11-12,,,0.20875
1968-11-13,,,0.245
1968-11-14,,,0.285
1968-11-15,,,0.3775
1968-11-16,,,0.46
1968-11-17,,,0.54875
1968-11-18,,,0.69125
1968-11-19,,,0.89375
1968-11-20,,,1.13
1968-11-21,,,1.34375
1968-11-22,,,1.3525
1968-11-23,,,1.14875
1968-11-24,,,0.97125
1968-11-25,,,0.76625
1968-11-26,,,0.635
1968-11-27,,,0.585
1968-11-28,,,0.5625
1968-11-29,,,0.5775
1968-11-30,,,0.65875
1968-12-01,,,0.81
1968-12-02,,,1.04875
1968-12-03,,,1.5525
1968-12-04,,,1.55
1968-12-05,,,1.5925
1968-12-06,,,1.635
1968-12-07,,,1.57875
1968-12-08,,,1.5
1968-12-09,,,1.58625
1968-12-10,,,1.6875
1968-12-11,,,2.2075
1968-12-12,,,2.2275
1968-12-13,,,2.01
1968-12-14,,,1.665
1968-12-15,,,1.40125
1968-12-16,,,1.23
1968-12-17,,,1.09625
1968-12-18,,,0.975
1968-12-19,,,0.9425
1968-12-20,,,0.94
1968-12-21,,,0.9575
1968-12-22,,,1.00375
1968-12-23,,,1.07125
1968-12-24,,,1.03625
1968-12-25,,,0.8725
1968-12-26,,,0.7275
1968-12-27,,,0.6925
1968-12-28,,,0.69875
1968-12-29,,,0.67375
1968-12-30,,,0.69625
1968-12-31,,,0.8225
1969-01-01,,,0.79625
1969-01-02,,,0.8075
1969-01-03,,,0.78375
1969-01-04,,,0.71
1969-01-05,,,0.62125
1969-01-06,,,0.54875
1969-01-07,,,0.49625
1969-01-08,,,0.4725
1969-01-09,,,0.4525
1969-01-10,,,0.4325
1969-01-11,,,0.4125
1969-01-12,,,0.40125
1969-01-13,,,0.39125
1969-01-14,,,0.39875
1969-01-15,,,0.3825
1969-01-16,,,0.38
1969-01-17,,,0.42375
1969-01-18,,,0.4125
1969-01-19,,,0.4275
1969-01-20,,,0.50875
1969-01-21,,,0.7475
1969-01-22,,,1.0775
1969-01-23,,,1.225
1969-01-24,,,1.2225
1969-01-25,,,1.24625
1969-01-26,,,1.57375
1969-01-27,,,1.795
1969-01-28,,,1.72375
1969-01-29,,,1.5175
1969-01-30,,,1.51625
1969-01-31,,,1.45
1969-02-01,,,1.41375
1969-02-02,,,1.27875
1969-02-03,,,1.07625
1969-02-04,,,0.88375
1969-02-05,,,0.7725
1969-02-06,,,0.76875
1969-02-07,,,0.74375
1969-02-08,,,0.705
1969-02-09,,,0.72625
1969-02-10,,,0.8
1969-02-11,,,0.95
1969-02-12,,,1.01375
1969-02-13,,,1.02875
1969-02-14,,,1.02125
1969-02-15,,,1.18625
1969-02-16,,,0.97375
1969-02-17,,,0.905
1969-02-18,,,0.935
1969-02-19,,,1.00125
1969-02-20,,,0.98375
1969-02-21,,,0.98875
1969-02-22,,,1.20875
1969-02-23,,,1.87
1969-02-24,,,1.6975
1969-02-25,,,1.61625
1969-02-26,,,1.715
1969-02-27,,,1.7125
1969-02-28,,,1.50875
1969-03-01,,,1.2525
1969-03-02,,,1.01875
1969-03-03,,,0.885
1969-03-04,,,0.8
1969-03-05,,,0.74625
1969-03-06,,,0.71375
1969-03-07,,,0.71
1969-03-08,,,0.87625
1969-03-09,,,1.1625
1969-03-10,,,1.7075
1969-03-11,,,1.57875
1969-03-12,,,1.47125
1969-03-13,,,1.6175
1969-03-14,,,1.3775
1969-03-15,,,1.27
1969-03-16,,,1.16375
1969-03-17,,,1.1325
1969-03-18,,,1.06875
1969-03-19,,,0.98125
1969-03-20,,,0.9
1969-03-21,,,0.81125
1969-03-22,,,0.77375
1969-03-23,,,0.74375
1969-03-24,,,0.8275
1969-03-25,,,0.86625
1969-03-26,,,0.89625
1969-03-27,,,0.87375
1969-03-28,,,0.79125
1969-03-29,,,0.70125
1969-03-30,,,0.64625
1969-03-31,,,0.61375
1969-04-01,,,0.60125
1969-04-02,,,0.57375
1969-04-03,,,0.54375
1969-04-04,,,0.54
1969-04-05,,,0.53125
1969-04-06,,,0.52125
1969-04-07,,,0.52
1969-04-08,,,0.52
1969-04-09,,,0.5375
1969-04-10,,,0.53125
1969-04-11,,,0.50375
1969-04-12,,,0.5175
1969-04-13,,,0.51125
1969-04-14,,,0.48375
1969-04-15,,,0.50625
1969-04-16,,,0.50125
1969-04-17,,,0.49125
1969-04-18,,,0.49
1969-04-19,,,0.4725
1969-04-20,,,0.44375
1969-04-21,,,0.43125
1969-04-22,,,0.42125
1969-04-23,,,0.41125
1969-04-24,,,0.41
1969-04-25,,,0.41
1969-04-26,,,0.41875
1969-04-27,,,0.41125
1969-04-28,,,0.41
1969-04-29,,,0.4975
1969-04-30,,,0.51875
1969-05-01,,,0.52875
1969-05-02,,,0.46875
1969-05-03,,,0.4425
1969-05-04,,,0.615
1969-05-05,,,0.745
1969-05-06,,,0.585
1969-05-07,,,0.5075
1969-05-08,,,0.52625
1969-05-09,,,0.53
1969-05-10,,,0.46875
1969-05-11,,,0.425
1969-05-12,,,0.41125
1969-05-13,,,0.3925
1969-05-14,,,0.38125
1969-05-15,,,0.37125
1969-05-16,,,0.36125
1969-05-17,,,0.36
1969-05-18,,,0.36
1969-05-19,,,0.35125
1969-05-20,,,0.35
1969-05-21,,,0.34125
1969-05-22,,,0.34
1969-05-23,,,0.33125
1969-05-24,,,0.33
1969-05-25,,,0.33
1969-05-26,,,0.33
1969-05-27,,,0.32125
1969-05-28,,,0.32
1969-05-29,,,0.32
1969-05-30,,,0.31125
1969-05-31,,,0.31
1969-06-01,,,0.30125
1969-06-02,,,0.3
1969-06-03,,,0.3
1969-06-04,,,0.3
1969-06-05,,,0.3
1969-06-06,,,0.29125
1969-06-07,,,0.29
1969-06-08,,,0.28125
1969-06-09,,,0.28
1969-06-10,,,0.28
1969-06-11,,,0.28
1969-06-12,,,0.28
1969-06-13,,,0.27125
1969-06-14,,,0.27
1969-06-15,,,0.27
1969-06-16,,,0.27
1969-06-17,,,0.27
1969-06-18,,,0.27
1969-06-19,,,0.27
1969-06-20,,,0.26125
1969-06-21,,,0.26
1969-06-22,,,0.26
1969-06-23,,,0.26
1969-06-24,,,0.25125
1969-06-25,,,0.25875
1969-06-26,,,0.25125
1969-06-27,,,0.25
1969-06-28,,,0.25875
1969-06-29,,,0.26
1969-06-30,,,0.25125
1969-07-01,,,0.24125
1969-07-02,,,0.24
1969-07-03,,,0.24
1969-07-04,,,0.24
1969-07-05,,,0.24
1969-07-06,,,0.24
1969-07-07,,,0.23125
1969-07-08,,,0.23
1969-07-09,,,0.22125
1969-07-10,,,0.22
1969-07-11,,,0.22
1969-07-12,,,0.22
1969-07-13,,,0.22
1969-07-14,,,0.22
1969-07-15,,,0.21125
1969-07-16,,,0.21
1969-07-17,,,0.21
1969-07-18,,,0.21
1969-07-19,,,0.21
1969-07-20,,,0.21
1969-07-21,,,0.21
1969-07-22,,,0.20125
1969-07-23,,,0.2
1969-07-24,,,0.2
1969-07-25,,,0.2
1969-07-26,,,0.2
1969-07-27,,,0.2
1969-07-28,,,0.2
1969-07-29,,,0.2
1969-07-30,,,0.2
1969-07-31,,,0.19125
1969-08-01,,,0.19
1969-08-02,,,0.19
1969-08-03,,,0.19
1969-08-04,,,0.19
1969-08-05,,,0.19
1969-08-06,,,0.19
1969-08-07,,,0.19
1969-08-08,,,0.19
1969-08-09,,,0.18125
1969-08-10,,,0.18
1969-08-11,,,0.18
1969-08-12,,,0.18
1969-08-13,,,0.18
1969-08-14,,,0.18
1969-08-15,,,0.18
1969-08-16,,,0.17125
1969-08-17,,,0.17
1969-08-18,,,0.17
1969-08-19,,,0.17
1969-08-20,,,0.17
1969-08-21,,,0.17
1969-08-22,,,0.17
1969-08-23,,,0.16125
1969-08-24,,,0.16
1969-08-25,,,0.16
1969-08-26,,,0.16
1969-08-27,,,0.16
1969-08-28,,,0.16
1969-08-29,,,0.16
1969-08-30,,,0.16
1969-08-31,,,0.16
1969-09-01,,,0.16
1969-09-02,,,0.16
1969-09-03,,,0.16
1969-09-04,,,0.16
1969-09-05,,,0.16
1969-09-06,,,0.15125
1969-09-07,,,0.15
1969-09-08,,,0.15
1969-09-09,,,0.15
1969-09-10,,,0.15
1969-09-11,,,0.15
1969-09-12,,,0.15
1969-09-13,,,0.14125
1969-09-14,,,0.14
1969-09-15,,,0.14
1969-09-16,,,0.14
1969-09-17,,,0.14
1969-09-18,,,0.14
1969-09-19,,,0.14
1969-09-20,,,0.14
1969-09-21,,,0.14
1969-09-22,,,0.14875
1969-09-23,,,0.15
1969-09-24,,,0.15
1969-09-25,,,0.15
1969-09-26,,,0.15
1969-09-27,,,0.15
1969-09-28,,,0.15
1969-09-29,,,0.14125
1969-09-30,,,0.14
1969-10-01,,,0.14
1969-10-02,,,0.14
1969-10-03,,,0.13125
1969-10-04,,,0.13
1969-10-05,,,0.13
1969-10-06,,,0.13
1969-10-07,,,0.13
1969-10-08,,,0.13
1969-10-09,,,0.13875
1969-10-10,,,0.14
1969-10-11,,,0.13125
1969-10-12,,,0.13
1969-10-13,,,0.13875
1969-10-14,,,0.14875
1969-10-15,,,0.15
1969-10-16,,,0.15875
1969-10-17,,,0.16
1969-10-18,,,0.16875
1969-10-19,,,0.17875
1969-10-20,,,0.20625
1969-10-21,,,0.27125
1969-10-22,,,0.49
1969-10-23,,,0.59875
1969-10-24,,,0.74125
1969-10-25,,,0.59375
1969-10-26,,,0.43
1969-10-27,,,0.34
1969-10-28,,,0.4
1969-10-29,,,0.57625
1969-10-30,,,0.57375
1969-10-31,,,0.54375
1969-11-01,,,0.5225
1969-11-02,,,0.47625
1969-11-03,,,0.365
1969-11-04,,,0.34125
1969-11-05,,,0.33125
1969-11-06,,,0.58375
1969-11-07,,,0.83
1969-11-08,,,0.85125
1969-11-09,,,0.84125
1969-11-10,,,0.88375
1969-11-11,,,0.86375
1969-11-12,,,0.83375
1969-11-13,,,0.76875
1969-11-14,,,1.5825
1969-11-15,,,3.275
1969-11-16,,,3.535
1969-11-17,,,3.56625
1969-11-18,,,3.40375
1969-11-19,,,3.31875
1969-11-20,,,3.28375
1969-11-21,,,3.2275
1969-11-22,,,3.08875
1969-11-23,,,2.90375
1969-11-24,,,2.59125
1969-11-25,,,2.06875
1969-11-26,,,1.55375
1969-11-27,,,1.1925
1969-11-28,,,1.01875
1969-11-29,,,0.9475
1969-11-30,,,0.87
1969-12-01,,,0.8075
1969-12-02,,,0.87875
1969-12-03,,,1.31
1969-12-04,,,1.23
1969-12-05,,,1.385
1969-12-06,,,1.5675
1969-12-07,,,1.61625
1969-12-08,,,1.655
1969-12-09,,,1.7475
1969-12-10,,,1.795
1969-12-11,,,2.2375
1969-12-12,,,2.3
1969-12-13,,,2.55375
1969-12-14,,,2.24
1969-12-15,,,1.8925
1969-12-16,,,1.99
1969-12-17,,,2.2725
1969-12-18,,,2.16125
1969-12-19,,,2.02625
1969-12-20,,,1.91375
1969-12-21,,,1.62875
1969-12-22,,,1.3975
1969-12-23,,,1.27375
1969-12-24,,,1.21625
1969-12-25,,,1.2975
1969-12-26,,,1.45
1969-12-27,,,2.45
1969-12-28,,,2.7125
1969-12-29,,,2.86125
1969-12-30,,,2.8625
1969-12-31,,,2.97375
1970-01-01,,,3.24375
1970-01-02,,,3.41125
1970-01-03,,,3.1675
1970-01-04,,,2.87625
1970-01-05,,,2.7175
1970-01-06,,,2.48125
1970-01-07,,,2.5375
1970-01-08,,,2.26125
1970-01-09,,,1.9925
1970-01-10,,,1.82
1970-01-11,,,2.12375
1970-01-12,,,2.45
1970-01-13,,,2.23625
1970-01-14,,,2.34
1970-01-15,,,2.57
1970-01-16,,,2.60875
1970-01-17,,,2.6625
1970-01-18,,,2.775
1970-01-19,,,3.21875
1970-01-20,,,3.56875
1970-01-21,,,3.7325
1970-01-22,,,3.77625
1970-01-23,,,3.78
1970-01-24,,,3.77125
1970-01-25,,,4.32125
1970-01-26,,,4.37375
1970-01-27,,,4.475
1970-01-28,,,4.93625
1970-01-29,,,5.00875
1970-01-30,,,4.9225
1970-01-31,,,4.7
1970-02-01,,,4.5475
1970-02-02,,,4.46875
1970-02-03,,,4.425
1970-02-04,,,4.37625
1970-02-05,,,4.30875
1970-02-06,,,4.13375
1970-02-07,,,3.9525
1970-02-08,,,3.335
1970-02-09,,,3.24125
1970-02-10,,,3.2575
1970-02-11,,,3.295
1970-02-12,,,2.99375
1970-02-13,,,2.69625
1970-02-14,,,1.8375
1970-02-15,,,1.615
1970-02-16,,,1.495
1970-02-17,,,1.41
1970-02-18,,,1.33875
1970-02-19,,,1.3125
1970-02-20,,,1.47625
1970-02-21,,,1.8675
1970-02-22,,,2.3925
1970-02-23,,,2.43375
1970-02-24,,,2.4825
1970-02-25,,,2.49
1970-02-26,,,2.525
1970-02-27,,,2.6
1970-02-28,,,2.58375
1970-03-01,,,2.615
1970-03-02,,,2.61125
1970-03-03,,,2.54
1970-03-04,,,2.62625
1970-03-05,,,2.675
1970-03-06,,,2.6625
1970-03-07,,,2.52875
1970-03-08,,,2.4925
1970-03-09,,,2.32375
1970-03-10,,,2.195
1970-03-11,,,2.04
1970-03-12,,,1.87125
1970-03-13,,,1.745
1970-03-14,,,1.625
1970-03-15,,,1.54875
1970-03-16,,,1.4875
1970-03-17,,,1.40125
1970-03-18,,,1.32875
1970-03-19,,,1.285
1970-03-20,,,1.23625
1970-03-21,,,1.18625
1970-03-22,,,1.145
1970-03-23,,,1.105
1970-03-24,,,1.065
1970-03-25,,,1.025
1970-03-26,,,0.99375
1970-03-27,,,0.955
1970-03-28,,,0.95
1970-03-29,,,1.02
1970-03-30,,,1.00375
1970-03-31,,,1.02625
1970-04-01,,,0.995
1970-04-02,,,0.94625
1970-04-03,,,0.91375
1970-04-04,,,0.8925
1970-04-05,,,0.855
1970-04-06,,,0.8325
1970-04-07,,,0.92625
1970-04-08,,,1.00125
1970-04-09,,,1.10625
1970-04-10,,,1.2075
1970-04-11,,,1.10625
1970-04-12,,,1.13375
1970-04-13,,,1.105
1970-04-14,,,1.1
1970-04-15,,,1.14375
1970-04-16,,,1.115
1970-04-17,,,1.04
1970-04-18,,,1.00375
1970-04-19,,,0.97375
1970-04-20,,,0.94375
1970-04-21,,,0.94
1970-04-22,,,0.9225
1970-04-23,,,0.89375
1970-04-24,,,0.86375
1970-04-25,,,0.85125
1970-04-26,,,0.815
1970-04-27,,,0.7925
1970-04-28,,,0.78125
1970-04-29,,,0.7625
1970-04-30,,,0.7425
1970-05-01,,,0.73125
1970-05-02,,,0.7125
1970-05-03,,,0.70125
1970-05-04,,,0.69125
1970-05-05,,,0.68125
1970-05-06,,,0.67125
1970-05-07,,,0.67
1970-05-08,,,0.66125
1970-05-09,,,0.65125
1970-05-10,,,0.65
1970-05-11,,,0.64125
1970-05-12,,,0.64
1970-05-13,,,0.6225
1970-05-14,,,0.62
1970-05-15,,,0.62
1970-05-16,,,0.61125
1970-05-17,,,0.60125
1970-05-18,,,0.59125
1970-05-19,,,0.59
1970-05-20,,,0.59
1970-05-21,,,0.58125
1970-05-22,,,0.58
1970-05-23,,,0.57125
1970-05-24,,,0.57
1970-05-25,,,0.57
1970-05-26,,,0.56125
1970-05-27,,,0.56
1970-05-28,,,0.56
1970-05-29,,,0.55125
1970-05-30,,,0.54125
1970-05-31,,,0.54
1970-06-01,,,0.54
1970-06-02,,,0.53125
1970-06-03,,,0.53
1970-06-04,,,0.52125
1970-06-05,,,0.52
1970-06-06,,,0.52
1970-06-07,,,0.51125
1970-06-08,,,0.51
1970-06-09,,,0.51
1970-06-10,,,0.50125
1970-06-11,,,0.5
1970-06-12,,,0.49125
1970-06-13,,,0.49
1970-06-14,,,0.49
1970-06-15,,,0.49
1970-06-16,,,0.49
1970-06-17,,,0.48125
1970-06-18,,,0.47125
1970-06-19,,,0.47
1970-06-20,,,0.47
1970-06-21,,,0.46125
1970-06-22,,,0.46
1970-06-23,,,0.46
1970-06-24,,,0.46
1970-06-25,,,0.45125
1970-06-26,,,0.45
1970-06-27,,,0.45
1970-06-28,,,0.45
1970-06-29,,,0.45
1970-06-30,,,0.45
1970-07-01,,,0.45875
1970-07-02,,,0.46
1970-07-03,,,0.46
1970-07-04,,,0.4425
1970-07-05,,,0.44
1970-07-06,,,0.43125
1970-07-07,,,0.43
1970-07-08,,,0.42125
1970-07-09,,,0.42
1970-07-10,,,0.42
1970-07-11,,,0.42
1970-07-12,,,0.41125
1970-07-13,,,0.41
1970-07-14,,,0.41
1970-07-15,,,0.41
1970-07-16,,,0.40125
1970-07-17,,,0.4
1970-07-18,,,0.39125
1970-07-19,,,0.39
1970-07-20,,,0.39
1970-07-21,,,0.39
1970-07-22,,,0.38125
1970-07-23,,,0.38
1970-07-24,,,0.38
1970-07-25,,,0.38
1970-07-26,,,0.38
1970-07-27,,,0.38
1970-07-28,,,0.38
1970-07-29,,,0.37125
1970-07-30,,,0.37
1970-07-31,,,0.37875
1970-08-01,,,0.37125
1970-08-02,,,0.37
1970-08-03,,,0.36125
1970-08-04,,,0.36
1970-08-05,,,0.36
1970-08-06,,,0.35125
1970-08-07,,,0.34125
1970-08-08,,,0.34
1970-08-09,,,0.34
1970-08-10,,,0.34
1970-08-11,,,0.34
1970-08-12,,,0.34
1970-08-13,,,0.33125
1970-08-14,,,0.33
1970-08-15,,,0.33
1970-08-16,,,0.32125
1970-08-17,,,0.32
1970-08-18,,,0.32
1970-08-19,,,0.32
1970-08-20,,,0.32
1970-08-21,,,0.31125
1970-08-22,,,0.31
1970-08-23,,,0.31
1970-08-24,,,0.31
1970-08-25,,,0.31
1970-08-26,,,0.30125
1970-08-27,,,0.3
1970-08-28,,,0.3
1970-08-29,,,0.3
1970-08-30,,,0.3
1970-08-31,,,0.3
1970-09-01,,,0.29125
1970-09-02,,,0.29
1970-09-03,,,0.29
1970-09-04,,,0.29875
1970-09-05,,,0.3175
1970-09-06,,,0.3375
1970-09-07,,,0.36625
1970-09-08,,,0.36125
1970-09-09,,,0.36875
1970-09-10,,,0.36125
1970-09-11,,,0.35125
1970-09-12,,,0.32375
1970-09-13,,,0.31125
1970-09-14,,,0.31
1970-09-15,,,0.31
1970-09-16,,,0.30125
1970-09-17,,,0.3
1970-09-18,,,0.3
1970-09-19,,,0.29125
1970-09-20,,,0.28125
1970-09-21,,,0.28
1970-09-22,,,0.28
1970-09-23,,,0.28
1970-09-24,,,0.28
1970-09-25,,,0.30625
1970-09-26,,,0.28375
1970-09-27,,,0.28
1970-09-28,,,0.28
1970-09-29,,,0.28875
1970-09-30,,,0.28125
1970-10-01,,,0.28
1970-10-02,,,0.28875
1970-10-03,,,0.3775
1970-10-04,,,0.425
1970-10-05,,,0.7975
1970-10-06,,,1.025
1970-10-07,,,0.7875
1970-10-08,,,0.715
1970-10-09,,,0.66625
1970-10-10,,,0.54625
1970-10-11,,,0.62625
1970-10-12,,,0.49125
1970-10-13,,,0.4175
1970-10-14,,,0.40125
1970-10-15,,,0.40875
1970-10-16,,,0.40125
1970-10-17,,,0.3825
1970-10-18,,,0.38875
1970-10-19,,,0.38125
1970-10-20,,,0.3625
1970-10-21,,,0.4475
1970-10-22,,,0.48625
1970-10-23,,,0.60375
1970-10-24,,,0.6025
1970-10-25,,,0.7225
1970-10-26,,,0.8975
1970-10-27,,,1.08625
1970-10-28,,,1.0925
1970-10-29,,,1.04625
1970-10-30,,,1.17125
1970-10-31,,,1.2775
1970-11-01,,,0.9225
1970-11-02,,,0.72125
1970-11-03,,,0.595
1970-11-04,,,0.545
1970-11-05,,,0.8725
1970-11-06,,,0.7975
1970-11-07,,,0.68375
1970-11-08,,,0.69625
1970-11-09,,,1.015
1970-11-10,,,1.31375
1970-11-11,,,1.04375
1970-11-12,,,1.00875
1970-11-13,,,1.29875
1970-11-14,,,0.99
1970-11-15,,,0.9225
1970-11-16,,,0.98125
1970-11-17,,,1.0425
1970-11-18,,,0.9625
1970-11-19,,,0.76625
1970-11-20,,,0.66125
1970-11-21,,,0.5625
1970-11-22,,,0.585
1970-11-23,,,0.625
1970-11-24,,,0.76125
1970-11-25,,,0.73625
1970-11-26,,,0.70375
1970-11-27,,,0.67375
1970-11-28,,,0.6
1970-11-29,,,0.5375
1970-11-30,,,0.5475
1970-12-01,,,0.54125
1970-12-02,,,0.61875
1970-12-03,,,0.665
1970-12-04,,,0.67875
1970-12-05,,,0.785
1970-12-06,,,0.75625
1970-12-07,,,0.61875
1970-12-08,,,0.6175
1970-12-09,,,0.68125
1970-12-10,,,0.69875
1970-12-11,,,0.665
1970-12-12,,,0.555
1970-12-13,,,0.505
1970-12-14,,,0.47375
1970-12-15,,,0.435
1970-12-16,,,0.52625
1970-12-17,,,0.4875
1970-12-18,,,0.57625
1970-12-19,,,0.87
1970-12-20,,,0.97125
1970-12-21,,,1.085
1970-12-22,,,0.995
1970-12-23,,,0.8225
1970-12-24,,,0.68625
1970-12-25,,,0.60875
1970-12-26,,,0.5475
1970-12-27,,,0.47
1970-12-28,,,0.41625
1970-12-29,,,0.38375
1970-12-30,,,0.37125
1970-12-31,,,0.3875
1971-01-01,,,0.34625
1971-01-02,,,0.3225
1971-01-03,,,0.3025
1971-01-04,,,0.3
1971-01-05,,,0.2825
1971-01-06,,,0.27125
1971-01-07,,,0.26125
1971-01-08,,,0.26
1971-01-09,,,0.25125
1971-01-10,,,0.2675
1971-01-11,,,0.26125
1971-01-12,,,0.26
1971-01-13,,,0.2425
1971-01-14,,,0.24
1971-01-15,,,0.31
1971-01-16,,,0.39875
1971-01-17,,,0.4975
1971-01-18,,,0.64125
1971-01-19,,,0.73875
1971-01-20,,,0.70625
1971-01-21,,,0.7175
1971-01-22,,,0.69375
1971-01-23,,,0.61125
1971-01-24,,,0.495
1971-01-25,,,0.43625
1971-01-26,,,0.3775
1971-01-27,,,0.32625
1971-01-28,,,0.29375
1971-01-29,,,0.28125
1971-01-30,,,0.28
1971-01-31,,,0.27125
1971-02-01,,,0.27
1971-02-02,,,0.2875
1971-02-03,,,0.26375
1971-02-04,,,0.26
1971-02-05,,,0.25125
1971-02-06,,,0.2325
1971-02-07,,,0.23
1971-02-08,,,0.265
1971-02-09,,,0.29625
1971-02-10,,,0.36125
1971-02-11,,,0.44875
1971-02-12,,,0.5125
1971-02-13,,,0.49375
1971-02-14,,,0.455
1971-02-15,,,0.4325
1971-02-16,,,0.43
1971-02-17,,,0.395
1971-02-18,,,0.39875
1971-02-19,,,0.33875
1971-02-20,,,0.30375
1971-02-21,,,0.2825
1971-02-22,,,0.28875
1971-02-23,,,0.29
1971-02-24,,,0.3075
1971-02-25,,,0.31
1971-02-26,,,0.31875
1971-02-27,,,0.31125
1971-02-28,,,0.6425
1971-03-01,,,0.62
1971-03-02,,,0.54
1971-03-03,,,0.5475
1971-03-04,,,0.52375
1971-03-05,,,0.5025
1971-03-06,,,0.42125
1971-03-07,,,0.85625
1971-03-08,,,0.91125
1971-03-09,,,0.945
1971-03-10,,,1.3
1971-03-11,,,1.02625
1971-03-12,,,0.76125
1971-03-13,,,0.65125
1971-03-14,,,0.63125
1971-03-15,,,0.55125
1971-03-16,,,0.49625
1971-03-17,,,0.42875
1971-03-18,,,0.35875
1971-03-19,,,0.32375
1971-03-20,,,0.285
1971-03-21,,,0.27125
1971-03-22,,,0.3575
1971-03-23,,,0.3525
1971-03-24,,,0.39375
1971-03-25,,,0.39125
1971-03-26,,,0.41625
1971-03-27,,,0.37625
1971-03-28,,,0.32625
1971-03-29,,,0.285
1971-03-30,,,0.2625
1971-03-31,,,0.25125
1971-04-01,,,0.2325
1971-04-02,,,0.23875
1971-04-03,,,0.28375
1971-04-04,,,0.2725
1971-04-05,,,0.26125
1971-04-06,,,0.26
1971-04-07,,,0.23375
1971-04-08,,,0.22125
1971-04-09,,,0.24625
1971-04-10,,,0.355
1971-04-11,,,0.3875
1971-04-12,,,0.43375
1971-04-13,,,0.44
1971-04-14,,,0.39625
1971-04-15,,,0.36375
1971-04-16,,,0.3075
1971-04-17,,,0.29125
1971-04-18,,,0.26375
1971-04-19,,,0.2425
1971-04-20,,,0.2575
1971-04-21,,,0.28625
1971-04-22,,,0.2725
1971-04-23,,,0.26125
1971-04-24,,,0.40875
1971-04-25,,,0.4475
1971-04-26,,,0.38
1971-04-27,,,0.32625
1971-04-28,,,0.285
1971-04-29,,,0.2625
1971-04-30,,,0.25125
1971-05-01,,,0.2325
1971-05-02,,,0.2125
1971-05-03,,,0.20125
1971-05-04,,,0.2
1971-05-05,,,0.19125
1971-05-06,,,0.19
1971-05-07,,,0.18125
1971-05-08,,,0.18
1971-05-09,,,0.18
1971-05-10,,,0.17125
1971-05-11,,,0.17
1971-05-12,,,0.17
1971-05-13,,,0.17
1971-05-14,,,0.17
1971-05-15,,,0.17
1971-05-16,,,0.17
1971-05-17,,,0.16125
1971-05-18,,,0.16
1971-05-19,,,0.16
1971-05-20,,,0.16
1971-05-21,,,0.16
1971-05-22,,,0.1775
1971-05-23,,,0.17125
1971-05-24,,,0.16125
1971-05-25,,,0.16
1971-05-26,,,0.16
1971-05-27,,,0.16
1971-05-28,,,0.16
1971-05-29,,,0.16
1971-05-30,,,0.16
1971-05-31,,,0.16
1971-06-01,,,0.1775
1971-06-02,,,0.18875
1971-06-03,,,0.19
1971-06-04,,,0.18125
1971-06-05,,,0.17125
1971-06-06,,,0.16125
1971-06-07,,,0.16
1971-06-08,,,0.16
1971-06-09,,,0.15125
1971-06-10,,,0.15
1971-06-11,,,0.15
1971-06-12,,,0.15
1971-06-13,,,0.15
1971-06-14,,,0.15875
1971-06-15,,,0.16
1971-06-16,,,0.16
1971-06-17,,,0.16
1971-06-18,,,0.16875
1971-06-19,,,0.17
1971-06-20,,,0.16125
1971-06-21,,,0.195
1971-06-22,,,0.2
1971-06-23,,,0.19125
1971-06-24,,,0.19875
1971-06-25,,,0.2
1971-06-26,,,0.1825
1971-06-27,,,0.17125
1971-06-28,,,0.16125
1971-06-29,,,0.15125
1971-06-30,,,0.15
1971-07-01,,,0.15
1971-07-02,,,0.14125
1971-07-03,,,0.14
1971-07-04,,,0.14
1971-07-05,,,0.14
1971-07-06,,,0.14
1971-07-07,,,0.14
1971-07-08,,,0.14
1971-07-09,,,0.13125
1971-07-10,,,0.13
1971-07-11,,,0.13
1971-07-12,,,0.13
1971-07-13,,,0.13
1971-07-14,,,0.13
1971-07-15,,,0.13
1971-07-16,,,0.13
1971-07-17,,,0.13
1971-07-18,,,0.13
1971-07-19,,,0.12125
1971-07-20,,,0.12
1971-07-21,,,0.12
1971-07-22,,,0.12
1971-07-23,,,0.12
1971-07-24,,,0.12
1971-07-25,,,0.12
1971-07-26,,,0.12
1971-07-27,,,0.12
1971-07-28,,,0.12
1971-07-29,,,0.12
1971-07-30,,,0.12
1971-07-31,,,0.12
1971-08-01,,,0.12
1971-08-02,,,0.12
1971-08-03,,,0.12
1971-08-04,,,0.12
1971-08-05,,,0.12875
1971-08-06,,,0.13
1971-08-07,,,0.13
1971-08-08,,,0.13
1971-08-09,,,0.13
1971-08-10,,,0.12125
1971-08-11,,,0.12
1971-08-12,,,0.12
1971-08-13,,,0.11125
1971-08-14,,,0.11
1971-08-15,,,0.11
1971-08-16,,,0.11
1971-08-17,,,0.11
1971-08-18,,,0.11
1971-08-19,,,0.11
1971-08-20,,,0.11
1971-08-21,,,0.11
1971-08-22,,,0.11
1971-08-23,,,0.11
1971-08-24,,,0.10125
1971-08-25,,,0.1
1971-08-26,,,0.1
1971-08-27,,,0.1
1971-08-28,,,0.1
1971-08-29,,,0.1
1971-08-30,,,0.1
1971-08-31,,,0.1
1971-09-01,,,0.1
1971-09-02,,,0.1
1971-09-03,,,0.1
1971-09-04,,,0.1
1971-09-05,,,0.1
1971-09-06,,,0.1
1971-09-07,,,0.1
1971-09-08,,,0.1
1971-09-09,,,0.1
1971-09-10,,,0.1
1971-09-11,,,0.1
1971-09-12,,,0.1
1971-09-13,,,0.10875
1971-09-14,,,0.11
1971-09-15,,,0.11
1971-09-16,,,0.1275
1971-09-17,,,0.1475
1971-09-18,,,0.15
1971-09-19,,,0.185
1971-09-20,,,0.18125
1971-09-21,,,0.1625
1971-09-22,,,0.1425
1971-09-23,,,0.13125
1971-09-24,,,0.12125
1971-09-25,,,0.12
1971-09-26,,,0.11125
1971-09-27,,,0.11
1971-09-28,,,0.11
1971-09-29,,,0.13625
1971-09-30,,,0.28
1971-10-01,,,0.265
1971-10-02,,,0.19875
1971-10-03,,,0.2075
1971-10-04,,,0.27125
1971-10-05,,,0.44625
1971-10-06,,,0.40875
1971-10-07,,,0.295
1971-10-08,,,0.28875
1971-10-09,,,0.36875
1971-10-10,,,0.31875
1971-10-11,,,0.31875
1971-10-12,,,0.29375
1971-10-13,,,0.35125
1971-10-14,,,0.465
1971-10-15,,,0.725
1971-10-16,,,0.76875
1971-10-17,,,0.56
1971-10-18,,,0.43375
1971-10-19,,,0.35
1971-10-20,,,0.29625
1971-10-21,,,0.26375
1971-10-22,,,0.2425
1971-10-23,,,0.2225
1971-10-24,,,0.21125
1971-10-25,,,0.1925
1971-10-26,,,0.18125
1971-10-27,,,0.17125
1971-10-28,,,0.23125
1971-10-29,,,0.2925
1971-10-30,,,0.5625
1971-10-31,,,0.67875
1971-11-01,,,0.585
1971-11-02,,,0.605
1971-11-03,,,1.03875
1971-11-04,,,1.0125
1971-11-05,,,0.76375
1971-11-06,,,0.79125
1971-11-07,,,1.15875
1971-11-08,,,1.21
1971-11-09,,,0.67625
1971-11-10,,,0.53
1971-11-11,,,0.485
1971-11-12,,,0.50625
1971-11-13,,,0.46625
1971-11-14,,,0.45125
1971-11-15,,,0.68625
1971-11-16,,,0.755
1971-11-17,,,0.64625
1971-11-18,,,1.295
1971-11-19,,,1.425
1971-11-20,,,1.395
1971-11-21,,,2.57125
1971-11-22,,,2.41625
1971-11-23,,,2.7725
1971-11-24,,,3.03125
1971-11-25,,,2.6225
1971-11-26,,,2.525
1971-11-27,,,2.3975
1971-11-28,,,2.3975
1971-11-29,,,2.11125
1971-11-30,,,1.67625
1971-12-01,,,1.7075
1971-12-02,,,2.105
1971-12-03,,,2.20375
1971-12-04,,,2.525
1971-12-05,,,3.0075
1971-12-06,,,3.11375
1971-12-07,,,3.53125
1971-12-08,,,3.07375
1971-12-09,,,3.11375
1971-12-10,,,3.2525
1971-12-11,,,3.01625
1971-12-12,,,2.98
1971-12-13,,,2.9625
1971-12-14,,,2.91625
1971-12-15,,,3.05
1971-12-16,,,2.965
1971-12-17,,,2.87125
1971-12-18,,,2.86
1971-12-19,,,2.86
1971-12-20,,,2.79
1971-12-21,,,2.9725
1971-12-22,,,2.9825
1971-12-23,,,3.02375
1971-12-24,,,3.82625
1971-12-25,,,3.835
1971-12-26,,,3.68
1971-12-27,,,4.26375
1971-12-28,,,4.00875
1971-12-29,,,3.75
1971-12-30,,,3.5625
1971-12-31,,,3.47875
1972-01-01,,,3.365
1972-01-02,,,3.16625
1972-01-03,,,2.88625
1972-01-04,,,2.47375
1972-01-05,,,2.0
1972-01-06,,,1.66
1972-01-07,,,1.40125
1972-01-08,,,1.2825
1972-01-09,,,1.2
1972-01-10,,,1.1375
1972-01-11,,,1.05125
1972-01-12,,,0.9175
1972-01-13,,,0.8475
1972-01-14,,,0.7875
1972-01-15,,,0.73625
1972-01-16,,,0.7125
1972-01-17,,,0.6925
1972-01-18,,,0.69
1972-01-19,,,0.75125
1972-01-20,,,0.73375
1972-01-21,,,0.695
1972-01-22,,,0.64625
1972-01-23,,,0.64
1972-01-24,,,0.64875
1972-01-25,,,0.6675
1972-01-26,,,0.705
1972-01-27,,,0.85
1972-01-28,,,1.01
1972-01-29,,,1.065
1972-01-30,,,1.0175
1972-01-31,,,0.9575
1972-02-01,,,0.9325
1972-02-02,,,0.93875
1972-02-03,,,0.975
1972-02-04,,,0.91
1972-02-05,,,0.9
1972-02-06,,,1.1975
1972-02-07,,,1.4325
1972-02-08,,,1.24125
1972-02-09,,,1.06125
1972-02-10,,,0.90875
1972-02-11,,,0.8025
1972-02-12,,,0.76375
1972-02-13,,,0.7425
1972-02-14,,,0.83625
1972-02-15,,,0.98125
1972-02-16,,,1.00875
1972-02-17,,,1.19375
1972-02-18,,,1.19375
1972-02-19,,,1.05875
1972-02-20,,,0.90875
1972-02-21,,,0.8725
1972-02-22,,,0.8
1972-02-23,,,0.755
1972-02-24,,,0.91625
1972-02-25,,,1.07125
1972-02-26,,,1.0375
1972-02-27,,,1.0125
1972-02-28,,,1.01875
1972-02-29,,,1.01125
1972-03-01,,,1.185
1972-03-02,,,1.2975
1972-03-03,,,1.44125
1972-03-04,,,1.69625
1972-03-05,,,1.89625
1972-03-06,,,1.8675
1972-03-07,,,1.5975
1972-03-08,,,1.315
1972-03-09,,,1.23625
1972-03-10,,,1.3175
1972-03-11,,,1.09375
1972-03-12,,,1.15625
1972-03-13,,,1.16125
1972-03-14,,,1.0725
1972-03-15,,,0.92
1972-03-16,,,0.82125
1972-03-17,,,0.74875
1972-03-18,,,0.71375
1972-03-19,,,0.6575
1972-03-20,,,0.62375
1972-03-21,,,0.69
1972-03-22,,,0.79625
1972-03-23,,,1.02875
1972-03-24,,,0.96375
1972-03-25,,,0.92375
1972-03-26,,,0.98125
1972-03-27,,,0.94625
1972-03-28,,,0.835
1972-03-29,,,0.74125
1972-03-30,,,0.68625
1972-03-31,,,0.645
1972-04-01,,,0.61375
1972-04-02,,,0.61
1972-04-03,,,0.58375
1972-04-04,,,0.57125
1972-04-05,,,0.5875
1972-04-06,,,0.68625
1972-04-07,,,0.95375
1972-04-08,,,1.3575
1972-04-09,,,1.4625
1972-04-10,,,1.46125
1972-04-11,,,1.25875
1972-04-12,,,1.09
1972-04-13,,,1.04375
1972-04-14,,,0.97875
1972-04-15,,,0.9525
1972-04-16,,,0.95
1972-04-17,,,0.94125
1972-04-18,,,1.08
1972-04-19,,,1.205
1972-04-20,,,1.1325
1972-04-21,,,0.91
1972-04-22,,,0.775
1972-04-23,,,0.7075
1972-04-24,,,0.65625
1972-04-25,,,0.615
1972-04-26,,,0.5925
1972-04-27,,,0.555
1972-04-28,,,0.54125
1972-04-29,,,0.53125
1972-04-30,,,0.50375
1972-05-01,,,0.5
1972-05-02,,,0.5
1972-05-03,,,0.49125
1972-05-04,,,0.4725
1972-05-05,,,0.46125
1972-05-06,,,0.45125
1972-05-07,,,0.44125
1972-05-08,,,0.44
1972-05-09,,,0.43125
1972-05-10,,,0.43
1972-05-11,,,0.42125
1972-05-12,,,0.42
1972-05-13,,,0.42
1972-05-14,,,0.4025
1972-05-15,,,0.4
1972-05-16,,,0.4
1972-05-17,,,0.39125
1972-05-18,,,0.39
1972-05-19,,,0.38125
1972-05-20,,,0.38
1972-05-21,,,0.38
1972-05-22,,,0.37125
1972-05-23,,,0.37
1972-05-24,,,0.36125
1972-05-25,,,0.40375
1972-05-26,,,0.43625
1972-05-27,,,0.48375
1972-05-28,,,0.49875
1972-05-29,,,0.49125
1972-05-30,,,0.4725
1972-05-31,,,0.435
1972-06-01,,,0.40375
1972-06-02,,,0.3825
1972-06-03,,,0.38
1972-06-04,,,0.3625
1972-06-05,,,0.36
1972-06-06,,,0.35125
1972-06-07,,,0.35
1972-06-08,,,0.34125
1972-06-09,,,0.34
1972-06-10,,,0.34
1972-06-11,,,0.33125
1972-06-12,,,0.33
1972-06-13,,,0.33
1972-06-14,,,0.33
1972-06-15,,,0.33
1972-06-16,,,0.32125
1972-06-17,,,0.31125
1972-06-18,,,0.31
1972-06-19,,,0.31
1972-06-20,,,0.31
1972-06-21,,,0.31
1972-06-22,,,0.31
1972-06-23,,,0.30125
1972-06-24,,,0.3
1972-06-25,,,0.3
1972-06-26,,,0.3
1972-06-27,,,0.3
1972-06-28,,,0.3
1972-06-29,,,0.29125
1972-06-30,,,0.29
1972-07-01,,,0.29
1972-07-02,,,0.28125
1972-07-03,,,0.28
1972-07-04,,,0.28
1972-07-05,,,0.28
1972-07-06,,,0.28
1972-07-07,,,0.28
1972-07-08,,,0.28
1972-07-09,,,0.28
1972-07-10,,,0.28
1972-07-11,,,0.28
1972-07-12,,,0.27125
1972-07-13,,,0.29625
1972-07-14,,,0.3175
1972-07-15,,,0.39875
1972-07-16,,,0.4275
1972-07-17,,,0.43
1972-07-18,,,0.42125
1972-07-19,,,0.385
1972-07-20,,,0.33625
1972-07-21,,,0.3125
1972-07-22,,,0.2925
1972-07-23,,,0.28125
1972-07-24,,,0.28
1972-07-25,,,0.27125
1972-07-26,,,0.27
1972-07-27,,,0.27
1972-07-28,,,0.26125
1972-07-29,,,0.26
1972-07-30,,,0.26
1972-07-31,,,0.25125
1972-08-01,,,0.25
1972-08-02,,,0.25
1972-08-03,,,0.25
1972-08-04,,,0.25
1972-08-05,,,0.25
1972-08-06,,,0.24125
1972-08-07,,,0.24
1972-08-08,,,0.24
1972-08-09,,,0.23125
1972-08-10,,,0.23
1972-08-11,,,0.23
1972-08-12,,,0.23
1972-08-13,,,0.23
1972-08-14,,,0.23
1972-08-15,,,0.23
1972-08-16,,,0.22125
1972-08-17,,,0.22
1972-08-18,,,0.22
1972-08-19,,,0.21125
1972-08-20,,,0.21
1972-08-21,,,0.21
1972-08-22,,,0.21
1972-08-23,,,0.21
1972-08-24,,,0.21
1972-08-25,,,0.21
1972-08-26,,,0.20125
1972-08-27,,,0.2
1972-08-28,,,0.2
1972-08-29,,,0.2
1972-08-30,,,0.2
1972-08-31,,,0.19125
1972-09-01,,,0.19
1972-09-02,,,0.19
1972-09-03,,,0.19
1972-09-04,,,0.19
1972-09-05,,,0.18125
1972-09-06,,,0.18
1972-09-07,,,0.18
1972-09-08,,,0.17125
1972-09-09,,,0.17
1972-09-10,,,0.17
1972-09-11,,,0.17
1972-09-12,,,0.17
1972-09-13,,,0.17
1972-09-14,,,0.16125
1972-09-15,,,0.16875
1972-09-16,,,0.1875
1972-09-17,,,0.2075
1972-09-18,,,0.20125
1972-09-19,,,0.2
1972-09-20,,,0.2
1972-09-21,,,0.2
1972-09-22,,,0.19125
1972-09-23,,,0.18125
1972-09-24,,,0.17125
1972-09-25,,,0.1525
1972-09-26,,,0.15
1972-09-27,,,0.15
1972-09-28,,,0.15
1972-09-29,,,0.15
1972-09-30,,,0.15
1972-10-01,,,0.17625
1972-10-02,,,0.215
1972-10-03,,,0.22875
1972-10-04,,,0.2125
1972-10-05,,,0.28875
1972-10-06,,,0.39625
1972-10-07,,,0.34
1972-10-08,,,0.3125
1972-10-09,,,0.2925
1972-10-10,,,0.465
1972-10-11,,,0.77875
1972-10-12,,,0.8725
1972-10-13,,,0.66125
1972-10-14,,,0.51625
1972-10-15,,,0.54375
1972-10-16,,,0.75125
1972-10-17,,,0.68375
1972-10-18,,,0.67
1972-10-19,,,0.85375
1972-10-20,,,0.7225
1972-10-21,,,0.5775
1972-10-22,,,0.4375
1972-10-23,,,0.35
1972-10-24,,,0.305
1972-10-25,,,0.27375
1972-10-26,,,0.26125
1972-10-27,,,0.25125
1972-10-28,,,0.2325
1972-10-29,,,0.22125
1972-10-30,,,0.21125
1972-10-31,,,0.20125
1972-11-01,,,0.2
1972-11-02,,,0.2
1972-11-03,,,0.26125
1972-11-04,,,0.43625
1972-11-05,,,0.34625
1972-11-06,,,0.4875
1972-11-07,,,0.615
1972-11-08,,,0.69125
1972-11-09,,,0.7525
1972-11-10,,,0.69875
1972-11-11,,,0.97
1972-11-12,,,0.98375
1972-11-13,,,1.1375
1972-11-14,,,1.16875
1972-11-15,,,1.1875
1972-11-16,,,1.61
1972-11-17,,,1.8625
1972-11-18,,,2.02125
1972-11-19,,,1.8475
1972-11-20,,,2.1
1972-11-21,,,2.07875
1972-11-22,,,2.62125
1972-11-23,,,2.90125
1972-11-24,,,2.44
1972-11-25,,,2.04625
1972-11-26,,,2.28875
1972-11-27,,,2.00625
1972-11-28,,,1.72375
1972-11-29,,,1.725
1972-11-30,,,1.61625
1972-12-01,,,1.3025
1972-12-02,,,1.04125
1972-12-03,,,0.8175
1972-12-04,,,0.71125
1972-12-05,,,0.62125
1972-12-06,,,0.56625
1972-12-07,,,0.51625
1972-12-08,,,0.4925
1972-12-09,,,0.49
1972-12-10,,,0.6125
1972-12-11,,,0.58625
1972-12-12,,,0.62375
1972-12-13,,,0.945
1972-12-14,,,1.34
1972-12-15,,,1.18
1972-12-16,,,0.82625
1972-12-17,,,0.75375
1972-12-18,,,0.75875
1972-12-19,,,1.145
1972-12-20,,,1.19125
1972-12-21,,,0.90125
1972-12-22,,,0.86
1972-12-23,,,1.21
1972-12-24,,,2.1525
1972-12-25,,,2.315
1972-12-26,,,2.38125
1972-12-27,,,2.775
1972-12-28,,,2.8825
1972-12-29,,,2.75
1972-12-30,,,2.6075
1972-12-31,,,2.84375
1973-01-01,,,2.38125
1973-01-02,,,1.995
1973-01-03,,,1.97625
1973-01-04,,,1.88375
1973-01-05,,,1.765
1973-01-06,,,1.6625
1973-01-07,,,1.50125
1973-01-08,,,1.2875
1973-01-09,,,1.1025
1973-01-10,,,0.9225
1973-01-11,,,0.8475
1973-01-12,,,0.79625
1973-01-13,,,0.78125
1973-01-14,,,0.7625
1973-01-15,,,0.75125
1973-01-16,,,0.7675
1973-01-17,,,0.805
1973-01-18,,,1.04625
1973-01-19,,,1.22
1973-01-20,,,1.38875
1973-01-21,,,1.62875
1973-01-22,,,1.5725
1973-01-23,,,1.4025
1973-01-24,,,1.2925
1973-01-25,,,1.23625
1973-01-26,,,1.13375
1973-01-27,,,1.015
1973-01-28,,,0.9475
1973-01-29,,,0.87875
1973-01-30,,,0.8525
1973-01-31,,,0.8675
1973-02-01,,,0.96625
1973-02-02,,,1.05875
1973-02-03,,,1.11375
1973-02-04,,,1.23375
1973-02-05,,,1.1975
1973-02-06,,,1.1725
1973-02-07,,,1.31
1973-02-08,,,1.11125
1973-02-09,,,0.9225
1973-02-10,,,0.82125
1973-02-11,,,0.7925
1973-02-12,,,0.97375
1973-02-13,,,0.93
1973-02-14,,,0.85875
1973-02-15,,,0.8325
1973-02-16,,,0.87375
1973-02-17,,,0.87125
1973-02-18,,,0.8
1973-02-19,,,0.81625
1973-02-20,,,0.82
1973-02-21,,,0.77625
1973-02-22,,,0.805
1973-02-23,,,0.92375
1973-02-24,,,0.89625
1973-02-25,,,0.82875
1973-02-26,,,0.77625
1973-02-27,,,0.74375
1973-02-28,,,0.73125
1973-03-01,,,0.7475
1973-03-02,,,0.7675
1973-03-03,,,0.83125
1973-03-04,,,0.7875
1973-03-05,,,0.73625
1973-03-06,,,0.68625
1973-03-07,,,0.63625
1973-03-08,,,0.7875
1973-03-09,,,1.04625
1973-03-10,,,1.19375
1973-03-11,,,1.2625
1973-03-12,,,1.97875
1973-03-13,,,2.33375
1973-03-14,,,2.265
1973-03-15,,,1.99625
1973-03-16,,,1.86375
1973-03-17,,,1.92875
1973-03-18,,,1.5725
1973-03-19,,,1.38875
1973-03-20,,,1.195
1973-03-21,,,1.00375
1973-03-22,,,0.88375
1973-03-23,,,0.835
1973-03-24,,,0.9875
1973-03-25,,,1.15
1973-03-26,,,1.415
1973-03-27,,,1.7475
1973-03-28,,,2.07
1973-03-29,,,2.2325
1973-03-30,,,2.1975
1973-03-31,,,2.63625
1973-04-01,,,3.0675
1973-04-02,,,3.33
1973-04-03,,,2.91375
1973-04-04,,,2.605
1973-04-05,,,2.43875
1973-04-06,,,2.07
1973-04-07,,,1.81
1973-04-08,,,1.605
1973-04-09,,,1.4225
1973-04-10,,,1.28625
1973-04-11,,,1.1825
1973-04-12,,,1.10875
1973-04-13,,,1.03875
1973-04-14,,,0.9775
1973-04-15,,,0.97
1973-04-16,,,0.97875
1973-04-17,,,0.98875
1973-04-18,,,0.9725
1973-04-19,,,0.9
1973-04-20,,,0.82875
1973-04-21,,,0.785
1973-04-22,,,0.75375
1973-04-23,,,0.72375
1973-04-24,,,0.7025
1973-04-25,,,0.7
1973-04-26,,,0.6825
1973-04-27,,,0.65375
1973-04-28,,,0.64125
1973-04-29,,,0.63125
1973-04-30,,,0.63
1973-05-01,,,0.63
1973-05-02,,,0.6125
1973-05-03,,,0.60125
1973-05-04,,,0.59125
1973-05-05,,,0.58125
1973-05-06,,,0.57125
1973-05-07,,,0.5525
1973-05-08,,,0.55
1973-05-09,,,0.52375
1973-05-10,,,0.52
1973-05-11,,,0.52
1973-05-12,,,0.51125
1973-05-13,,,0.50125
1973-05-14,,,0.5
1973-05-15,,,0.5
1973-05-16,,,0.49125
1973-05-17,,,0.5075
1973-05-18,,,0.4925
1973-05-19,,,0.4725
1973-05-20,,,0.46125
1973-05-21,,,0.46
1973-05-22,,,0.46
1973-05-23,,,0.4425
1973-05-24,,,0.44
1973-05-25,,,0.44
1973-05-26,,,0.4575
1973-05-27,,,0.4425
1973-05-28,,,0.4575
1973-05-29,,,0.4425
1973-05-30,,,0.43125
1973-05-31,,,0.43
1973-06-01,,,0.4125
1973-06-02,,,0.41
1973-06-03,,,0.40125
1973-06-04,,,0.4
1973-06-05,,,0.39125
1973-06-06,,,0.39
1973-06-07,,,0.39
1973-06-08,,,0.38125
1973-06-09,,,0.38
1973-06-10,,,0.37125
1973-06-11,,,0.37
1973-06-12,,,0.37
1973-06-13,,,0.36125
1973-06-14,,,0.36
1973-06-15,,,0.35125
1973-06-16,,,0.34125
1973-06-17,,,0.34
1973-06-18,,,0.34
1973-06-19,,,0.34
1973-06-20,,,0.34
1973-06-21,,,0.33125
1973-06-22,,,0.33
1973-06-23,,,0.32125
1973-06-24,,,0.32
1973-06-25,,,0.32
1973-06-26,,,0.32
1973-06-27,,,0.32
1973-06-28,,,0.32875
1973-06-29,,,0.33875
1973-06-30,,,0.3575
1973-07-01,,,0.3775
1973-07-02,,,0.38875
1973-07-03,,,0.39875
1973-07-04,,,0.3825
1973-07-05,,,0.345
1973-07-06,,,0.33125
1973-07-07,,,0.3125
1973-07-08,,,0.31
1973-07-09,,,0.31
1973-07-10,,,0.30125
1973-07-11,,,0.3
1973-07-12,,,0.3
1973-07-13,,,0.29125
1973-07-14,,,0.29
1973-07-15,,,0.28125
1973-07-16,,,0.28
1973-07-17,,,0.28
1973-07-18,,,0.28
1973-07-19,,,0.28
1973-07-20,,,0.28
1973-07-21,,,0.28
1973-07-22,,,0.27125
1973-07-23,,,0.27
1973-07-24,,,0.27
1973-07-25,,,0.27
1973-07-26,,,0.26125
1973-07-27,,,0.26
1973-07-28,,,0.26
1973-07-29,,,0.26
1973-07-30,,,0.26
1973-07-31,,,0.26
1973-08-01,,,0.26
1973-08-02,,,0.25125
1973-08-03,,,0.25
1973-08-04,,,0.25
1973-08-05,,,0.25
1973-08-06,,,0.25
1973-08-07,,,0.25
1973-08-08,,,0.24125
1973-08-09,,,0.24
1973-08-10,,,0.24
1973-08-11,,,0.23125
1973-08-12,,,0.23
1973-08-13,,,0.23
1973-08-14,,,0.23
1973-08-15,,,0.23
1973-08-16,,,0.22125
1973-08-17,,,0.22
1973-08-18,,,0.22
1973-08-19,,,0.22
1973-08-20,,,0.22
1973-08-21,,,0.22
1973-08-22,,,0.22
1973-08-23,,,0.22
1973-08-24,,,0.21125
1973-08-25,,,0.21
1973-08-26,,,0.21
1973-08-27,,,0.20125
1973-08-28,,,0.2
1973-08-29,,,0.2
1973-08-30,,,0.2
1973-08-31,,,0.2
1973-09-01,,,0.2
1973-09-02,,,0.2
1973-09-03,,,0.2
1973-09-04,,,0.2
1973-09-05,,,0.2
1973-09-06,,,0.2
1973-09-07,,,0.2
1973-09-08,,,0.2
1973-09-09,,,0.2
1973-09-10,,,0.2
1973-09-11,,,0.2
1973-09-12,,,0.19125
1973-09-13,,,0.19
1973-09-14,,,0.19
1973-09-15,,,0.19
1973-09-16,,,0.18125
1973-09-17,,,0.18
1973-09-18,,,0.18
1973-09-19,,,0.18
1973-09-20,,,0.18
1973-09-21,,,0.17125
1973-09-22,,,0.17
1973-09-23,,,0.17
1973-09-24,,,0.17
1973-09-25,,,0.17
1973-09-26,,,0.17
1973-09-27,,,0.17
1973-09-28,,,0.17
1973-09-29,,,0.1875
1973-09-30,,,0.21625
1973-10-01,,,0.24625
1973-10-02,,,0.3025
1973-10-03,,,0.3275
1973-10-04,,,0.39125
1973-10-05,,,0.37375
1973-10-06,,,0.3175
1973-10-07,,,0.28375
1973-10-08,,,0.25375
1973-10-09,,,0.2325
1973-10-10,,,0.23875
1973-10-11,,,0.23125
1973-10-12,,,0.23
1973-10-13,,,0.2825
1973-10-14,,,0.4825
1973-10-15,,,0.5625
1973-10-16,,,0.745
1973-10-17,,,0.76125
1973-10-18,,,0.7425
1973-10-19,,,0.7925
1973-10-20,,,0.9225
1973-10-21,,,1.0625
1973-10-22,,,1.12375
1973-10-23,,,1.05125
1973-10-24,,,0.8125
1973-10-25,,,0.66625
1973-10-26,,,0.58
1973-10-27,,,0.57875
1973-10-28,,,1.34125
1973-10-29,,,1.16125
1973-10-30,,,1.365
1973-10-31,,,1.33
1973-11-01,,,1.4075
1973-11-02,,,1.20125
1973-11-03,,,1.12625
1973-11-04,,,1.1025
1973-11-05,,,1.0825
1973-11-06,,,1.38625
1973-11-07,,,1.78
1973-11-08,,,1.8475
1973-11-09,,,1.675
1973-11-10,,,1.08125
1973-11-11,,,0.88625
1973-11-12,,,0.765
1973-11-13,,,0.77625
1973-11-14,,,0.98125
1973-11-15,,,1.0975
1973-11-16,,,1.2675
1973-11-17,,,1.255
1973-11-18,,,1.2675
1973-11-19,,,1.47125
1973-11-20,,,1.35125
1973-11-21,,,1.58375
1973-11-22,,,1.9525
1973-11-23,,,2.1225
1973-11-24,,,1.9825
1973-11-25,,,1.6625
1973-11-26,,,1.62
1973-11-27,,,1.64625
1973-11-28,,,1.8075
1973-11-29,,,2.1975
1973-11-30,,,2.46875
1973-12-01,,,2.43
1973-12-02,,,2.1925
1973-12-03,,,2.02
1973-12-04,,,1.5975
1973-12-05,,,1.39125
1973-12-06,,,1.335
1973-12-07,,,1.3125
1973-12-08,,,1.2925
1973-12-09,,,1.29
1973-12-10,,,1.36
1973-12-11,,,1.25625
1973-12-12,,,1.21375
1973-12-13,,,1.28
1973-12-14,,,1.4125
1973-12-15,,,1.3075
1973-12-16,,,1.2025
1973-12-17,,,1.1725
1973-12-18,,,1.21375
1973-12-19,,,1.17625
1973-12-20,,,1.07375
1973-12-21,,,1.095
1973-12-22,,,0.98625
1973-12-23,,,1.11875
1973-12-24,,,1.0875
1973-12-25,,,1.03625
1973-12-26,,,0.96875
1973-12-27,,,1.09125
1973-12-28,,,1.18
1973-12-29,,,1.16375
1973-12-30,,,1.1775
1973-12-31,,,1.8275
1974-01-01,,,1.57875
1974-01-02,,,1.3725
1974-01-03,,,1.67375
1974-01-04,,,2.3675
1974-01-05,,,2.34625
1974-01-06,,,2.18125
1974-01-07,,,1.95875
1974-01-08,,,1.72875
1974-01-09,,,1.51625
1974-01-10,,,1.385
1974-01-11,,,1.405
1974-01-12,,,1.5325
1974-01-13,,,1.34
1974-01-14,,,1.14375
1974-01-15,,,1.1725
1974-01-16,,,1.20625
1974-01-17,,,1.1925
1974-01-18,,,1.14625
1974-01-19,,,0.9825
1974-01-20,,,0.96
1974-01-21,,,0.89
1974-01-22,,,0.775
1974-01-23,,,0.71625
1974-01-24,,,0.675
1974-01-25,,,0.67
1974-01-26,,,0.7225
1974-01-27,,,0.8175
1974-01-28,,,0.7425
1974-01-29,,,0.695
1974-01-30,,,0.6725
1974-01-31,,,0.62625
1974-02-01,,,0.7075
1974-02-02,,,1.0
1974-02-03,,,0.9875
1974-02-04,,,0.8575
1974-02-05,,,0.74375
1974-02-06,,,0.66
1974-02-07,,,0.62375
1974-02-08,,,0.5675
1974-02-09,,,0.53375
1974-02-10,,,0.5125
1974-02-11,,,0.5275
1974-02-12,,,0.53875
1974-02-13,,,0.5575
1974-02-14,,,0.5775
1974-02-15,,,0.65875
1974-02-16,,,0.74
1974-02-17,,,0.68875
1974-02-18,,,0.715
1974-02-19,,,0.65875
1974-02-20,,,0.58
1974-02-21,,,0.5175
1974-02-22,,,0.475
1974-02-23,,,0.435
1974-02-24,,,0.42125
1974-02-25,,,0.42
1974-02-26,,,0.42
1974-02-27,,,0.42875
1974-02-28,,,0.43
1974-03-01,,,0.43
1974-03-02,,,0.47375
1974-03-03,,,0.50625
1974-03-04,,,0.545
1974-03-05,,,0.57625
1974-03-06,,,0.60625
1974-03-07,,,0.56625
1974-03-08,,,0.58625
1974-03-09,,,0.8175
1974-03-10,,,1.1125
1974-03-11,,,1.15875
1974-03-12,,,1.5975
1974-03-13,,,2.03625
1974-03-14,,,2.20375
1974-03-15,,,2.465
1974-03-16,,,2.68375
1974-03-17,,,2.68375
1974-03-18,,,2.5925
1974-03-19,,,2.79875
1974-03-20,,,3.08375
1974-03-21,,,3.47875
1974-03-22,,,3.5125
1974-03-23,,,3.545
1974-03-24,,,3.5675
1974-03-25,,,3.7275
1974-03-26,,,3.82
1974-03-27,,,3.8475
1974-03-28,,,3.85
1974-03-29,,,3.815
1974-03-30,,,3.76625
1974-03-31,,,3.80375
1974-04-01,,,3.5825
1974-04-02,,,3.3225
1974-04-03,,,3.10625
1974-04-04,,,2.94875
1974-04-05,,,2.755
1974-04-06,,,2.4675
1974-04-07,,,2.1325
1974-04-08,,,1.87125
1974-04-09,,,1.6475
1974-04-10,,,1.585
1974-04-11,,,1.5625
1974-04-12,,,1.5775
1974-04-13,,,1.615
1974-04-14,,,1.75125
1974-04-15,,,1.91
1974-04-16,,,2.02625
1974-04-17,,,2.06625
1974-04-18,,,2.07875
1974-04-19,,,2.045
1974-04-20,,,1.9175
1974-04-21,,,1.75125
1974-04-22,,,1.54625
1974-04-23,,,1.4325
1974-04-24,,,1.30625
1974-04-25,,,1.19375
1974-04-26,,,1.11875
1974-04-27,,,1.2675
1974-04-28,,,1.66625
1974-04-29,,,1.92125
1974-04-30,,,1.55625
1974-05-01,,,1.3075
1974-05-02,,,1.14875
1974-05-03,,,1.06
1974-05-04,,,1.00625
1974-05-05,,,0.965
1974-05-06,,,0.9425
1974-05-07,,,0.91375
1974-05-08,,,0.8925
1974-05-09,,,0.8725
1974-05-10,,,0.87875
1974-05-11,,,0.85375
1974-05-12,,,0.8675
1974-05-13,,,0.86125
1974-05-14,,,0.825
1974-05-15,,,0.8025
1974-05-16,,,0.8
1974-05-17,,,0.79125
1974-05-18,,,0.8075
1974-05-19,,,0.78375
1974-05-20,,,0.7625
1974-05-21,,,0.75125
1974-05-22,,,0.7325
1974-05-23,,,0.7125
1974-05-24,,,0.6925
1974-05-25,,,0.68125
1974-05-26,,,0.67125
1974-05-27,,,0.67
1974-05-28,,,0.6525
1974-05-29,,,0.65
1974-05-30,,,0.65
1974-05-31,,,0.64125
1974-06-01,,,0.63125
1974-06-02,,,0.63875
1974-06-03,,,0.6225
1974-06-04,,,0.61125
1974-06-05,,,0.60125
1974-06-06,,,0.59125
1974-06-07,,,0.58125
1974-06-08,,,0.58
1974-06-09,,,0.58
1974-06-10,,,0.57125
1974-06-11,,,0.56125
1974-06-12,,,0.56
1974-06-13,,,0.56
1974-06-14,,,0.55125
1974-06-15,,,0.54125
1974-06-16,,,0.54
1974-06-17,,,0.53125
1974-06-18,,,0.52125
1974-06-19,,,0.52
1974-06-20,,,0.52
1974-06-21,,,0.51125
1974-06-22,,,0.51
1974-06-23,,,0.51
1974-06-24,,,0.50125
1974-06-25,,,0.49125
1974-06-26,,,0.49875
1974-06-27,,,0.5
1974-06-28,,,0.5
1974-06-29,,,0.49125
1974-06-30,,,0.49
1974-07-01,,,0.48125
1974-07-02,,,0.48
1974-07-03,,,0.47125
1974-07-04,,,0.46125
1974-07-05,,,0.46
1974-07-06,,,0.46
1974-07-07,,,0.46
1974-07-08,,,0.45125
1974-07-09,,,0.45
1974-07-10,,,0.45
1974-07-11,,,0.45
1974-07-12,,,0.44125
1974-07-13,,,0.44
1974-07-14,,,0.44
1974-07-15,,,0.43125
1974-07-16,,,0.43
1974-07-17,,,0.42125
1974-07-18,,,0.42
1974-07-19,,,0.42
1974-07-20,,,0.41125
1974-07-21,,,0.41
1974-07-22,,,0.41
1974-07-23,,,0.40125
1974-07-24,,,0.4
1974-07-25,,,0.39125
1974-07-26,,,0.39
1974-07-27,,,0.38125
1974-07-28,,,0.38
1974-07-29,,,0.38
1974-07-30,,,0.37125
1974-07-31,,,0.37
1974-08-01,,,0.37
1974-08-02,,,0.37
1974-08-03,,,0.37
1974-08-04,,,0.36125
1974-08-05,,,0.36
1974-08-06,,,0.36
1974-08-07,,,0.35125
1974-08-08,,,0.35
1974-08-09,,,0.35
1974-08-10,,,0.35
1974-08-11,,,0.34125
1974-08-12,,,0.34
1974-08-13,,,0.34
1974-08-14,,,0.34
1974-08-15,,,0.34
1974-08-16,,,0.3575
1974-08-17,,,0.38625
1974-08-18,,,0.39875
1974-08-19,,,0.40875
1974-08-20,,,0.41
1974-08-21,,,0.40125
1974-08-22,,,0.3825
1974-08-23,,,0.3625
1974-08-24,,,0.35125
1974-08-25,,,0.34125
1974-08-26,,,0.33125
1974-08-27,,,0.32125
1974-08-28,,,0.31125
1974-08-29,,,0.30125
1974-08-30,,,0.3
1974-08-31,,,0.3
1974-09-01,,,0.3
1974-09-02,,,0.29125
1974-09-03,,,0.29
1974-09-04,,,0.28125
1974-09-05,,,0.28
1974-09-06,,,0.28
1974-09-07,,,0.27125
1974-09-08,,,0.27
1974-09-09,,,0.27
1974-09-10,,,0.26125
1974-09-11,,,0.26
1974-09-12,,,0.26
1974-09-13,,,0.25125
1974-09-14,,,0.25
1974-09-15,,,0.25
1974-09-16,,,0.25
1974-09-17,,,0.25
1974-09-18,,,0.24125
1974-09-19,,,0.24
1974-09-20,,,0.24
1974-09-21,,,0.24
1974-09-22,,,0.23125
1974-09-23,,,0.23
1974-09-24,,,0.23
1974-09-25,,,0.23
1974-09-26,,,0.23
1974-09-27,,,0.23
1974-09-28,,,0.23
1974-09-29,,,0.22125
1974-09-30,,,0.22
1974-10-01,,,0.22
1974-10-02,,,0.22
1974-10-03,,,0.22
1974-10-04,,,0.21125
1974-10-05,,,0.21
1974-10-06,,,0.21
1974-10-07,,,0.21875
1974-10-08,,,0.22875
1974-10-09,,,0.27375
1974-10-10,,,0.32375
1974-10-11,,,0.30375
1974-10-12,,,0.29125
1974-10-13,,,0.29875
1974-10-14,,,0.30875
1974-10-15,,,0.30125
1974-10-16,,,0.2825
1974-10-17,,,0.27125
1974-10-18,,,0.27
1974-10-19,,,0.27
1974-10-20,,,0.375
1974-10-21,,,0.4425
1974-10-22,,,0.45875
1974-10-23,,,0.53
1974-10-24,,,0.65375
1974-10-25,,,0.80125
1974-10-26,,,0.7325
1974-10-27,,,0.72875
1974-10-28,,,0.695
1974-10-29,,,0.6375
1974-10-30,,,0.5775
1974-10-31,,,0.47375
1974-11-01,,,0.46875
1974-11-02,,,0.4875
1974-11-03,,,0.48125
1974-11-04,,,0.47125
1974-11-05,,,0.46125
1974-11-06,,,0.43375
1974-11-07,,,0.395
1974-11-08,,,0.39
1974-11-09,,,0.36375
1974-11-10,,,0.36875
1974-11-11,,,0.37
1974-11-12,,,0.3175
1974-11-13,,,0.275
1974-11-14,,,0.27875
1974-11-15,,,0.30625
1974-11-16,,,0.38
1974-11-17,,,0.36375
1974-11-18,,,0.38625
1974-11-19,,,0.39875
1974-11-20,,,0.33875
1974-11-21,,,0.365
1974-11-22,,,0.55375
1974-11-23,,,0.5275
1974-11-24,,,0.44125
1974-11-25,,,0.38625
1974-11-26,,,0.3625
1974-11-27,,,0.35125
1974-11-28,,,0.32375
1974-11-29,,,0.29375
1974-11-30,,,0.2725
1974-12-01,,,0.27
1974-12-02,,,0.24375
1974-12-03,,,0.275
1974-12-04,,,0.35875
1974-12-05,,,0.37
1974-12-06,,,0.43125
1974-12-07,,,0.69375
1974-12-08,,,0.82625
1974-12-09,,,0.97125
1974-12-10,,,1.03375
1974-12-11,,,1.0225
1974-12-12,,,0.7575
1974-12-13,,,0.545
1974-12-14,,,0.45875
1974-12-15,,,0.45
1974-12-16,,,0.44125
1974-12-17,,,0.4225
1974-12-18,,,0.41125
1974-12-19,,,0.47125
1974-12-20,,,0.515
1974-12-21,,,0.555
1974-12-22,,,0.525
1974-12-23,,,0.555
1974-12-24,,,0.58625
1974-12-25,,,0.61625
1974-12-26,,,0.83875
1974-12-27,,,1.22
1974-12-28,,,1.1475
1974-12-29,,,1.0425
1974-12-30,,,0.98625
1974-12-31,,,1.00625
1975-01-01,,,1.03625
1975-01-02,,,1.11875
1975-01-03,,,1.655
1975-01-04,,,1.73
1975-01-05,,,1.94
1975-01-06,,,2.425
1975-01-07,,,2.49875
1975-01-08,,,2.6575
1975-01-09,,,2.25125
1975-01-10,,,1.95375
1975-01-11,,,1.7275
1975-01-12,,,1.46375
1975-01-13,,,1.22875
1975-01-14,,,0.9725
1975-01-15,,,0.87
1975-01-16,,,0.79
1975-01-17,,,0.70125
1975-01-18,,,0.62875
1975-01-19,,,0.585
1975-01-20,,,0.53625
1975-01-21,,,0.6
1975-01-22,,,1.17
1975-01-23,,,1.11
1975-01-24,,,1.2125
1975-01-25,,,1.3175
1975-01-26,,,1.1375
1975-01-27,,,0.97875
1975-01-28,,,0.89
1975-01-29,,,0.85375
1975-01-30,,,0.7975
1975-01-31,,,0.72
1975-02-01,,,0.63125
1975-02-02,,,0.59375
1975-02-03,,,0.61625
1975-02-04,,,0.6375
1975-02-05,,,0.885
1975-02-06,,,1.26125
1975-02-07,,,1.84375
1975-02-08,,,1.89375
1975-02-09,,,1.65375
1975-02-10,,,1.7775
1975-02-11,,,2.10625
1975-02-12,,,2.0975
1975-02-13,,,1.60875
1975-02-14,,,1.225
1975-02-15,,,1.04
1975-02-16,,,0.95875
1975-02-17,,,0.8625
1975-02-18,,,0.78875
1975-02-19,,,0.73625
1975-02-20,,,0.695
1975-02-21,,,0.655
1975-02-22,,,0.65875
1975-02-23,,,0.6425
1975-02-24,,,0.66625
1975-02-25,,,0.78375
1975-02-26,,,0.72125
1975-02-27,,,0.75375
1975-02-28,,,0.80375
1975-03-01,,,0.74875
1975-03-02,,,0.69625
1975-03-03,,,0.62
1975-03-04,,,0.53125
1975-03-05,,,0.485
1975-03-06,,,0.45375
1975-03-07,,,0.44125
1975-03-08,,,0.4225
1975-03-09,,,0.42
1975-03-10,,,0.41125
1975-03-11,,,0.40125
1975-03-12,,,0.39125
1975-03-13,,,0.39
1975-03-14,,,0.38125
1975-03-15,,,0.37125
1975-03-16,,,0.37
1975-03-17,,,0.37
1975-03-18,,,0.37875
1975-03-19,,,0.38875
1975-03-20,,,0.43375
1975-03-21,,,0.41375
1975-03-22,,,0.41
1975-03-23,,,0.40125
1975-03-24,,,0.3825
1975-03-25,,,0.45
1975-03-26,,,0.48625
1975-03-27,,,0.4725
1975-03-28,,,0.56625
1975-03-29,,,0.55375
1975-03-30,,,0.4975
1975-03-31,,,0.44625
1975-04-01,,,0.46625
1975-04-02,,,0.6275
1975-04-03,,,0.86875
1975-04-04,,,0.99625
1975-04-05,,,1.22875
1975-04-06,,,1.2775
1975-04-07,,,1.09625
1975-04-08,,,0.9125
1975-04-09,,,0.715
1975-04-10,,,0.57625
1975-04-11,,,0.49875
1975-04-12,,,0.63
1975-04-13,,,0.685
1975-04-14,,,0.7075
1975-04-15,,,1.03375
1975-04-16,,,0.9925
1975-04-17,,,0.8225
1975-04-18,,,1.07125
1975-04-19,,,1.285
1975-04-20,,,1.23125
1975-04-21,,,1.22
1975-04-22,,,0.8875
1975-04-23,,,0.70875
1975-04-24,,,0.62875
1975-04-25,,,0.585
1975-04-26,,,0.57125
1975-04-27,,,0.54375
1975-04-28,,,0.4875
1975-04-29,,,0.45375
1975-04-30,,,0.4325
1975-05-01,,,0.4125
1975-05-02,,,0.40125
1975-05-03,,,0.39125
1975-05-04,,,0.38125
1975-05-05,,,0.37125
1975-05-06,,,0.36125
1975-05-07,,,0.36
1975-05-08,,,0.56125
1975-05-09,,,0.5375
1975-05-10,,,0.53
1975-05-11,,,0.48625
1975-05-12,,,0.4275
1975-05-13,,,0.4025
1975-05-14,,,0.3825
1975-05-15,,,0.37125
1975-05-16,,,0.37
1975-05-17,,,0.37
1975-05-18,,,0.36125
1975-05-19,,,0.35125
1975-05-20,,,0.34125
1975-05-21,,,0.34
1975-05-22,,,0.34875
1975-05-23,,,0.35
1975-05-24,,,0.34125
1975-05-25,,,0.33125
1975-05-26,,,0.32125
1975-05-27,,,0.31125
1975-05-28,,,0.31
1975-05-29,,,0.31
1975-05-30,,,0.31
1975-05-31,,,0.30125
1975-06-01,,,0.3
1975-06-02,,,0.3
1975-06-03,,,0.3
1975-06-04,,,0.3
1975-06-05,,,0.29125
1975-06-06,,,0.29
1975-06-07,,,0.29
1975-06-08,,,0.28125
1975-06-09,,,0.28
1975-06-10,,,0.28
1975-06-11,,,0.28
1975-06-12,,,0.27125
1975-06-13,,,0.27
1975-06-14,,,0.27
1975-06-15,,,0.27
1975-06-16,,,0.26125
1975-06-17,,,0.26
1975-06-18,,,0.26
1975-06-19,,,0.26
1975-06-20,,,0.26
1975-06-21,,,0.25125
1975-06-22,,,0.25875
1975-06-23,,,0.26
1975-06-24,,,0.26
1975-06-25,,,0.25125
1975-06-26,,,0.25
1975-06-27,,,0.25
1975-06-28,,,0.25
1975-06-29,,,0.25
1975-06-30,,,0.25
1975-07-01,,,0.25
1975-07-02,,,0.25
1975-07-03,,,0.25
1975-07-04,,,0.25
1975-07-05,,,0.25
1975-07-06,,,0.25
1975-07-07,,,0.25875
1975-07-08,,,0.2775
1975-07-09,,,0.28
1975-07-10,,,0.27125
1975-07-11,,,0.27
1975-07-12,,,0.26125
1975-07-13,,,0.25125
1975-07-14,,,0.25
1975-07-15,,,0.24125
1975-07-16,,,0.24
1975-07-17,,,0.23125
1975-07-18,,,0.23
1975-07-19,,,0.23
1975-07-20,,,0.22125
1975-07-21,,,0.22
1975-07-22,,,0.22
1975-07-23,,,0.22
1975-07-24,,,0.22
1975-07-25,,,0.22
1975-07-26,,,0.22
1975-07-27,,,0.22
1975-07-28,,,0.22
1975-07-29,,,0.21125
1975-07-30,,,0.21
1975-07-31,,,0.21
1975-08-01,,,0.21
1975-08-02,,,0.21
1975-08-03,,,0.21
1975-08-04,,,0.21
1975-08-05,,,0.20125
1975-08-06,,,0.2
1975-08-07,,,0.2
1975-08-08,,,0.2
1975-08-09,,,0.2
1975-08-10,,,0.19125
1975-08-11,,,0.19
1975-08-12,,,0.19
1975-08-13,,,0.19
1975-08-14,,,0.19
1975-08-15,,,0.18125
1975-08-16,,,0.18
1975-08-17,,,0.18
1975-08-18,,,0.18
1975-08-19,,,0.18
1975-08-20,,,0.17125
1975-08-21,,,0.17
1975-08-22,,,0.17
1975-08-23,,,0.17
1975-08-24,,,0.17
1975-08-25,,,0.17
1975-08-26,,,0.17
1975-08-27,,,0.17
1975-08-28,,,0.17
1975-08-29,,,0.16125
1975-08-30,,,0.16
1975-08-31,,,0.16
1975-09-01,,,0.16
1975-09-02,,,0.16
1975-09-03,,,0.16
1975-09-04,,,0.16
1975-09-05,,,0.15125
1975-09-06,,,0.15
1975-09-07,,,0.15
1975-09-08,,,0.45625
1975-09-09,,,0.19375
1975-09-10,,,0.15
1975-09-11,,,0.15
1975-09-12,,,0.14125
1975-09-13,,,0.14
1975-09-14,,,0.14
1975-09-15,,,0.14
1975-09-16,,,0.14
1975-09-17,,,0.14
1975-09-18,,,0.13125
1975-09-19,,,0.13
1975-09-20,,,0.13
1975-09-21,,,0.13
1975-09-22,,,0.13
1975-09-23,,,0.13
1975-09-24,,,0.13
1975-09-25,,,0.13
1975-09-26,,,0.13
1975-09-27,,,0.13
1975-09-28,,,0.13
1975-09-29,,,0.13875
1975-09-30,,,0.1575
1975-10-01,,,0.15125
1975-10-02,,,0.15
1975-10-03,,,0.15875
1975-10-04,,,0.16
1975-10-05,,,0.16
1975-10-06,,,0.15125
1975-10-07,,,0.15
1975-10-08,,,0.15
1975-10-09,,,0.19375
1975-10-10,,,0.24375
1975-10-11,,,0.34625
1975-10-12,,,0.24625
1975-10-13,,,0.30875
1975-10-14,,,0.39875
1975-10-15,,,0.3925
1975-10-16,,,0.43375
1975-10-17,,,0.44
1975-10-18,,,0.48375
1975-10-19,,,0.595
1975-10-20,,,0.54875
1975-10-21,,,0.44375
1975-10-22,,,0.42125
1975-10-23,,,0.4025
1975-10-24,,,0.35625
1975-10-25,,,0.30625
1975-10-26,,,0.25625
1975-10-27,,,0.41625
1975-10-28,,,0.55375
1975-10-29,,,0.43875
1975-10-30,,,0.55125
1975-10-31,,,0.56125
1975-11-01,,,0.455
1975-11-02,,,0.72
1975-11-03,,,0.9875
1975-11-04,,,0.81
1975-11-05,,,0.68375
1975-11-06,,,0.7575
1975-11-07,,,0.805
1975-11-08,,,0.94125
1975-11-09,,,0.81125
1975-11-10,,,0.67625
1975-11-11,,,0.72125
1975-11-12,,,0.65125
1975-11-13,,,0.66625
1975-11-14,,,0.7925
1975-11-15,,,0.95875
1975-11-16,,,1.00625
1975-11-17,,,1.01
1975-11-18,,,1.0275
1975-11-19,,,1.05625
1975-11-20,,,0.7975
1975-11-21,,,0.6725
1975-11-22,,,0.63375
1975-11-23,,,0.58625
1975-11-24,,,0.545
1975-11-25,,,0.91625
1975-11-26,,,1.1625
1975-11-27,,,1.07625
1975-11-28,,,0.9725
1975-11-29,,,1.1
1975-11-30,,,1.39125
1975-12-01,,,1.43875
1975-12-02,,,1.335
1975-12-03,,,1.18
1975-12-04,,,0.94125
1975-12-05,,,0.72625
1975-12-06,,,0.595
1975-12-07,,,0.4575
1975-12-08,,,0.4225
1975-12-09,,,0.39375
1975-12-10,,,0.36375
1975-12-11,,,0.36875
1975-12-12,,,0.36125
1975-12-13,,,0.43
1975-12-14,,,0.44875
1975-12-15,,,0.47625
1975-12-16,,,0.45375
1975-12-17,,,0.54625
1975-12-18,,,0.7
1975-12-19,,,0.69375
1975-12-20,,,0.62
1975-12-21,,,0.51375
1975-12-22,,,0.45625
1975-12-23,,,0.45875
1975-12-24,,,0.53
1975-12-25,,,0.51375
1975-12-26,,,0.615
1975-12-27,,,0.58625
1975-12-28,,,0.7025
1975-12-29,,,0.825
1975-12-30,,,0.9275
1975-12-31,,,0.905
1976-01-01,,,0.71625
1976-01-02,,,0.57625
1976-01-03,,,0.44625
1976-01-04,,,0.3775
1976-01-05,,,0.39625
1976-01-06,,,0.4875
1976-01-07,,,0.59625
1976-01-08,,,0.645
1976-01-09,,,0.615
1976-01-10,,,0.54
1976-01-11,,,0.46875
1976-01-12,,,0.4425
1976-01-13,,,0.4225
1976-01-14,,,0.39375
1976-01-15,,,0.39
1976-01-16,,,0.38125
1976-01-17,,,0.35375
1976-01-18,,,0.315
1976-01-19,,,0.28375
1976-01-20,,,0.25375
1976-01-21,,,0.2325
1976-01-22,,,0.23875
1976-01-23,,,0.24
1976-01-24,,,0.24
1976-01-25,,,0.24875
1976-01-26,,,0.25
1976-01-27,,,0.32875
1976-01-28,,,0.48
1976-01-29,,,0.395
1976-01-30,,,0.3975
1976-01-31,,,0.3825
1976-02-01,,,0.3625
1976-02-02,,,0.35125
1976-02-03,,,0.34125
1976-02-04,,,0.33125
1976-02-05,,,0.46125
1976-02-06,,,0.725
1976-02-07,,,0.66375
1976-02-08,,,0.6325
1976-02-09,,,0.6125
1976-02-10,,,0.54
1976-02-11,,,0.53875
1976-02-12,,,0.67125
1976-02-13,,,0.52375
1976-02-14,,,0.4825
1976-02-15,,,0.445
1976-02-16,,,0.39625
1976-02-17,,,0.38125
1976-02-18,,,0.40625
1976-02-19,,,0.43625
1976-02-20,,,0.41375
1976-02-21,,,0.40125
1976-02-22,,,0.365
1976-02-23,,,0.31625
1976-02-24,,,0.30125
1976-02-25,,,0.34375
1976-02-26,,,0.91
1976-02-27,,,1.17375
1976-02-28,,,1.0425
1976-02-29,,,1.23875
1976-03-01,,,1.85625
1976-03-02,,,1.8
1976-03-03,,,1.675
1976-03-04,,,1.38875
1976-03-05,,,1.0875
1976-03-06,,,0.8575
1976-03-07,,,0.6725
1976-03-08,,,0.5625
1976-03-09,,,0.4975
1976-03-10,,,0.46375
1976-03-11,,,0.43375
1976-03-12,,,0.4125
1976-03-13,,,0.43625
1976-03-14,,,0.44
1976-03-15,,,0.44
1976-03-16,,,0.64125
1976-03-17,,,0.62625
1976-03-18,,,0.54125
1976-03-19,,,0.46875
1976-03-20,,,0.425
1976-03-21,,,0.60375
1976-03-22,,,0.51625
1976-03-23,,,0.43
1976-03-24,,,0.63
1976-03-25,,,0.70375
1976-03-26,,,0.64875
1976-03-27,,,0.64
1976-03-28,,,0.605
1976-03-29,,,0.57375
1976-03-30,,,0.6225
1976-03-31,,,0.81375
1976-04-01,,,0.77875
1976-04-02,,,0.5775
1976-04-03,,,0.48875
1976-04-04,,,0.445
1976-04-05,,,0.41375
1976-04-06,,,0.375
1976-04-07,,,0.34375
1976-04-08,,,0.33125
1976-04-09,,,0.3125
1976-04-10,,,0.31
1976-04-11,,,0.31
1976-04-12,,,0.31875
1976-04-13,,,0.3025
1976-04-14,,,0.3
1976-04-15,,,0.29125
1976-04-16,,,0.28125
1976-04-17,,,0.28
1976-04-18,,,0.28
1976-04-19,,,0.27125
1976-04-20,,,0.27
1976-04-21,,,0.26125
1976-04-22,,,0.26
1976-04-23,,,0.25125
1976-04-24,,,0.25
1976-04-25,,,0.25
1976-04-26,,,0.25
1976-04-27,,,0.25
1976-04-28,,,0.25
1976-04-29,,,0.24125
1976-04-30,,,0.24875
1976-05-01,,,0.25875
1976-05-02,,,0.28625
1976-05-03,,,0.2725
1976-05-04,,,0.26125
1976-05-05,,,0.26
1976-05-06,,,0.25125
1976-05-07,,,0.24125
1976-05-08,,,0.24
1976-05-09,,,0.24
1976-05-10,,,0.24
1976-05-11,,,0.24
1976-05-12,,,0.24
1976-05-13,,,0.23125
1976-05-14,,,0.23
1976-05-15,,,0.23
1976-05-16,,,0.23
1976-05-17,,,0.23
1976-05-18,,,0.23
1976-05-19,,,0.23
1976-05-20,,,0.23
1976-05-21,,,0.23
1976-05-22,,,0.23
1976-05-23,,,0.23
1976-05-24,,,0.23
1976-05-25,,,0.23875
1976-05-26,,,0.24
1976-05-27,,,0.24
1976-05-28,,,0.23125
1976-05-29,,,0.22125
1976-05-30,,,0.22
1976-05-31,,,0.22875
1976-06-01,,,0.23
1976-06-02,,,0.22125
1976-06-03,,,0.22875
1976-06-04,,,0.23
1976-06-05,,,0.22125
1976-06-06,,,0.22
1976-06-07,,,0.21125
1976-06-08,,,0.21
1976-06-09,,,0.20125
1976-06-10,,,0.2
1976-06-11,,,0.2
1976-06-12,,,0.2
1976-06-13,,,0.2
1976-06-14,,,0.19125
1976-06-15,,,0.19
1976-06-16,,,0.19
1976-06-17,,,0.19
1976-06-18,,,0.19
1976-06-19,,,0.19
1976-06-20,,,0.19
1976-06-21,,,0.19
1976-06-22,,,0.18125
1976-06-23,,,0.18
1976-06-24,,,0.18
1976-06-25,,,0.18
1976-06-26,,,0.18
1976-06-27,,,0.18
1976-06-28,,,0.18
1976-06-29,,,0.18
1976-06-30,,,0.18
1976-07-01,,,0.18
1976-07-02,,,0.18
1976-07-03,,,0.17125
1976-07-04,,,0.17
1976-07-05,,,0.1875
1976-07-06,,,0.19
1976-07-07,,,0.19
1976-07-08,,,0.19
1976-07-09,,,0.19
1976-07-10,,,0.19
1976-07-11,,,0.19
1976-07-12,,,0.18125
1976-07-13,,,0.17125
1976-07-14,,,0.17
1976-07-15,,,0.17
1976-07-16,,,0.17
1976-07-17,,,0.17
1976-07-18,,,0.17
1976-07-19,,,0.17
1976-07-20,,,0.16125
1976-07-21,,,0.16
1976-07-22,,,0.16
1976-07-23,,,0.16875
1976-07-24,,,0.16125
1976-07-25,,,0.16875
1976-07-26,,,0.17
1976-07-27,,,0.17
1976-07-28,,,0.17
1976-07-29,,,0.17
1976-07-30,,,0.17
1976-07-31,,,0.16125
1976-08-01,,,0.16
1976-08-02,,,0.16
1976-08-03,,,0.15125
1976-08-04,,,0.15
1976-08-05,,,0.15
1976-08-06,,,0.15
1976-08-07,,,0.15
1976-08-08,,,0.15
1976-08-09,,,0.15
1976-08-10,,,0.15
1976-08-11,,,0.15
1976-08-12,,,0.14125
1976-08-13,,,0.14
1976-08-14,,,0.14
1976-08-15,,,0.14
1976-08-16,,,0.14
1976-08-17,,,0.14
1976-08-18,,,0.14
1976-08-19,,,0.14
1976-08-20,,,0.14
1976-08-21,,,0.14
1976-08-22,,,0.14
1976-08-23,,,0.14
1976-08-24,,,0.14
1976-08-25,,,0.14
1976-08-26,,,0.14
1976-08-27,,,0.14
1976-08-28,,,0.13125
1976-08-29,,,0.13
1976-08-30,,,0.13
1976-08-31,,,0.13
1976-09-01,,,0.13
1976-09-02,,,0.13
1976-09-03,,,0.13
1976-09-04,,,0.13
1976-09-05,,,0.13
1976-09-06,,,0.13
1976-09-07,,,0.12125
1976-09-08,,,0.12
1976-09-09,,,0.12875
1976-09-10,,,0.13
1976-09-11,,,0.13
1976-09-12,,,0.1475
1976-09-13,,,0.22
1976-09-14,,,0.405
1976-09-15,,,0.36875
1976-09-16,,,0.2725
1976-09-17,,,0.37375
1976-09-18,,,0.48625
1976-09-19,,,0.45625
1976-09-20,,,0.35375
1976-09-21,,,0.29625
1976-09-22,,,0.3075
1976-09-23,,,0.3275
1976-09-24,,,0.3125
1976-09-25,,,0.3625
1976-09-26,,,0.34375
1976-09-27,,,0.2875
1976-09-28,,,0.2625
1976-09-29,,,0.575
1976-09-30,,,0.62
1976-10-01,,,0.5325
1976-10-02,,,0.5725
1976-10-03,,,0.51
1976-10-04,,,0.3775
1976-10-05,,,0.28125
1976-10-06,,,0.24375
1976-10-07,,,0.24
1976-10-08,,,0.2575
1976-10-09,,,0.2775
1976-10-10,,,0.4025
1976-10-11,,,0.3675
1976-10-12,,,0.29875
1976-10-13,,,0.26375
1976-10-14,,,0.2425
1976-10-15,,,0.24
1976-10-16,,,0.23125
1976-10-17,,,0.2125
1976-10-18,,,0.1925
1976-10-19,,,0.18125
1976-10-20,,,0.17125
1976-10-21,,,0.1875
1976-10-22,,,0.2775
1976-10-23,,,0.2725
1976-10-24,,,0.26125
1976-10-25,,,0.26
1976-10-26,,,0.47875
1976-10-27,,,0.5275
1976-10-28,,,0.60875
1976-10-29,,,0.57625
1976-10-30,,,0.40375
1976-10-31,,,0.345
1976-11-01,,,0.2875
1976-11-02,,,0.245
1976-11-03,,,0.23125
1976-11-04,,,0.2475
1976-11-05,,,0.29375
1976-11-06,,,0.4575
1976-11-07,,,0.62875
1976-11-08,,,0.53625
1976-11-09,,,0.485
1976-11-10,,,0.4975
1976-11-11,,,0.68375
1976-11-12,,,0.66625
1976-11-13,,,0.59
1976-11-14,,,0.76375
1976-11-15,,,0.9475
1976-11-16,,,0.68125
1976-11-17,,,1.50625
1976-11-18,,,2.0325
1976-11-19,,,1.705
1976-11-20,,,1.30875
1976-11-21,,,1.61875
1976-11-22,,,2.79875
1976-11-23,,,2.89875
1976-11-24,,,2.89875
1976-11-25,,,2.6725
1976-11-26,,,2.29
1976-11-27,,,1.93375
1976-11-28,,,1.54
1976-11-29,,,1.34125
1976-11-30,,,1.24125
1976-12-01,,,1.055
1976-12-02,,,0.995
1976-12-03,,,0.9375
1976-12-04,,,1.32375
1976-12-05,,,1.59
1976-12-06,,,1.24375
1976-12-07,,,1.33
1976-12-08,,,1.37625
1976-12-09,,,1.24875
1976-12-10,,,1.22125
1976-12-11,,,1.29
1976-12-12,,,1.7025
1976-12-13,,,2.425
1976-12-14,,,2.66
1976-12-15,,,2.39125
1976-12-16,,,2.09625
1976-12-17,,,1.98125
1976-12-18,,,1.96125
1976-12-19,,,2.05625
1976-12-20,,,2.3675
1976-12-21,,,2.85625
1976-12-22,,,3.40125
1976-12-23,,,4.23125
1976-12-24,,,3.675
1976-12-25,,,3.3175
1976-12-26,,,3.0175
1976-12-27,,,2.665
1976-12-28,,,2.27875
1976-12-29,,,2.265
1976-12-30,,,2.8825
1976-12-31,,,2.6725
1977-01-01,,,2.5775
1977-01-02,,,2.28125
1977-01-03,,,2.205
1977-01-04,,,2.36625
1977-01-05,,,2.215
1977-01-06,,,2.0325
1977-01-07,,,1.96625
1977-01-08,,,1.8725
1977-01-09,,,1.7725
1977-01-10,,,1.55875
1977-01-11,,,1.34625
1977-01-12,,,1.18875
1977-01-13,,,1.03875
1977-01-14,,,0.90625
1977-01-15,,,0.82875
1977-01-16,,,0.7675
1977-01-17,,,0.7425
1977-01-18,,,0.73125
1977-01-19,,,0.98375
1977-01-20,,,0.95875
1977-01-21,,,1.51
1977-01-22,,,2.61375
1977-01-23,,,2.31375
1977-01-24,,,2.5825
1977-01-25,,,3.0325
1977-01-26,,,2.99375
1977-01-27,,,3.47
1977-01-28,,,3.77625
1977-01-29,,,3.64375
1977-01-30,,,4.005
1977-01-31,,,4.3225
1977-02-01,,,4.00125
1977-02-02,,,3.6525
1977-02-03,,,3.33
1977-02-04,,,3.17625
1977-02-05,,,3.0725
1977-02-06,,,2.99
1977-02-07,,,2.91
1977-02-08,,,2.83
1977-02-09,,,2.70625
1977-02-10,,,2.55
1977-02-11,,,2.32
1977-02-12,,,1.94875
1977-02-13,,,1.59375
1977-02-14,,,1.36625
1977-02-15,,,1.2175
1977-02-16,,,1.095
1977-02-17,,,1.01
1977-02-18,,,0.93875
1977-02-19,,,0.88625
1977-02-20,,,0.85375
1977-02-21,,,0.815
1977-02-22,,,0.78375
1977-02-23,,,0.75375
1977-02-24,,,0.7325
1977-02-25,,,0.73
1977-02-26,,,0.73
1977-02-27,,,0.73
1977-02-28,,,0.7125
1977-03-01,,,0.68375
1977-03-02,,,0.6625
1977-03-03,,,0.6425
1977-03-04,,,0.6225
1977-03-05,,,0.6025
1977-03-06,,,0.59125
1977-03-07,,,0.5725
1977-03-08,,,0.56125
1977-03-09,,,0.55125
1977-03-10,,,0.5325
1977-03-11,,,0.52125
1977-03-12,,,0.51125
1977-03-13,,,0.50125
1977-03-14,,,0.49125
1977-03-15,,,0.49
1977-03-16,,,0.48125
1977-03-17,,,0.48
1977-03-18,,,0.47125
1977-03-19,,,0.47
1977-03-20,,,0.46125
1977-03-21,,,0.46
1977-03-22,,,0.4775
1977-03-23,,,0.57625
1977-03-24,,,0.63375
1977-03-25,,,0.63125
1977-03-26,,,0.60375
1977-03-27,,,0.565
1977-03-28,,,0.53375
1977-03-29,,,0.50375
1977-03-30,,,0.4825
1977-03-31,,,0.48
1977-04-01,,,0.6025
1977-04-02,,,0.83875
1977-04-03,,,1.0275
1977-04-04,,,1.645
1977-04-05,,,1.485
1977-04-06,,,1.24875
1977-04-07,,,1.03625
1977-04-08,,,0.8875
1977-04-09,,,0.80875
1977-04-10,,,0.72125
1977-04-11,,,0.64875
1977-04-12,,,0.59625
1977-04-13,,,0.56375
1977-04-14,,,0.53375
1977-04-15,,,0.50375
1977-04-16,,,0.4825
1977-04-17,,,0.4625
1977-04-18,,,0.45125
1977-04-19,,,0.44125
1977-04-20,,,0.44
1977-04-21,,,0.72875
1977-04-22,,,0.7875
1977-04-23,,,0.92125
1977-04-24,,,0.87875
1977-04-25,,,0.87875
1977-04-26,,,0.7925
1977-04-27,,,0.66625
1977-04-28,,,0.5625
1977-04-29,,,0.50625
1977-04-30,,,0.4825
1977-05-01,,,0.4625
1977-05-02,,,0.45125
1977-05-03,,,0.45
1977-05-04,,,0.45
1977-05-05,,,0.45
1977-05-06,,,0.44125
1977-05-07,,,0.43125
1977-05-08,,,0.43
1977-05-09,,,0.42125
1977-05-10,,,0.41125
1977-05-11,,,0.40125
1977-05-12,,,0.4
1977-05-13,,,0.39125
1977-05-14,,,0.39
1977-05-15,,,0.38125
1977-05-16,,,0.38
1977-05-17,,,0.40625
1977-05-18,,,0.43625
1977-05-19,,,0.51
1977-05-20,,,0.52
1977-05-21,,,0.52
1977-05-22,,,0.49375
1977-05-23,,,0.44625
1977-05-24,,,0.405
1977-05-25,,,0.39125
1977-05-26,,,0.38125
1977-05-27,,,0.37125
1977-05-28,,,0.37
1977-05-29,,,0.36125
1977-05-30,,,0.36
1977-05-31,,,0.36
1977-06-01,,,0.35125
1977-06-02,,,0.35
1977-06-03,,,0.35
1977-06-04,,,0.35
1977-06-05,,,0.34125
1977-06-06,,,0.34
1977-06-07,,,0.34875
1977-06-08,,,0.35
1977-06-09,,,0.35
1977-06-10,,,0.34125
1977-06-11,,,0.34
1977-06-12,,,0.34
1977-06-13,,,0.34
1977-06-14,,,0.34
1977-06-15,,,0.34
1977-06-16,,,0.34875
1977-06-17,,,0.34125
1977-06-18,,,0.33125
1977-06-19,,,0.32125
1977-06-20,,,0.32
1977-06-21,,,0.31125
1977-06-22,,,0.31
1977-06-23,,,0.31
1977-06-24,,,0.31
1977-06-25,,,0.31
1977-06-26,,,0.30125
1977-06-27,,,0.3
1977-06-28,,,0.3
1977-06-29,,,0.29125
1977-06-30,,,0.29
1977-07-01,,,0.29
1977-07-02,,,0.29
1977-07-03,,,0.29
1977-07-04,,,0.28125
1977-07-05,,,0.28
1977-07-06,,,0.28
1977-07-07,,,0.28
1977-07-08,,,0.28
1977-07-09,,,0.28
1977-07-10,,,0.28
1977-07-11,,,0.28
1977-07-12,,,0.27125
1977-07-13,,,0.27
1977-07-14,,,0.27
1977-07-15,,,0.27
1977-07-16,,,0.27
1977-07-17,,,0.26125
1977-07-18,,,0.26
1977-07-19,,,0.26
1977-07-20,,,0.26
1977-07-21,,,0.26
1977-07-22,,,0.26
1977-07-23,,,0.25125
1977-07-24,,,0.25
1977-07-25,,,0.25
1977-07-26,,,0.25
1977-07-27,,,0.25
1977-07-28,,,0.25
1977-07-29,,,0.25
1977-07-30,,,0.24125
1977-07-31,,,0.24
1977-08-01,,,0.24
1977-08-02,,,0.24
1977-08-03,,,0.24
1977-08-04,,,0.24
1977-08-05,,,0.23125
1977-08-06,,,0.23
1977-08-07,,,0.23
1977-08-08,,,0.23
1977-08-09,,,0.23
1977-08-10,,,0.23
1977-08-11,,,0.23
1977-08-12,,,0.22125
1977-08-13,,,0.22
1977-08-14,,,0.22
1977-08-15,,,0.22
1977-08-16,,,0.22
1977-08-17,,,0.22
1977-08-18,,,0.22
1977-08-19,,,0.21125
1977-08-20,,,0.21
1977-08-21,,,0.21
1977-08-22,,,0.21
1977-08-23,,,0.21
1977-08-24,,,0.21
1977-08-25,,,0.21
1977-08-26,,,0.21
1977-08-27,,,0.21
1977-08-28,,,0.21
1977-08-29,,,0.21
1977-08-30,,,0.21
1977-08-31,,,0.21
1977-09-01,,,0.20125
1977-09-02,,,0.2
1977-09-03,,,0.2
1977-09-04,,,0.2
1977-09-05,,,0.20875
1977-09-06,,,0.21
1977-09-07,,,0.21
1977-09-08,,,0.21875
1977-09-09,,,0.22875
1977-09-10,,,0.2475
1977-09-11,,,0.2325
1977-09-12,,,0.22125
1977-09-13,,,0.21125
1977-09-14,,,0.21
1977-09-15,,,0.20125
1977-09-16,,,0.2
1977-09-17,,,0.19125
1977-09-18,,,0.19
1977-09-19,,,0.19
1977-09-20,,,0.19
1977-09-21,,,0.19
1977-09-22,,,0.19
1977-09-23,,,0.18125
1977-09-24,,,0.1975
1977-09-25,,,0.2175
1977-09-26,,,0.22
1977-09-27,,,0.2375
1977-09-28,,,0.24
1977-09-29,,,0.24
1977-09-30,,,0.23125
1977-10-01,,,0.23
1977-10-02,,,0.22125
1977-10-03,,,0.21125
1977-10-04,,,0.21
1977-10-05,,,0.2275
1977-10-06,,,0.37
1977-10-07,,,0.78375
1977-10-08,,,0.7175
1977-10-09,,,0.72625
1977-10-10,,,0.6075
1977-10-11,,,0.5025
1977-10-12,,,0.42875
1977-10-13,,,0.35
1977-10-14,,,0.29625
1977-10-15,,,0.2725
1977-10-16,,,0.2525
1977-10-17,,,0.2325
1977-10-18,,,0.22125
1977-10-19,,,0.22
1977-10-20,,,0.21125
1977-10-21,,,0.21
1977-10-22,,,0.21
1977-10-23,,,0.245
1977-10-24,,,0.22375
1977-10-25,,,0.21125
1977-10-26,,,0.21875
1977-10-27,,,0.22875
1977-10-28,,,0.22125
1977-10-29,,,0.2375
1977-10-30,,,0.35375
1977-10-31,,,0.34375
1977-11-01,,,0.4625
1977-11-02,,,0.515
1977-11-03,,,0.4675
1977-11-04,,,0.36375
1977-11-05,,,0.3325
1977-11-06,,,0.33875
1977-11-07,,,0.50625
1977-11-08,,,0.74875
1977-11-09,,,0.61375
1977-11-10,,,0.45875
1977-11-11,,,0.39625
1977-11-12,,,0.39
1977-11-13,,,0.39
1977-11-14,,,0.36375
1977-11-15,,,0.33375
1977-11-16,,,0.32125
1977-11-17,,,0.285
1977-11-18,,,0.2625
1977-11-19,,,0.295
1977-11-20,,,0.36125
1977-11-21,,,0.43125
1977-11-22,,,0.44875
1977-11-23,,,0.52
1977-11-24,,,0.53875
1977-11-25,,,0.60125
1977-11-26,,,0.88125
1977-11-27,,,0.92
1977-11-28,,,0.9025
1977-11-29,,,0.96125
1977-11-30,,,0.8825
1977-12-01,,,0.98375
1977-12-02,,,1.2625
1977-12-03,,,0.94125
1977-12-04,,,0.82
1977-12-05,,,0.90625
1977-12-06,,,0.92875
1977-12-07,,,0.8425
1977-12-08,,,0.6725
1977-12-09,,,0.5625
1977-12-10,,,0.4975
1977-12-11,,,0.48125
1977-12-12,,,0.445
1977-12-13,,,0.5275
1977-12-14,,,0.51375
1977-12-15,,,0.545
1977-12-16,,,0.59375
1977-12-17,,,0.57375
1977-12-18,,,0.5525
1977-12-19,,,0.5675
1977-12-20,,,0.54375
1977-12-21,,,0.8725
1977-12-22,,,1.20875
1977-12-23,,,1.11875
1977-12-24,,,1.96625
1977-12-25,,,2.475
1977-12-26,,,2.3725
1977-12-27,,,2.3325
1977-12-28,,,2.37375
1977-12-29,,,2.52
1977-12-30,,,2.4875
1977-12-31,,,2.165
1978-01-01,,,1.805
1978-01-02,,,1.40125
1978-01-03,,,1.48125
1978-01-04,,,1.33375
1978-01-05,,,1.31875
1978-01-06,,,1.2675
1978-01-07,,,1.8725
1978-01-08,,,2.5025
1978-01-09,,,2.5275
1978-01-10,,,2.52875
1978-01-11,,,3.2475
1978-01-12,,,3.27125
1978-01-13,,,4.5375
1978-01-14,,,5.20125
1978-01-15,,,5.0425
1978-01-16,,,4.7475
1978-01-17,,,4.5
1978-01-18,,,4.155
1978-01-19,,,3.92625
1978-01-20,,,3.85625
1978-01-21,,,3.8675
1978-01-22,,,3.94
1978-01-23,,,4.0025
1978-01-24,,,3.8525
1978-01-25,,,3.59375
1978-01-26,,,3.27125
1978-01-27,,,2.92375
1978-01-28,,,2.45125
1978-01-29,,,1.8825
1978-01-30,,,1.4775
1978-01-31,,,1.2375
1978-02-01,,,1.0875
1978-02-02,,,0.9825
1978-02-03,,,0.9
1978-02-04,,,0.8375
1978-02-05,,,0.795
1978-02-06,,,0.755
1978-02-07,,,0.74125
1978-02-08,,,0.62625
1978-02-09,,,1.23125
1978-02-10,,,1.32
1978-02-11,,,1.18
1978-02-12,,,1.16
1978-02-13,,,1.99125
1978-02-14,,,3.0025
1978-02-15,,,2.24625
1978-02-16,,,2.12
1978-02-17,,,2.0675
1978-02-18,,,2.40125
1978-02-19,,,2.37125
1978-02-20,,,2.38625
1978-02-21,,,2.25875
1978-02-22,,,2.03
1978-02-23,,,1.72
1978-02-24,,,1.63625
1978-02-25,,,1.77875
1978-02-26,,,1.9575
1978-02-27,,,2.14625
1978-02-28,,,2.23125
1978-03-01,,,2.135
1978-03-02,,,1.91
1978-03-03,,,1.71375
1978-03-04,,,1.76
1978-03-05,,,2.19875
1978-03-06,,,2.6275
1978-03-07,,,3.35375
1978-03-08,,,3.72125
1978-03-09,,,3.61125
1978-03-10,,,3.3975
1978-03-11,,,3.2475
1978-03-12,,,3.2125
1978-03-13,,,3.23625
1978-03-14,,,3.38875
1978-03-15,,,3.41875
1978-03-16,,,3.42
1978-03-17,,,3.3325
1978-03-18,,,3.0225
1978-03-19,,,2.49875
1978-03-20,,,2.0625
1978-03-21,,,1.77375
1978-03-22,,,1.55625
1978-03-23,,,1.41625
1978-03-24,,,1.30375
1978-03-25,,,1.21125
1978-03-26,,,1.13875
1978-03-27,,,1.095
1978-03-28,,,1.0725
1978-03-29,,,1.0525
1978-03-30,,,1.07625
1978-03-31,,,1.05375
1978-04-01,,,1.155
1978-04-02,,,1.12625
1978-04-03,,,1.26875
1978-04-04,,,1.61375
1978-04-05,,,1.91375
1978-04-06,,,2.0725
1978-04-07,,,2.23
1978-04-08,,,2.2325
1978-04-09,,,1.9675
1978-04-10,,,1.58
1978-04-11,,,1.39875
1978-04-12,,,1.3625
1978-04-13,,,1.36
1978-04-14,,,1.35125
1978-04-15,,,1.27125
1978-04-16,,,1.25125
1978-04-17,,,1.17125
1978-04-18,,,1.09875
1978-04-19,,,1.02
1978-04-20,,,0.94875
1978-04-21,,,0.91375
1978-04-22,,,0.90125
1978-04-23,,,1.0225
1978-04-24,,,1.13625
1978-04-25,,,1.14125
1978-04-26,,,1.11375
1978-04-27,,,0.96125
1978-04-28,,,0.87875
1978-04-29,,,0.82625
1978-04-30,,,0.79375
1978-05-01,,,0.76375
1978-05-02,,,0.75125
1978-05-03,,,0.77625
1978-05-04,,,0.78
1978-05-05,,,0.75375
1978-05-06,,,0.74125
1978-05-07,,,0.71375
1978-05-08,,,0.6925
1978-05-09,,,0.6725
1978-05-10,,,0.66125
1978-05-11,,,0.65125
1978-05-12,,,0.64125
1978-05-13,,,0.63125
1978-05-14,,,0.62125
1978-05-15,,,0.59375
1978-05-16,,,0.6075
1978-05-17,,,0.60125
1978-05-18,,,0.59125
1978-05-19,,,0.59
1978-05-20,,,0.58125
1978-05-21,,,0.58
1978-05-22,,,0.58
1978-05-23,,,0.72875
1978-05-24,,,0.6975
1978-05-25,,,0.6725
1978-05-26,,,0.7225
1978-05-27,,,0.6775
1978-05-28,,,0.64375
1978-05-29,,,0.71
1978-05-30,,,0.755
1978-05-31,,,1.1275
1978-06-01,,,1.285
1978-06-02,,,1.29125
1978-06-03,,,1.26375
1978-06-04,,,0.9975
1978-06-05,,,0.8025
1978-06-06,,,0.71
1978-06-07,,,0.665
1978-06-08,,,0.63375
1978-06-09,,,0.6125
1978-06-10,,,0.60125
1978-06-11,,,0.59125
1978-06-12,,,0.58125
1978-06-13,,,0.57125
1978-06-14,,,0.56125
1978-06-15,,,0.55125
1978-06-16,,,0.54125
1978-06-17,,,0.53125
1978-06-18,,,0.52125
1978-06-19,,,0.52
1978-06-20,,,0.51125
1978-06-21,,,0.50125
1978-06-22,,,0.5
1978-06-23,,,0.5
1978-06-24,,,0.49125
1978-06-25,,,0.49
1978-06-26,,,0.48125
1978-06-27,,,0.48
1978-06-28,,,0.48
1978-06-29,,,0.48
1978-06-30,,,0.47125
1978-07-01,,,0.47
1978-07-02,,,0.46125
1978-07-03,,,0.46
1978-07-04,,,0.46
1978-07-05,,,0.45125
1978-07-06,,,0.45
1978-07-07,,,0.45
1978-07-08,,,0.44125
1978-07-09,,,0.44
1978-07-10,,,0.44
1978-07-11,,,0.44
1978-07-12,,,0.43125
1978-07-13,,,0.43
1978-07-14,,,0.43
1978-07-15,,,0.43
1978-07-16,,,0.42125
1978-07-17,,,0.42
1978-07-18,,,0.42
1978-07-19,,,0.4375
1978-07-20,,,0.44875
1978-07-21,,,0.45
1978-07-22,,,0.485
1978-07-23,,,0.53375
1978-07-24,,,0.505
1978-07-25,,,0.49125
1978-07-26,,,0.48125
1978-07-27,,,0.48
1978-07-28,,,0.45375
1978-07-29,,,0.4325
1978-07-30,,,0.42125
1978-07-31,,,0.41125
1978-08-01,,,0.40125
1978-08-02,,,0.39125
1978-08-03,,,0.39
1978-08-04,,,0.39
1978-08-05,,,0.38125
1978-08-06,,,0.38
1978-08-07,,,0.37125
1978-08-08,,,0.37
1978-08-09,,,0.37
1978-08-10,,,0.37
1978-08-11,,,0.37
1978-08-12,,,0.37
1978-08-13,,,0.36125
1978-08-14,,,0.36
1978-08-15,,,0.35125
1978-08-16,,,0.35
1978-08-17,,,0.35
1978-08-18,,,0.34125
1978-08-19,,,0.34
1978-08-20,,,0.34
1978-08-21,,,0.34
1978-08-22,,,0.34
1978-08-23,,,0.33125
1978-08-24,,,0.33
1978-08-25,,,0.33
1978-08-26,,,0.33
1978-08-27,,,0.32125
1978-08-28,,,0.32
1978-08-29,,,0.32
1978-08-30,,,0.32
1978-08-31,,,0.32
1978-09-01,,,0.31125
1978-09-02,,,0.31875
1978-09-03,,,0.3375
1978-09-04,,,0.34875
1978-09-05,,,0.3325
1978-09-06,,,0.32125
1978-09-07,,,0.32
1978-09-08,,,0.32
1978-09-09,,,0.32
1978-09-10,,,0.3375
1978-09-11,,,0.34875
1978-09-12,,,0.34125
1978-09-13,,,0.34
1978-09-14,,,0.33125
1978-09-15,,,0.33
1978-09-16,,,0.32125
1978-09-17,,,0.31125
1978-09-18,,,0.31
1978-09-19,,,0.30125
1978-09-20,,,0.29125
1978-09-21,,,0.29
1978-09-22,,,0.29
1978-09-23,,,0.28125
1978-09-24,,,0.28
1978-09-25,,,0.28
1978-09-26,,,0.28
1978-09-27,,,0.27125
1978-09-28,,,0.27
1978-09-29,,,0.27
1978-09-30,,,0.26125
1978-10-01,,,0.26
1978-10-02,,,0.26
1978-10-03,,,0.26
1978-10-04,,,0.26
1978-10-05,,,0.26
1978-10-06,,,0.25125
1978-10-07,,,0.25
1978-10-08,,,0.25
1978-10-09,,,0.25
1978-10-10,,,0.25
1978-10-11,,,0.25
1978-10-12,,,0.25875
1978-10-13,,,0.2775
1978-10-14,,,0.35
1978-10-15,,,0.5175
1978-10-16,,,0.6975
1978-10-17,,,0.79
1978-10-18,,,0.94
1978-10-19,,,1.12625
1978-10-20,,,1.01875
1978-10-21,,,0.9475
1978-10-22,,,0.86125
1978-10-23,,,0.99
1978-10-24,,,0.70375
1978-10-25,,,0.5375
1978-10-26,,,0.45
1978-10-27,,,0.405
1978-10-28,,,0.37375
1978-10-29,,,0.34375
1978-10-30,,,0.36625
1978-10-31,,,0.37875
1978-11-01,,,0.3625
1978-11-02,,,0.36
1978-11-03,,,0.325
1978-11-04,,,0.3375
1978-11-05,,,0.33125
1978-11-06,,,0.3475
1978-11-07,,,0.385
1978-11-08,,,0.4425
1978-11-09,,,0.4325
1978-11-10,,,0.42125
1978-11-11,,,0.4725
1978-11-12,,,0.445
1978-11-13,,,0.41375
1978-11-14,,,0.41
1978-11-15,,,0.48
1978-11-16,,,0.48125
1978-11-17,,,0.61125
1978-11-18,,,0.6475
1978-11-19,,,0.60625
1978-11-20,,,0.5825
1978-11-21,,,0.58875
1978-11-22,,,0.5725
1978-11-23,,,0.50875
1978-11-24,,,0.45625
1978-11-25,,,0.45875
1978-11-26,,,0.52125
1978-11-27,,,0.53
1978-11-28,,,0.73125
1978-11-29,,,0.7775
1978-11-30,,,0.64875
1978-12-01,,,0.6125
1978-12-02,,,0.58375
1978-12-03,,,1.0
1978-12-04,,,1.15625
1978-12-05,,,0.89
1978-12-06,,,0.71
1978-12-07,,,0.6725
1978-12-08,,,0.66125
1978-12-09,,,0.58125
1978-12-10,,,0.61375
1978-12-11,,,1.06625
1978-12-12,,,1.12125
1978-12-13,,,2.065
1978-12-14,,,2.26125
1978-12-15,,,2.3575
1978-12-16,,,2.65
1978-12-17,,,3.18
1978-12-18,,,3.81
1978-12-19,,,3.365
1978-12-20,,,3.14125
1978-12-21,,,2.98875
1978-12-22,,,2.69875
1978-12-23,,,2.6075
1978-12-24,,,3.1075
1978-12-25,,,2.97
1978-12-26,,,2.7475
1978-12-27,,,2.475
1978-12-28,,,2.265
1978-12-29,,,2.23125
1978-12-30,,,2.2475
1978-12-31,,,1.94375
1979-01-01,,,1.7075
1979-01-02,,,1.56625
1979-01-03,,,1.47125
1979-01-04,,,1.25875
1979-01-05,,,1.15125
1979-01-06,,,1.25375
1979-01-07,,,1.45375
1979-01-08,,,1.865
1979-01-09,,,1.75375
1979-01-10,,,1.8875
1979-01-11,,,1.98
1979-01-12,,,2.10375
1979-01-13,,,2.75875
1979-01-14,,,3.41875
1979-01-15,,,3.885
1979-01-16,,,3.625
1979-01-17,,,3.5625
1979-01-18,,,4.04125
1979-01-19,,,4.32875
1979-01-20,,,4.955
1979-01-21,,,5.15375
1979-01-22,,,5.23125
1979-01-23,,,5.3275
1979-01-24,,,5.62875
1979-01-25,,,5.775
1979-01-26,,,5.8075
1979-01-27,,,5.90625
1979-01-28,,,5.9725
1979-01-29,,,5.98
1979-01-30,,,6.2075
1979-01-31,,,6.8
1979-02-01,,,1.315
1979-02-02,,,0.66
1979-02-03,,,0.65375
1979-02-04,,,0.67625
1979-02-05,,,0.645
1979-02-06,,,0.54375
1979-02-07,,,0.62625
1979-02-08,,,0.85875
1979-02-09,,,0.65375
1979-02-10,,,0.3925
1979-02-11,,,0.50875
1979-02-12,,,0.6175
1979-02-13,,,0.62125
1979-02-14,,,0.57625
1979-02-15,,,0.57875
1979-02-16,,,0.57125
1979-02-17,,,0.605
1979-02-18,,,0.61
1979-02-19,,,0.7325
1979-02-20,,,0.89875
1979-02-21,,,0.94625
1979-02-22,,,0.915
1979-02-23,,,0.72625
1979-02-24,,,0.56
1979-02-25,,,0.11125
1979-02-26,,,0.05
1979-02-27,,,0.04125
1979-02-28,,,0.04
1979-03-01,,,0.11875
1979-03-02,,,0.15625
1979-03-03,,,0.1775
1979-03-04,,,0.1975
1979-03-05,,,0.24375
1979-03-06,,,0.2675
1979-03-07,,,0.0775
1979-03-08,,,0.05
1979-03-09,,,0.295
1979-03-10,,,0.39125
1979-03-11,,,0.435
1979-03-12,,,0.41375
1979-03-13,,,0.15625
1979-03-14,,,0.09375
1979-03-15,,,0.06375
1979-03-16,,,0.05125
1979-03-17,,,0.0675
1979-03-18,,,0.1225
1979-03-19,,,0.13875
1979-03-20,,,0.42
1979-03-21,,,0.43375
1979-03-22,,,0.33375
1979-03-23,,,0.52125
1979-03-24,,,0.57625
1979-03-25,,,0.44
1979-03-26,,,0.39375
1979-03-27,,,0.39
1979-03-28,,,0.2325
1979-03-29,,,0.13125
1979-03-30,,,0.12
1979-03-31,,,0.19875
1979-04-01,,,0.315
1979-04-02,,,0.46125
1979-04-03,,,0.43625
1979-04-04,,,0.395
1979-04-05,,,0.3725
1979-04-06,,,0.335
1979-04-07,,,0.35625
1979-04-08,,,0.28125
1979-04-09,,,0.27
1979-04-10,,,0.27
1979-04-11,,,0.27
1979-04-12,,,0.235
1979-04-13,,,0.23
1979-04-14,,,0.23
1979-04-15,,,0.23
1979-04-16,,,0.23
1979-04-17,,,0.23
1979-04-18,,,0.22125
1979-04-19,,,0.21125
1979-04-20,,,0.1925
1979-04-21,,,0.2075
1979-04-22,,,0.27125
1979-04-23,,,0.23625
1979-04-24,,,0.2125
1979-04-25,,,0.21
1979-04-26,,,0.20125
1979-04-27,,,0.19125
1979-04-28,,,0.19875
1979-04-29,,,0.2175
1979-04-30,,,0.21125
1979-05-01,,,0.1925
1979-05-02,,,0.19875
1979-05-03,,,0.17375
1979-05-04,,,0.205
1979-05-05,,,0.1925
1979-05-06,,,0.2075
1979-05-07,,,0.20125
1979-05-08,,,0.2
1979-05-09,,,0.19125
1979-05-10,,,0.19
1979-05-11,,,0.19
1979-05-12,,,0.19
1979-05-13,,,0.19
1979-05-14,,,0.1725
1979-05-15,,,0.17
1979-05-16,,,0.17
1979-05-17,,,0.16125
1979-05-18,,,0.16
1979-05-19,,,0.16
1979-05-20,,,0.16
1979-05-21,,,0.16
1979-05-22,,,0.16
1979-05-23,,,0.16
1979-05-24,,,0.16
1979-05-25,,,0.16875
1979-05-26,,,0.16125
1979-05-27,,,0.16
1979-05-28,,,0.16
1979-05-29,,,0.16875
1979-05-30,,,0.17
1979-05-31,,,0.16125
1979-06-01,,,
1979-06-02,,,
1979-06-03,,,
1979-06-04,,,
1979-06-05,,,
1979-06-06,,,
1979-06-07,,,
1979-06-08,,,
1979-06-09,,,
1979-06-10,,,
1979-06-11,,,
1979-06-12,,,0.88
1979-06-13,,,0.87125
1979-06-14,,,0.87
1979-06-15,,,0.86125
1979-06-16,,,0.85125
1979-06-17,,,0.84125
1979-06-18,,,0.84
1979-06-19,,,0.83125
1979-06-20,,,0.82125
1979-06-21,,,0.82
1979-06-22,,,0.81125
1979-06-23,,,0.81
1979-06-24,,,0.7925
1979-06-25,,,0.79
1979-06-26,,,0.79
1979-06-27,,,0.78125
1979-06-28,,,0.77125
1979-06-29,,,0.77
1979-06-30,,,0.76125
1979-07-01,,,0.76
1979-07-02,,,0.75125
1979-07-03,,,0.75
1979-07-04,,,0.74125
1979-07-05,,,0.73125
1979-07-06,,,0.73
1979-07-07,,,0.73
1979-07-08,,,0.72125
1979-07-09,,,0.71125
1979-07-10,,,0.71
1979-07-11,,,0.70125
1979-07-12,,,0.7
1979-07-13,,,0.69125
1979-07-14,,,0.69
1979-07-15,,,0.66375
1979-07-16,,,0.68625
1979-07-17,,,0.68125
1979-07-18,,,0.68
1979-07-19,,,0.67125
1979-07-20,,,0.67
1979-07-21,,,0.67
1979-07-22,,,0.67
1979-07-23,,,0.67
1979-07-24,,,0.67875
1979-07-25,,,0.67125
1979-07-26,,,0.67
1979-07-27,,,0.66125
1979-07-28,,,0.65125
1979-07-29,,,0.64125
1979-07-30,,,0.63125
1979-07-31,,,0.63
1979-08-01,,,0.62125
1979-08-02,,,0.61125
1979-08-03,,,0.61
1979-08-04,,,0.60125
1979-08-05,,,0.6
1979-08-06,,,0.6
1979-08-07,,,0.59125
1979-08-08,,,0.59
1979-08-09,,,0.59
1979-08-10,,,0.58125
1979-08-11,,,0.58
1979-08-12,,,0.57125
1979-08-13,,,0.57
1979-08-14,,,0.57
1979-08-15,,,0.57
1979-08-16,,,0.57
1979-08-17,,,0.56125
1979-08-18,,,0.56
1979-08-19,,,0.55125
1979-08-20,,,0.55
1979-08-21,,,0.55
1979-08-22,,,0.55
1979-08-23,,,0.5675
1979-08-24,,,0.57875
1979-08-25,,,0.58
1979-08-26,,,0.5625
1979-08-27,,,0.55125
1979-08-28,,,0.5325
1979-08-29,,,0.53
1979-08-30,,,0.53875
1979-08-31,,,0.53125
1979-09-01,,,0.53
1979-09-02,,,0.53
1979-09-03,,,0.53
1979-09-04,,,0.52125
1979-09-05,,,0.51125
1979-09-06,,,0.51
1979-09-07,,,0.50125
1979-09-08,,,0.5
1979-09-09,,,0.49125
1979-09-10,,,0.49
1979-09-11,,,0.49
1979-09-12,,,0.48125
1979-09-13,,,0.48
1979-09-14,,,0.48
1979-09-15,,,0.48
1979-09-16,,,0.48
1979-09-17,,,0.4975
1979-09-18,,,0.56125
1979-09-19,,,0.70125
1979-09-20,,,0.81625
1979-09-21,,,0.69875
1979-09-22,,,0.6975
1979-09-23,,,0.7
1979-09-24,,,0.62125
1979-09-25,,,0.575
1979-09-26,,,0.56125
1979-09-27,,,0.5425
1979-09-28,,,0.54875
1979-09-29,,,0.54125
1979-09-30,,,0.51375
1979-10-01,,,0.4925
1979-10-02,,,0.48125
1979-10-03,,,0.4625
1979-10-04,,,0.45125
1979-10-05,,,0.45
1979-10-06,,,0.44125
1979-10-07,,,0.43125
1979-10-08,,,0.43
1979-10-09,,,0.42125
1979-10-10,,,0.5075
1979-10-11,,,0.52875
1979-10-12,,,0.50375
1979-10-13,,,0.56125
1979-10-14,,,0.61375
1979-10-15,,,0.57625
1979-10-16,,,0.5525
1979-10-17,,,0.64625
1979-10-18,,,0.59875
1979-10-19,,,0.59
1979-10-20,,,0.5725
1979-10-21,,,0.5525
1979-10-22,,,0.52375
1979-10-23,,,0.5025
1979-10-24,,,0.4825
1979-10-25,,,0.47125
1979-10-26,,,0.44375
1979-10-27,,,0.43125
1979-10-28,,,0.42125
1979-10-29,,,0.41125
1979-10-30,,,0.40125
1979-10-31,,,0.47
1979-11-01,,,0.41875
1979-11-02,,,0.47125
1979-11-03,,,0.76
1979-11-04,,,1.0625
1979-11-05,,,1.3975
1979-11-06,,,1.64125
1979-11-07,,,1.78375
1979-11-08,,,1.65125
1979-11-09,,,1.42875
1979-11-10,,,1.3825
1979-11-11,,,2.12375
1979-11-12,,,1.67
1979-11-13,,,1.345
1979-11-14,,,1.19625
1979-11-15,,,1.04875
1979-11-16,,,0.89
1979-11-17,,,0.7825
1979-11-18,,,0.69125
1979-11-19,,,0.61875
1979-11-20,,,0.575
1979-11-21,,,0.59625
1979-11-22,,,0.9325
1979-11-23,,,1.05875
1979-11-24,,,0.83375
1979-11-25,,,0.5725
1979-11-26,,,0.88125
1979-11-27,,,0.965
1979-11-28,,,0.99625
1979-11-29,,,1.105
1979-11-30,,,1.04125
1979-12-01,,,0.21625
1979-12-02,,,0.10875
1979-12-03,,,0.11875
1979-12-04,,,0.12
1979-12-05,,,0.1025
1979-12-06,,,0.1
1979-12-07,,,0.09125
1979-12-08,,,0.09
1979-12-09,,,0.11625
1979-12-10,,,0.12
1979-12-11,,,0.12
1979-12-12,,,0.12
1979-12-13,,,0.12
1979-12-14,,,0.11125
1979-12-15,,,0.06625
1979-12-16,,,0.095
1979-12-17,,,0.1
1979-12-18,,,0.12625
1979-12-19,,,0.15625
1979-12-20,,,0.1775
1979-12-21,,,0.1975
1979-12-22,,,0.2175
1979-12-23,,,0.31625
1979-12-24,,,0.3125
1979-12-25,,,0.21375
1979-12-26,,,0.17375
1979-12-27,,,0.10875
1979-12-28,,,0.09125
1979-12-29,,,0.29125
1979-12-30,,,0.39
1979-12-31,,,0.40875
1980-01-01,2.23,2.13,0.305
1980-01-02,2.5362499,2.36625,0.29
1980-01-03,2.50125,2.53125,0.255
1980-01-04,2.2275,2.305,0.27625
1980-01-05,2.085,2.10375,0.25375
1980-01-06,2.06125,2.00125,0.25
1980-01-07,2.0425,1.96375,0.215
1980-01-08,1.9525001,1.8725001,0.21875
1980-01-09,1.9662501,1.86875,0.22
1980-01-10,1.9612501,1.9312501,0.28125
1980-01-11,1.98625,1.86125,0.28125
1980-01-12,2.0774999,1.8412501,0.37625
1980-01-13,2.7549999,1.97125,0.53
1980-01-14,3.03375,2.54125,0.6375
1980-01-15,3.13875,3.0575,0.6675
1980-01-16,3.15875,3.54875,0.73125
1980-01-17,3.16,3.8374999,0.81875
1980-01-18,3.16,4.05375,0.85625
1980-01-19,,4.33375,0.685
1980-01-20,,4.51,0.5725
1980-01-21,,4.55625,0.42875
1980-01-22,,4.525,0.38375
1980-01-23,,4.4675,0.38
1980-01-24,,4.39875,0.44125
1980-01-25,,4.3025,0.49375
1980-01-26,,4.255,0.42125
1980-01-27,,4.215,0.34
1980-01-28,,4.1925,0.35625
1980-01-29,,4.2075,0.50875
1980-01-30,,4.245,0.46875
1980-01-31,,4.2762504,0.5125
1980-02-01,,4.28,0.59
1980-02-02,,4.25375,0.775
1980-02-03,,4.24125,0.7475
1980-02-04,,4.2575,0.705
1980-02-05,,4.28625,0.65625
1980-02-06,,4.2725,0.5975
1980-02-07,,4.19125,0.2575
1980-02-08,,4.03125,0.49875
1980-02-09,,3.8525,0.53125
1980-02-10,,3.61125,0.50375
1980-02-11,,3.37,0.3775
1980-02-12,,3.2,0.36
1980-02-13,,3.1274998,0.38625
1980-02-14,,3.12875,0.39
1980-02-15,,3.1737502,0.39875
1980-02-16,,3.22375,0.40875
1980-02-17,,3.25625,0.41
1980-02-18,,3.23375,0.515
1980-02-19,,3.3612502,0.88
1980-02-20,,3.75625,0.8775
1980-02-21,,3.9850001,0.89625
1980-02-22,,4.0975003,0.90875
1980-02-23,,4.11,0.91
1980-02-24,,4.04,0.91
1980-02-25,3.46,3.9075,0.91
1980-02-26,3.36375,3.7675,0.91
1980-02-27,3.02625,3.5225,0.93625
1980-02-28,2.6475,3.21875,0.9225
1980-02-29,2.36375,2.87375,0.92
1980-03-01,2.2075,2.6462498,0.675
1980-03-02,1.98875,2.4625,0.5525
1980-03-03,1.8025,2.2125,0.5575
1980-03-04,1.63125,1.96125,0.63875
1980-03-05,1.6275,1.8425,0.39625
1980-03-06,1.5337499,1.7425001,0.35125
1980-03-07,1.3625001,1.555,0.34125
1980-03-08,1.3225,1.4775,0.33125
1980-03-09,1.2325001,1.3825,0.32125
1980-03-10,1.1587499,1.3087499,0.15375
1980-03-11,1.12375,1.25625,0.10375
1980-03-12,1.12875,1.24125,0.135
1980-03-13,1.095,1.205,0.23625
1980-03-14,1.055,1.15625,0.29375
1980-03-15,1.1025,1.1324999,0.32625
1980-03-16,1.22375,1.2,0.30375
1980-03-17,1.30125,1.32375,0.30875
1980-03-18,1.23125,1.3312501,0.35375
1980-03-19,1.1587499,1.26,0.36875
1980-03-20,1.12375,1.215,0.37875
1980-03-21,1.04125,1.175,0.38
1980-03-22,0.96,1.05625,0.37125
1980-03-23,0.90625,0.96999997,0.09875
1980-03-24,0.89125,0.93375003,0.0775
1980-03-25,0.84625,0.90375,0.10625
1980-03-26,0.86625,0.9,0.2325
1980-03-27,0.8525,0.8825,0.2675
1980-03-28,0.92875,0.92375,0.27875
1980-03-29,0.91375005,0.93,0.27125
1980-03-30,0.8925,0.895,0.2875
1980-03-31,0.855,0.8725,0.29
1980-04-01,0.82375,0.835,0.36
1980-04-02,0.84625,0.8475,0.37875
1980-04-03,0.885,0.92,0.37125
1980-04-04,0.91625,1.09625,0.36125
1980-04-05,0.94624996,1.19,0.35125
1980-04-06,1.04625,1.22625,0.16625
1980-04-07,1.26125,1.39625,0.06125
1980-04-08,1.24625,1.46375,0.05875
1980-04-09,1.3625,1.39125,0.0775
1980-04-10,1.4325,1.40625,0.08875
1980-04-11,1.4575,1.52375,0.1075
1980-04-12,1.52125,1.6800001,0.11875
1980-04-13,1.90625,1.9625,0.26
1980-04-14,2.205,2.07,0.2975
1980-04-15,2.2137501,2.3425002,0.3175
1980-04-16,2.455,2.44125,0.32
1980-04-17,2.3937502,2.3799999,0.32
1980-04-18,2.31875,2.3,0.285
1980-04-19,2.31875,2.24625,0.25375
1980-04-20,2.18,2.065,0.215
1980-04-21,2.02,1.85625,0.14
1980-04-22,1.86,1.57625,0.06
1980-04-23,1.3675,1.3475001,0.05875
1980-04-24,1.23,1.27625,0.06875
1980-04-25,1.4300001,1.2,0.0875
1980-04-26,1.2675,1.1375,0.1075
1980-04-27,1.14375,1.165,0.1275
1980-04-28,1.0687499,1.0737499,0.13875
1980-04-29,1.0425,0.99875,0.1575
1980-04-30,0.99625003,0.87625,0.18625
1980-05-01,0.89375,0.97375,0.11125
1980-05-02,0.8975,0.96375,0.1175
1980-05-03,0.89125,0.93375003,0.18125
1980-05-04,0.89874995,0.95624995,0.21625
1980-05-05,0.9175,0.96,0.22875
1980-05-06,0.9375,0.9425,0.23
1980-05-07,0.94,0.9575,0.23875
1980-05-08,0.94875,1.00375,0.26625
1980-05-09,0.94124997,0.975,0.27
1980-05-10,0.94875,0.9525,0.26125
1980-05-11,0.95,0.9325,0.21625
1980-05-12,0.94124997,0.9125,0.1925
1980-05-13,0.93125,0.91,0.1725
1980-05-14,0.93,0.88375,0.12625
1980-05-15,0.92125,0.87125003,0.12875
1980-05-16,0.92,0.835,0.13875
1980-05-17,0.89375,0.83,0.14
1980-05-18,0.8725,0.8825,0.1575
1980-05-19,0.86125004,0.88125,0.1775
1980-05-20,0.85125005,0.81875,0.18875
1980-05-21,0.90250003,0.81,0.19
1980-05-22,0.98,0.78375,0.19
1980-05-23,0.99875,0.84125,0.19
1980-05-24,0.92125005,0.84125,0.19
1980-05-25,0.84,0.77875,0.19
1980-05-26,0.83,0.77874994,0.19
1980-05-27,0.83875,0.77125,0.19
1980-05-28,0.83124995,0.74375,0.19
1980-05-29,0.7775,0.74,0.19
1980-05-30,0.7875,0.74,0.19
1980-05-31,0.79875004,0.74,0.19
1980-06-01,0.8175,0.74875,0.19
1980-06-02,0.8025,0.74125004,0.19
1980-06-03,0.8,0.7575,0.19
1980-06-04,0.8175,0.7775,0.19
1980-06-05,0.84625,0.78875,0.1725
1980-06-06,1.0074999,0.825,0.17875
1980-06-07,0.86375,0.87375,0.18875
1980-06-08,0.84,0.81875,0.19
1980-06-09,0.84875,0.74875003,0.19
1980-06-10,0.85875,0.73125005,0.19
1980-06-11,0.86,0.72125006,0.19
1980-06-12,0.86875,0.72,0.19
1980-06-13,0.87,0.72875,0.19
1980-06-14,0.87874997,0.765,0.19
1980-06-15,0.88,0.7525,0.19
1980-06-16,0.88,0.715,0.19
1980-06-17,0.88,0.70124996,0.1725
1980-06-18,0.88,0.7,0.17
1980-06-19,0.88874996,0.7525,0.16125
1980-06-20,0.89,0.75125,0.16
1980-06-21,0.82875,0.70625,0.16
1980-06-22,0.8025,0.70875,0.16
1980-06-23,0.79125,0.71875,0.16
1980-06-24,0.79,0.72,0.16875
1980-06-25,0.79875004,0.72,0.17875
1980-06-26,0.79125,0.7375,0.18875
1980-06-27,0.78125,0.74875,0.2075
1980-06-28,0.78,0.79375,0.21
1980-06-29,0.78875,0.82624996,0.20125
1980-06-30,0.79,0.83875,0.19125
1980-07-01,0.83375,0.805,
1980-07-02,0.84875,0.80875003,
1980-07-03,0.8675,0.83624995,
1980-07-04,0.87,0.81375,
1980-07-05,0.87874997,0.7925,
1980-07-06,0.87125003,0.79,
1980-07-07,0.87874997,0.79875004,
1980-07-08,0.87125003,0.79125,0.69
1980-07-09,0.835,0.74625003,0.68125
1980-07-10,0.8125,0.7225,0.68
1980-07-11,0.8275,0.72,0.67125
1980-07-12,0.78625,0.7025,0.67
1980-07-13,0.77125,0.67375004,0.66125
1980-07-14,0.84875,0.73125,0.66
1980-07-15,0.825,0.73125005,0.66
1980-07-16,0.8025,0.70375,0.65125
1980-07-17,0.77375,0.6825,0.64125
1980-07-18,0.79625,0.68875,0.63125
1980-07-19,0.77375,0.69,0.63
1980-07-20,0.77,0.6725,0.62125
1980-07-21,0.81374997,0.705,0.62
1980-07-22,0.82875,0.7275,0.61125
1980-07-23,0.8475,0.73,0.61
1980-07-24,0.8325,0.73,0.61
1980-07-25,0.83,0.73,0.60125
1980-07-26,0.82124996,0.7125,0.6
1980-07-27,0.82,0.70124996,0.59125
1980-07-28,0.82,0.7,0.58125
1980-07-29,0.8025,0.7,0.58
1980-07-30,0.80875003,0.69124997,0.58
1980-07-31,0.80125,0.68125,0.58
1980-08-01,0.8175,0.6975,0.57125
1980-08-02,0.81125,0.7,0.57
1980-08-03,0.76625,0.67375004,0.56125
1980-08-04,0.7425,0.6525,0.56
1980-08-05,0.73125005,0.62375,0.55125
1980-08-06,0.7825,0.65500003,0.55
1980-08-07,0.7725,0.66875005,0.54125
1980-08-08,0.76125,0.6525,0.54
1980-08-09,0.75125,0.65,0.54
1980-08-10,0.7675,0.65875,0.53125
1980-08-11,0.76125,0.65125,0.53
1980-08-12,0.7775,0.65875,0.53
1980-08-13,0.68375003,0.6775,0.53
1980-08-14,0.66125,0.68875,0.53
1980-08-15,0.73875,0.655,0.53
1980-08-16,0.75874996,0.65,0.53
1980-08-17,0.76,0.65,0.53
1980-08-18,0.76,0.65,0.52125
1980-08-19,0.75125,0.64125,0.52
1980-08-20,0.75874996,0.64,0.52
1980-08-21,0.76,0.64,0.51125
1980-08-22,0.76,0.64,0.50125
1980-08-23,0.76,0.64,0.5
1980-08-24,0.78625,0.6575,0.49125
1980-08-25,0.76375,0.66,0.49
1980-08-26,0.7425,0.625,0.48125
1980-08-27,0.74875,0.62,0.48
1980-08-28,0.75874996,0.62874997,0.47125
1980-08-29,0.78625,0.6475,0.47
1980-08-30,0.79,0.6325,0.46125
1980-08-31,0.7725,0.63874996,0.46
1980-09-01,0.74375,0.64874995,0.46
1980-09-02,0.7225,0.60625005,0.46
1980-09-03,0.69375,0.5825,0.46
1980-09-04,0.73375,0.58875,0.45125
1980-09-05,0.76625,0.625,0.45
1980-09-06,0.76125,0.63,0.45
1980-09-07,0.76874995,0.63,0.45
1980-09-08,0.76125,0.63,0.44125
1980-09-09,0.71625,0.6125,0.44
1980-09-10,0.71,0.58375,0.44
1980-09-11,0.73625,0.58875,0.44
1980-09-12,0.80125,0.66,0.44
1980-09-13,0.7575,0.64375,0.44
1980-09-14,0.6975,0.61375,0.43125
1980-09-15,0.69,0.58375,0.43
1980-09-16,0.66375005,0.5625,0.42125
1980-09-17,0.6775,0.5425,0.42
1980-09-18,0.72375,0.54,0.42
1980-09-19,0.7125,0.575,0.42875
1980-09-20,0.66625,0.545,0.4475
1980-09-21,0.65125,0.54875004,0.485
1980-09-22,0.65875,0.55875003,0.49875
1980-09-23,0.63375,0.55125,0.50875
1980-09-24,0.71750003,0.6025,0.4925
1980-09-25,0.7475,0.645,0.46375
1980-09-26,0.82,0.6325,0.48625
1980-09-27,0.85625,0.74375,0.4725
1980-09-28,0.7725,0.6725,0.4525
1980-09-29,0.80375,0.66,0.44125
1980-09-30,0.76625,0.65125,0.44
1980-10-01,0.76874995,0.64125,0.44875
1980-10-02,0.77874994,0.64874995,0.45875
1980-10-03,0.77125,0.64125,0.46
1980-10-04,0.805,0.6575,0.4425
1980-10-05,0.81875,0.66875005,0.43125
1980-10-06,0.81125,0.66125,0.4125
1980-10-07,0.7925,0.65125,0.40125
1980-10-08,0.79,0.65,0.4
1980-10-09,0.79,0.64125,0.4
1980-10-10,0.79,0.63125,0.3825
1980-10-11,0.79,0.63874996,0.38
1980-10-12,0.79875004,0.64,0.37125
1980-10-13,0.8175,0.6575,0.44875
1980-10-14,0.8375,0.68625,0.59125
1980-10-15,0.86625,0.73375,0.5575
1980-10-16,0.8875,0.74875,0.55
1980-10-17,0.8725,0.74125004,0.55
1980-10-18,0.8875,0.74875,0.52375
1980-10-19,0.8725,0.7325,0.485
1980-10-20,0.86125004,0.7125,0.445
1980-10-21,0.83375,0.70124996,0.405
1980-10-22,0.78625,0.67375004,0.39125
1980-10-23,0.78875,0.62625,0.38125
1980-10-24,0.81624997,0.65500003,0.37125
1980-10-25,0.77625,0.625,0.36125
1980-10-26,0.81374997,0.6375,0.36
1980-10-27,0.77625,0.63125,0.35125
1980-10-28,0.7875,0.63874996,0.34125
1980-10-29,0.81624997,0.64874995,0.34
1980-10-30,0.81125,0.65,0.33125
1980-10-31,0.775,0.615,0.32125
1980-11-01,0.77,0.61,0.3375
1980-11-02,0.7875,0.61,0.375
1980-11-03,0.79,0.645,0.37125
1980-11-04,0.79,0.64125,0.34375
1980-11-05,0.79,0.64,0.3575
1980-11-06,0.8075,0.64874995,0.36875
1980-11-07,0.81875,0.65875,0.37875
1980-11-08,0.84625,0.68625,0.38875
1980-11-09,0.85,0.69,0.4075
1980-11-10,0.85875,0.7075,0.73375
1980-11-11,0.9125,0.78875,0.955
1980-11-12,1.0337499,0.94,1.155
1980-11-13,1.1725,1.1,1.8625
1980-11-14,1.505,1.4350001,1.5575
1980-11-15,1.54125,1.5325,1.15875
1980-11-16,1.32125,1.3475001,0.89125
1980-11-17,1.1675,1.2062501,1.04375
1980-11-18,1.1324999,1.12875,0.99125
1980-11-19,1.06,1.02375,0.7525
1980-11-20,1.015,0.89625,0.685
1980-11-21,0.9925,0.8975,0.75
1980-11-22,1.0337499,0.9525,0.82125
1980-11-23,1.0225,0.96875,1.0575
1980-11-24,1.0725,1.0487499,1.405
1980-11-25,1.0712501,1.13875,1.58125
1980-11-26,1.0,1.08,1.46875
1980-11-27,0.98125005,1.035,1.135
1980-11-28,1.1025,1.1,1.2125
1980-11-29,1.26875,1.2062501,1.055
1980-11-30,1.2025001,1.2112501,0.9775
1980-12-01,1.0587499,1.0875001,1.13625
1980-12-02,1.0574999,1.02625,1.55375
1980-12-03,1.0074999,1.29125,1.645
1980-12-04,1.46375,1.4262501,1.405
1980-12-05,1.57375,1.48375,2.41125
1980-12-06,1.79875,1.735,2.3675
1980-12-07,1.87375,1.84,3.2675
1980-12-08,2.01125,2.03375,3.14625
1980-12-09,1.88125,1.94625,3.0225
1980-12-10,1.9475,1.93875,2.94
1980-12-11,2.0562499,2.01,2.4925
1980-12-12,2.20125,2.0549998,2.465
1980-12-13,2.6225,2.43625,2.365
1980-12-14,2.4875,2.455,3.1025
1980-12-15,2.34625,2.415,3.665
1980-12-16,2.1550002,2.27875,3.14375
1980-12-17,1.9549999,2.05875,2.3425
1980-12-18,1.86875,1.91625,2.31
1980-12-19,1.7725,1.8125,2.2675
1980-12-20,1.59375,1.6775,2.3125
1980-12-21,1.4475,1.5637499,2.22375
1980-12-22,1.35125,1.48,1.97375
1980-12-23,1.305,1.39125,1.65125
1980-12-24,1.2475,1.31,1.4875
1980-12-25,1.2225001,1.25625,1.365
1980-12-26,1.185,1.2062501,1.245
1980-12-27,1.18,1.1737499,1.18625
1980-12-28,1.25,1.1962501,1.13625
1980-12-29,1.295,1.22625,1.2175
1980-12-30,1.3262501,1.2475,1.3175
1980-12-31,1.3824999,1.32,1.5925
1981-01-01,1.5124999,1.39125,2.645
1981-01-02,2.755,2.4675,5.765
1981-01-03,3.14875,3.18,5.63875
1981-01-04,3.17125,3.30375,4.965
1981-01-05,2.9337502,3.1262498,4.50375
1981-01-06,2.4187498,2.6275,4.135
1981-01-07,2.1837502,2.175,3.6875
1981-01-08,1.8887501,2.0149999,3.56
1981-01-09,1.6575,1.8775,3.48
1981-01-10,1.525,1.755,3.18125
1981-01-11,1.58875,1.71375,3.035
1981-01-12,1.6175001,1.745,3.08125
1981-01-13,1.73375,1.785,3.11625
1981-01-14,2.1000001,2.07875,3.63625
1981-01-15,2.22,2.2775,4.095
1981-01-16,2.335,2.43125,4.12375
1981-01-17,2.3674998,2.47625,3.8225
1981-01-18,2.25625,2.3925002,3.45625
1981-01-19,2.02125,2.17875,3.235
1981-01-20,1.7887499,1.9662501,3.105
1981-01-21,1.6375,1.8087499,3.04625
1981-01-22,1.54125,1.7112501,3.11
1981-01-23,1.565,1.7,3.42625
1981-01-24,1.82375,1.8924999,3.785
1981-01-25,1.97375,2.0774999,3.8825
1981-01-26,1.9725001,2.1174998,3.82875
1981-01-27,2.03125,2.11125,4.10875
1981-01-28,2.22375,2.2937498,4.01875
1981-01-29,2.18875,2.3374999,3.65
1981-01-30,1.935,2.12125,3.32875
1981-01-31,1.73375,1.8975,3.2025
1981-02-01,1.59625,1.7475001,3.00625
1981-02-02,1.545,1.6775,2.83125
1981-02-03,1.5487499,1.6524999,2.69625
1981-02-04,1.41,1.57125,2.5225
1981-02-05,1.25,1.44625,2.40375
1981-02-06,1.13375,1.3249999,2.15375
1981-02-07,1.0762501,1.21375,1.9275
1981-02-08,1.0875001,1.13875,1.62875
1981-02-09,1.055,1.1125,1.52
1981-02-10,0.95375,1.03125,1.43125
1981-02-11,0.96625,0.99375,1.44625
1981-02-12,0.97,1.0074999,1.40625
1981-02-13,1.03125,1.03625,1.4
1981-02-14,1.1274999,1.0574999,1.4175
1981-02-15,1.07875,1.13,1.4725
1981-02-16,0.99125004,1.0699999,1.41875
1981-02-17,0.9275,0.99,1.34875
1981-02-18,0.87625,0.90999997,1.235
1981-02-19,0.8525,0.87375,1.1675
1981-02-20,0.8325,0.84375,1.13375
1981-02-21,0.8475,0.805,1.0775
1981-02-22,0.84125,0.82624996,1.02625
1981-02-23,0.77,0.7775,0.985
1981-02-24,0.73375,0.735,0.97125
1981-02-25,0.75625,0.73,0.9525
1981-02-26,0.76,0.73,0.9325
1981-02-27,0.76,0.72125006,0.92125
1981-02-28,0.75125,0.71125,0.91125
1981-03-01,0.7325,0.70124996,0.88375
1981-03-02,0.7475,0.7,0.87125
1981-03-03,0.7325,0.7,0.86125
1981-03-04,0.7125,0.6825,0.8425
1981-03-05,0.7275,0.68875,0.84
1981-03-06,0.75625,0.69,0.8225
1981-03-07,0.8125,0.73375,0.81125
1981-03-08,0.75875,0.7225,0.9325
1981-03-09,0.785,0.7375,0.97625
1981-03-10,0.94750005,0.845,1.2425
1981-03-11,1.25,1.1312499,1.23625
1981-03-12,1.255,1.205,1.18625
1981-03-13,1.1625,1.1575,1.18
1981-03-14,1.07125,1.07125,1.18
1981-03-15,0.94625,0.98125005,1.0225
1981-03-16,0.88625,0.865,0.92125
1981-03-17,0.83625,0.80625004,0.84875
1981-03-18,0.76875,0.73875004,0.7875
1981-03-19,0.76,0.7125,0.82375
1981-03-20,0.83,0.7275,1.0575
1981-03-21,1.3299999,1.08,1.2475
1981-03-22,1.5662501,1.40125,1.45375
1981-03-23,1.70375,1.58875,1.83875
1981-03-24,1.5275,1.575,1.79375
1981-03-25,1.395,1.43,1.59625
1981-03-26,1.3187499,1.36625,2.06875
1981-03-27,1.4412501,1.5525,2.735
1981-03-28,1.7925,1.78125,3.16125
1981-03-29,2.365,2.3,3.20125
1981-03-30,2.46625,2.4575,3.34875
1981-03-31,2.5662498,2.54,3.3
1981-04-01,2.44875,2.52375,3.2025
1981-04-02,2.22,2.3274999,3.1725
1981-04-03,2.07625,2.16875,3.1525
1981-04-04,1.96375,2.07125,3.08875
1981-04-05,1.8625001,1.99875,2.9925
1981-04-06,1.71,1.87625,2.65625
1981-04-07,1.5325,1.7112501,2.39125
1981-04-08,1.34375,1.55,2.28125
1981-04-09,1.215,1.4075,2.12125
1981-04-10,1.15625,1.31125,2.16125
1981-04-11,1.08,1.2125001,1.91625
1981-04-12,1.0175,1.095,1.74
1981-04-13,0.94875,1.01875,1.62375
1981-04-14,0.9225,0.96625,1.435
1981-04-15,0.91125,0.93375003,1.24375
1981-04-16,0.86625004,0.90375,1.15
1981-04-17,0.86,0.87375,0.99125
1981-04-18,0.83375,0.84375,0.9525
1981-04-19,0.83875,0.8225,0.94125
1981-04-20,0.84875,0.82875,0.93125
1981-04-21,0.87625,0.83875,0.92125
1981-04-22,0.87125003,0.84875,0.92
1981-04-23,0.80875003,0.7975,0.91125
1981-04-24,0.8,0.7725,0.90125
1981-04-25,0.79125,0.77,0.89125
1981-04-26,0.755,0.7525,0.89
1981-04-27,0.7675,0.74125004,0.88125
1981-04-28,0.735,0.71375,0.8625
1981-04-29,0.7475,0.71,0.83375
1981-04-30,0.75874996,0.7275,0.8125
1981-05-01,0.76,0.72125006,0.85375
1981-05-02,0.7775,0.7375,0.9125
1981-05-03,0.78,0.74,0.9725
1981-05-04,0.80625,0.775,1.015
1981-05-05,0.8275,0.7975,0.9325
1981-05-06,0.865,0.80875003,0.9025
1981-05-07,0.86125004,0.8275,0.87375
1981-05-08,0.78125,0.76,0.86125
1981-05-09,0.76125,0.7325,0.8425
1981-05-10,0.76,0.7125,0.8225
1981-05-11,0.75125,0.70124996,0.74125
1981-05-12,0.72375,0.6825,0.72125
1981-05-13,0.72875,0.67125,0.7025
1981-05-14,0.72125006,0.67,0.69125
1981-05-15,0.72,0.67,0.69
1981-05-16,0.7025,0.66125,0.69
1981-05-17,0.7,0.65125,0.66375
1981-05-18,0.70875,0.65875,0.66
1981-05-19,0.6925,0.65125,0.65125
1981-05-20,0.69,0.64125,0.67625
1981-05-21,0.7075,0.64,0.68
1981-05-22,0.71,0.64874995,0.68
1981-05-23,0.745,0.6675,0.68
1981-05-24,0.7325,0.66125,0.67125
1981-05-25,0.72125006,0.65125,0.66125
1981-05-26,0.69375,0.65,0.66
1981-05-27,0.69,0.62375,0.6425
1981-05-28,0.69,0.62874997,0.64
1981-05-29,0.68125,0.62125003,0.6925
1981-05-30,0.68875,0.62,0.69125
1981-05-31,0.69,0.6375,0.69
1981-06-01,0.69,0.64,0.68125
1981-06-02,0.6725,0.63125,0.67125
1981-06-03,0.6875,0.63874996,0.67
1981-06-04,0.69,0.63125,0.67
1981-06-05,0.68125,0.62125003,0.66125
1981-06-06,0.68,0.61125004,0.66
1981-06-07,0.68875,0.61875,0.65125
1981-06-08,0.78625,0.69874996,0.65
1981-06-09,0.87,0.8675,0.65
1981-06-10,0.81875,0.81125003,0.65
1981-06-11,0.775,0.765,0.64125
1981-06-12,0.76125,0.7425,0.64
1981-06-13,0.725,0.705,0.64
1981-06-14,0.72875,0.67375004,0.63125
1981-06-15,0.72125006,0.67,0.63
1981-06-16,0.7025,0.6525,0.63
1981-06-17,0.70875,0.64125,0.63
1981-06-18,0.71,0.64874995,0.63
1981-06-19,0.71,0.6325,0.62125
1981-06-20,0.68375003,0.60375,0.62
1981-06-21,0.645,0.5825,0.62
1981-06-22,0.64,0.58875,0.62
1981-06-23,0.63125,0.5725,0.62
1981-06-24,0.665,0.5875,0.62
1981-06-25,0.67875004,0.59875,0.62
1981-06-26,0.6625,0.59125,0.62
1981-06-27,0.6425,0.58124995,0.61125
1981-06-28,0.6575,0.58,0.61
1981-06-29,0.66,0.58875,0.61
1981-06-30,0.65125,0.58124995,0.61
1981-07-01,0.65,0.57124996,0.60125
1981-07-02,0.65875,0.57875,0.59125
1981-07-03,0.66,0.58875,0.59
1981-07-04,0.6775,0.59,0.58125
1981-07-05,0.6625,0.59,0.57125
1981-07-06,0.72125,0.6075,0.56125
1981-07-07,0.695,0.61875,0.55125
1981-07-08,0.6375,0.55,0.55
1981-07-09,0.63,0.54875004,0.54125
1981-07-10,0.63,0.55875003,0.53125
1981-07-11,0.62125003,0.55125,0.53
1981-07-12,0.62,0.55,0.52125
1981-07-13,0.61125004,0.54125,0.51125
1981-07-14,0.61,0.54,0.51
1981-07-15,0.61875,0.54,0.50125
1981-07-16,0.61125004,0.54,0.5
1981-07-17,0.61,0.54,0.5
1981-07-18,0.61,0.54,0.5
1981-07-19,0.60125005,0.53125,0.49125
1981-07-20,0.6175,0.53,0.49
1981-07-21,0.6025,0.53,0.455
1981-07-22,0.59125,0.52125,0.45
1981-07-23,0.59875,0.52874994,0.45
1981-07-24,0.60875,0.53,0.45
1981-07-25,0.61,0.53,0.45
1981-07-26,0.60125005,0.53,0.44125
1981-07-27,0.60875,0.52125,0.44
1981-07-28,0.68874997,0.555,0.44
1981-07-29,0.67375004,0.58624995,0.44
1981-07-30,0.6175,0.54625,0.44
1981-07-31,0.61875,0.5225,0.44
1981-08-01,0.6025,0.52,0.44
1981-08-02,0.6,0.52,0.43125
1981-08-03,0.59125,0.51125,0.43
1981-08-04,0.59875,0.51,0.43
1981-08-05,0.60875,0.51,0.43
1981-08-06,0.68,0.55375,0.43
1981-08-07,0.655,0.56875,0.43
1981-08-08,0.59749997,0.5175,0.42125
1981-08-09,0.58124995,0.50125,0.41125
1981-08-10,0.58,0.5,0.41
1981-08-11,0.58,0.5,0.41
1981-08-12,0.57124996,0.49125,0.41
1981-08-13,0.57,0.49,0.40125
1981-08-14,0.57875,0.49,0.4
1981-08-15,0.57124996,0.49,0.4
1981-08-16,0.57875,0.49,0.4
1981-08-17,0.57124996,0.49,0.39125
1981-08-18,0.59625,0.49875,0.38125
1981-08-19,0.6175,0.5175,0.3975
1981-08-20,0.62,0.52874994,0.47875
1981-08-21,0.66375,0.5475,0.48125
1981-08-22,0.67875004,0.57624996,0.5325
1981-08-23,0.63625,0.55375004,0.47
1981-08-24,0.63,0.54125,0.43375
1981-08-25,0.6125,0.53125,0.42125
1981-08-26,0.5925,0.5125,0.385
1981-08-27,0.59875,0.50125,0.35375
1981-08-28,0.5825,0.5,0.35
1981-08-29,0.58,0.49125,0.37625
1981-08-30,0.58,0.49,0.37125
1981-08-31,0.57124996,0.48125,0.36125
1981-09-01,0.57,0.47125,0.36
1981-09-02,0.57,0.47,0.35125
1981-09-03,0.56125,0.47,0.35
1981-09-04,0.56,0.47,0.35
1981-09-05,0.55125,0.47,0.34125
1981-09-06,0.585,0.47875,0.34
1981-09-07,0.66875,0.515,0.34
1981-09-08,0.645,0.5375,0.34
1981-09-09,0.5875,0.505,0.34
1981-09-10,0.57124996,0.47375,0.34
1981-09-11,0.56125,0.47,0.34
1981-09-12,0.56,0.47,0.34
1981-09-13,0.55125,0.46125,0.34
1981-09-14,0.55,0.46,0.34
1981-09-15,0.55,0.46,0.33125
1981-09-16,0.5675,0.46875,0.33
1981-09-17,0.5525,0.46125,0.33
1981-09-18,0.55,0.46,0.33
1981-09-19,0.54125,0.45125,0.33
1981-09-20,0.54,0.44125,0.33
1981-09-21,0.54,0.44,0.32125
1981-09-22,0.59250003,0.46625,0.32
1981-09-23,0.62625,0.505,0.32
1981-09-24,0.56,0.475,0.32
1981-09-25,0.55,0.4525,0.31125
1981-09-26,0.54125,0.45,0.31
1981-09-27,0.54,0.44125,0.31
1981-09-28,0.53125,0.44,0.31
1981-09-29,0.53,0.44,0.31
1981-09-30,0.53875,0.44,0.31
1981-10-01,0.54,0.44,0.31
1981-10-02,0.65375,0.475,0.31875
1981-10-03,0.62625,0.515,0.425
1981-10-04,0.64625,0.5375,0.53625
1981-10-05,0.6675,0.59250003,0.55
1981-10-06,0.705,0.6,0.48
1981-10-07,0.66625,0.6,0.4875
1981-10-08,0.59875,0.53875,0.4725
1981-10-09,0.58124995,0.5125,0.46125
1981-10-10,0.5975,0.51,0.4775
1981-10-11,0.6175,0.5275,0.48875
1981-10-12,0.69874996,0.60875,0.49875
1981-10-13,0.78000003,0.70750004,1.025
1981-10-14,1.00875,0.88625,0.98625
1981-10-15,1.005,0.805,0.92625
1981-10-16,0.895,0.85125,0.92875
1981-10-17,0.95,0.8775,1.0
1981-10-18,0.9425,0.9325,1.07125
1981-10-19,0.87,0.87875,1.10625
1981-10-20,0.83375,0.835,1.04
1981-10-21,0.795,0.795,0.96
1981-10-22,0.76375,0.74625003,0.88
1981-10-23,0.71625,0.69625,0.77375
1981-10-24,0.73625,0.64625,0.69875
1981-10-25,0.83625,0.70124996,0.61125
1981-10-26,0.7975,0.7275,0.53
1981-10-27,0.71125,0.65999997,0.5025
1981-10-28,0.6825,0.59749997,0.49125
1981-10-29,0.75874996,0.63374996,0.5075
1981-10-30,0.7875,0.675,0.72875
1981-10-31,0.96500003,0.81125,0.9175
1981-11-01,1.17375,1.0224999,1.08875
1981-11-02,1.38375,1.1812501,1.39
1981-11-03,1.10375,1.13875,1.4475
1981-11-04,1.01625,1.0425,1.40625
1981-11-05,1.00125,1.03,1.32125
1981-11-06,1.14875,1.1175,1.31
1981-11-07,1.31875,1.27875,1.59
1981-11-08,1.29625,1.335,1.65625
1981-11-09,1.22875,1.27875,1.51125
1981-11-10,1.3075,1.34875,1.6825
1981-11-11,1.4775,1.395,1.7975
1981-11-12,1.99875,1.81125,2.15125
1981-11-13,2.5775,2.40375,2.48875
1981-11-14,2.6412501,2.585,3.57125
1981-11-15,2.8500001,2.7749999,3.72
1981-11-16,2.9675,2.9137502,3.51
1981-11-17,2.74375,2.79875,3.45375
1981-11-18,2.395,2.49125,3.45875
1981-11-19,2.23625,2.31,3.53
1981-11-20,2.1675,2.1937501,3.6975
1981-11-21,2.2825,2.2150002,4.27125
1981-11-22,2.895,2.7275,3.8425
1981-11-23,2.9450002,2.9225001,3.945
1981-11-24,2.975,2.94,3.34
1981-11-25,3.05875,2.975,2.9525
1981-11-26,3.1312501,3.0762498,3.8025
1981-11-27,3.2275,3.23,3.615
1981-11-28,3.1087499,3.18875,3.115
1981-11-29,2.99375,3.01375,2.735
1981-11-30,2.8574998,2.8587499,2.26125
1981-12-01,2.6387498,2.6474998,2.27
1981-12-02,2.54,2.5149999,2.3675
1981-12-03,2.5562499,2.5349998,2.415
1981-12-04,2.5774999,2.5225,2.39375
1981-12-05,2.8162498,2.61625,2.1975
1981-12-06,2.8325,2.70875,2.37125
1981-12-07,2.75125,2.67625,2.44375
1981-12-08,2.5825,2.53,2.66
1981-12-09,2.455,2.3525,2.97
1981-12-10,2.545,2.3649998,3.045
1981-12-11,2.72625,2.5275,3.07625
1981-12-12,2.63625,2.5149999,3.255
1981-12-13,2.71625,2.5362499,3.28875
1981-12-14,2.7037501,2.5662498,3.325
1981-12-15,2.6737502,2.57,3.295
1981-12-16,2.565,2.50875,2.96625
1981-12-17,2.6200001,2.47375,3.025
1981-12-18,2.9625,2.75875,2.9175
1981-12-19,2.98375,2.9137502,2.87375
1981-12-20,2.8487499,2.8162498,2.9225
1981-12-21,2.8562498,2.7825,2.97375
1981-12-22,2.8249998,2.745,2.91875
1981-12-23,2.82,2.7137501,2.5425
1981-12-24,2.68875,2.61375,2.41125
1981-12-25,2.565,2.46875,2.33875
1981-12-26,2.47125,2.3625,2.26
1981-12-27,2.5562499,2.3325,2.11
1981-12-28,2.605,2.3912501,1.7575
1981-12-29,2.70625,2.42625,1.6575
1981-12-30,2.83375,2.61375,2.13125
1981-12-31,2.78875,2.6225,2.26125
1982-01-01,2.84125,2.6375,2.2875
1982-01-02,2.96375,2.75375,2.3075
1982-01-03,2.91875,2.7962499,2.75625
1982-01-04,2.77,2.7037501,2.70625
1982-01-05,2.6625001,2.6287498,2.9175
1982-01-06,2.99125,2.8912501,4.07
1982-01-07,3.24125,3.21,4.20375
1982-01-08,3.3049998,3.32,4.13
1982-01-09,3.26625,3.3125,3.5775
1982-01-10,3.0325,3.1525002,3.255
1982-01-11,2.71125,2.87625,3.15875
1982-01-12,2.4775,2.595,3.3775
1982-01-13,2.6075,2.6212502,4.01375
1982-01-14,2.93625,2.97125,4.1525
1982-01-15,3.09375,3.23,3.73125
1982-01-16,3.22375,3.26875,3.59125
1982-01-17,3.205,3.2525,3.195
1982-01-18,3.1825001,3.2150002,3.0
1982-01-19,3.2150002,3.23625,3.16375
1982-01-20,3.3249998,3.3625002,3.9775
1982-01-21,3.38375,3.45875,4.2475
1982-01-22,,3.6100001,4.3225
1982-01-23,,3.81375,4.49625
1982-01-24,,3.91,5.3075
1982-01-25,,4.0075,5.53375
1982-01-26,,4.18625,5.96125
1982-01-27,,4.3675,5.7575
1982-01-28,,4.4950004,5.58
1982-01-29,,4.55375,5.42
1982-01-30,,4.5425,5.30375
1982-01-31,,4.46125,5.2725
1982-02-01,,4.31,5.2
1982-02-02,,4.10625,5.155
1982-02-03,3.31,3.93125,5.0975
1982-02-04,3.275,3.7262502,4.915
1982-02-05,3.1387498,3.525,4.855
1982-02-06,2.83125,3.22875,4.82375
1982-02-07,2.62375,2.9275,4.7675
1982-02-08,2.78375,2.89,4.59375
1982-02-09,2.81,2.8812501,4.38625
1982-02-10,2.6875,2.7225,3.42375
1982-02-11,2.59125,2.56875,2.40625
1982-02-12,2.51875,2.4625,2.245
1982-02-13,2.2825,2.3799999,2.17
1982-02-14,2.0925,2.125,1.97625
1982-02-15,1.9562501,1.915,1.76625
1982-02-16,1.89625,1.8375001,1.6525
1982-02-17,1.8375001,1.7775,1.59625
1982-02-18,1.7775,1.7175,1.5375
1982-02-19,1.76125,1.675,1.48625
1982-02-20,1.73375,1.64375,1.43625
1982-02-21,1.68625,1.61375,1.38625
1982-02-22,1.6275,1.56625,1.30125
1982-02-23,1.47125,1.455,1.2375
1982-02-24,1.415,1.39625,1.195
1982-02-25,1.38375,1.38125,1.16375
1982-02-26,1.345,1.3625,1.475
1982-02-27,1.3225,1.3425,1.5025
1982-02-28,1.57375,1.48,1.47375
1982-03-01,1.7674999,1.6225,1.33875
1982-03-02,1.88625,1.7624999,1.32875
1982-03-03,1.87375,1.77125,1.39125
1982-03-04,1.98375,1.8312501,1.63625
1982-03-05,2.4375,2.2425,2.4925
1982-03-06,2.8149998,2.72,3.73875
1982-03-07,2.93,2.8675,3.69875
1982-03-08,2.86125,2.8625,3.88
1982-03-09,2.8587499,2.86,3.9625
1982-03-10,2.97375,2.9475,3.97
1982-03-11,3.1212502,3.09125,3.8475
1982-03-12,3.2275,3.1187499,3.94375
1982-03-13,2.96875,3.0149999,4.03
1982-03-14,2.8774998,2.99125,4.39
1982-03-15,2.94,3.0075,4.62375
1982-03-16,2.95,3.05375,4.53625
1982-03-17,2.88875,3.0075,4.415
1982-03-18,2.7925,2.9037502,4.26
1982-03-19,2.71875,2.81125,4.17875
1982-03-20,2.71875,2.7825,4.24875
1982-03-21,2.72875,2.75375,4.19
1982-03-22,2.72125,2.77625,4.2325
1982-03-23,2.6412501,2.6750002,3.98625
1982-03-24,3.07625,2.905,4.2125
1982-03-25,3.25375,3.21125,4.32
1982-03-26,3.4012501,3.3725002,4.3825
1982-03-27,3.51625,3.495,4.60875
1982-03-28,3.67875,3.6325002,5.0425
1982-03-29,3.7875,3.7025,4.9075
1982-03-30,3.7125,3.6750002,4.67875
1982-03-31,3.385,3.53,4.53625
1982-04-01,2.9112499,3.3525,4.37125
1982-04-02,2.8587499,3.19875,4.35875
1982-04-03,2.8775,3.0662498,4.3425
1982-04-04,2.6087499,2.8225,4.24375
1982-04-05,2.42125,2.58,4.2125
1982-04-06,2.32125,2.47125,3.755
1982-04-07,2.24,2.3725,3.47125
1982-04-08,2.2037501,2.29,2.985
1982-04-09,2.15625,2.1925,2.28125
1982-04-10,2.0625,2.08375,2.33
1982-04-11,1.91,1.9475,2.315
1982-04-12,1.86375,1.86875,2.23125
1982-04-13,1.86875,1.86,2.1675
1982-04-14,1.8262501,1.825,2.1075
1982-04-15,1.8375001,1.81125,2.16125
1982-04-16,2.0325,1.9412501,2.30125
1982-04-17,2.06875,2.0562499,2.46
1982-04-18,2.0,2.0,2.4275
1982-04-19,1.96375,1.96375,2.3325
1982-04-20,1.88125,1.8725001,2.15375
1982-04-21,1.72125,1.755,1.9725
1982-04-22,1.46375,1.5825,1.78375
1982-04-23,1.2725,1.4025,1.6375
1982-04-24,1.4074999,1.415,1.5675
1982-04-25,1.255,1.37625,1.53375
1982-04-26,1.125,1.2475001,1.50375
1982-04-27,1.0925,1.18625,1.4825
1982-04-28,1.0637499,1.15375,1.45375
1982-04-29,1.0074999,1.10625,1.415
1982-04-30,1.0,1.07375,1.3925
1982-05-01,0.965,1.0437499,1.355
1982-05-02,0.96,1.0225,1.315
1982-05-03,0.9425,1.02,1.28375
1982-05-04,0.94875,1.01125,1.2625
1982-05-05,0.95,1.00125,1.23375
1982-05-06,0.95875,1.00875,1.2125
1982-05-07,0.95124996,0.9925,1.21875
1982-05-08,0.94124997,0.9725,1.2025
1982-05-09,0.93125,0.97,1.1825
1982-05-10,0.9125,0.9525,1.17125
1982-05-11,0.88375,0.9325,1.16125
1982-05-12,0.88874996,0.92125,1.13375
1982-05-13,0.9075,0.92875004,1.1125
1982-05-14,0.91875005,0.9475,1.0925
1982-05-15,0.955,0.95875,1.09
1982-05-16,0.90749997,0.93375003,1.08125
1982-05-17,0.9,0.9125,1.08
1982-05-18,0.9525,0.945,1.08
1982-05-19,0.91625,0.9325,1.07125
1982-05-20,0.88375,0.90375,1.07
1982-05-21,0.88,0.89125,1.06125
1982-05-22,0.90625,0.9075,1.0775
1982-05-23,0.9975,0.98,1.08875
1982-05-24,1.00125,1.025,1.1075
1982-05-25,0.93875,0.98625004,1.1275
1982-05-26,0.92125,0.9625,1.095
1982-05-27,0.92,0.95124996,1.27375
1982-05-28,0.99,1.0024999,1.46625
1982-05-29,1.0525,1.10625,1.4375
1982-05-30,1.06,1.1375,1.38625
1982-05-31,1.0337499,1.09625,1.24875
1982-06-01,0.9775,1.0375,1.16
1982-06-02,0.89125,0.96,1.08875
1982-06-03,0.84499997,0.88875,1.08
1982-06-04,0.84,0.87125003,1.08
1982-06-05,0.8925,0.8875,1.07125
1982-06-06,0.96125,0.95124996,1.0525
1982-06-07,0.97875,0.96875,1.0325
1982-06-08,0.97125006,0.97,1.0125
1982-06-09,0.96125,0.9525,0.9925
1982-06-10,0.95124996,0.94124997,0.98125
1982-06-11,0.95,0.94875,0.97125
1982-06-12,0.97625,0.9325,0.97
1982-06-13,0.95375,0.93,0.9525
1982-06-14,0.95,0.93,0.94125
1982-06-15,0.94124997,0.9125,0.93125
1982-06-16,0.905,0.8925,0.90375
1982-06-17,0.84749997,0.855,0.87375
1982-06-18,0.83124995,0.82375,0.87
1982-06-19,0.82124996,0.81125,0.86125
1982-06-20,0.82,0.81,0.86
1982-06-21,0.82,0.80125,0.85125
1982-06-22,0.82,0.8,0.84125
1982-06-23,0.82,0.8,0.83125
1982-06-24,0.82,0.8,0.83
1982-06-25,0.82,0.8,0.82125
1982-06-26,0.8025,0.79125,0.81125
1982-06-27,0.8,0.79,0.80125
1982-06-28,0.8,0.79,0.8
1982-06-29,0.78249997,0.79,0.79125
1982-06-30,0.78875,0.79,0.7725
1982-07-01,0.79,0.7725,0.76125
1982-07-02,0.8075,0.7875,0.76
1982-07-03,0.78375,0.7725,0.75125
1982-07-04,0.78,0.77,0.75
1982-07-05,0.78,0.76125,0.75
1982-07-06,0.78,0.75125,0.7325
1982-07-07,0.77125,0.75,0.72125
1982-07-08,0.77874994,0.75,0.72
1982-07-09,0.75374997,0.7325,0.72
1982-07-10,0.75874996,0.73,0.71125
1982-07-11,0.76,0.73875,0.70125
1982-07-12,0.76,0.74,0.7
1982-07-13,0.76,0.74,0.69125
1982-07-14,0.7775,0.74,0.69
1982-07-15,0.815,0.775,0.69
1982-07-16,0.81125,0.78,0.69
1982-07-17,0.83624995,0.78,0.69
1982-07-18,0.84,0.78875,0.68125
1982-07-19,0.84,0.79,0.67125
1982-07-20,0.84875,0.79875004,0.67
1982-07-21,0.78875,0.765,0.67
1982-07-22,0.78,0.7425,0.66125
1982-07-23,0.77125,0.73125005,0.66
1982-07-24,0.77,0.73,0.66
1982-07-25,0.77874994,0.73,0.65125
1982-07-26,0.7625,0.73,0.65
1982-07-27,0.75125,0.7125,0.65
1982-07-28,0.75,0.70124996,0.64125
1982-07-29,0.7675,0.71750003,0.63125
1982-07-30,0.84875,0.755,0.63
1982-07-31,0.78125,0.75125,0.63
1982-08-01,0.74375,0.715,0.62125
1982-08-02,0.73125005,0.70124996,0.62
1982-08-03,0.73,0.70875,0.62
1982-08-04,0.73,0.70124996,0.61125
1982-08-05,0.73,0.69124997,0.61
1982-08-06,0.72125006,0.68125,0.61
1982-08-07,0.72,0.68,0.61
1982-08-08,0.7025,0.6625,0.60125
1982-08-09,0.71750003,0.66875005,0.6
1982-08-10,0.74625003,0.67,0.6
1982-08-11,0.7325,0.67875004,0.59125
1982-08-12,0.72125006,0.68,0.59
1982-08-13,0.72,0.67125,0.58125
1982-08-14,0.7025,0.66125,0.57125
1982-08-15,0.72625,0.66,0.57
1982-08-16,0.7475,0.68625,0.57
1982-08-17,0.74125004,0.68125,0.56125
1982-08-18,0.78375,0.6975,0.55125
1982-08-19,0.825,0.74375,0.55
1982-08-20,0.83875,0.75874996,0.55
1982-08-21,0.84,0.76,0.55
1982-08-22,0.84,0.76,0.55
1982-08-23,0.84,0.76,0.54125
1982-08-24,0.84,0.76874995,0.54
1982-08-25,0.83124995,0.76125,0.54
1982-08-26,0.82124996,0.76,0.53125
1982-08-27,0.8025,0.75125,0.53
1982-08-28,0.79125,0.72375,0.53
1982-08-29,0.79,0.72,0.53
1982-08-30,0.79875004,0.72,0.53
1982-08-31,0.79125,0.72,0.53
1982-09-01,0.79875004,0.72,0.52125
1982-09-02,0.8,0.72,0.52
1982-09-03,0.79125,0.72,0.52
1982-09-04,0.79,0.71125,0.51125
1982-09-05,0.78125,0.71,0.51
1982-09-06,0.7975,0.71,0.50125
1982-09-07,0.78249997,0.71,0.5
1982-09-08,0.78,0.70124996,0.5
1982-09-09,0.77125,0.7,0.49125
1982-09-10,0.77874994,0.7,0.48125
1982-09-11,0.78,0.7,0.48
1982-09-12,0.78875,0.7,0.48
1982-09-13,0.78125,0.7,0.48
1982-09-14,0.78,0.69124997,0.47125
1982-09-15,0.78,0.69,0.47
1982-09-16,0.78,0.69,0.47
1982-09-17,0.78875,0.69875,0.47
1982-09-18,0.79,0.7,0.46125
1982-09-19,0.79,0.7,0.46
1982-09-20,0.78125,0.7,0.46
1982-09-21,0.78875,0.7,0.46
1982-09-22,0.8075,0.71750003,0.4775
1982-09-23,0.81,0.72,0.48
1982-09-24,0.80125,0.71125,0.48
1982-09-25,0.8,0.71,0.47125
1982-09-26,0.8,0.71,0.47875
1982-09-27,0.8,0.71,0.48875
1982-09-28,0.79125,0.71,0.49875
1982-09-29,0.79,0.71,0.52625
1982-09-30,0.7725,0.71,0.53875
1982-10-01,0.77,0.70124996,0.5225
1982-10-02,0.77874994,0.7,0.5025
1982-10-03,0.78875,0.7,0.5
1982-10-04,0.79875004,0.70875,0.4825
1982-10-05,0.80875003,0.71,0.48
1982-10-06,0.7925,0.71,0.48
1982-10-07,0.79,0.71,0.48
1982-10-08,0.825,0.71875,0.48
1982-10-09,0.83875,0.74625003,0.47125
1982-10-10,0.8225,0.75874996,0.47
1982-10-11,0.81125,0.73375,0.47875
1982-10-12,0.83624995,0.73875,0.48875
1982-10-13,0.86625,0.775,0.49875
1982-10-14,0.89625,0.7975,0.5175
1982-10-15,0.8825,0.78249997,0.54625
1982-10-16,0.88874996,0.78,0.55
1982-10-17,0.86375,0.77125,0.5325
1982-10-18,0.90375,0.77874994,0.52125
1982-10-19,0.91,0.78,0.5025
1982-10-20,0.8575,0.7625,0.4825
1982-10-21,0.85875,0.7425,0.4625
1982-10-22,0.90375,0.7575,0.45125
1982-10-23,0.91875005,0.78625,0.49375
1982-10-24,0.91125,0.81624997,0.5
1982-10-25,0.90125,0.81125,0.49125
1982-10-26,0.89125,0.7925,0.48125
1982-10-27,0.88125,0.79,0.47125
1982-10-28,0.87125003,0.78125,0.47
1982-10-29,0.86125004,0.7625,0.47875
1982-10-30,0.8425,0.75125,0.48875
1982-10-31,0.8575,0.7325,0.49875
1982-11-01,0.9475,0.8,0.5175
1982-11-02,0.89875,0.8275,0.52875
1982-11-03,0.89,0.795,0.5475
1982-11-04,0.82875,0.76375,0.5675
1982-11-05,0.81125,0.7425,0.56125
1982-11-06,0.78375,0.7225,0.53375
1982-11-07,0.78,0.7025,0.52125
1982-11-08,0.75374997,0.6825,0.49375
1982-11-09,0.7325,0.65375,0.46375
1982-11-10,0.73,0.65,0.4425
1982-11-11,0.7125,0.6325,0.4225
1982-11-12,0.6925,0.6125,0.4375
1982-11-13,0.69,0.61,0.44875
1982-11-14,0.7425,0.63625,0.45875
1982-11-15,0.70625,0.63125,0.4775
1982-11-16,0.6825,0.62125003,0.48
1982-11-17,0.68,0.61125004,0.4975
1982-11-18,0.6975,0.6275,0.52625
1982-11-19,0.74375,0.63874996,0.53875
1982-11-20,0.74125004,0.71000004,0.82875
1982-11-21,0.74,0.72875,0.8
1982-11-22,0.76625,0.73,0.72
1982-11-23,0.7525,0.73,0.6925
1982-11-24,0.75,0.70375,0.6375
1982-11-25,0.68875,0.665,0.53375
1982-11-26,0.63625,0.6075,0.49375
1982-11-27,0.6125,0.565,0.455
1982-11-28,0.5925,0.5425,0.42375
1982-11-29,0.5725,0.53125,0.4025
1982-11-30,0.5875,0.52125,0.39125
1982-12-01,0.59,0.52,0.3725
1982-12-02,0.59,0.51125,0.36125
1982-12-03,0.65125,0.53625,0.3775
1982-12-04,0.6425,0.56624997,0.3975
1982-12-05,0.6575,0.56125,0.4175
1982-12-06,0.7475,0.60375,0.4375
1982-12-07,0.73375,0.6625,0.46625
1982-12-08,0.73,0.64375,0.505
1982-12-09,0.72125006,0.64874995,0.55375
1982-12-10,0.72875,0.6675,0.5425
1982-12-11,0.765,0.67,0.54875
1982-12-12,0.76125,0.6875,0.5675
1982-12-13,0.7425,0.6725,0.59625
1982-12-14,0.7225,0.67875004,0.635
1982-12-15,0.69375,0.6625,0.59625
1982-12-16,0.68125,0.6425,0.5375
1982-12-17,0.72375,0.6225,0.50375
1982-12-18,0.82624996,0.71625,0.4825
1982-12-19,0.81375,0.72125006,0.4975
1982-12-20,0.7575,0.71125,0.535
1982-12-21,0.68875,0.64875,0.5575
1982-12-22,0.68,0.63125,0.56
1982-12-23,0.65375,0.63,0.53375
1982-12-24,0.65875,0.63,0.53
1982-12-25,0.66875005,0.62125003,0.59125
1982-12-26,0.73125,0.6725,0.74
1982-12-27,0.845,0.81125,0.97875
1982-12-28,0.86,0.8475,1.3425
1982-12-29,0.9475,0.90250003,1.24125
1982-12-30,1.0474999,1.05875,1.2025
1982-12-31,1.13875,1.15,1.38375
1983-01-01,1.14125,1.2125,1.445
1983-01-02,1.65625,1.4475,1.5025
1983-01-03,2.185,2.04,1.74625
1983-01-04,2.46,2.3125,2.03375
1983-01-05,2.5949998,2.375,2.04375
1983-01-06,2.86375,2.59,2.25
1983-01-07,3.3725,3.06625,3.07625
1983-01-08,3.58875,3.4275,4.12625
1983-01-09,3.5749998,3.4875,3.98875
1983-01-10,3.5525,3.4637501,3.62625
1983-01-11,3.4625,3.4250002,3.25625
1983-01-12,3.2662501,3.28,3.18375
1983-01-13,3.00375,3.0325,3.1275
1983-01-14,2.82125,2.8075,3.085
1983-01-15,2.87875,2.8062499,3.01
1983-01-16,3.065,2.99375,2.9125
1983-01-17,3.1162498,3.0725,2.83875
1983-01-18,3.0325,3.00125,2.76875
1983-01-19,2.87125,2.85,2.85625
1983-01-20,2.98125,2.8649998,2.94
1983-01-21,3.06125,2.9575,2.915
1983-01-22,2.97375,2.935,2.88375
1983-01-23,2.9337502,2.8687499,2.8975
1983-01-24,3.14,2.99125,2.9
1983-01-25,3.45875,3.33375,3.6175
1983-01-26,3.5525,3.47625,3.74625
1983-01-27,3.5862498,3.5425,3.5925
1983-01-28,3.66875,3.6200001,3.4125
1983-01-29,3.68,3.665,3.6
1983-01-30,3.6274998,3.67,3.6125
1983-01-31,3.52375,3.6087499,3.68
1983-02-01,3.36125,3.48625,4.1625
1983-02-02,3.2350001,3.3562498,4.85125
1983-02-03,3.395,3.4275,5.6575
1983-02-04,3.7962499,3.7725,7.01125
1983-02-05,3.98125,4.065,6.83125
1983-02-06,3.755,4.1175,6.4125
1983-02-07,3.58875,4.00625,6.66625
1983-02-08,3.5,3.9025002,7.2175
1983-02-09,3.5949998,3.9075,
1983-02-10,3.63625,3.98875,
1983-02-11,4.01625,4.20125,
1983-02-12,4.3587503,4.44875,
1983-02-13,4.6275,4.7075,
1983-02-14,,4.88875,
1983-02-15,,5.00625,
1983-02-16,,5.0637503,7.36
1983-02-17,,5.04375,7.325
1983-02-18,,4.9700003,7.11
1983-02-19,4.68,4.86375,6.89625
1983-02-20,4.505,4.71875,5.47875
1983-02-21,4.26125,4.5162497,5.04375
1983-02-22,4.0025,4.2975,4.52875
1983-02-23,3.6374998,4.025,3.025
1983-02-24,3.4237502,3.71875,2.60125
1983-02-25,3.1374998,3.3474998,2.43
1983-02-26,2.9425,3.02,2.24375
1983-02-27,2.82375,2.77,2.115
1983-02-28,2.78375,2.635,2.03875
1983-03-01,2.77125,2.62,1.6975
1983-03-02,2.9275,2.75125,2.035
1983-03-03,2.97625,2.8049998,2.475
1983-03-04,3.1637502,2.985,2.71375
1983-03-05,3.26875,3.1237502,3.01125
1983-03-06,3.3062499,3.25375,3.63625
1983-03-07,3.3362498,3.3487499,4.07
1983-03-08,3.375,3.38625,4.05
1983-03-09,3.30125,3.36375,3.9
1983-03-10,3.28125,3.3162498,3.83625
1983-03-11,3.13125,3.2225,3.80375
1983-03-12,2.92625,3.0525,3.77375
1983-03-13,2.52375,2.7675,3.7
1983-03-14,2.3125,2.4850001,3.5325
1983-03-15,2.255,2.38875,3.93
1983-03-16,2.3374999,2.44125,4.06875
1983-03-17,2.3325,2.4237502,3.70375
1983-03-18,2.3912501,2.4375,3.22125
1983-03-19,2.365,2.4050002,3.06375
1983-03-20,2.29875,2.32125,3.19
1983-03-21,2.40375,2.42375,3.09625
1983-03-22,2.42,2.43125,2.96625
1983-03-23,2.4375,2.43875,2.88875
1983-03-24,2.4137502,2.4137502,2.775
1983-03-25,2.3487499,2.36625,2.76
1983-03-26,2.31375,2.3162498,2.78625
1983-03-27,2.42375,2.40625,2.8425
1983-03-28,2.335,2.3587499,2.5525
1983-03-29,2.25875,2.245,2.74625
1983-03-30,2.2325,2.2475,2.5525
1983-03-31,2.09,2.1274998,2.26625
1983-04-01,2.07,2.04875,2.23
1983-04-02,2.2275,2.145,2.265
1983-04-03,2.1537502,2.1425002,2.13
1983-04-04,2.00875,2.0,1.9175
1983-04-05,1.9025,1.8925,1.8025
1983-04-06,1.77625,1.76625,1.72
1983-04-07,1.725,1.6887499,1.73625
1983-04-08,1.95625,1.84625,2.02
1983-04-09,2.2525,2.115,2.025
1983-04-10,2.4825,2.29,1.985
1983-04-11,2.7725,2.5725,4.2725
1983-04-12,3.23,3.17,4.7225
1983-04-13,3.0974998,3.25875,3.82125
1983-04-14,2.825,2.9975,3.27
1983-04-15,2.95625,2.9425,2.93875
1983-04-16,2.97125,2.93125,2.71625
1983-04-17,2.8825,2.8425,2.4625
1983-04-18,2.66,2.6462498,2.24625
1983-04-19,2.49875,2.4450002,2.0625
1983-04-20,2.4012501,2.315,1.87375
1983-04-21,2.3725,2.2475,1.7975
1983-04-22,2.36125,2.2225,1.755
1983-04-23,2.3687499,2.2025,1.74125
1983-04-24,2.37875,2.20875,1.7225
1983-04-25,2.35375,2.1837502,1.72875
1983-04-26,2.35,2.17125,1.75625
1983-04-27,2.385,2.2137501,1.8125
1983-04-28,2.3812501,2.22875,1.79375
1983-04-29,2.38875,2.23875,1.78125
1983-04-30,2.39,2.23125,1.7275
1983-05-01,2.46,2.25625,1.67625
1983-05-02,2.47875,2.25125,1.5475
1983-05-03,2.41875,2.2150002,1.46
1983-05-04,2.2875,2.11375,1.3975
1983-05-05,2.20875,2.02125,1.36375
1983-05-06,2.2,1.98375,1.29875
1983-05-07,2.19125,1.97125,1.28125
1983-05-08,2.11125,1.935,1.2625
1983-05-09,1.89875,1.79,1.23375
1983-05-10,1.73,1.63875,1.2125
1983-05-11,1.66625,1.5587499,1.1925
1983-05-12,1.625,1.52375,1.16375
1983-05-13,1.61125,1.5025,1.1425
1983-05-14,1.56625,1.47375,1.13125
1983-05-15,1.525,1.435,1.10375
1983-05-16,1.44125,1.38625,1.09125
1983-05-17,1.40375,1.345,1.08125
1983-05-18,1.4175,1.34,1.0625
1983-05-19,1.41125,1.34,1.05125
1983-05-20,1.40125,1.3312501,1.0325
1983-05-21,1.39125,1.3212501,1.02125
1983-05-22,1.39,1.31125,1.01125
1983-05-23,1.38125,1.30125,1.00125
1983-05-24,1.37125,1.3,1.0
1983-05-25,1.36125,1.3,0.99125
1983-05-26,1.3775,1.3,1.0425
1983-05-27,1.415,1.335,1.18125
1983-05-28,1.4462501,1.38375,1.29625
1983-05-29,1.45875,1.41625,1.2575
1983-05-30,1.4512501,1.4024999,1.1625
1983-05-31,1.4412501,1.37375,1.115
1983-06-01,1.43125,1.3525,1.08375
1983-06-02,1.2987499,1.2975,1.0275
1983-06-03,1.2012501,1.2025001,1.01125
1983-06-04,1.18125,1.18125,1.00125
1983-06-05,1.1275,1.13625,1.0
1983-06-06,1.09375,1.095,0.965
1983-06-07,1.04625,1.04625,0.93375
1983-06-08,1.0225,1.01375,0.9125
1983-06-09,1.01125,1.00125,0.90125
1983-06-10,1.01,0.99125004,0.89125
1983-06-11,1.00125,0.98125005,0.89
1983-06-12,0.99125004,0.97125006,0.8725
1983-06-13,0.98125005,0.96125,0.87
1983-06-14,0.98875,0.96,0.86125
1983-06-15,0.98125005,0.96,0.85125
1983-06-16,0.98,0.95124996,0.84125
1983-06-17,0.97125006,0.94124997,0.83125
1983-06-18,0.99625003,0.94875,0.82125
1983-06-19,0.99125004,0.95875,0.8025
1983-06-20,0.98125005,0.93375003,0.8
1983-06-21,0.97125006,0.92125,0.8
1983-06-22,1.01375,0.9375,0.79125
1983-06-23,1.04625,0.9925,0.79
1983-06-24,1.04125,0.99125004,0.78125
1983-06-25,1.04,0.99,0.77125
1983-06-26,1.03125,0.99,0.77
1983-06-27,1.03,0.99,0.76125
1983-06-28,1.0125,0.98125005,0.76
1983-06-29,1.0274999,0.98,0.76
1983-06-30,1.03,0.98,0.75125
1983-07-01,1.0125,0.97125006,0.74125
1983-07-02,1.01875,0.97,0.74
1983-07-03,1.02,0.97875,0.73125
1983-07-04,1.02875,0.98,0.73
1983-07-05,1.02125,0.97125006,0.73
1983-07-06,1.02,0.96125,0.72125
1983-07-07,1.01125,0.96,0.72
1983-07-08,1.01,0.96,0.71125
1983-07-09,1.01,0.95124996,0.71
1983-07-10,1.01,0.95,0.71
1983-07-11,1.01,0.95,0.70125
1983-07-12,1.00125,0.94124997,0.69125
1983-07-13,1.00875,0.93125,0.69
1983-07-14,1.00125,0.93,0.68125
1983-07-15,0.99125004,0.93,0.67125
1983-07-16,0.99,0.93,0.67
1983-07-17,0.99,0.93,0.66125
1983-07-18,0.99,0.92125,0.66
1983-07-19,0.99,0.92875004,0.66
1983-07-20,0.99,0.93,0.6775
1983-07-21,0.99,0.93,0.6975
1983-07-22,0.99,0.93,0.70875
1983-07-23,0.99875,0.93875,0.7275
1983-07-24,0.99125004,0.94,0.73875
1983-07-25,0.96375,0.94,0.7225
1983-07-26,0.925,0.905,0.7025
1983-07-27,0.9025,0.85625005,0.69125
1983-07-28,0.87375,0.8325,0.66375
1983-07-29,0.8525,0.8125,0.66
1983-07-30,0.84125,0.81,0.65125
1983-07-31,0.84,0.7925,0.64125
1983-08-01,0.84,0.79,0.63125
1983-08-02,0.84,0.79,0.62125
1983-08-03,0.84,0.78125,0.62
1983-08-04,0.83124995,0.78,0.61125
1983-08-05,0.83875,0.77125,0.61
1983-08-06,0.84,0.77,0.61
1983-08-07,0.84,0.77,0.60125
1983-08-08,0.83124995,0.76125,0.6
1983-08-09,0.8125,0.7425,0.59125
1983-08-10,0.8275,0.74875,0.59
1983-08-11,0.8475,0.75874996,0.59
1983-08-12,0.82375,0.76,0.59
1983-08-13,0.82,0.76,0.58125
1983-08-14,0.82,0.76,0.57125
1983-08-15,0.82,0.76,0.57
1983-08-16,0.82,0.76,0.56125
1983-08-17,0.8025,0.7425,0.56
1983-08-18,0.80875003,0.74,0.55125
1983-08-19,0.81875,0.74875,0.55
1983-08-20,0.82,0.75,0.54125
1983-08-21,0.79375005,0.7325,0.54
1983-08-22,0.8075,0.73,0.54
1983-08-23,0.81,0.73875,0.54
1983-08-24,0.80125,0.73125005,0.53125
1983-08-25,0.78249997,0.7125,0.53
1983-08-26,0.7975,0.7275,0.53
1983-08-27,0.80875003,0.73,0.52125
1983-08-28,0.80125,0.73,0.52
1983-08-29,0.80875003,0.73,0.52
1983-08-30,0.80125,0.73,0.51125
1983-08-31,0.8,0.73,0.50125
1983-09-01,0.8,0.72125006,0.5
1983-09-02,0.8,0.72,0.5
1983-09-03,0.8,0.72,0.49125
1983-09-04,0.8,0.72,0.49
1983-09-05,0.78249997,0.71125,0.49
1983-09-06,0.73625004,0.66625,0.49
1983-09-07,0.70375,0.59875,0.49
1983-09-08,0.7,0.58124995,0.49
1983-09-09,0.69124997,0.58,0.49
1983-09-10,0.69,0.58875,0.49875
1983-09-11,0.69875,0.58124995,0.49125
1983-09-12,0.71750003,0.65000004,0.51625
1983-09-13,0.72875,0.66,0.52
1983-09-14,0.73,0.66875005,0.54625
1983-09-15,0.75625,0.705,0.54125
1983-09-16,0.76874995,0.70124996,0.5575
1983-09-17,0.7525,0.6825,0.55125
1983-09-18,0.77625,0.6975,0.55
1983-09-19,0.78,0.70875,0.55
1983-09-20,0.7625,0.71,0.54125
1983-09-21,0.7425,0.675,0.53125
1983-09-22,0.74,0.67,0.53
1983-09-23,0.73125005,0.67,0.53
1983-09-24,0.695,0.6525,0.52125
1983-09-25,0.7425,0.64125,0.52
1983-09-26,0.715,0.64,0.52
1983-09-27,0.71,0.64,0.52
1983-09-28,0.71,0.64874995,0.49375
1983-09-29,0.71875,0.65,0.49
1983-09-30,0.7375,0.65875,0.48125
1983-10-01,0.74875,0.66875005,0.445
1983-10-02,0.75,0.66125,0.43125
1983-10-03,0.74125004,0.65125,0.43
1983-10-04,0.73125005,0.64125,0.43
1983-10-05,0.75625,0.66625,0.42125
1983-10-06,0.75125,0.66125,0.42
1983-10-07,0.7325,0.65125,0.41125
1983-10-08,0.7475,0.64125,0.41
1983-10-09,0.70625,0.63125,0.41875
1983-10-10,0.7,0.62125003,0.42875
1983-10-11,0.70875,0.62874997,0.4475
1983-10-12,0.71,0.63874996,0.4675
1983-10-13,0.745,0.6575,0.61
1983-10-14,0.88124996,0.765,0.90125
1983-10-15,1.04875,0.95500004,1.64
1983-10-16,1.4025,1.3475,1.775
1983-10-17,1.24875,1.37375,1.92
1983-10-18,1.29,1.29125,1.93125
1983-10-19,1.39625,1.315,1.7025
1983-10-20,1.47125,1.32875,1.46
1983-10-21,1.445,1.4262501,1.395
1983-10-22,1.405,1.4137499,1.38125
1983-10-23,1.37375,1.2875,1.415
1983-10-24,1.29125,1.2525,1.4025
1983-10-25,1.25375,1.25,1.365
1983-10-26,1.6525,1.5124999,1.3425
1983-10-27,1.4737501,1.515,1.31375
1983-10-28,1.3,1.34375,1.37125
1983-10-29,1.30625,1.3025,1.35375
1983-10-30,1.31,1.3,1.35
1983-10-31,1.2574999,1.23875,1.35
1983-11-01,1.1887499,1.1775,1.34125
1983-11-02,1.17125,1.12625,1.33125
1983-11-03,1.1962501,1.12,1.33
1983-11-04,1.3924999,1.225,1.3475
1983-11-05,1.4462501,1.30125,1.46375
1983-11-06,1.6424999,1.42375,1.9175
1983-11-07,1.8362501,1.5712501,2.015
1983-11-08,1.825,1.625,1.95
1983-11-09,1.715,1.60375,1.94875
1983-11-10,1.63875,1.55625,2.04625
1983-11-11,1.63,1.52375,2.0775
1983-11-12,1.65625,1.5374999,2.64
1983-11-13,1.84375,1.6800001,2.65875
1983-11-14,1.9925,1.875,2.41375
1983-11-15,2.08,1.97875,2.38875
1983-11-16,2.08125,1.99875,2.55625
1983-11-17,2.2375,2.105,2.44
1983-11-18,2.33,2.25125,2.21
1983-11-19,2.33125,2.26125,2.41625
1983-11-20,2.26875,2.25125,2.695
1983-11-21,2.19875,2.1625001,2.5375
1983-11-22,2.1725001,2.0974998,2.36125
1983-11-23,2.3537502,2.18625,2.585
1983-11-24,2.47625,2.31375,2.4275
1983-11-25,2.4725,2.33,2.11125
1983-11-26,2.42625,2.2862499,2.18375
1983-11-27,2.4025002,2.245,2.38375
1983-11-28,2.46125,2.31875,2.34875
1983-11-29,2.5575,2.42625,2.29625
1983-11-30,2.605,2.50125,2.325
1983-12-01,2.61,2.545,2.46125
1983-12-02,2.5749998,2.5149999,2.6375
1983-12-03,2.6925,2.71125,2.8
1983-12-04,2.6225,2.66125,3.00375
1983-12-05,2.82,2.79,3.31
1983-12-06,2.94625,3.0025,3.63
1983-12-07,3.0825,3.07375,3.915
1983-12-08,3.1174998,3.15,4.0725
1983-12-09,3.2075,3.16875,4.01125
1983-12-10,2.9575,3.0825,4.105
1983-12-11,2.8587499,2.99125,4.12
1983-12-12,2.8587499,2.98,4.3125
1983-12-13,2.93875,3.0325,4.3575
1983-12-14,3.25625,3.25,4.22875
1983-12-15,3.37875,3.4025002,4.1225
1983-12-16,3.41625,3.44625,4.075
1983-12-17,3.42875,3.5025,4.0175
1983-12-18,3.2025,3.37,3.87875
1983-12-19,3.1350002,3.2625,3.71125
1983-12-20,2.99,3.0662498,3.59375
1983-12-21,2.83875,2.9175,3.4925
1983-12-22,2.8374999,2.83875,3.41
1983-12-23,2.84,2.80375,3.23375
1983-12-24,2.88375,2.77375,3.21
1983-12-25,2.995,2.91875,3.25375
1983-12-26,3.05375,3.00125,3.295
1983-12-27,3.025,3.0362499,3.39625
1983-12-28,3.01125,3.01375,3.34875
1983-12-29,3.115,3.045,3.27
1983-12-30,3.1475,3.0762498,3.19875
1983-12-31,3.08875,3.01875,3.12875
1984-01-01,2.975,2.9137502,3.05
1984-01-02,2.8725,2.795,2.96125
1984-01-03,2.8249998,2.745,2.83625
1984-01-04,2.8025,2.705,2.68875
1984-01-05,2.75625,2.6737502,2.46875
1984-01-06,2.7150002,2.6437502,2.29125
1984-01-07,2.63125,2.5525,2.1125
1984-01-08,2.4975,2.39125,1.95875
1984-01-09,2.48,2.37,1.94875
1984-01-10,2.50625,2.36125,1.99375
1984-01-11,2.5275,2.40375,2.21875
1984-01-12,2.46,2.3925002,2.215
1984-01-13,2.1087499,2.1275,1.8075
1984-01-14,1.85875,1.8625001,1.60125
1984-01-15,1.6637499,1.69875,1.475
1984-01-16,1.28125,1.4175,1.32875
1984-01-17,1.09,1.21375,1.21375
1984-01-18,1.07,1.1375,1.1475
1984-01-19,1.28875,1.2524999,1.1225
1984-01-20,1.1275,1.2175,1.11125
1984-01-21,1.02125,1.0875001,1.075
1984-01-22,1.0625,1.0875001,1.02625
1984-01-23,1.105,1.16,0.985
1984-01-24,1.11,1.17,0.98
1984-01-25,1.2325,1.2225,0.9975
1984-01-26,1.355,1.36125,1.21875
1984-01-27,1.3875,1.40625,1.45125
1984-01-28,1.41625,1.4187499,1.43625
1984-01-29,1.3325,1.37625,1.3775
1984-01-30,1.24125,1.29125,1.23
1984-01-31,1.16,1.21,1.14
1984-02-01,1.0975001,1.15625,0.98125
1984-02-02,1.0025,1.0625,0.93375
1984-02-03,0.885,0.9625,0.93
1984-02-04,0.835,0.88875,0.9475
1984-02-05,0.83,0.84499997,0.9325
1984-02-06,0.82124996,0.8225,0.9125
1984-02-07,0.82,0.8025,0.95375
1984-02-08,0.82,0.79125,0.9775
1984-02-09,0.82,0.79,0.97125
1984-02-10,0.8025,0.79875004,0.96125
1984-02-11,0.77375,0.80875003,0.95125
1984-02-12,0.7525,0.80125,0.94125
1984-02-13,0.75,0.79125,0.94875
1984-02-14,0.7675,0.8075,0.9675
1984-02-15,0.77,0.81,0.96125
1984-02-16,0.76125,0.81,0.9775
1984-02-17,0.76,0.8275,1.00625
1984-02-18,0.73375,0.80375004,1.01875
1984-02-19,0.72125006,0.765,0.99375
1984-02-20,0.72,0.76,0.955
1984-02-21,0.76374996,0.78625,0.92375
1984-02-22,0.77,0.79875004,0.91125
1984-02-23,0.7525,0.79125,0.90125
1984-02-24,0.74125004,0.78125,0.87375
1984-02-25,0.7225,0.7625,0.86125
1984-02-26,0.7375,0.76,0.85125
1984-02-27,0.74,0.76,0.8325
1984-02-28,0.73125005,0.76,0.82125
1984-02-29,0.7125,0.75125,0.8025
1984-03-01,0.6925,0.7325,0.77375
1984-03-02,0.68125,0.7125,0.7525
1984-03-03,0.67125,0.6925,0.72375
1984-03-04,0.66125,0.68125,0.7025
1984-03-05,0.68625,0.68,0.69125
1984-03-06,0.76874995,0.74125,0.68125
1984-03-07,0.71,0.7325,0.67125
1984-03-08,0.665,0.6775,0.67
1984-03-09,0.68625,0.67875004,0.6875
1984-03-10,0.83000004,0.75874996,0.725
1984-03-11,0.98125,0.91875,0.77375
1984-03-12,1.00875,1.00125,0.92
1984-03-13,0.96625,0.98375,1.15
1984-03-14,0.995,1.05875,1.32
1984-03-15,1.035,1.0875001,1.41
1984-03-16,1.0487499,1.11625,1.385
1984-03-17,0.9625,1.0675,1.31875
1984-03-18,0.88,0.97249997,1.205
1984-03-19,0.8,0.89,1.1025
1984-03-20,0.7725,0.7575,1.0375
1984-03-21,0.72625005,0.7575,0.89
1984-03-22,0.69375,0.725,0.73875
1984-03-23,0.71625,0.72,0.7375
1984-03-24,0.7725,0.755,0.81875
1984-03-25,0.90250003,0.8475,0.90875
1984-03-26,0.955,0.95625,0.96375
1984-03-27,0.90749997,0.96125,0.9525
1984-03-28,0.85625005,0.90749997,0.9325
1984-03-29,0.815,0.85625005,0.8775
1984-03-30,0.78375,0.815,0.87875
1984-03-31,0.77125,0.81,1.01125
1984-04-01,0.84000003,0.8625,1.17
1984-04-02,0.9375,1.03625,1.35625
1984-04-03,0.99375,1.10375,1.38
1984-04-04,0.95625,1.08375,1.73875
1984-04-05,0.985,1.1675,2.0175
1984-04-06,1.0775,1.31125,2.84625
1984-04-07,1.20375,1.505,3.1525
1984-04-08,1.29,1.565,3.13625
1984-04-09,1.1775,1.4825001,3.08625
1984-04-10,1.125,1.3825,2.555
1984-04-11,1.0675,1.3262501,2.1825
1984-04-12,0.96375,1.22375,1.71125
1984-04-13,0.88875,1.105,1.48375
1984-04-14,0.8275,0.99375004,1.32
1984-04-15,0.8025,0.90125,1.2125
1984-04-16,0.765,0.855,1.13875
1984-04-17,0.75125,0.82375,1.095
1984-04-18,0.7325,0.79375005,1.06375
1984-04-19,0.72125006,0.78125,1.03375
1984-04-20,0.7025,0.7625,1.00375
1984-04-21,0.69124997,0.73375,0.97375
1984-04-22,0.69,0.72125006,0.935
1984-04-23,0.69,0.71125,0.90375
1984-04-24,0.68125,0.70124996,0.87375
1984-04-25,0.68,0.7,0.84375
1984-04-26,0.6625,0.69124997,0.805
1984-04-27,0.66,0.6725,0.765
1984-04-28,0.68625,0.67875004,0.7425
1984-04-29,0.75124997,0.7325,0.7225
1984-04-30,0.71625,0.73125005,0.71125
1984-05-01,0.675,0.68625003,0.6925
1984-05-02,0.66125,0.67125,0.68125
1984-05-03,0.66,0.66125,0.68
1984-05-04,0.66,0.66,0.67125
1984-05-05,0.695,0.66875005,0.66125
1984-05-06,0.74375,0.7225,0.65125
1984-05-07,0.70625,0.7125,0.64125
1984-05-08,0.65625,0.66625,0.63125
1984-05-09,0.65,0.6425,0.62125
1984-05-10,0.65,0.64,0.62
1984-05-11,0.65,0.64,0.62
1984-05-12,0.65,0.63125,0.61125
1984-05-13,0.6675,0.63874996,0.61
1984-05-14,0.73125,0.6925,0.61
1984-05-15,0.6875,0.67375004,0.61
1984-05-16,0.645,0.635,0.60125
1984-05-17,0.64874995,0.63,0.6
1984-05-18,0.65,0.62125003,0.59125
1984-05-19,0.6325,0.62,0.58125
1984-05-20,0.6475,0.62,0.58
1984-05-21,0.7025,0.64625,0.57125
1984-05-22,0.71875,0.685,0.57
1984-05-23,0.65,0.6375,0.57
1984-05-24,0.63125,0.6125,0.57
1984-05-25,0.62125003,0.61,0.56125
1984-05-26,0.62,0.60125005,0.56
1984-05-27,0.62,0.59125,0.55125
1984-05-28,0.62,0.59,0.55
1984-05-29,0.64625,0.6075,0.55
1984-05-30,0.64125,0.60125005,0.54125
1984-05-31,0.64,0.6,0.54
1984-06-01,0.63125,0.6,0.53125
1984-06-02,0.6125,0.59125,0.53
1984-06-03,0.61,0.59,0.53
1984-06-04,0.61,0.58124995,0.52125
1984-06-05,0.5925,0.58,0.52
1984-06-06,0.59,0.5625,0.51125
1984-06-07,0.59875,0.56875,0.51
1984-06-08,0.635,0.5875,0.50125
1984-06-09,0.73625,0.65125,0.5
1984-06-10,0.75874996,0.6775,0.5
1984-06-11,0.69875,0.67125,0.5
1984-06-12,0.60249996,0.59999996,0.49125
1984-06-13,0.59,0.58124995,0.49
1984-06-14,0.6075,0.57124996,0.48125
1984-06-15,0.60125005,0.57,0.48
1984-06-16,0.59125,0.56125,0.48
1984-06-17,0.59875,0.56,0.47125
1984-06-18,0.6,0.56875,0.47
1984-06-19,0.59125,0.56125,0.46125
1984-06-20,0.59,0.55125,0.46
1984-06-21,0.6075,0.55875003,0.46
1984-06-22,0.61,0.56875,0.46
1984-06-23,0.61,0.57,0.46
1984-06-24,0.6275,0.57,0.45125
1984-06-25,0.6125,0.56125,0.45
1984-06-26,0.575,0.55125,0.45
1984-06-27,0.57,0.54125,0.44125
1984-06-28,0.6225,0.5575,0.44
1984-06-29,0.77875,0.67375,0.44
1984-06-30,0.7125,0.68125,0.44
1984-07-01,0.6125,0.5925,0.43125
1984-07-02,0.5825,0.55375004,0.43
1984-07-03,0.57124996,0.54125,0.43
1984-07-04,0.57,0.53125,0.43
1984-07-05,0.5875,0.53875,0.43
1984-07-06,0.59,0.54,0.42125
1984-07-07,0.58124995,0.54875004,0.42
1984-07-08,0.65000004,0.5675,0.42
1984-07-09,0.695,0.63124996,0.42
1984-07-10,0.60375,0.5875,0.42
1984-07-11,0.5725,0.53625,0.42
1984-07-12,0.5875,0.53875,0.41125
1984-07-13,0.59875,0.54875004,0.41
1984-07-14,0.59125,0.54125,0.41
1984-07-15,0.59,0.54,0.41
1984-07-16,0.5725,0.53125,0.41
1984-07-17,0.5525,0.52125,0.41
1984-07-18,0.55875003,0.51125,0.40125
1984-07-19,0.5775,0.5275,0.4
1984-07-20,0.58,0.53,0.4
1984-07-21,0.58,0.53,0.4
1984-07-22,0.58875,0.53,0.4
1984-07-23,0.59,0.53,0.4
1984-07-24,0.56375,0.52125,0.4
1984-07-25,0.56875,0.52,0.4
1984-07-26,0.57875,0.52874994,0.4
1984-07-27,0.5975,0.53,0.4
1984-07-28,0.59125,0.53875,0.4
1984-07-29,0.58124995,0.53125,0.39125
1984-07-30,0.58,0.52125,0.39
1984-07-31,0.55375004,0.51125,0.39
1984-08-01,0.53249997,0.50125,0.39
1984-08-02,0.5475,0.50874996,0.39
1984-08-03,0.55,0.51,0.39
1984-08-04,0.55875003,0.51,0.38125
1984-08-05,0.56,0.51,0.38
1984-08-06,0.69124997,0.53625,0.38
1984-08-07,0.71875,0.64500004,0.38
1984-08-08,0.615,0.59,0.37125
1984-08-09,0.5825,0.53625,0.36125
1984-08-10,0.58,0.52125,0.36
1984-08-11,0.58875,0.52,0.36
1984-08-12,0.59,0.51125,0.35125
1984-08-13,0.59,0.51874995,0.35
1984-08-14,0.56375,0.51125,0.35
1984-08-15,0.55125,0.4925,0.35
1984-08-16,0.54125,0.5075,0.35
1984-08-17,0.54,0.50125,0.34125
1984-08-18,0.56624997,0.5,0.34
1984-08-19,0.57,0.50874996,0.34
1984-08-20,0.5525,0.51,0.34
1984-08-21,0.54125,0.4925,0.34
1984-08-22,0.54875004,0.49,0.34
1984-08-23,0.57624996,0.49875,0.33125
1984-08-24,0.58,0.5,0.33875
1984-08-25,0.58875,0.50874996,0.375
1984-08-26,0.6775,0.57124996,0.3975
1984-08-27,0.66375005,0.58,0.42625
1984-08-28,0.6075,0.53625,0.4475
1984-08-29,0.5475,0.5125,0.485
1984-08-30,0.5575,0.51,0.51625
1984-08-31,0.6125,0.545,0.52875
1984-09-01,0.62,0.55875003,0.52125
1984-09-02,0.6375,0.5775,0.51125
1984-09-03,0.64874995,0.5975,0.50125
1984-09-04,0.6325,0.57375,0.4825
1984-09-05,0.59499997,0.5525,0.47125
1984-09-06,0.59,0.54125,0.46125
1984-09-07,0.58124995,0.54,0.45125
1984-09-08,0.58,0.53125,0.44125
1984-09-09,0.57124996,0.52125,0.41375
1984-09-10,0.57,0.52,0.3925
1984-09-11,0.57875,0.52874994,0.38125
1984-09-12,0.60625,0.53875,0.3975
1984-09-13,0.61,0.5575,0.42625
1984-09-14,0.645,0.5775,0.45625
1984-09-15,0.64125,0.58875,0.46875
1984-09-16,0.64,0.58124995,0.49625
1984-09-17,0.64874995,0.5625,0.4825
1984-09-18,0.72,0.595,0.45375
1984-09-19,0.765,0.65250003,0.42375
1984-09-20,0.66499996,0.59875,0.39375
1984-09-21,0.65875,0.59,0.46875
1984-09-22,0.72125,0.61625,0.57625
1984-09-23,0.83500004,0.71625,0.5725
1984-09-24,0.82375,0.765,0.5525
1984-09-25,0.74125004,0.7175,0.585
1984-09-26,0.70375,0.675,0.5725
1984-09-27,0.6825,0.6525,0.52625
1984-09-28,0.68,0.62375,0.45
1984-09-29,0.67125,0.61125004,0.41375
1984-09-30,0.67875004,0.61,0.3925
1984-10-01,0.67125,0.5925,0.39875
1984-10-02,0.64375,0.58124995,0.505
1984-10-03,0.6575,0.60625,0.47625
1984-10-04,0.66,0.61,0.42625
1984-10-05,0.6425,0.60125005,0.4025
1984-10-06,0.64874995,0.5825,0.39125
1984-10-07,0.64125,0.57124996,0.38125
1984-10-08,0.6225,0.56125,0.3625
1984-10-09,0.6025,0.5425,0.3425
1984-10-10,0.6,0.53125,0.33125
1984-10-11,0.6,0.53,0.3125
1984-10-12,0.6,0.53,0.30125
1984-10-13,0.59125,0.52125,0.29125
1984-10-14,0.59,0.51125,0.29
1984-10-15,0.58124995,0.51,0.29
1984-10-16,0.58,0.51,0.29
1984-10-17,0.58,0.51,0.29
1984-10-18,0.6325,0.5275,0.29875
1984-10-19,0.64,0.5475,0.3
1984-10-20,0.7275,0.59375,0.335
1984-10-21,0.78375,0.66125,0.4275
1984-10-22,0.84250003,0.74,0.46625
1984-10-23,0.87625,0.7675,0.4525
1984-10-24,0.915,0.805,0.44125
1984-10-25,0.84999996,0.78375,0.545
1984-10-26,0.875,0.80625,0.69125
1984-10-27,0.90625,0.88,0.82375
1984-10-28,0.8925,0.855,0.76125
1984-10-29,0.86375,0.82375,0.645
1984-10-30,0.81625,0.78499997,0.56
1984-10-31,0.775,0.7275,0.48
1984-11-01,0.74375,0.685,0.42625
1984-11-02,0.705,0.645,0.4025
1984-11-03,0.6825,0.61375,0.39125
1984-11-04,0.645,0.575,0.38125
1984-11-05,0.61375,0.5525,0.35375
1984-11-06,0.5925,0.52375,0.3325
1984-11-07,0.56375,0.5025,0.3125
1984-11-08,0.5425,0.4825,0.30125
1984-11-09,0.53125,0.4625,0.29125
1984-11-10,0.52125,0.45125,0.28125
1984-11-11,0.52874994,0.44125,0.25375
1984-11-12,0.53875,0.44875,0.3375
1984-11-13,0.575,0.45875,0.35
1984-11-14,0.69374996,0.53000003,0.34125
1984-11-15,0.68375003,0.58375,0.33125
1984-11-16,0.68875,0.59,0.33875
1984-11-17,0.66375005,0.59,0.33125
1984-11-18,0.61625004,0.56375,0.3125
1984-11-19,0.60125005,0.56,0.31875
1984-11-20,0.5825,0.53375,0.67
1984-11-21,0.6675,0.5475,0.83375
1984-11-22,0.9425,0.865,0.9025
1984-11-23,1.30375,1.2687501,1.225
1984-11-24,1.3675001,1.355,1.29625
1984-11-25,1.3875,1.325,1.1075
1984-11-26,1.3025,1.25875,0.87875
1984-11-27,1.05375,1.0925001,0.73625
1984-11-28,0.8975,0.87750006,0.65
1984-11-29,0.8275,0.78875,0.78
1984-11-30,0.93375,0.7975,0.8525
1984-12-01,1.0374999,1.00125,0.86875
1984-12-02,1.015,0.995,0.91375
1984-12-03,0.98375,0.96375,1.025
1984-12-04,0.98875,0.995,1.20625
1984-12-05,1.27,1.1750001,1.5975
1984-12-06,1.4762499,1.43625,1.93875
1984-12-07,1.5875,1.5575,2.12
1984-12-08,1.5912501,1.6225,2.1925
1984-12-09,1.6687499,1.6475,2.03375
1984-12-10,1.785,1.7025,2.3425
1984-12-11,1.9137499,1.8675,2.74875
1984-12-12,1.965,1.96,3.2725
1984-12-13,2.04,2.1100001,3.92625
1984-12-14,2.05,2.1737502,3.66875
1984-12-15,1.8225,2.01375,3.025
1984-12-16,1.6937499,1.77125,2.58125
1984-12-17,2.17875,2.02875,2.6875
1984-12-18,2.4337502,2.32375,2.61375
1984-12-19,2.32,2.22875,2.22375
1984-12-20,2.08125,2.0525,1.93375
1984-12-21,1.8399999,1.9075,1.71625
1984-12-22,1.62625,1.6625,1.5675
1984-12-23,1.3462499,1.42875,1.445
1984-12-24,1.135,1.2075,1.325
1984-12-25,1.06625,1.10125,1.23125
1984-12-26,1.0337499,1.04625,1.12375
1984-12-27,0.9775,1.005,0.9875
1984-12-28,0.8825,0.93,0.9175
1984-12-29,0.86125004,0.8675,0.8575
1984-12-30,0.8775,0.8425,0.80625
1984-12-31,0.8975,0.84875,0.765
1985-01-01,0.90875,0.87625,0.7425
1985-01-02,1.015,0.95,0.78375
1985-01-03,1.0825,0.98625,0.95625
1985-01-04,1.34375,1.2,1.0675
1985-01-05,1.415,1.3525,1.045
1985-01-06,1.2975,1.3175,1.075
1985-01-07,1.2275,1.2225001,1.10625
1985-01-08,1.325,1.2887499,1.215
1985-01-09,1.4625,1.46625,1.44875
1985-01-10,1.47125,1.46375,1.45375
1985-01-11,1.8900001,1.69625,1.415
1985-01-12,2.23875,2.07125,1.45375
1985-01-13,2.46375,2.2862499,1.8975
1985-01-14,2.63875,2.51125,2.45
1985-01-15,2.5987499,2.5225,3.07125
1985-01-16,2.8174999,2.7125,3.05375
1985-01-17,2.8325,2.7925,3.03125
1985-01-18,2.90875,2.8174999,3.1175
1985-01-19,3.06,2.9425,3.19125
1985-01-20,3.3600001,3.21375,3.4625
1985-01-21,3.40875,3.3725002,4.59375
1985-01-22,3.4450002,3.4425,5.38
1985-01-23,3.7475,3.66,6.24
1985-01-24,3.93,3.85625,6.245
1985-01-25,4.09875,3.99375,5.915
1985-01-26,4.25125,4.1237497,6.19375
1985-01-27,4.2525,4.20125,5.79375
1985-01-28,4.2675,4.2275,5.2575
1985-01-29,4.34,4.2475,5.3825
1985-01-30,4.46375,4.32875,6.38125
1985-01-31,4.55,4.41875,5.82
1985-02-01,4.5687504,4.50875,5.48375
1985-02-02,4.54375,4.51125,5.24875
1985-02-03,4.4700003,4.475,5.00125
1985-02-04,4.4162498,4.40875,4.82125
1985-02-05,4.33125,4.33875,4.5725
1985-02-06,4.15375,4.23375,4.2075
1985-02-07,3.7975001,4.01875,3.7575
1985-02-08,3.46125,3.6750002,3.49
1985-02-09,3.28,3.42875,3.25
1985-02-10,3.1725001,3.25125,3.19375
1985-02-11,3.02,3.0725,3.00625
1985-02-12,2.93,2.88375,2.95375
1985-02-13,2.6925,2.6675,2.88
1985-02-14,2.3799999,2.3687499,2.82625
1985-02-15,2.095,2.11125,2.085
1985-02-16,1.7887499,1.8349999,1.86625
1985-02-17,1.54,1.59875,1.80625
1985-02-18,1.405,1.4562501,1.695
1985-02-19,1.34625,1.37875,1.46125
1985-02-20,1.305,1.3087499,1.2725
1985-02-21,1.2475,1.27375,1.145
1985-02-22,1.2225001,1.24375,1.08625
1985-02-23,1.1587499,1.205,1.0975
1985-02-24,1.14125,1.2,1.16125
1985-02-25,1.18375,1.2175,1.1875
1985-02-26,1.44375,1.325,1.44375
1985-02-27,1.76,1.54125,1.54125
1985-02-28,2.185,1.85,1.375
1985-03-01,2.1525002,1.995,1.46375
1985-03-02,2.1225,1.9925001,1.9
1985-03-03,2.14625,2.0075,1.72375
1985-03-04,2.1062498,1.975,1.50625
1985-03-05,2.02125,1.9,1.375
1985-03-06,1.8875,1.77625,1.31625
1985-03-07,1.72125,1.62875,1.2925
1985-03-08,1.6475,1.5575,1.255
1985-03-09,1.61375,1.515,1.4075
1985-03-10,1.6975,1.58,1.73625
1985-03-11,1.85,1.7125,1.82375
1985-03-12,1.9312501,1.8,1.57625
1985-03-13,1.93125,1.80125,1.7675
1985-03-14,2.18375,2.0449998,2.01
1985-03-15,2.2025,2.1412501,2.24125
1985-03-16,2.3487499,2.22875,2.7425
1985-03-17,2.60625,2.47625,2.97625
1985-03-18,2.7275,2.6675,3.1575
1985-03-19,2.7925,2.7425,3.64375
1985-03-20,3.01,2.9337502,3.71
1985-03-21,3.0749998,3.02125,3.57
1985-03-22,3.17625,3.09125,3.445
1985-03-23,3.2075,3.12625,3.29
1985-03-24,3.14,3.0774999,3.1825
1985-03-25,2.885,2.88625,2.93375
1985-03-26,2.6399999,2.6499999,2.62
1985-03-27,2.40875,2.38375,2.23
1985-03-28,1.96875,2.1225,1.89125
1985-03-29,1.90125,1.90625,1.77125
1985-03-30,1.76,1.81,2.04
1985-03-31,1.7837499,1.765,2.0625
1985-04-01,1.7987499,1.8037499,1.885
1985-04-02,1.6425,1.6875,1.79875
1985-04-03,1.4537499,1.53,1.79875
1985-04-04,1.395,1.475,1.80875
1985-04-05,1.3375001,1.435,1.74875
1985-04-06,1.1899999,1.33375,1.69625
1985-04-07,1.1962501,1.2675,1.6025
1985-04-08,1.1912501,1.23375,1.52
1985-04-09,1.14625,1.195,1.06375
1985-04-10,1.14875,1.18125,1.1225
1985-04-11,1.1675,1.1975,1.1225
1985-04-12,1.12625,1.1737499,1.11125
1985-04-13,1.085,1.135,1.0925
1985-04-14,1.0975001,1.12125,1.08125
1985-04-15,1.10875,1.12875,1.08
1985-04-16,1.1800001,1.165,1.1675
1985-04-17,1.33,1.26625,1.13625
1985-04-18,1.4024999,1.2887499,1.10375
1985-04-19,1.20875,1.2112501,1.0825
1985-04-20,1.10125,1.13,1.0625
1985-04-21,1.0725,1.085,1.03375
1985-04-22,1.0437499,1.0712501,1.0475
1985-04-23,1.0487499,1.0437499,1.0325
1985-04-24,1.0762501,1.0662501,1.00375
1985-04-25,1.08,1.07,0.965
1985-04-26,1.045,1.0437499,0.9425
1985-04-27,1.005,0.99625003,0.9225
1985-04-28,0.90375,0.92,0.9375
1985-04-29,0.84625,0.84875,0.9225
1985-04-30,0.8225,0.81375,0.89375
1985-05-01,0.82,0.80125,0.8725
1985-05-02,0.81125,0.79125,0.8525
1985-05-03,0.7925,0.79,0.9025
1985-05-04,0.84250003,0.81624997,0.91
1985-05-05,0.85875,0.8375,0.90125
1985-05-06,0.86875,0.84875,0.89125
1985-05-07,0.87,0.85,0.88125
1985-05-08,0.86125004,0.85,0.8625
1985-05-09,0.85125005,0.84125,0.8425
1985-05-10,0.82375,0.81375,0.81375
1985-05-11,0.8025,0.7925,0.78375
1985-05-12,0.78249997,0.7725,0.78
1985-05-13,0.815,0.77874994,0.7975
1985-05-14,0.86375,0.82374996,0.80875
1985-05-15,0.8875,0.83875,0.78375
1985-05-16,0.86375,0.83124995,0.78
1985-05-17,0.86,0.83,0.77125
1985-05-18,0.83375,0.82124996,0.76125
1985-05-19,0.8125,0.79375005,0.76
1985-05-20,0.7925,0.7725,0.76
1985-05-21,0.7725,0.74375,0.75125
1985-05-22,0.76125,0.74,0.7325
1985-05-23,0.76874995,0.74,0.73
1985-05-24,0.77,0.74,0.73875
1985-05-25,0.7525,0.74,0.7225
1985-05-26,0.75,0.73125005,0.7025
1985-05-27,0.75874996,0.72125006,0.6825
1985-05-28,0.75125,0.72,0.67125
1985-05-29,0.75,0.71125,0.67
1985-05-30,0.75,0.71,0.67
1985-05-31,0.74125004,0.71,0.66125
1985-06-01,0.74,0.70124996,0.66
1985-06-02,0.74,0.7,0.66
1985-06-03,0.74,0.7,0.6425
1985-06-04,0.71375,0.69124997,0.63125
1985-06-05,0.7275,0.69,0.63
1985-06-06,0.73,0.69,0.62125
1985-06-07,0.73875,0.68125,0.61125
1985-06-08,0.73125005,0.68,0.61
1985-06-09,0.73,0.68,0.61
1985-06-10,0.73875,0.68875,0.60125
1985-06-11,0.71375,0.6725,0.6
1985-06-12,0.71,0.67,0.59125
1985-06-13,0.71875,0.67,0.58125
1985-06-14,0.72,0.67,0.57125
1985-06-15,0.72,0.67,0.56125
1985-06-16,0.71125,0.67,0.56
1985-06-17,0.71,0.67,0.55125
1985-06-18,0.7275,0.67,0.55
1985-06-19,0.72125006,0.67,0.54125
1985-06-20,0.69375,0.6525,0.54
1985-06-21,0.69875,0.65,0.54
1985-06-22,0.7,0.65,0.54
1985-06-23,0.7,0.65,0.53125
1985-06-24,0.665,0.64125,0.53
1985-06-25,0.6775,0.63125,0.53
1985-06-26,0.68875,0.63874996,0.53
1985-06-27,0.69,0.64,0.53
1985-06-28,0.69,0.64,0.53
1985-06-29,0.6725,0.64,0.53
1985-06-30,0.67,0.63125,0.52125
1985-07-01,0.67875004,0.63,0.52
1985-07-02,0.68,0.63,0.52
1985-07-03,0.68,0.63,0.52
1985-07-04,0.68,0.62125003,0.51125
1985-07-05,0.67125,0.62,0.51
1985-07-06,0.67,0.62,0.51
1985-07-07,0.67,0.62,0.50125
1985-07-08,0.67,0.62,0.5
1985-07-09,0.67,0.62,0.5
1985-07-10,0.66125,0.61125004,0.5
1985-07-11,0.66875005,0.61,0.5
1985-07-12,0.67,0.61,0.49125
1985-07-13,0.67,0.61,0.49
1985-07-14,0.66125,0.61,0.49
1985-07-15,0.66,0.61,0.49
1985-07-16,0.65125,0.60125005,0.49
1985-07-17,0.65875,0.6,0.48125
1985-07-18,0.66875005,0.6,0.48
1985-07-19,0.66125,0.6,0.48
1985-07-20,0.66,0.60875,0.48
1985-07-21,0.66875005,0.61,0.47125
1985-07-22,0.66125,0.60125005,0.47
1985-07-23,0.66,0.6,0.47
1985-07-24,0.66,0.59125,0.47
1985-07-25,0.66,0.59,0.46125
1985-07-26,0.66,0.59,0.46
1985-07-27,0.66,0.59,0.46
1985-07-28,0.66,0.59,0.45125
1985-07-29,0.65125,0.58124995,0.45
1985-07-30,0.65,0.58,0.45
1985-07-31,0.65875,0.58,0.44125
1985-08-01,0.66,0.58875,0.44
1985-08-02,0.66,0.59,0.44
1985-08-03,0.66,0.59,0.44
1985-08-04,0.66,0.59,0.43125
1985-08-05,0.66,0.59,0.43
1985-08-06,0.6425,0.58124995,0.43
1985-08-07,0.605,0.57124996,0.43
1985-08-08,0.59125,0.54375005,0.42125
1985-08-09,0.58124995,0.53125,0.42
1985-08-10,0.58,0.53,0.41125
1985-08-11,0.60625,0.53,0.41
1985-08-12,0.645,0.565,0.41
1985-08-13,0.6325,0.57,0.40125
1985-08-14,0.63874996,0.57,0.4
1985-08-15,0.64874995,0.57,0.4
1985-08-16,0.6675,0.57,0.4
1985-08-17,0.74,0.63124996,0.4
1985-08-18,0.68,0.61375,0.4
1985-08-19,0.6525,0.58375,0.39125
1985-08-20,0.64125,0.57124996,0.39
1985-08-21,0.64,0.56125,0.39
1985-08-22,0.64,0.56875,0.39
1985-08-23,0.64,0.57,0.39
1985-08-24,0.64,0.56125,0.39
1985-08-25,0.64,0.56,0.39
1985-08-26,0.64,0.56,0.39
1985-08-27,0.6225,0.56,0.39
1985-08-28,0.62874997,0.55125,0.39
1985-08-29,0.63,0.55,0.38125
1985-08-30,0.63,0.55,0.38
1985-08-31,0.63874996,0.55875003,0.38
1985-09-01,0.64,0.56,0.38
1985-09-02,0.63125,0.55125,0.38
1985-09-03,0.63,0.55,0.38
1985-09-04,0.63,0.55,0.37125
1985-09-05,0.63,0.55,0.37
1985-09-06,0.6825,0.5675,0.37
1985-09-07,0.655,0.57875,0.37
1985-09-08,0.65,0.5625,0.37
1985-09-09,0.64125,0.56,0.37
1985-09-10,0.61375,0.5425,0.37
1985-09-11,0.61875,0.54,0.36125
1985-09-12,0.62874997,0.54875004,0.36
1985-09-13,0.63874996,0.55,0.36
1985-09-14,0.64,0.55875003,0.36
1985-09-15,0.63125,0.55125,0.35125
1985-09-16,0.65625,0.55,0.35
1985-09-17,0.7825,0.62,0.35
1985-09-18,0.72125,0.63874996,0.34125
1985-09-19,0.6225,0.56125003,0.34
1985-09-20,0.61875,0.53249997,0.34
1985-09-21,0.61125004,0.53875,0.34
1985-09-22,0.61,0.53125,0.375
1985-09-23,0.61875,0.53,0.485
1985-09-24,0.62,0.53,0.68375
1985-09-25,0.69,0.5825,0.75375
1985-09-26,0.79625,0.73875,0.64625
1985-09-27,0.76625,0.73375,0.5425
1985-09-28,0.83875,0.73,0.4775
1985-09-29,0.815,0.73,0.4875
1985-09-30,0.7575,0.68625003,0.49875
1985-10-01,0.75874996,0.67125,0.5
1985-10-02,0.75125,0.6875,0.5
1985-10-03,0.75874996,0.69,0.5175
1985-10-04,0.78625,0.69875,0.5375
1985-10-05,0.755,0.7,0.5225
1985-10-06,0.72375,0.665,0.485
1985-10-07,0.71125,0.6425,0.445
1985-10-08,0.675,0.61375,0.41375
1985-10-09,0.67875004,0.61,0.3925
1985-10-10,0.68875,0.61875,0.41625
1985-10-11,0.7075,0.62874997,0.42
1985-10-12,0.68375003,0.6125,0.41125
1985-10-13,0.67125,0.5925,0.40125
1985-10-14,0.6175,0.56375,0.3825
1985-10-15,0.6275,0.55125,0.37125
1985-10-16,0.63874996,0.55875003,0.37
1985-10-17,0.6575,0.56875,0.36125
1985-10-18,0.695,0.57875,0.36875
1985-10-19,0.77,0.64124995,0.37875
1985-10-20,0.78875,0.6675,0.37125
1985-10-21,0.79875004,0.67,0.39625
1985-10-22,0.8,0.6875,0.435
1985-10-23,0.765,0.69,0.43125
1985-10-24,0.7775,0.68125,0.63125
1985-10-25,0.87624997,0.7675,0.68625
1985-10-26,1.00375,0.92,0.68125
1985-10-27,0.92375004,0.89625,0.715
1985-10-28,0.84,0.79375,0.72
1985-10-29,0.8125,0.75374997,0.7025
1985-10-30,0.80125,0.7325,0.6825
1985-10-31,0.8,0.73875,0.63625
1985-11-01,0.8525,0.7575,0.58625
1985-11-02,0.825,0.75125,0.55375
1985-11-03,0.84625,0.74125004,0.62
1985-11-04,0.92,0.8275,0.74375
1985-11-05,0.92125,0.875,0.865
1985-11-06,0.955,0.88874996,0.8975
1985-11-07,1.1,0.96875,0.96125
1985-11-08,1.1812501,1.1725,0.89125
1985-11-09,1.14625,1.13,0.87125
1985-11-10,1.0875001,1.0762501,0.765
1985-11-11,1.00125,1.02625,0.68
1985-11-12,0.92875004,0.91499996,0.60875
1985-11-13,0.89375,0.83,0.53875
1985-11-14,0.86375,0.78499997,0.46875
1985-11-15,0.83375,0.745,0.4425
1985-11-16,0.8125,0.7225,0.44
1985-11-17,0.80125,0.7025,0.44
1985-11-18,0.79125,0.69124997,0.43125
1985-11-19,0.78125,0.6725,0.4125
1985-11-20,0.77125,0.66125,0.3925
1985-11-21,0.76125,0.65125,0.38125
1985-11-22,0.76,0.65,0.37125
1985-11-23,0.7775,0.65875,0.34375
1985-11-24,0.7975,0.66,0.34875
1985-11-25,0.8525,0.695,0.39375
1985-11-26,0.90375,0.74375,0.44375
1985-11-27,0.95375,0.81125,0.8175
1985-11-28,1.07375,0.91625,0.9575
1985-11-29,1.3000001,1.105,1.0575
1985-11-30,1.82875,1.585,1.2625
1985-12-01,1.865,1.7112501,1.94625
1985-12-02,1.86,1.8075,2.145
1985-12-03,1.86,1.7062501,1.6875
1985-12-04,1.8075,1.45375,1.3225
1985-12-05,1.2312499,1.25375,1.07875
1985-12-06,1.2112501,1.195,1.02375
1985-12-07,1.19375,1.19875,1.3525
1985-12-08,1.2774999,1.27,1.295
1985-12-09,1.22,1.2275,0.99125
1985-12-10,1.09625,1.12375,0.8275
1985-12-11,1.01875,1.005,0.7225
1985-12-12,0.9575,0.91125,0.61375
1985-12-13,0.915,0.85625005,0.53875
1985-12-14,0.90125,0.815,0.69625
1985-12-15,0.87375,0.7925,0.90375
1985-12-16,0.86125004,0.7725,0.90375
1985-12-17,0.88625,0.77874994,0.90875
1985-12-18,0.9775,0.85,0.9625
1985-12-19,1.0862501,0.96500003,0.935
1985-12-20,1.07375,1.02375,0.88625
1985-12-21,1.035,1.00375,0.76625
1985-12-22,1.02125,0.965,0.9075
1985-12-23,1.09,1.03,1.09625
1985-12-24,1.16125,1.1800001,1.26
1985-12-25,1.3362501,1.2874999,1.62125
1985-12-26,1.465,1.4137499,1.985
1985-12-27,1.655,1.57,1.58375
1985-12-28,1.82,1.77375,1.9575
1985-12-29,2.05875,1.94875,3.42875
1985-12-30,2.34375,2.32,3.455
1985-12-31,2.2925,2.4225001,3.33375
1986-01-01,2.07875,2.2375,3.34625
1986-01-02,2.09375,2.1750002,3.14875
1986-01-03,2.30125,2.30125,2.97125
1986-01-04,2.5749998,2.495,2.80125
1986-01-05,2.82,2.72125,3.20875
1986-01-06,2.9725,2.91625,4.24125
1986-01-07,3.36625,3.28125,4.63375
1986-01-08,3.3587499,3.4175,4.29375
1986-01-09,3.4375,3.4650002,4.17
1986-01-10,3.5549998,3.5575,4.64125
1986-01-11,3.71,3.6925,4.50875
1986-01-12,3.835,3.78,4.22625
1986-01-13,3.7975,3.8075,4.12
1986-01-14,3.65,3.775,4.285
1986-01-15,3.665,3.76125,4.9925
1986-01-16,3.76625,3.83,5.16875
1986-01-17,3.8325,3.9012501,5.31125
1986-01-18,3.7875,3.9275,5.05875
1986-01-19,3.605,3.86,4.7575
1986-01-20,3.4050002,3.71,4.51
1986-01-21,3.2050002,3.515,4.34875
1986-01-22,2.96125,3.27125,4.02375
1986-01-23,2.6587498,2.95125,3.7
1986-01-24,2.34,2.62125,3.31
1986-01-25,2.02,2.2825,3.00625
1986-01-26,1.77,1.9775001,2.655
1986-01-27,1.5037501,1.72125,2.2775
1986-01-28,1.3299999,1.50625,1.845
1986-01-29,1.3275,1.43625,1.72
1986-01-30,1.365,1.4124999,1.6575
1986-01-31,1.3875,1.445,1.5975
1986-02-01,1.3725,1.4325,1.5725
1986-02-02,1.2825,1.3775,1.5525
1986-02-03,1.47125,1.3175,1.50625
1986-02-04,1.2375001,1.26625,1.43
1986-02-05,1.27,1.3037499,1.37625
1986-02-06,1.48125,1.4325,1.9125
1986-02-07,2.14875,2.0887501,2.6025
1986-02-08,2.2137501,2.1537502,2.48
1986-02-09,2.04375,1.975,2.30125
1986-02-10,1.90625,1.845,2.14875
1986-02-11,1.8025,1.73375,2.025
1986-02-12,1.4225,1.53625,1.84375
1986-02-13,1.25625,1.3875,1.6975
1986-02-14,1.23125,1.335,1.9775
1986-02-15,1.34375,1.3824999,2.20375
1986-02-16,1.52625,1.53,2.36125
1986-02-17,,1.90875,2.35375
1986-02-18,,2.38875,3.4875
1986-02-19,,2.89625,3.51
1986-02-20,,2.98625,3.385
1986-02-21,,2.92,3.23
1986-02-22,,2.8225,3.07875
1986-02-23,,2.69625,2.96375
1986-02-24,,2.53125,2.7575
1986-02-25,,2.37,2.61625
1986-02-26,1.95,2.11375,2.46
1986-02-27,1.7225001,1.8525001,2.3875
1986-02-28,1.43625,1.6275,2.35375
1986-03-01,1.26,1.4775001,2.315
1986-03-02,1.2574999,1.425,2.1875
1986-03-03,1.18125,1.35875,1.96
1986-03-04,1.14375,1.2975,1.79
1986-03-05,1.1925,1.2987499,1.69125
1986-03-06,1.165,1.29125,1.58375
1986-03-07,1.1424999,1.255,1.675
1986-03-08,1.1925,1.25875,1.8125
1986-03-09,1.34875,1.37375,1.78625
1986-03-10,1.3875,1.43375,1.71875
1986-03-11,1.27625,1.37,1.64
1986-03-12,1.155,1.255,1.455
1986-03-13,1.11375,1.1787499,1.2725
1986-03-14,1.13625,1.135,1.1625
1986-03-15,1.0437499,1.0687499,1.08
1986-03-16,1.0125,1.0337499,1.02625
1986-03-17,0.9925,1.00375,1.0025
1986-03-18,0.9725,0.9825,0.97375
1986-03-19,0.97,0.9625,0.9525
1986-03-20,0.96125,0.95124996,0.94125
1986-03-21,0.90749997,0.915,0.9225
1986-03-22,0.87375,0.875,0.92
1986-03-23,0.89625,0.87874997,0.92
1986-03-24,0.9175,0.8975,0.92875
1986-03-25,0.91125,0.9,0.92125
1986-03-26,0.91875005,0.90875,0.91125
1986-03-27,0.9025,0.91875005,0.90125
1986-03-28,0.865,0.87625,0.89125
1986-03-29,0.895,0.82625,0.88125
1986-03-30,0.89125,0.81125,0.87125
1986-03-31,0.86375,0.80125,0.86125
1986-04-01,0.83375,0.8,0.83375
1986-04-02,0.83875,0.79125,0.82125
1986-04-03,0.8575,0.8075,0.86375
1986-04-04,0.83375,0.8275,0.87
1986-04-05,0.87375,0.80375004,0.84375
1986-04-06,0.8625,0.78249997,0.83125
1986-04-07,0.85125005,0.7625,0.82125
1986-04-08,0.84125,0.75125,0.79375
1986-04-09,0.84,0.75,0.755
1986-04-10,0.8225,0.7325,0.70625
1986-04-11,0.81125,0.73,0.69125
1986-04-12,0.76625,0.72125006,0.6725
1986-04-13,0.76,0.72,0.66125
1986-04-14,0.76874995,0.72,0.66
1986-04-15,0.7875,0.72875,0.66
1986-04-16,0.79,0.73875,0.66
1986-04-17,0.7725,0.73125005,0.65125
1986-04-18,0.7875,0.73,0.685
1986-04-19,0.79875004,0.75625,0.71625
1986-04-20,0.8,0.7425,0.72
1986-04-21,0.78249997,0.73125005,0.71125
1986-04-22,0.77125,0.73,0.6925
1986-04-23,0.76125,0.72125006,0.68125
1986-04-24,0.76,0.71125,0.67125
1986-04-25,0.76874995,0.71,0.66125
1986-04-26,0.805,0.75374997,0.68625
1986-04-27,0.81875,0.76874995,0.71625
1986-04-28,0.82,0.77,0.72
1986-04-29,0.82875,0.77874994,0.7025
1986-04-30,0.83,0.78,0.67375
1986-05-01,0.795,0.7625,0.6525
1986-05-02,0.7725,0.73375,0.65
1986-05-03,0.7525,0.70375,0.64125
1986-05-04,0.7325,0.6825,0.64
1986-05-05,0.7125,0.67125,0.63125
1986-05-06,0.71,0.66125,0.63
1986-05-07,0.71,0.66,0.62125
1986-05-08,0.71,0.65125,0.61125
1986-05-09,0.71,0.65875,0.61
1986-05-10,0.70124996,0.66,0.60125
1986-05-11,0.7525,0.66875005,0.6
1986-05-12,0.75125,0.67875004,0.6
1986-05-13,0.7325,0.6625,0.6175
1986-05-14,0.70375,0.66,0.6025
1986-05-15,0.69124997,0.65125,0.59125
1986-05-16,0.75124997,0.6675,0.6075
1986-05-17,0.76,0.69624996,0.61875
1986-05-18,0.76874995,0.70875,0.6375
1986-05-19,0.77874994,0.7275,0.64
1986-05-20,0.7625,0.7125,0.6225
1986-05-21,0.725,0.675,0.59375
1986-05-22,0.7025,0.6525,0.5725
1986-05-23,0.69124997,0.64125,0.57
1986-05-24,0.69,0.64,0.56125
1986-05-25,0.69875,0.63125,0.55125
1986-05-26,0.7,0.63,0.5325
1986-05-27,0.69124997,0.63,0.52125
1986-05-28,0.69,0.63,0.52
1986-05-29,0.68125,0.63,0.51125
1986-05-30,0.68,0.62125003,0.50125
1986-05-31,0.68,0.62,0.5
1986-06-01,0.70624995,0.61125004,0.5
1986-06-02,0.675,0.61875,0.49125
1986-06-03,0.67875004,0.62,0.48125
1986-06-04,0.6975,0.62,0.48
1986-06-05,0.69124997,0.62,0.48
1986-06-06,0.6375,0.59375,0.48
1986-06-07,0.63874996,0.58124995,0.47125
1986-06-08,0.66625,0.5975,0.47
1986-06-09,0.67,0.6,0.47
1986-06-10,0.67,0.6,0.46125
1986-06-11,0.66125,0.6,0.46
1986-06-12,0.66875005,0.6,0.46
1986-06-13,0.67,0.59125,0.46
1986-06-14,0.6525,0.58124995,0.45125
1986-06-15,0.6675,0.58875,0.45
1986-06-16,0.67,0.59,0.45
1986-06-17,0.67,0.59,0.45
1986-06-18,0.66125,0.59,0.45
1986-06-19,0.66,0.59,0.44125
1986-06-20,0.65125,0.58124995,0.44
1986-06-21,0.65,0.58,0.44
1986-06-22,0.65,0.58,0.44
1986-06-23,0.65875,0.58,0.44
1986-06-24,0.66,0.58,0.43125
1986-06-25,0.65125,0.57124996,0.43
1986-06-26,0.64125,0.57,0.43
1986-06-27,0.64,0.57,0.43
1986-06-28,0.64874995,0.57,0.43
1986-06-29,0.64125,0.57,0.43
1986-06-30,0.64,0.57,0.43
1986-07-01,0.64,0.57,0.43
1986-07-02,0.64,0.57,0.42125
1986-07-03,0.64,0.57,0.42
1986-07-04,0.63125,0.56125,0.42
1986-07-05,0.6475,0.56875,0.41125
1986-07-06,0.62375,0.56125,0.41
1986-07-07,0.62,0.55125,0.41
1986-07-08,0.62,0.55,0.41
1986-07-09,0.62,0.55,0.41
1986-07-10,0.62874997,0.55875003,0.41
1986-07-11,0.63,0.55125,0.41
1986-07-12,0.62125003,0.55,0.40125
1986-07-13,0.62874997,0.55,0.4
1986-07-14,0.63874996,0.55875003,0.4
1986-07-15,0.64,0.55125,0.4
1986-07-16,0.61375,0.54125,0.4
1986-07-17,0.61,0.53125,0.39125
1986-07-18,0.60125005,0.53,0.39
1986-07-19,0.6,0.53,0.39
1986-07-20,0.6175,0.53,0.39
1986-07-21,0.69874996,0.5825,0.39
1986-07-22,0.70124996,0.59875,0.38125
1986-07-23,0.6475,0.5825,0.38
1986-07-24,0.61375,0.55375004,0.40625
1986-07-25,0.6275,0.55875003,0.4275
1986-07-26,0.63874996,0.56875,0.4475
1986-07-27,0.64874995,0.57875,0.4675
1986-07-28,0.6675,0.5975,0.46125
1986-07-29,0.6525,0.6,0.45125
1986-07-30,0.64125,0.5825,0.44125
1986-07-31,0.64,0.58,0.43125
1986-08-01,0.63125,0.5625,0.42125
1986-08-02,0.62125003,0.55125,0.4025
1986-08-03,0.62,0.54125,0.39125
1986-08-04,0.6375,0.5575,0.39
1986-08-05,0.63125,0.56,0.38125
1986-08-06,0.60375,0.53375,0.38
1986-08-07,0.6,0.53,0.37125
1986-08-08,0.60875,0.53,0.37
1986-08-09,0.61,0.53,0.37
1986-08-10,0.61,0.53,0.37
1986-08-11,0.63625,0.53875,0.36125
1986-08-12,0.63125,0.54,0.36
1986-08-13,0.62125003,0.53125,0.35125
1986-08-14,0.6025,0.52125,0.35
1986-08-15,0.6,0.52,0.35
1986-08-16,0.6,0.52,0.35
1986-08-17,0.6,0.52,0.34125
1986-08-18,0.6175,0.52874994,0.34
1986-08-19,0.6375,0.53875,0.34
1986-08-20,0.63125,0.54,0.34
1986-08-21,0.63874996,0.54,0.34
1986-08-22,0.6575,0.5575,0.3575
1986-08-23,0.6775,0.56875,0.395
1986-08-24,0.7325,0.605,0.435
1986-08-25,0.7575,0.65375,0.46625
1986-08-26,0.7425,0.66,0.51375
1986-08-27,0.7225,0.66875005,0.58125
1986-08-28,0.72875,0.67,0.63375
1986-08-29,0.72125006,0.67,0.61375
1986-08-30,0.67625004,0.62625,0.54
1986-08-31,0.64375,0.57625,0.45125
1986-09-01,0.6575,0.57875,0.43125
1986-09-02,0.66,0.58,0.4125
1986-09-03,0.61625004,0.545,0.3925
1986-09-04,0.61875,0.53125,0.3725
1986-09-05,0.62874997,0.53875,0.37
1986-09-06,0.63,0.54,0.36125
1986-09-07,0.63,0.54,0.35125
1986-09-08,0.63,0.54,0.34125
1986-09-09,0.63,0.53125,0.34
1986-09-10,0.63,0.53875,0.33125
1986-09-11,0.63,0.53125,0.33
1986-09-12,0.6125,0.53,0.33
1986-09-13,0.61,0.53,0.32125
1986-09-14,0.61875,0.53,0.32
1986-09-15,0.62874997,0.53,0.32
1986-09-16,0.63,0.53,0.31125
1986-09-17,0.63,0.53,0.31
1986-09-18,0.63,0.53,0.31
1986-09-19,0.63,0.53,0.31
1986-09-20,0.63874996,0.53,0.30125
1986-09-21,0.64,0.53,0.3
1986-09-22,0.64,0.53,0.29125
1986-09-23,0.64,0.53875,0.29
1986-09-24,0.64,0.53125,0.29
1986-09-25,0.64,0.53,0.29
1986-09-26,0.64,0.53,0.29875
1986-09-27,0.64,0.53,0.3
1986-09-28,0.63125,0.52125,0.3
1986-09-29,0.6125,0.52,0.3
1986-09-30,0.61,0.51125,0.3
1986-10-01,0.61,0.51,0.3
1986-10-02,0.61,0.51,0.3
1986-10-03,0.6275,0.51,0.3
1986-10-04,0.63874996,0.5275,0.29125
1986-10-05,0.64,0.53,0.29
1986-10-06,0.64874995,0.53,0.29
1986-10-07,0.65,0.53875,0.29
1986-10-08,0.64125,0.53125,0.28125
1986-10-09,0.64,0.53,0.28
1986-10-10,0.64,0.53,0.28
1986-10-11,0.64,0.53,0.28
1986-10-12,0.64,0.53,0.27125
1986-10-13,0.64874995,0.53,0.33125
1986-10-14,0.6675,0.5475,0.3225
1986-10-15,0.66125,0.55875003,0.31125
1986-10-16,0.65125,0.5425,0.30125
1986-10-17,0.65,0.53125,0.3175
1986-10-18,0.685,0.57374996,0.34625
1986-10-19,0.69,0.58875,0.41125
1986-10-20,0.6725,0.59,0.41125
1986-10-21,0.6875,0.59,0.38375
1986-10-22,0.69,0.59,0.35375
1986-10-23,0.6725,0.5725,0.32375
1986-10-24,0.67,0.56125,0.3025
1986-10-25,0.66125,0.55125,0.29125
1986-10-26,0.66875005,0.54125,0.28125
1986-10-27,0.67875004,0.54875004,0.28
1986-10-28,0.68,0.55,0.28875
1986-10-29,0.6625,0.55875003,0.29875
1986-10-30,0.66875005,0.56,0.3
1986-10-31,0.67875004,0.56,0.29125
1986-11-01,0.6625,0.55125,0.28125
1986-11-02,0.6775,0.54125,0.28875
1986-11-03,0.65375,0.54,0.29
1986-11-04,0.65875,0.54,0.29
1986-11-05,0.66,0.54,0.28125
1986-11-06,0.61625004,0.5225,0.28875
1986-11-07,0.60125005,0.49375,0.29
1986-11-08,0.60875,0.5075,0.28125
1986-11-09,0.61,0.51,0.28
1986-11-10,0.61,0.50125,0.28875
1986-11-11,0.61875,0.50874996,0.35125
1986-11-12,0.61125004,0.51,0.4125
1986-11-13,0.7325,0.58875,0.46375
1986-11-14,0.89875,0.8275,0.60125
1986-11-15,0.84125,0.85125005,0.71625
1986-11-16,0.80375004,0.77125,0.695
1986-11-17,0.77375,0.725,0.66375
1986-11-18,0.74375,0.685,0.63375
1986-11-19,0.73125005,0.65375,0.56875
1986-11-20,0.7125,0.62375,0.525
1986-11-21,0.6925,0.59375,0.5025
1986-11-22,0.69,0.5725,0.4825
1986-11-23,0.71625,0.57875,0.45375
1986-11-24,0.69375,0.5625,0.4325
1986-11-25,0.64625,0.5425,0.4125
1986-11-26,0.63125,0.5225,0.3925
1986-11-27,0.63,0.51125,0.38125
1986-11-28,0.62125003,0.51,0.35375
1986-11-29,0.6375,0.51,0.3325
1986-11-30,0.64,0.51,0.3125
1986-12-01,0.64,0.53625,0.345
1986-12-02,0.68375,0.56624997,0.58625
1986-12-03,0.77750003,0.675,0.7425
1986-12-04,0.81624997,0.76874995,0.76875
1986-12-05,0.8025,0.78,0.74375
1986-12-06,0.77375,0.745,0.6
1986-12-07,0.76125,0.705,0.50125
1986-12-08,0.71625,0.65625,0.46375
1986-12-09,0.68375003,0.615,0.4425
1986-12-10,0.65375,0.58375,0.39625
1986-12-11,0.6675,0.5625,0.3725
1986-12-12,0.6875,0.58624995,0.44875
1986-12-13,0.76,0.63374996,0.62625
1986-12-14,1.04125,0.80625,0.81625
1986-12-15,1.24625,1.11,0.77875
1986-12-16,1.34875,1.19375,0.735
1986-12-17,1.3425,1.2175,0.72125
1986-12-18,1.2875,1.17625,0.69375
1986-12-19,1.2012501,1.12625,0.69
1986-12-20,1.07625,1.0325,0.6025
1986-12-21,1.01625,0.9325,0.5375
1986-12-22,0.94875,0.84999996,0.46875
1986-12-23,0.93125,0.805,0.425
1986-12-24,0.92125,0.78249997,0.55125
1986-12-25,0.955,0.84125,0.7625
1986-12-26,1.03,0.9375,1.1925
1986-12-27,1.145,1.195,1.27625
1986-12-28,1.3000001,1.29125,1.27125
1986-12-29,1.4250001,1.36125,1.6375
1986-12-30,1.58875,1.55375,2.73125
1986-12-31,1.72375,1.78125,2.87125
1987-01-01,1.6787499,1.7837499,3.10625
1987-01-02,1.495,1.5787499,1.83625
1987-01-03,1.3299999,1.41,1.7025
1987-01-04,1.17,1.2675,1.325
1987-01-05,1.08,1.1275,1.1125
1987-01-06,1.0437499,1.0575,1.13375
1987-01-07,0.96125,1.02375,0.90375
1987-01-08,0.70500004,0.88875,0.80875
1987-01-09,0.80125,0.78249997,0.7125
1987-01-10,0.9075,0.805,0.5425
1987-01-11,0.92875004,0.8275,0.59875
1987-01-12,0.96500003,0.83875,0.61875
1987-01-13,0.96125,0.875,0.62
1987-01-14,0.91625,0.8275,0.61125
1987-01-15,0.8925,0.79375005,0.575
1987-01-16,0.855,0.7725,0.5175
1987-01-17,0.815,0.735,0.46625
1987-01-18,0.78375,0.695,0.4425
1987-01-19,0.7625,0.64625,0.4925
1987-01-20,0.80375,0.68375,0.57875
1987-01-21,0.95000005,0.76874995,0.59875
1987-01-22,1.31125,1.03375,0.66125
1987-01-23,1.3075,1.18375,0.705
1987-01-24,1.3087499,1.13,0.78875
1987-01-25,1.4325,1.26875,1.07125
1987-01-26,1.4237499,1.33375,1.13625
1987-01-27,1.35875,1.3137499,1.28875
1987-01-28,1.4375,1.38,1.35375
1987-01-29,1.4412501,1.4075,1.3075
1987-01-30,1.405,1.3575001,1.3875
1987-01-31,1.3125,1.30625,1.2775
1987-02-01,1.1949999,1.2125001,1.05
1987-02-02,1.0925,1.095,1.0025
1987-02-03,1.01,0.98375005,0.79
1987-02-04,0.93875,0.89125,0.6725
1987-02-05,0.88625,0.81875,0.6075
1987-02-06,0.85375,0.76625,0.6525
1987-02-07,0.8325,0.725,0.52875
1987-02-08,0.83,0.72,0.58
1987-02-09,0.8125,0.72875,0.51125
1987-02-10,0.73125005,0.65999997,0.50875
1987-02-11,0.755,0.65,0.58
1987-02-12,0.865,0.79,0.625
1987-02-13,0.87125003,0.81,0.53375
1987-02-14,0.91375,0.7925,0.52875
1987-02-15,0.955,0.825,0.5475
1987-02-16,0.925,0.82124996,0.55875
1987-02-17,0.85875005,0.77625,0.735
1987-02-18,0.87625,0.805,1.22375
1987-02-19,0.95,0.9325,1.21125
1987-02-20,0.96,0.97625,1.095
1987-02-21,0.925,0.91875005,1.01
1987-02-22,0.89375,0.88375,0.825
1987-02-23,0.8725,0.85375,0.82625
1987-02-24,0.87,0.815,0.75125
1987-02-25,0.8875,0.7925,0.6
1987-02-26,0.89874995,0.79,0.55375
1987-02-27,0.89125,0.78125,0.5675
1987-02-28,0.8725,0.7625,0.5175
1987-03-01,0.86125004,0.7425,0.475
1987-03-02,0.85125005,0.73125005,0.47
1987-03-03,0.85,0.72125006,0.44375
1987-03-04,0.85,0.72,0.43125
1987-03-05,0.85,0.72,0.815
1987-03-06,0.84125,0.72,0.89625
1987-03-07,0.84,0.72,0.90875
1987-03-08,0.84,0.72875,1.18125
1987-03-09,0.8925,0.80875,0.79125
1987-03-10,0.92625,0.84625,0.77375
1987-03-11,1.02625,0.85875,2.25
1987-03-12,1.4862499,1.4549999,2.32
1987-03-13,1.515,1.4875,1.9325
1987-03-14,1.7375,1.54125,1.64375
1987-03-15,1.91875,1.725,1.81125
1987-03-16,1.7825,1.68,1.245
1987-03-17,1.5325,1.4775001,1.08125
1987-03-18,1.31625,1.28375,0.81625
1987-03-19,1.1587499,1.14625,0.78
1987-03-20,1.0875001,1.0425,0.94625
1987-03-21,1.08875,1.00375,0.71625
1987-03-22,1.195,1.14875,0.70625
1987-03-23,1.14,1.135,0.73625
1987-03-24,1.12125,1.12125,0.74875
1987-03-25,1.0587499,1.0587499,0.75875
1987-03-26,1.0325,0.98875,1.25875
1987-03-27,0.9425,0.88375,0.805
1987-03-28,0.78125,0.78249997,0.7475
1987-03-29,0.725,0.69125,0.54
1987-03-30,0.65875,0.6275,0.51875
1987-03-31,0.64125,0.6025,0.52
1987-04-01,0.63125,0.5825,0.485
1987-04-02,0.6125,0.57124996,0.48875
1987-04-03,0.6275,0.57,0.4725
1987-04-04,0.71750003,0.59625,0.47875
1987-04-05,1.05375,0.845,0.6375
1987-04-06,1.38875,1.2125,0.66875
1987-04-07,1.94625,1.53125,0.635
1987-04-08,2.2037501,1.9025,0.735
1987-04-09,2.0025,1.8625001,0.995
1987-04-10,1.6725,1.61375,1.3975
1987-04-11,1.3675001,1.39625,1.23125
1987-04-12,1.18125,1.2037499,0.59625
1987-04-13,1.09,1.0749999,0.60625
1987-04-14,0.98375005,0.94625,0.62875
1987-04-15,0.9,0.85125,0.595
1987-04-16,0.84625,0.77875,0.45
1987-04-17,0.81375,0.735,0.43
1987-04-18,0.775,0.70375,0.43875
1987-04-19,0.74375,0.67375004,0.4575
1987-04-20,0.7225,0.64375,0.46
1987-04-21,0.7025,0.64,0.46875
1987-04-22,0.69124997,0.61375,0.4525
1987-04-23,0.69,0.61,0.5375
1987-04-24,0.69,0.60125005,0.4275
1987-04-25,0.68125,0.59125,0.4625
1987-04-26,0.68,0.59,0.47
1987-04-27,0.68875,0.59875,0.435
1987-04-28,0.68125,0.59125,0.43875
1987-04-29,0.67125,0.59,0.405
1987-04-30,0.6875,0.59,0.4
1987-05-01,0.69,0.59,0.40875
1987-05-02,0.68125,0.59875,0.50625
1987-05-03,0.67125,0.60875,0.8
1987-05-04,0.6875,0.68,0.525
1987-05-05,0.69,0.69,0.54125
1987-05-06,0.68125,0.6375,0.4975
1987-05-07,0.6625,0.60375,0.46375
1987-05-08,0.65125,0.5825,0.43375
1987-05-09,0.64125,0.57124996,0.43
1987-05-10,0.64874995,0.57,0.395
1987-05-11,0.67625,0.57,0.39
1987-05-12,0.68,0.57875,0.39
1987-05-13,0.68875,0.58,0.39
1987-05-14,0.68125,0.58875,0.5475
1987-05-15,0.68,0.59,0.40375
1987-05-16,0.68,0.58124995,0.38
1987-05-17,0.67125,0.58,0.38
1987-05-18,0.67,0.57124996,0.38
1987-05-19,0.67875004,0.57,0.37125
1987-05-20,0.68875,0.5875,0.37875
1987-05-21,0.6725,0.58124995,0.38
1987-05-22,0.66125,0.57124996,0.7125
1987-05-23,0.6425,0.5525,0.75125
1987-05-24,0.66625,0.5675,0.40875
1987-05-25,0.67875004,0.57,0.36
1987-05-26,0.68,0.57875,0.35125
1987-05-27,0.68,0.57124996,0.35
1987-05-28,0.68,0.57,0.34125
1987-05-29,0.68875,0.57875,0.33125
1987-05-30,0.7075,0.58875,0.3475
1987-05-31,0.70124996,0.59,0.34125
1987-06-01,0.6825,0.58124995,0.33125
1987-06-02,0.6625,0.5625,0.33
1987-06-03,0.65125,0.55125,0.32125
1987-06-04,0.65,0.55,0.32
1987-06-05,0.65,0.54125,0.32
1987-06-06,0.64125,0.54,0.32
1987-06-07,0.64,0.54,0.32
1987-06-08,0.63125,0.54,0.32
1987-06-09,0.63874996,0.53125,0.32
1987-06-10,0.64,0.53,0.31125
1987-06-11,0.6225,0.53,0.31
1987-06-12,0.64625,0.53,0.31
1987-06-13,0.65,0.53875,0.31
1987-06-14,0.64125,0.54,0.31
1987-06-15,0.6575,0.54,0.31
1987-06-16,0.65125,0.54,0.31
1987-06-17,0.64125,0.53125,0.31
1987-06-18,0.63125,0.53,0.30125
1987-06-19,0.63874996,0.52125,0.3
1987-06-20,0.64,0.52,0.3
1987-06-21,0.63125,0.52,0.29125
1987-06-22,0.63874996,0.52,0.29
1987-06-23,0.64,0.52,0.29
1987-06-24,0.63125,0.52,0.29
1987-06-25,0.62125003,0.51125,0.28125
1987-06-26,0.61125004,0.51,0.28
1987-06-27,0.61,0.50125,0.28
1987-06-28,0.61,0.50874996,0.28
1987-06-29,0.61,0.50125,0.28
1987-06-30,0.60125005,0.5,0.28
1987-07-01,0.60875,0.5,0.28
1987-07-02,0.61,0.50874996,0.28
1987-07-03,0.61,0.51,0.28
1987-07-04,0.61875,0.51,0.28
1987-07-05,0.62,0.50125,0.28
1987-07-06,0.61125004,0.5,0.28
1987-07-07,0.61,0.5,0.27125
1987-07-08,0.61,0.5,0.27
1987-07-09,0.61,0.5,0.27
1987-07-10,0.61,0.5,0.27
1987-07-11,0.61,0.5,0.27
1987-07-12,0.61,0.5,0.27
1987-07-13,0.61,0.5,0.27
1987-07-14,0.61,0.49125,0.27
1987-07-15,0.61,0.49,0.2525
1987-07-16,0.61,0.49,0.25875
1987-07-17,0.61,0.49,0.26
1987-07-18,0.61,0.49,0.26
1987-07-19,0.61,0.48125,0.25125
1987-07-20,0.61,0.48,0.25
1987-07-21,0.60125005,0.48,0.25
1987-07-22,0.59125,0.48,0.25
1987-07-23,0.59875,0.48,0.24125
1987-07-24,0.59125,0.48,0.24
1987-07-25,0.59,0.48,0.24
1987-07-26,0.58124995,0.48,0.24
1987-07-27,0.58875,0.47125,0.24
1987-07-28,0.59,0.47875,0.24
1987-07-29,0.59,0.48,0.23125
1987-07-30,0.59,0.47125,0.23
1987-07-31,0.59,0.47,0.23
1987-08-01,0.59,0.47,0.23
1987-08-02,0.59,0.47,0.23
1987-08-03,0.59,0.47,0.23
1987-08-04,0.59875,0.47875,0.23
1987-08-05,0.59125,0.48,0.23
1987-08-06,0.6075,0.48,0.23
1987-08-07,0.61,0.48,0.23
1987-08-08,0.61,0.48,0.23
1987-08-09,0.61,0.48,0.23
1987-08-10,0.61,0.48,0.23
1987-08-11,0.61,0.48,0.23
1987-08-12,0.61,0.48,0.23
1987-08-13,0.61,0.48,0.23
1987-08-14,0.60125005,0.48,0.23
1987-08-15,0.60875,0.48,0.23
1987-08-16,0.5925,0.47125,0.22125
1987-08-17,0.59875,0.47,0.22
1987-08-18,0.6,0.47,0.22
1987-08-19,0.6,0.47,0.22
1987-08-20,0.6,0.47,0.21125
1987-08-21,0.6,0.47,0.21
1987-08-22,0.6,0.47875,0.21
1987-08-23,0.6,0.47125,0.21
1987-08-24,0.6,0.47,0.21
1987-08-25,0.59125,0.47,0.20125
1987-08-26,0.59,0.46125,0.2
1987-08-27,0.59875,0.46,0.2
1987-08-28,0.59125,0.46,0.2
1987-08-29,0.59875,0.46875,0.2
1987-08-30,0.59125,0.46125,0.2
1987-08-31,0.59875,0.46,0.2
1987-09-01,0.59125,0.46,0.2
1987-09-02,0.59,0.46,0.2
1987-09-03,0.58124995,0.45125,0.2
1987-09-04,0.58875,0.45,0.2
1987-09-05,0.59875,0.45875,0.19125
1987-09-06,0.6,0.46,0.19
1987-09-07,0.6,0.46,0.19
1987-09-08,0.59125,0.46,0.19
1987-09-09,0.59,0.46,0.19
1987-09-10,0.59,0.46,0.19
1987-09-11,0.59875,0.46,0.19
1987-09-12,0.59125,0.46,0.19
1987-09-13,0.59875,0.46,0.19
1987-09-14,0.6,0.46,0.19
1987-09-15,0.59125,0.46,0.19
1987-09-16,0.625,0.46875,0.19
1987-09-17,0.60375,0.47,0.19
1987-09-18,0.6,0.46125,0.19
1987-09-19,0.59125,0.46,0.19
1987-09-20,0.59,0.46,0.19
1987-09-21,0.59875,0.46,0.19875
1987-09-22,0.62625,0.46875,0.2175
1987-09-23,0.69124997,0.5225,0.36875
1987-09-24,0.6825,0.55625,0.34625
1987-09-25,0.75,0.595,0.40125
1987-09-26,0.71625,0.60875,0.725
1987-09-27,0.68375003,0.58375,0.42875
1987-09-28,0.67125,0.5625,0.3625
1987-09-29,0.6525,0.55125,0.33375
1987-09-30,0.6325,0.53249997,0.32125
1987-10-01,0.6125,0.5125,0.29375
1987-10-02,0.60125005,0.4925,0.2725
1987-10-03,0.5825,0.4725,0.2525
1987-10-04,0.58,0.46125,0.24125
1987-10-05,0.58875,0.46875,0.23125
1987-10-06,0.5725,0.46125,0.23
1987-10-07,0.57,0.45125,0.23
1987-10-08,0.57,0.45,0.22125
1987-10-09,0.57,0.45,0.21125
1987-10-10,0.56125,0.44125,0.20125
1987-10-11,0.56,0.44,0.20875
1987-10-12,0.56875,0.44,0.20125
1987-10-13,0.56125,0.44,0.2
1987-10-14,0.56,0.44,0.19125
1987-10-15,0.55125,0.43125,0.19
1987-10-16,0.55,0.43,0.19
1987-10-17,0.55,0.43,0.19
1987-10-18,0.55,0.42125,0.18125
1987-10-19,0.55,0.42,0.18
1987-10-20,0.54125,0.42,0.18
1987-10-21,0.54,0.42,0.17125
1987-10-22,0.54,0.42,0.415
1987-10-23,0.61,0.42875,0.44125
1987-10-24,0.77750003,0.66625,0.58
1987-10-25,0.765,0.665,0.425
1987-10-26,0.75125,0.625,0.365
1987-10-27,0.75,0.61125004,0.255
1987-10-28,0.74125004,0.63625,0.77375
1987-10-29,0.6875,0.605,0.91125
1987-10-30,0.645,0.57375,0.91125
1987-10-31,0.605,0.54375005,0.455
1987-11-01,0.6,0.51375,0.32
1987-11-02,0.62625,0.51,0.2925
1987-11-03,0.65625,0.51874995,0.465
1987-11-04,0.66875005,0.5725,0.46375
1987-11-05,0.6525,0.58,0.39875
1987-11-06,0.64125,0.545,0.32875
1987-11-07,0.6225,0.51375,0.285
1987-11-08,0.61125004,0.50125,0.25375
1987-11-09,0.58375,0.47375,0.24125
1987-11-10,0.58875,0.47875,0.26625
1987-11-11,0.625,0.48875,0.34875
1987-11-12,0.7525,0.56874996,0.465
1987-11-13,0.77,0.6675,0.41
1987-11-14,0.74375,0.645,0.4875
1987-11-15,0.69625,0.61375,0.4825
1987-11-16,0.66375005,0.5925,0.585
1987-11-17,0.66875005,0.59875,0.6875
1987-11-18,0.74875,0.6875,0.62125
1987-11-19,0.8125,0.7,0.5925
1987-11-20,0.995,0.83125,0.5375
1987-11-21,0.9325,0.84125,0.48625
1987-11-22,0.82375,0.8225,0.4275
1987-11-23,0.74875003,0.67125,0.4025
1987-11-24,0.6875,0.60625005,0.35625
1987-11-25,0.6625,0.55625004,0.3675
1987-11-26,0.6775,0.55875003,0.4225
1987-11-27,0.70624995,0.5775,0.36875
1987-11-28,0.745,0.6325,0.43
1987-11-29,0.715,0.61375,0.5625
1987-11-30,0.70124996,0.6275,0.58875
1987-12-01,0.71750003,0.6475,0.54625
1987-12-02,0.71125,0.65,0.4875
1987-12-03,0.71,0.62375,0.62
1987-12-04,0.7625,0.69874996,0.885
1987-12-05,0.77874994,0.75374997,0.92875
1987-12-06,0.78875,0.76874995,1.0875
1987-12-07,0.97375,0.875,1.8275
1987-12-08,1.3675,1.33625,2.0525
1987-12-09,1.4462501,1.49625,1.78125
1987-12-10,1.4325,1.4575,1.73125
1987-12-11,1.52625,1.51125,1.86125
1987-12-12,1.7850001,1.73,2.83375
1987-12-13,1.98625,1.97,2.7775
1987-12-14,2.1237502,2.1312501,2.88125
1987-12-15,2.20125,2.17625,3.46875
1987-12-16,2.2625,2.32,3.64625
1987-12-17,2.22625,2.27875,3.10875
1987-12-18,1.9925001,2.12125,2.93375
1987-12-19,1.7149999,1.9075,2.94625
1987-12-20,1.46125,1.87125,2.92375
1987-12-21,1.70125,1.94875,2.92
1987-12-22,2.0025,2.1437502,4.17125
1987-12-23,2.0925,2.28375,3.62375
1987-12-24,1.9075,2.1425,3.205
1987-12-25,1.74,1.97125,3.02875
1987-12-26,1.64125,1.87125,3.12375
1987-12-27,1.5425,1.755,2.615
1987-12-28,1.39,1.635,2.4175
1987-12-29,1.2475001,1.47125,2.35625
1987-12-30,1.1425,1.3187499,1.78125
1987-12-31,1.0775001,1.22125,1.6125
1988-01-01,1.035,1.1575,1.7225
1988-01-02,1.03,1.1324999,1.775
1988-01-03,1.4675,1.34875,1.885
1988-01-04,1.6700001,1.6075,1.8825
1988-01-05,1.655,1.605,1.83625
1988-01-06,1.72,1.71375,1.64625
1988-01-07,1.4499999,1.5025,1.54125
1988-01-08,1.235,1.3125,1.5125
1988-01-09,1.16625,1.2375,1.5975
1988-01-10,1.195,1.2125001,1.63625
1988-01-11,1.34,1.3675,1.64
1988-01-12,1.43875,1.39,1.64
1988-01-13,1.68625,1.6875,2.29625
1988-01-14,1.7025001,1.73875,2.29375
1988-01-15,1.6475,1.6962501,2.14
1988-01-16,1.47375,1.57625,2.02375
1988-01-17,1.30125,1.42,1.835
1988-01-18,1.11375,1.26,1.635
1988-01-19,0.99375004,1.1175001,1.65375
1988-01-20,0.90999997,0.98625004,1.26625
1988-01-21,0.84749997,0.90875,1.11375
1988-01-22,0.81375,0.83875,0.95125
1988-01-23,0.775,0.78625,0.85125
1988-01-24,0.74375,0.7275,0.805
1988-01-25,0.73125005,0.7025,0.75625
1988-01-26,0.70375,0.67375004,0.7325
1988-01-27,0.67375004,0.67,0.68625
1988-01-28,0.66125,0.635,0.6625
1988-01-29,0.66875005,0.62125003,0.63375
1988-01-30,0.66125,0.6025,0.60375
1988-01-31,0.6425,0.59125,0.5825
1988-02-01,0.64,0.58124995,0.57125
1988-02-02,0.675,0.58875,0.57
1988-02-03,0.75,0.63374996,0.57
1988-02-04,0.90000004,0.78875,0.78
1988-02-05,0.955,0.8625,0.845
1988-02-06,1.10875,0.96625,1.03375
1988-02-07,1.3050001,1.19875,1.0775
1988-02-08,1.2162501,1.1775,1.08875
1988-02-09,1.2874999,1.1962501,1.23875
1988-02-10,1.4225,1.29625,1.61875
1988-02-11,1.51875,1.45875,1.8275
1988-02-12,1.6700001,1.5762501,2.305
1988-02-13,2.04,1.8874999,2.67625
1988-02-14,2.2125,2.0962498,2.51
1988-02-15,2.1950002,2.12,2.3925
1988-02-16,2.05875,2.02375,2.37125
1988-02-17,1.8825,1.89625,2.08125
1988-02-18,1.50125,1.635,1.87375
1988-02-19,1.2575,1.3987501,1.7975
1988-02-20,1.13375,1.2475001,1.95625
1988-02-21,1.015,1.2125001,1.4025
1988-02-22,0.965,1.175,1.775
1988-02-23,0.9425,1.0825,1.53375
1988-02-24,0.86125004,0.965,1.37625
1988-02-25,0.8325,0.88875,1.2725
1988-02-26,0.80375004,0.84499997,1.155
1988-02-27,0.77375,0.805,1.14
1988-02-28,0.76125,0.78249997,1.04375
1988-02-29,0.76,0.7625,0.9075
1988-03-01,0.71625,0.71625,0.65375
1988-03-02,0.68375003,0.66625,0.59375
1988-03-03,0.68,0.65125,0.75625
1988-03-04,0.7325,0.65,0.6225
1988-03-05,0.74875,0.65875,1.0375
1988-03-06,0.86375,0.7825,1.1525
1988-03-07,1.29125,1.07125,1.37
1988-03-08,1.5074999,1.4250001,1.3825
1988-03-09,1.3025,1.33875,1.58125
1988-03-10,1.31375,1.32875,1.93375
1988-03-11,1.25875,1.37375,1.84
1988-03-12,1.0749999,1.23125,1.91625
1988-03-13,0.9625,1.14,2.06125
1988-03-14,0.915,1.095,2.08
1988-03-15,0.86625004,1.0725,1.905
1988-03-16,0.85125005,1.0,1.88
1988-03-17,0.8325,0.99,2.02
1988-03-18,0.9175,1.05125,2.18
1988-03-19,1.0,1.15625,1.96375
1988-03-20,1.00125,1.135,2.2275
1988-03-21,0.97375,1.1125,1.87625
1988-03-22,0.9525,1.0575,1.51375
1988-03-23,0.95,1.0587499,1.4175
1988-03-24,0.88,1.0074999,1.24375
1988-03-25,,0.88625,1.07125
1988-03-26,,0.77375,0.9625
1988-03-27,,0.7075,0.90625
1988-03-28,,0.67375004,0.8825
1988-03-29,,0.6525,0.88875
1988-03-30,,0.62375,0.82
1988-03-31,,0.61125004,0.80125
1988-04-01,,0.60125005,0.7825
1988-04-02,,0.59125,1.20875
1988-04-03,,0.59,1.095
1988-04-04,,0.6075,1.2275
1988-04-05,,0.785,0.92625
1988-04-06,,0.775,0.95
1988-04-07,,0.7875,1.38
1988-04-08,0.93,0.93,1.37
1988-04-09,,0.94124997,1.21125
1988-04-10,,0.79125,0.9275
1988-04-11,,0.6825,0.82
1988-04-12,,0.62625,0.95
1988-04-13,,0.59375,0.7425
1988-04-14,,0.5725,0.70125
1988-04-15,,0.56125,0.735
1988-04-16,,0.60375,0.74
1988-04-17,,0.6975,0.74
1988-04-18,0.92,0.85875,1.06375
1988-04-19,0.92875004,0.94124997,1.15375
1988-04-20,0.92125,0.9325,1.2825
1988-04-21,1.0074999,0.99125,1.825
1988-04-22,0.95875,0.99125004,1.40125
1988-04-23,,0.92,1.44375
1988-04-24,,0.84875,1.31125
1988-04-25,,0.76125,0.94
1988-04-26,,0.6975,0.82
1988-04-27,,0.655,0.78375
1988-04-28,,0.615,0.745
1988-04-29,,0.61,0.7575
1988-04-30,,0.56625,0.7425
1988-05-01,,0.55125,0.7225
1988-05-02,,0.54125,0.69375
1988-05-03,,0.56624997,0.6725
1988-05-04,,0.56125,0.66125
1988-05-05,,0.525,0.6425
1988-05-06,,0.51125,0.63125
1988-05-07,,0.51,0.62125
1988-05-08,,0.50125,0.61125
1988-05-09,,0.5,0.5925
1988-05-10,,0.49125,0.5725
1988-05-11,,0.49,0.57
1988-05-12,,0.56874996,0.56125
1988-05-13,,0.58875,0.56
1988-05-14,,0.49374998,0.55125
1988-05-15,,0.47125,0.54125
1988-05-16,,0.46125,0.54
1988-05-17,,0.46,0.54
1988-05-18,,0.46,0.53125
1988-05-19,,0.45125,0.52125
1988-05-20,,0.45,0.52
1988-05-21,,0.45,0.51125
1988-05-22,,0.45,0.51
1988-05-23,,0.45,0.50125
1988-05-24,,0.44125,0.5
1988-05-25,,0.44,0.49125
1988-05-26,,0.44,0.48125
1988-05-27,,0.44,0.48
1988-05-28,,0.44,0.48
1988-05-29,,0.44,0.48
1988-05-30,,0.44,0.48
1988-05-31,,0.44875,0.48
1988-06-01,,0.45,0.4625
1988-06-02,,0.45875,0.46
1988-06-03,,0.48625,0.46
1988-06-04,,0.49875,0.46
1988-06-05,,0.5,0.46
1988-06-06,,0.5,0.46
1988-06-07,,0.5,0.46
1988-06-08,,0.5,0.46
1988-06-09,,0.5,0.46
1988-06-10,,0.49125,0.46
1988-06-11,,0.49,0.46
1988-06-12,,0.49,0.4775
1988-06-13,,0.48125,0.585
1988-06-14,,0.48,0.45125
1988-06-15,,0.48,0.43
1988-06-16,,0.48,0.43
1988-06-17,,0.48,0.43
1988-06-18,,0.48,0.43
1988-06-19,,0.48,0.42125
1988-06-20,,0.47125,0.42
1988-06-21,,0.47,0.42875
1988-06-22,,0.47,0.4125
1988-06-23,,0.47,0.41
1988-06-24,,0.47,0.41
1988-06-25,,0.47,0.41
1988-06-26,,0.47,0.40125
1988-06-27,,0.47875,0.4
1988-06-28,,0.48,0.4
1988-06-29,,0.48,0.39125
1988-06-30,,0.48,0.39
1988-07-01,,0.48,0.38125
1988-07-02,,0.48,0.38
1988-07-03,,0.48,0.38
1988-07-04,,0.48,0.38
1988-07-05,,0.48,0.38
1988-07-06,,0.48,0.38
1988-07-07,,0.48,0.37125
1988-07-08,,0.48,0.37
1988-07-09,,0.48,0.37
1988-07-10,,0.47125,0.37
1988-07-11,,0.47,0.36125
1988-07-12,,0.47,0.36
1988-07-13,,0.47,0.35125
1988-07-14,,0.47,0.35
1988-07-15,,0.47,0.35
1988-07-16,,0.47,0.35
1988-07-17,,0.46125,0.35
1988-07-18,,0.46,0.35
1988-07-19,,0.46875,0.35
1988-07-20,,0.47,0.35
1988-07-21,,0.47,0.35
1988-07-22,,0.46125,0.35
1988-07-23,0.57,0.46,0.35
1988-07-24,0.57,0.46,0.34125
1988-07-25,0.57875,0.46,0.34
1988-07-26,0.57124996,0.46,0.34
1988-07-27,0.57,0.46,0.34
1988-07-28,0.57,0.46,0.34
1988-07-29,0.57,0.46,0.34
1988-07-30,0.57,0.46,0.34875
1988-07-31,0.57875,0.46,0.35
1988-08-01,0.58,0.45125,0.32375
1988-08-02,0.57124996,0.45,0.32
1988-08-03,0.57875,0.45875,0.32
1988-08-04,0.58,0.46,0.32
1988-08-05,0.58875,0.46,0.32
1988-08-06,0.59875,0.46875,0.32
1988-08-07,0.6,0.47,0.32
1988-08-08,0.59125,0.47,0.32
1988-08-09,0.59875,0.4875,0.32
1988-08-10,0.6,0.48125,0.32
1988-08-11,,0.4625,0.32
1988-08-12,,0.45125,0.32
1988-08-13,,0.44125,0.32
1988-08-14,,0.44875,0.32
1988-08-15,,0.4675,0.32
1988-08-16,,0.47,0.29375
1988-08-17,,0.47,0.29
1988-08-18,,0.47,0.29
1988-08-19,,0.47,0.29
1988-08-20,,0.47,0.28125
1988-08-21,,0.47875,0.28
1988-08-22,,0.48,0.28
1988-08-23,,0.48,0.28
1988-08-24,,0.48,0.27125
1988-08-25,,0.47125,0.27
1988-08-26,,0.47,0.27
1988-08-27,,0.47,0.31375
1988-08-28,,0.47,0.32
1988-08-29,,0.47,0.31125
1988-08-30,,0.4525,0.30125
1988-08-31,,0.4675,0.3
1988-09-01,,0.47,0.27375
1988-09-02,,0.46125,0.27
1988-09-03,,0.46,0.27
1988-09-04,,0.45125,0.26125
1988-09-05,,0.45,0.26
1988-09-06,,0.44125,0.26
1988-09-07,,0.44,0.26
1988-09-08,,0.44,0.26
1988-09-09,,0.44,0.26
1988-09-10,,0.44,0.26
1988-09-11,,0.44,0.26
1988-09-12,,0.44,0.25125
1988-09-13,,0.44,0.25
1988-09-14,,0.44,0.25
1988-09-15,,0.44875,0.25
1988-09-16,,0.45,0.24125
1988-09-17,,0.45875,0.24
1988-09-18,,0.45125,0.24
1988-09-19,,0.44125,0.24
1988-09-20,,0.44,0.24
1988-09-21,,0.44,0.24
1988-09-22,,0.44,0.24
1988-09-23,,0.44,0.24
1988-09-24,,0.44,0.2225
1988-09-25,,0.44875,0.22875
1988-09-26,,0.44125,0.23
1988-09-27,,0.43125,0.23
1988-09-28,,0.43875,0.23
1988-09-29,,0.44875,0.23
1988-09-30,,0.45,0.23
1988-10-01,,0.44125,0.23
1988-10-02,,0.44,0.23
1988-10-03,,0.44875,0.265
1988-10-04,,0.4675,0.27
1988-10-05,,0.47,0.26125
1988-10-06,,0.47,0.30375
1988-10-07,,0.505,0.33625
1988-10-08,,0.50125,0.34
1988-10-09,,0.5,0.33125
1988-10-10,,0.4825,0.28625
1988-10-11,,0.48,0.32375
1988-10-12,,0.47125,0.33
1988-10-13,,0.47,0.28625
1988-10-14,,0.47,0.28
1988-10-15,,0.47,0.25375
1988-10-16,,0.46125,0.24125
1988-10-17,,0.46,0.24
1988-10-18,,0.46,0.24875
1988-10-19,,0.46875,0.25875
1988-10-20,,0.47,0.2775
1988-10-21,,0.47875,0.315
1988-10-22,,0.4975,0.34625
1988-10-23,,0.5175,0.41125
1988-10-24,,0.52874994,0.42875
1988-10-25,,0.53875,0.45625
1988-10-26,,0.54875004,0.46
1988-10-27,,0.55875003,0.4425
1988-10-28,,0.595,0.55375
1988-10-29,,0.64374995,0.5175
1988-10-30,,0.67625,0.51875
1988-10-31,,0.6625,0.52875
1988-11-01,0.66,0.625,0.46
1988-11-02,0.625,0.59375,0.45875
1988-11-03,0.62874997,0.58124995,0.4775
1988-11-04,0.6825,0.5975,0.7075
1988-11-05,0.69875,0.66125,0.67
1988-11-06,0.6825,0.67,1.03625
1988-11-07,0.6975,0.73125,1.0725
1988-11-08,0.70875,0.74875,0.79875
1988-11-09,0.71,0.7325,0.76
1988-11-10,0.7275,0.7125,0.64625
1988-11-11,0.72125006,0.70124996,0.5775
1988-11-12,0.7025,0.67375004,0.5525
1988-11-13,0.665,0.635,0.50625
1988-11-14,0.63375,0.59499997,0.4475
1988-11-15,0.6125,0.56375,0.405
1988-11-16,0.61875,0.55125,0.3825
1988-11-17,0.64625,0.55875003,0.35375
1988-11-18,0.62375,0.55125,0.3325
1988-11-19,0.62874997,0.54125,0.32125
1988-11-20,0.62125003,0.53125,0.31125
1988-11-21,0.59375,0.5125,0.30125
1988-11-22,0.59,0.50125,0.27375
1988-11-23,0.59875,0.5,0.2875
1988-11-24,0.635,0.52625,0.2725
1988-11-25,0.80625,0.64375,0.3225
1988-11-26,0.76875,0.7475,0.32125
1988-11-27,0.7425,0.7075,0.3025
1988-11-28,0.80125,0.74375,0.32625
1988-11-29,0.845,0.785,0.47
1988-11-30,0.85,0.825,0.44625
1988-12-01,0.89374995,0.87375,0.335
1988-12-02,0.83875,0.81875,0.27625
1988-12-03,0.7425,0.71375,0.235
1988-12-04,0.70375,0.63,0.27375
1988-12-05,0.76124996,0.68125,0.37625
1988-12-06,0.81374997,0.75124997,0.38125
1988-12-07,0.855,0.7775,0.52875
1988-12-08,0.74625003,0.71,0.50625
1988-12-09,0.66875005,0.63,0.5
1988-12-10,0.625,0.585,0.50875
1988-12-11,0.59375,0.545,0.44875
1988-12-12,0.59875,0.54,0.55375
1988-12-13,0.65250003,0.59250003,0.54375
1988-12-14,0.70375,0.635,0.63625
1988-12-15,0.7975,0.6925,0.9825
1988-12-16,0.915,0.8575,1.275
1988-12-17,1.2275,1.1775,0.96
1988-12-18,1.62875,1.5525,0.81375
1988-12-19,1.68,1.6524999,1.4825
1988-12-20,1.5749999,1.625,1.5975
1988-12-21,1.41125,1.47125,1.46875
1988-12-22,1.25,1.2925,1.835
1988-12-23,1.37,1.4275,2.23125
1988-12-24,1.66125,1.70375,2.14875
1988-12-25,1.72625,1.81875,2.19125
1988-12-26,1.68625,1.7775,2.08625
1988-12-27,1.61875,1.70875,2.07
1988-12-28,1.5575,1.62125,1.895
1988-12-29,1.3925,1.4525,1.6425
1988-12-30,1.22125,1.26375,1.37375
1988-12-31,0.96375,1.0649999,1.12125
1989-01-01,0.78999996,0.87375003,0.95
1989-01-02,0.70875,0.75375,0.81625
1989-01-03,0.67375004,0.67,0.68625
1989-01-04,0.67,0.6425,0.64375
1989-01-05,0.76624995,0.675,1.0425
1989-01-06,0.9375,0.8725,1.49375
1989-01-07,1.0124999,1.0925,1.5675
1989-01-08,1.06375,1.1637499,2.03375
1989-01-09,1.0437499,1.35375,2.14375
1989-01-10,0.99625003,1.23125,1.8
1989-01-11,0.92,1.0875001,1.70625
1989-01-12,0.83125,1.0,1.49
1989-01-13,0.78499997,0.885,1.25875
1989-01-14,0.75374997,0.835,1.1425
1989-01-15,0.7325,0.795,1.05125
1989-01-16,0.72125006,0.7725,0.96125
1989-01-17,0.67625004,0.7175,0.95
1989-01-18,0.67,0.675,0.95
1989-01-19,0.69624996,0.6875,0.985
1989-01-20,0.77875,0.76,1.0775
1989-01-21,0.8075,0.8225,1.1075
1989-01-22,0.83624995,0.85625,1.03125
1989-01-23,0.77,0.81625,0.88875
1989-01-24,0.71625,0.74,0.7125
1989-01-25,0.66625,0.65125,0.66375
1989-01-26,0.63375,0.61375,0.6075
1989-01-27,0.6125,0.5925,0.565
1989-01-28,0.61,0.5725,0.5425
1989-01-29,0.5925,0.56125,0.505
1989-01-30,0.58124995,0.5425,0.50875
1989-01-31,0.57124996,0.53125,0.48375
1989-02-01,0.5525,0.52125,0.48
1989-02-02,0.5675,0.51125,0.47125
1989-02-03,0.57,0.51,0.46125
1989-02-04,0.53499997,0.50125,0.46
1989-02-05,0.53,0.45624998,0.46875
1989-02-06,0.62624997,0.52,0.715
1989-02-07,0.6925,0.635,0.74125
1989-02-08,0.72625,0.685,0.85375
1989-02-09,0.8175,0.77750003,1.10625
1989-02-10,0.90875,0.9125,1.0525
1989-02-11,0.98125,1.0,1.31125
1989-02-12,1.06875,1.08,1.35
1989-02-13,1.0712501,1.3175,1.5775
1989-02-14,1.07,1.4024999,2.12625
1989-02-15,1.07875,1.34875,2.0075
1989-02-16,1.0625,1.24375,1.595
1989-02-17,1.025,1.09875,1.49625
1989-02-18,0.985,1.045,1.28
1989-02-19,0.945,1.005,1.29375
1989-02-20,0.8175,0.93875,1.1075
1989-02-21,0.70375,0.81625,1.08
1989-02-22,0.6375,0.7125,1.08
1989-02-23,0.665,0.6825,0.9575
1989-02-24,0.7225,0.72375,0.91375
1989-02-25,0.73,0.73,0.8225
1989-02-26,0.695,0.70375,0.81
1989-02-27,0.66375005,0.67375004,0.87125
1989-02-28,0.65125,0.67,0.9325
1989-03-01,0.65875,0.67,0.905
1989-03-02,0.63375,0.6525,0.8825
1989-03-03,0.60375,0.615,0.775
1989-03-04,0.565,0.575,0.6725
1989-03-05,0.56,0.5525,0.61625
1989-03-06,0.58624995,0.55875003,0.61
1989-03-07,0.65125,0.595,0.98625
1989-03-08,0.73,0.7225,0.92625
1989-03-09,0.8275,0.78375,0.91875
1989-03-10,1.02375,0.93,1.41
1989-03-11,1.1725,1.1424999,1.48
1989-03-12,1.085,1.14375,1.62875
1989-03-13,1.0,1.0525,1.36125
1989-03-14,0.96375,1.0225,1.20625
1989-03-15,1.065,1.06375,1.5225
1989-03-16,1.0712501,1.09625,1.57
1989-03-17,1.09625,1.12625,1.5875
1989-03-18,1.12625,1.165,1.1
1989-03-19,1.0687499,1.10875,1.2225
1989-03-20,0.98125005,1.02125,1.005
1989-03-21,0.89125,0.91375,0.83875
1989-03-22,0.7575,0.78625,0.79375
1989-03-23,0.705,0.70875,0.72
1989-03-24,0.67375004,0.65625,0.7275
1989-03-25,0.635,0.615,0.66
1989-03-26,0.6125,0.5925,0.64125
1989-03-27,0.5925,0.5725,0.59625
1989-03-28,0.58124995,0.56125,0.58125
1989-03-29,0.5975,0.55125,0.5625
1989-03-30,0.6875,0.57624996,0.55125
1989-03-31,0.70875,0.62375,0.54125
1989-04-01,0.64,0.6125,0.53125
1989-04-02,0.56,0.54875004,0.53
1989-04-03,0.53249997,0.51375,0.53
1989-04-04,0.53,0.50125,0.5125
1989-04-05,0.50374997,0.4825,0.4925
1989-04-06,0.49125,0.47125,0.48125
1989-04-07,0.48125,0.4525,0.47125
1989-04-08,0.48,0.44125,0.4525
1989-04-09,0.48875,0.44875,0.45
1989-04-10,0.49,0.45,0.45
1989-04-11,0.49,0.45,0.44125
1989-04-12,0.5075,0.45,0.44
1989-04-13,0.545,0.47625,0.43125
1989-04-14,0.53249997,0.48875,0.42125
1989-04-15,0.495,0.46375,0.42875
1989-04-16,0.49,0.4425,0.43875
1989-04-17,0.49,0.44,0.46625
1989-04-18,0.49,0.44875,0.47
1989-04-19,0.49,0.45,0.4525
1989-04-20,0.48125,0.45,0.44125
1989-04-21,0.48,0.44125,0.4225
1989-04-22,0.50624996,0.44875,0.4375
1989-04-23,0.58,0.49375,0.50125
1989-04-24,0.58124995,0.535,0.50125
1989-04-25,0.60625,0.53125,0.57
1989-04-26,0.5575,0.53875,0.5275
1989-04-27,0.50625,0.49625,0.485
1989-04-28,0.49125,0.4725,0.45375
1989-04-29,0.48125,0.44375,0.45
1989-04-30,0.4975,0.44,0.40625
1989-05-01,0.52625,0.46625,0.4
1989-05-02,0.5125,0.47,0.39125
1989-05-03,0.48375,0.42624998,0.43375
1989-05-04,0.4625,0.42,0.36125
1989-05-05,0.46,0.42,0.37625
1989-05-06,0.46,0.41125,0.38
1989-05-07,0.4425,0.41,0.3625
1989-05-08,0.43125,0.41,0.35125
1989-05-09,0.43875,0.40125,0.34125
1989-05-10,0.44,0.4,0.375
1989-05-11,0.46625,0.4175,0.38
1989-05-12,0.435,0.39374998,0.345
1989-05-13,0.42125,0.38125,0.34
1989-05-14,0.42,0.38,0.34
1989-05-15,0.42,0.38,0.34
1989-05-16,0.42,0.38,0.34
1989-05-17,0.42,0.38,0.33125
1989-05-18,0.42875,0.38,0.33
1989-05-19,0.43,0.38,0.33
1989-05-20,0.43875,0.38,0.33
1989-05-21,0.44,0.38,0.33
1989-05-22,0.44,0.38875,0.30375
1989-05-23,0.44,0.38125,0.3
1989-05-24,0.44,0.38,0.29125
1989-05-25,0.44,0.38,0.31625
1989-05-26,0.46625,0.38,0.32
1989-05-27,0.4875,0.415,0.32
1989-05-28,0.44625,0.39374998,0.32
1989-05-29,0.43125,0.38125,0.31125
1989-05-30,0.43875,0.38,0.31
1989-05-31,0.43125,0.38,0.31
1989-06-01,0.43875,0.38,0.31
1989-06-02,0.4575,0.38,0.31
1989-06-03,0.5475,0.42375,0.30125
1989-06-04,0.48999998,0.43,0.3
1989-06-05,0.45374998,0.39499998,0.3
1989-06-06,0.44125,0.38125,0.3
1989-06-07,0.44,0.38,0.29125
1989-06-08,0.43125,0.37125,0.29
1989-06-09,0.42125,0.37,0.29
1989-06-10,0.42,0.37,0.29
1989-06-11,0.42,0.37,0.29
1989-06-12,0.42,0.37,0.29875
1989-06-13,0.42,0.36125,0.34375
1989-06-14,0.42,0.36875,0.35
1989-06-15,0.4375,0.37,0.35
1989-06-16,0.53625,0.4225,0.315
1989-06-17,0.50625,0.43875,0.31
1989-06-18,0.47375,0.41375,0.31
1989-06-19,0.47875,0.40125,0.31
1989-06-20,0.4975,0.4175,0.31
1989-06-21,0.465,0.4025,0.31
1989-06-22,0.45125,0.39124998,0.2925
1989-06-23,0.45,0.38125,0.3425
1989-06-24,0.45875,0.38875,0.34125
1989-06-25,0.45125,0.38125,0.31375
1989-06-26,0.5025,0.38,0.30125
1989-06-27,0.60625,0.45000002,0.335
1989-06-28,0.54125,0.4775,0.33125
1989-06-29,0.48624998,0.43625,0.33875
1989-06-30,0.52374995,0.43,0.3225
1989-07-01,0.52125,0.43875,0.32
1989-07-02,0.52874994,0.44,0.32
1989-07-03,0.565,0.4575,0.32
1989-07-04,0.59625,0.46875,0.32
1989-07-05,0.495,0.44375,0.27625
1989-07-06,0.45374998,0.39624998,0.27
1989-07-07,0.45,0.38125,0.27875
1989-07-08,0.45875,0.38,0.28
1989-07-09,0.4775,0.38875,0.28
1989-07-10,0.50624996,0.425,0.27125
1989-07-11,0.44875,0.39499998,0.27
1989-07-12,0.43125,0.3725,0.27
1989-07-13,0.43,0.36125,0.27
1989-07-14,0.43,0.36875,0.27
1989-07-15,0.43,0.37875,0.27
1989-07-16,0.43,0.38,0.27
1989-07-17,0.47375,0.37125,0.27
1989-07-18,0.58500004,0.4225,0.26125
1989-07-19,0.50375,0.43875,0.26
1989-07-20,0.44625,0.37875,0.26
1989-07-21,0.42249998,0.36125,0.26
1989-07-22,0.42,0.36,0.25125
1989-07-23,0.42,0.36,0.25
1989-07-24,0.42875,0.36,0.25
1989-07-25,0.42125,0.36,0.25
1989-07-26,0.4375,0.36,0.25
1989-07-27,0.475,0.36875,0.25
1989-07-28,0.62,0.4925,0.25
1989-07-29,0.50875,0.475,0.25
1989-07-30,0.44625,0.39124998,0.25
1989-07-31,0.43125,0.3625,0.25
1989-08-01,0.43875,0.36,0.2675
1989-08-02,0.48375002,0.395,0.27875
1989-08-03,0.46375,0.3825,0.28
1989-08-04,0.45125,0.37125,0.27125
1989-08-05,0.45875,0.37,0.27
1989-08-06,0.46875,0.37875,0.24375
1989-08-07,0.46125,0.38875,0.24
1989-08-08,0.4425,0.38125,0.2575
1989-08-09,0.43125,0.37125,0.26
1989-08-10,0.43,0.36125,0.26
1989-08-11,0.43,0.35125,0.25125
1989-08-12,0.42125,0.35,0.25
1989-08-13,0.42,0.35,0.24125
1989-08-14,0.42875,0.35,0.24
1989-08-15,0.5525,0.39375,0.24
1989-08-16,0.42125002,0.4175,0.23125
1989-08-17,0.40875,0.35875,0.23
1989-08-18,0.41875,0.34125,0.23
1989-08-19,0.42875,0.34875,0.22125
1989-08-20,0.42125,0.35,0.22
1989-08-21,0.42,0.34125,0.22875
1989-08-22,0.385,0.34,0.23
1989-08-23,0.38,0.34,0.22125
1989-08-24,0.415,0.34,0.22
1989-08-25,0.42875,0.34875,0.22
1989-08-26,0.4125,0.34125,0.22
1989-08-27,0.41,0.33125,0.22
1989-08-28,0.40125,0.33,0.22
1989-08-29,0.40875,0.33,0.22875
1989-08-30,0.41875,0.33875,0.23
1989-08-31,0.42,0.34,0.23
1989-09-01,0.42,0.34875,0.23
1989-09-02,0.42,0.34125,0.22125
1989-09-03,0.41125,0.34,0.22
1989-09-04,0.41,0.33125,0.2375
1989-09-05,0.4275,0.33875,0.24
1989-09-06,0.465,0.35750002,0.28375
1989-09-07,0.5225,0.40375,0.36875
1989-09-08,0.48624998,0.4275,0.37125
1989-09-09,0.4625,0.42125,0.36125
1989-09-10,0.43375,0.385,0.3425
1989-09-11,0.43,0.38,0.33125
1989-09-12,0.42125,0.37125,0.32125
1989-09-13,0.41125,0.36125,0.3025
1989-09-14,0.40125,0.35125,0.27375
1989-09-15,0.4,0.34125,0.24375
1989-09-16,0.4,0.33125,0.23125
1989-09-17,0.39124998,0.33,0.23
1989-09-18,0.39,0.33,0.20375
1989-09-19,0.39,0.32125,0.20875
1989-09-20,0.4075,0.32,0.21875
1989-09-21,0.41,0.3375,0.26375
1989-09-22,0.4275,0.36625,0.2875
1989-09-23,0.42125,0.37,0.3075
1989-09-24,0.4025,0.34375,0.2575
1989-09-25,0.39124998,0.33125,0.22375
1989-09-26,0.39875,0.32125,0.22875
1989-09-27,0.4,0.32,0.23
1989-09-28,0.3825,0.32,0.23
1989-09-29,0.38,0.31125,0.2125
1989-09-30,0.38,0.31,0.20125
1989-10-01,0.38,0.31,0.2
1989-10-02,0.38875,0.31,0.20875
1989-10-03,0.39875,0.32750002,0.3325
1989-10-04,0.40875,0.35625002,0.28
1989-10-05,0.41875,0.36,0.26125
1989-10-06,0.4375,0.36,0.26
1989-10-07,0.42249998,0.36,0.225
1989-10-08,0.42,0.35125,0.22
1989-10-09,0.41125,0.34125,0.21125
1989-10-10,0.40125,0.33125,0.21
1989-10-11,0.4,0.33,0.21
1989-10-12,0.4,0.32125,0.20125
1989-10-13,0.42625,0.32,0.235
1989-10-14,0.52625,0.3725,0.26625
1989-10-15,0.51375,0.415,0.29625
1989-10-16,0.46625,0.4025,0.27375
1989-10-17,0.53000003,0.4175,0.47125
1989-10-18,0.575,0.49875,0.5
1989-10-19,0.62375,0.5275,0.57875
1989-10-20,0.665,0.57374996,0.52875
1989-10-21,0.67,0.5975,0.54625
1989-10-22,0.64375,0.57375,0.54125
1989-10-23,0.605,0.56125,0.4525
1989-10-24,0.53875,0.5075,0.37
1989-10-25,0.50374997,0.45624998,0.31625
1989-10-26,0.47375,0.42374998,0.31
1989-10-27,0.47,0.4025,0.2925
1989-10-28,0.46125,0.39124998,0.325
1989-10-29,0.4425,0.38125,0.33
1989-10-30,0.44,0.38,0.30375
1989-10-31,0.43125,0.37125,0.3
1989-11-01,0.43,0.36125,0.34375
1989-11-02,0.42125,0.36875,0.30625
1989-11-03,0.41125,0.36125,0.25625
1989-11-04,0.41875,0.35125,0.25875
1989-11-05,0.46375,0.37625,0.32125
1989-11-06,0.4875,0.40625,0.70625
1989-11-07,0.48125,0.41875,0.5675
1989-11-08,0.48,0.4375,0.65375
1989-11-09,0.4975,0.475,0.4775
1989-11-10,0.52625,0.47125,0.3975
1989-11-11,0.5825,0.47875,0.425
1989-11-12,0.63374996,0.5325,0.96375
1989-11-13,0.66625,0.68,1.1975
1989-11-14,0.705,0.77875,1.4475
1989-11-15,0.80625,0.86875,1.4625
1989-11-16,0.96875,1.0024999,1.5125
1989-11-17,0.96375,1.055,1.44125
1989-11-18,0.96875,1.06,1.33375
1989-11-19,1.0925,1.10375,1.32875
1989-11-20,1.08375,1.1624999,1.39125
1989-11-21,0.9925,1.0825,1.645
1989-11-22,0.93625003,1.0437499,1.8725
1989-11-23,0.895,1.0487499,1.87375
1989-11-24,0.8375,0.9975,1.485
1989-11-25,0.7425,0.8675,1.19375
1989-11-26,0.70375,0.75375,1.0025
1989-11-27,0.7,0.705,1.015
1989-11-28,0.74375,0.71750003,1.06375
1989-11-29,0.79375,0.78125,0.90375
1989-11-30,0.80875003,0.79875004,1.11625
1989-12-01,0.89750004,0.91375,1.26375
1989-12-02,0.98,1.0174999,1.28875
1989-12-03,1.0425,1.0825,1.4125
1989-12-04,1.0325,1.11625,1.5875
1989-12-05,1.0474999,1.12,2.485
1989-12-06,1.39125,1.47,2.855
1989-12-07,1.615,1.8175,3.17875
1989-12-08,1.5,1.76375,2.625
1989-12-09,1.15625,1.4699999,1.58625
1989-12-10,0.9875,1.2375001,1.89625
1989-12-11,0.9175,1.09625,1.8375
1989-12-12,1.05875,1.1324999,1.63625
1989-12-13,1.3425,1.39375,1.61
1989-12-14,1.73875,1.78875,2.65125
1989-12-15,2.0875,2.21625,3.38625
1989-12-16,2.4625,2.54125,5.4475
1989-12-17,3.315,3.14,
1989-12-18,4.0775,3.99,
1989-12-19,4.31,4.21375,
1989-12-20,4.435,4.3875,
1989-12-21,4.5725,4.5675,7.12
1989-12-22,4.59875,4.7037497,7.1725
1989-12-23,4.4075003,4.69375,
1989-12-24,4.14375,4.55875,
1989-12-25,3.83875,4.4175,
1989-12-26,3.6074998,4.26875,
1989-12-27,3.23875,4.06625,
1989-12-28,2.9450002,3.76,
1989-12-29,2.60375,3.4225001,
1989-12-30,2.35,3.1,
1989-12-31,2.10125,2.815,
1990-01-01,1.74625,2.6225,3.21
1990-01-02,1.86625,2.46875,3.13125
1990-01-03,1.98625,2.47625,3.04125
1990-01-04,2.3325,2.655,2.91625
1990-01-05,2.37125,2.8725002,2.83
1990-01-06,2.1775,2.7775,3.33625
1990-01-07,1.9837501,2.59375,3.24375
1990-01-08,1.70625,2.36,2.625
1990-01-09,1.53,2.11125,2.19
1990-01-10,1.37,1.9137499,2.67375
1990-01-11,1.25375,1.77625,3.33625
1990-01-12,1.1875,1.68125,1.83625
1990-01-13,1.1275,1.5737499,1.61
1990-01-14,1.0675,1.455,1.63625
1990-01-15,1.01625,1.37875,1.78
1990-01-16,0.96625,1.3,1.91375
1990-01-17,0.90749997,1.2112501,1.86875
1990-01-18,0.83,1.1125001,1.79875
1990-01-19,0.78499997,1.02125,1.71125
1990-01-20,0.745,0.96625,1.63875
1990-01-21,0.73125005,0.925,1.5075
1990-01-22,0.70375,0.89375,1.4725
1990-01-23,0.6825,0.855,1.3825
1990-01-24,0.65375,0.82375,1.3525
1990-01-25,0.65875,0.79375005,1.20125
1990-01-26,0.695,0.78125,1.20625
1990-01-27,0.72625,0.8325,1.37625
1990-01-28,0.72125006,0.84875,1.25125
1990-01-29,0.7025,0.8325,1.1775
1990-01-30,0.65625,0.795,1.10875
1990-01-31,0.62375,0.74625003,1.05625
1990-02-01,0.6725,0.7225,1.00625
1990-02-02,0.6625,0.7375,0.965
1990-02-03,0.6075,0.705,0.9425
1990-02-04,0.57375,0.6475,0.94
1990-02-05,0.56125,0.63125,0.94875
1990-02-06,0.58624995,0.6125,0.95
1990-02-07,0.6075,0.60125005,0.915
1990-02-08,0.5225,0.59125,0.86625
1990-02-09,0.46625,0.63374996,0.86
1990-02-10,0.48625,0.605,0.86
1990-02-11,0.5425,0.53,0.85125
1990-02-12,0.55875003,0.52874994,0.84125
1990-02-13,0.58624995,0.5825,0.98
1990-02-14,0.59875,0.59875,1.02625
1990-02-15,0.65250003,0.64374995,1.135
1990-02-16,0.73,0.77250004,1.3775
1990-02-17,0.95000005,0.99125,1.43625
1990-02-18,0.9975,1.1075,1.60625
1990-02-19,0.93875,1.05,1.63
1990-02-20,0.93,1.0574999,1.7175
1990-02-21,0.93,1.06,1.49375
1990-02-22,0.86,0.98125005,1.48625
1990-02-23,0.885,0.935,1.9625
1990-02-24,0.7675,0.88625,2.05625
1990-02-25,0.855,0.985,1.85
1990-02-26,0.90500003,1.0437499,1.88125
1990-02-27,0.90125,1.04125,2.00375
1990-02-28,0.9175,1.075,2.0025
1990-03-01,0.9025,1.0625,1.36125
1990-03-02,0.83875,0.99875,1.20875
1990-03-03,0.795,0.955,1.13
1990-03-04,0.72875005,0.8975,1.09375
1990-03-05,0.69375,0.855,1.0725
1990-03-06,0.6375,0.78875,0.99125
1990-03-07,0.58625,0.71875,1.02375
1990-03-08,0.58,0.6925,1.135
1990-03-09,0.60625,0.7075,1.0975
1990-03-10,0.61,0.71875,0.99375
1990-03-11,0.56625,0.69375,0.9625
1990-03-12,0.525,0.655,0.9075
1990-03-13,0.5375,0.6325,0.9
1990-03-14,0.63624996,0.65625,0.92625
1990-03-15,0.62375,0.66875005,0.93
1990-03-16,0.5675,0.62625,0.9125
1990-03-17,0.62125,0.6725,0.91
1990-03-18,0.72625,0.7325,0.93625
1990-03-19,0.775,0.81,1.0275
1990-03-20,0.75374997,0.79375005,1.01375
1990-03-21,0.715,0.78125,0.93125
1990-03-22,0.64,0.73625004,0.92
1990-03-23,0.60375,0.68625003,0.87625
1990-03-24,0.6175,0.67125,0.9225
1990-03-25,0.61125004,0.67875004,0.93875
1990-03-26,0.6275,0.68,1.0275
1990-03-27,0.62125003,0.67125,1.04
1990-03-28,0.65500003,0.705,0.99625
1990-03-29,0.66,0.7275,0.99
1990-03-30,0.63375,0.73,0.9375
1990-03-31,0.58625,0.66875005,0.93
1990-04-01,0.5625,0.6075,0.9125
1990-04-02,0.56,0.5825,0.91
1990-04-03,0.595,0.62375,0.90125
1990-04-04,0.5475,0.58625,0.8825
1990-04-05,0.47,0.51875,0.8625
1990-04-06,0.46875,0.51,0.79875
1990-04-07,0.505,0.53625,0.755
1990-04-08,0.51,0.54,0.75
1990-04-09,0.51,0.54,0.65375
1990-04-10,0.51,0.53125,0.63125
1990-04-11,0.48375,0.52125,0.65625
1990-04-12,0.515,0.52,0.695
1990-04-13,0.59000003,0.59000003,0.7
1990-04-14,0.5825,0.59125,0.58625
1990-04-15,0.58,0.555,0.57
1990-04-16,0.58,0.53249997,0.71875
1990-04-17,0.53625,0.52125,0.67
1990-04-18,0.48624998,0.51125,0.66
1990-04-19,0.4625,0.50125,0.65125
1990-04-20,0.4425,0.4825,0.65
1990-04-21,0.41375,0.47125,0.65875
1990-04-22,0.40125,0.46125,0.66
1990-04-23,0.39124998,0.45125,0.5725
1990-04-24,0.41625,0.44125,0.56
1990-04-25,0.455,0.4575,0.55125
1990-04-26,0.46,0.50374997,0.55
1990-04-27,0.42499998,0.475,0.54125
1990-04-28,0.41125,0.435,0.67125
1990-04-29,0.41,0.45625,0.69
1990-04-30,0.41,0.46,0.69
1990-05-01,0.41,0.42499998,0.585
1990-05-02,0.41,0.41125,0.57875
1990-05-03,0.40125,0.41875,0.58
1990-05-04,0.4175,0.4375,0.69375
1990-05-05,0.455,0.4575,0.70125
1990-05-06,0.46,0.48625,0.6825
1990-05-07,0.4425,0.48125,0.6625
1990-05-08,0.46625,0.48,0.66
1990-05-09,0.4875,0.50624996,0.66
1990-05-10,0.49,0.51,0.70375
1990-05-11,0.49875,0.51874995,0.7625
1990-05-12,0.535,0.5375,0.7525
1990-05-13,0.53125,0.5225,0.7325
1990-05-14,0.53,0.51125,0.70375
1990-05-15,0.5125,0.51874995,0.65625
1990-05-16,0.46625,0.48499998,0.62375
1990-05-17,0.4425,0.47125,0.62
1990-05-18,0.46625,0.505,0.62
1990-05-19,0.42624998,0.48375,0.62875
1990-05-20,0.4025,0.45374998,0.63
1990-05-21,0.4,0.45,0.63
1990-05-22,0.40875,0.45,0.62125
1990-05-23,0.41875,0.45,0.6025
1990-05-24,0.4375,0.45875,0.59125
1990-05-25,0.46625,0.48625,0.5725
1990-05-26,0.46125,0.48125,0.5525
1990-05-27,0.4075,0.43625,0.54125
1990-05-28,0.3825,0.42125,0.5225
1990-05-29,0.38875,0.41125,0.51125
1990-05-30,0.38125,0.41,0.4925
1990-05-31,0.37125,0.41,0.49
1990-06-01,0.39625,0.40125,0.49
1990-06-02,0.40875,0.40875,0.49
1990-06-03,0.47125,0.45375,0.49
1990-06-04,0.45374998,0.46,0.51625
1990-06-05,0.40625,0.41625,0.5025
1990-06-06,0.39124998,0.40125,0.5
1990-06-07,0.43375,0.4175,0.4825
1990-06-08,0.48375002,0.455,0.48
1990-06-09,0.4375,0.45125,0.48
1990-06-10,0.4125,0.415,0.48
1990-06-11,0.4275,0.41,0.47125
1990-06-12,0.465,0.445,0.47
1990-06-13,0.40875,0.42374998,0.47
1990-06-14,0.4,0.42,0.46125
1990-06-15,0.46125,0.42875,0.46
1990-06-16,0.4175,0.43,0.46
1990-06-17,0.38375,0.39499998,0.45125
1990-06-18,0.37125,0.38125,0.45
1990-06-19,0.37,0.38,0.45
1990-06-20,0.37,0.38,0.45
1990-06-21,0.37,0.38,0.45
1990-06-22,0.36125,0.38,0.45
1990-06-23,0.36875,0.38,0.45
1990-06-24,0.39625,0.38,0.44125
1990-06-25,0.45250002,0.40625,0.44
1990-06-26,0.495,0.43625,0.44
1990-06-27,0.50874996,0.44875,0.43125
1990-06-28,0.5275,0.44125,0.43
1990-06-29,0.5125,0.44,0.42125
1990-06-30,0.46625,0.44,0.42875
1990-07-01,0.46,0.44,0.43
1990-07-02,0.45125,0.44,0.43
1990-07-03,0.415,0.43125,0.43
1990-07-04,0.36625,0.38625,0.43
1990-07-05,0.36875,0.37125,0.43
1990-07-06,0.37875,0.37,0.43
1990-07-07,0.40625,0.3875,0.43
1990-07-08,0.4275,0.4075,0.45625
1990-07-09,0.4475,0.45375,0.46
1990-07-10,0.4675,0.495,0.46
1990-07-11,0.47,0.45624998,0.46
1990-07-12,0.47,0.45,0.48625
1990-07-13,0.4875,0.4675,0.49
1990-07-14,0.56,0.5225,0.49
1990-07-15,0.57875,0.5825,0.49875
1990-07-16,0.57124996,0.555,0.5
1990-07-17,0.56125,0.53249997,0.49125
1990-07-18,0.53375,0.53,0.49875
1990-07-19,0.5125,0.5125,0.61375
1990-07-20,0.4925,0.48375,0.63
1990-07-21,0.44625,0.45374998,0.63
1990-07-22,0.43125,0.44125,0.63
1990-07-23,0.43,0.43125,0.51625
1990-07-24,0.42125,0.43,0.50875
1990-07-25,0.42,0.42125,0.50125
1990-07-26,0.42,0.41125,0.4825
1990-07-27,0.42,0.41,0.48
1990-07-28,0.42875,0.41,0.45375
1990-07-29,0.43875,0.41875,0.415
1990-07-30,0.44875,0.42875,0.41
1990-07-31,0.45,0.43,0.41
1990-08-01,0.45,0.42125,0.40125
1990-08-02,0.45,0.42,0.4
1990-08-03,0.45,0.42,0.4
1990-08-04,0.45,0.42,0.39125
1990-08-05,0.44125,0.42,0.38125
1990-08-06,0.43125,0.42,0.38
1990-08-07,0.43875,0.42,0.38
1990-08-08,0.44,0.41125,0.38
1990-08-09,0.43125,0.41,0.38
1990-08-10,0.4125,0.40125,0.37125
1990-08-11,0.40125,0.39124998,0.37
1990-08-12,0.4,0.39,0.37
1990-08-13,0.4,0.38125,0.37
1990-08-14,0.4,0.38,0.37
1990-08-15,0.40875,0.38875,0.37
1990-08-16,0.43625,0.4075,0.37
1990-08-17,0.43125,0.41,0.37
1990-08-18,0.42125,0.40125,0.37
1990-08-19,0.41125,0.39124998,0.37
1990-08-20,0.40125,0.38125,0.37
1990-08-21,0.40875,0.38,0.36125
1990-08-22,0.41,0.38,0.36875
1990-08-23,0.40125,0.38,0.36125
1990-08-24,0.4,0.38,0.35125
1990-08-25,0.40875,0.38,0.35
1990-08-26,0.41,0.38875,0.35
1990-08-27,0.41,0.38125,0.35
1990-08-28,0.41,0.38,0.3675
1990-08-29,0.41875,0.38,0.37
1990-08-30,0.4375,0.38875,0.37875
1990-08-31,0.43125,0.4075,0.38
1990-09-01,0.43,0.41875,0.44125
1990-09-02,0.43,0.41125,0.42375
1990-09-03,0.43875,0.41875,0.42
1990-09-04,0.4575,0.42875,0.42
1990-09-05,0.43375,0.43875,0.49875
1990-09-06,0.42125,0.43125,0.50125
1990-09-07,0.42,0.43,0.5
1990-09-08,0.41125,0.42125,0.49125
1990-09-09,0.41,0.42,0.48125
1990-09-10,0.40125,0.41125,0.48
1990-09-11,0.39124998,0.40125,0.47125
1990-09-12,0.39875,0.39124998,0.4525
1990-09-13,0.4,0.39,0.45
1990-09-14,0.3825,0.38125,0.45
1990-09-15,0.37125,0.38,0.6075
1990-09-16,0.405,0.38875,0.4375
1990-09-17,0.4625,0.425,0.41
1990-09-18,0.49625,0.4475,0.40125
1990-09-19,0.52625,0.4675,0.3825
1990-09-20,0.495,0.47875,0.37125
1990-09-21,0.49,0.4625,0.37
1990-09-22,0.48125,0.45125,0.36125
1990-09-23,0.445,0.4325,0.3425
1990-09-24,0.42249998,0.4125,0.34
1990-09-25,0.4025,0.38375,0.34
1990-09-26,0.4,0.38,0.33125
1990-09-27,0.39124998,0.37125,0.33
1990-09-28,0.39,0.37,0.33
1990-09-29,0.38125,0.36125,0.32125
1990-09-30,0.37125,0.36,0.32
1990-10-01,0.37,0.36,0.32
1990-10-02,0.37,0.36,0.32
1990-10-03,0.37875,0.36,0.32
1990-10-04,0.37125,0.35125,0.32
1990-10-05,0.37,0.35,0.32
1990-10-06,0.36125,0.35,0.32
1990-10-07,0.36875,0.34125,0.32
1990-10-08,0.3875,0.34875,0.32
1990-10-09,0.425,0.385,0.32
1990-10-10,0.43,0.4075,0.32
1990-10-11,0.43,0.41,0.32
1990-10-12,0.4475,0.40125,0.32
1990-10-13,0.45,0.4,0.32
1990-10-14,0.45,0.39124998,0.32
1990-10-15,0.44125,0.39,0.32
1990-10-16,0.3875,0.3725,0.27625
1990-10-17,0.35375,0.335,0.27875
1990-10-18,0.34125,0.33,0.28
1990-10-19,0.34875,0.33,0.28875
1990-10-20,0.39375,0.33,0.29
1990-10-21,0.42625,0.35625002,0.29
1990-10-22,0.4475,0.3775,0.36
1990-10-23,0.5025,0.42375,0.4225
1990-10-24,0.4925,0.43875,0.3775
1990-10-25,0.5075,0.44875,0.53625
1990-10-26,0.55375,0.485,0.5075
1990-10-27,0.58624995,0.53375,0.45625
1990-10-28,0.5725,0.53125,0.56375
1990-10-29,0.53499997,0.5125,0.6325
1990-10-30,0.495,0.51,0.57
1990-10-31,0.4725,0.48375,0.5075
1990-11-01,0.4525,0.45374998,0.4125
1990-11-02,0.4325,0.42374998,0.35625
1990-11-03,0.42125,0.4025,0.3325
1990-11-04,0.42,0.4,0.33
1990-11-05,0.42,0.39124998,0.33875
1990-11-06,0.4725,0.4075,0.34
1990-11-07,0.57624996,0.50624996,0.445
1990-11-08,0.61625,0.555,0.46
1990-11-09,0.62,0.56,0.46
1990-11-10,0.57625,0.595,0.46
1990-11-11,0.63124996,0.59125,0.46
1990-11-12,0.56125003,0.54625,0.425
1990-11-13,0.54125,0.51375,0.42875
1990-11-14,0.54,0.51874995,0.43
1990-11-15,0.53125,0.49375,0.43
1990-11-16,0.50374997,0.4725,0.28125
1990-11-17,0.5,0.47,0.35625
1990-11-18,0.4825,0.44375,0.335
1990-11-19,0.48,0.43125,0.3125
1990-11-20,0.48,0.43,0.2925
1990-11-21,0.47125,0.42125,0.28125
1990-11-22,0.46125,0.41125,0.28875
1990-11-23,0.46,0.41,0.29
1990-11-24,0.46,0.41,0.3075
1990-11-25,0.45125,0.40125,0.345
1990-11-26,0.485,0.4,0.34125
1990-11-27,0.49875,0.435,0.36625
1990-11-28,0.58750004,0.4925,0.44875
1990-11-29,0.67,0.57874995,0.5125
1990-11-30,0.75874996,0.63374996,0.52875
1990-12-01,0.74375,0.66625,0.34625
1990-12-02,0.6875,0.66125,0.39
1990-12-03,0.6625,0.66,0.35625
1990-12-04,0.63375,0.63375,0.32375
1990-12-05,0.5775,0.58625,0.57375
1990-12-06,0.52625,0.5275,0.47875
1990-12-07,0.5025,0.48499998,0.43375
1990-12-08,0.4825,0.43625,0.43
1990-12-09,0.43625,0.4125,0.64875
1990-12-10,0.4475,0.39249998,0.58375
1990-12-11,0.49375,0.46,0.5525
1990-12-12,0.5525,0.5225,0.47125
1990-12-13,0.58624995,0.5475,0.46875
1990-12-14,0.625,0.64625,0.5575
1990-12-15,0.59499997,0.63375,0.57
1990-12-16,0.555,0.5775,0.64875
1990-12-17,0.53249997,0.5525,0.70375
1990-12-18,0.5125,0.52375,0.7275
1990-12-19,0.57124996,0.5375,1.2375
1990-12-20,0.67625,0.6275,0.67125
1990-12-21,0.69,0.66625,0.51
1990-12-22,0.6375,0.60875005,0.36875
1990-12-23,0.60375,0.565,0.35
1990-12-24,0.55625004,0.525,0.34125
1990-12-25,0.54125,0.49375,0.34
1990-12-26,0.53125,0.4725,0.33125
1990-12-27,0.5125,0.46125,0.32125
1990-12-28,0.4925,0.45125,0.3375
1990-12-29,0.46375,0.4325,0.36625
1990-12-30,0.5125,0.43,0.37
1990-12-31,0.66875,0.5175,0.37875
1991-01-01,0.71625,0.6175,0.5025
1991-01-02,0.6675,0.60375,0.56375
1991-01-03,0.625,0.59125,0.57
1991-01-04,0.57625,0.56375,0.5
1991-01-05,0.5525,0.53375,0.5775
1991-01-06,0.585,0.52125,0.61625
1991-01-07,0.70375,0.63374996,1.25875
1991-01-08,0.96500003,0.965,1.42875
1991-01-09,0.97375,1.01875,1.055
1991-01-10,0.97,1.0025,1.02625
1991-01-11,0.97,0.965,1.1
1991-01-12,1.0225,0.995,1.355
1991-01-13,1.14375,1.1225,1.3025
1991-01-14,1.4575,1.385,1.78875
1991-01-15,1.5612501,1.525,1.86
1991-01-16,1.68375,1.5662501,1.895
1991-01-17,1.875,1.7275,1.68125
1991-01-18,2.24125,2.0649998,2.34125
1991-01-19,2.57875,2.45125,2.08125
1991-01-20,2.5325,2.4475,1.8725
1991-01-21,2.3887498,2.32625,1.80625
1991-01-22,2.3262498,2.26625,1.79125
1991-01-23,2.1975,2.1637502,1.72
1991-01-24,1.865,1.91375,1.675
1991-01-25,1.54,1.59125,1.48625
1991-01-26,1.22875,1.33125,1.4075
1991-01-27,1.1025001,1.15125,1.435
1991-01-28,1.25625,1.26125,1.475
1991-01-29,1.27125,1.2887499,1.655
1991-01-30,1.38375,1.2987499,1.37375
1991-01-31,1.75875,1.615,1.53125
1991-02-01,1.8625,1.8262501,2.1725
1991-02-02,1.8087499,1.85,2.28625
1991-02-03,1.625,1.82375,2.28125
1991-02-04,1.3462499,1.56625,1.6675
1991-02-05,1.14375,1.285,1.58875
1991-02-06,1.00625,1.0925001,1.59875
1991-02-07,0.91125,1.00875,1.53875
1991-02-08,0.83,0.91249996,1.48625
1991-02-09,0.81125,0.85625005,1.12125
1991-02-10,0.89750004,0.90250003,1.09625
1991-02-11,0.98,1.02375,1.38875
1991-02-12,0.96375,1.0574999,1.40375
1991-02-13,0.90749997,1.01625,1.14625
1991-02-14,0.89125,0.94875,1.46875
1991-02-15,0.91625,0.94,1.4675
1991-02-16,1.01625,1.0625,1.41625
1991-02-17,1.0912501,1.14125,1.795
1991-02-18,1.3362501,1.28125,1.47375
1991-02-19,1.5450001,1.53625,1.6125
1991-02-20,1.4562501,1.50875,1.5
1991-02-21,1.34375,1.36,1.50625
1991-02-22,1.505,1.4975,1.43125
1991-02-23,1.5825,1.6075,1.385
1991-02-24,1.3887501,1.47125,1.40625
1991-02-25,1.2025,1.275,1.48875
1991-02-26,1.18,1.24125,1.6575
1991-02-27,1.4425,1.4762499,1.785
1991-02-28,1.375,1.44875,2.26375
1991-03-01,1.395,1.53625,2.3475
1991-03-02,1.33,1.515,2.32375
1991-03-03,1.18875,1.39625,2.32875
1991-03-04,1.0475,1.2225001,2.4875
1991-03-05,1.00375,1.1125001,2.48375
1991-03-06,1.0174999,1.10875,2.62
1991-03-07,1.0374999,1.13625,2.6925
1991-03-08,1.075,1.175,2.7525
1991-03-09,1.045,1.18875,2.235
1991-03-10,0.97875,1.1375,2.20375
1991-03-11,1.03125,1.1737499,2.11375
1991-03-12,0.9875,1.1624999,2.24875
1991-03-13,0.91875005,1.055,2.3575
1991-03-14,0.9275,0.99625003,1.7225
1991-03-15,0.99125,1.025,1.41125
1991-03-16,1.0612501,1.065,2.03625
1991-03-17,1.1225,1.18375,2.2875
1991-03-18,1.1475,1.34875,2.28375
1991-03-19,0.94875,1.16875,1.95625
1991-03-20,0.9375,1.06125,2.32125
1991-03-21,1.1675,1.2075,2.35375
1991-03-22,1.3924999,1.50125,2.56
1991-03-23,1.6125,1.7674999,3.52625
1991-03-24,2.17375,2.28125,3.555
1991-03-25,2.7925,2.90125,3.37375
1991-03-26,2.94875,3.085,3.90125
1991-03-27,3.02125,3.12625,3.56
1991-03-28,3.09125,3.1737502,4.445
1991-03-29,3.02125,3.145,4.16875
1991-03-30,2.6425,2.93875,3.97875
1991-03-31,2.28375,2.6825001,4.695
1991-04-01,2.31875,2.8425,4.59875
1991-04-02,2.855,3.0362499,4.2725
1991-04-03,2.9125001,3.0425,4.1075
1991-04-04,2.7875,2.96125,4.15125
1991-04-05,2.6825001,2.8975,3.8625
1991-04-06,2.5125,2.7150002,3.82
1991-04-07,2.2450001,2.48,4.30125
1991-04-08,1.72875,2.1525,3.71375
1991-04-09,1.4675001,1.8387499,2.745
1991-04-10,1.4575,1.72125,2.54125
1991-04-11,1.5125,1.71,2.5125
1991-04-12,1.5025,1.63125,2.44875
1991-04-13,1.47375,1.5587499,2.25625
1991-04-14,1.4612501,1.50625,1.67
1991-04-15,1.4425001,1.47375,1.625
1991-04-16,1.44,1.47,1.63
1991-04-17,1.43125,1.4612501,1.5075
1991-04-18,1.3775,1.425,1.525
1991-04-19,1.29125,1.37625,1.38125
1991-04-20,1.2275,1.3,1.29
1991-04-21,1.14125,1.185,1.23625
1991-04-22,1.0687499,1.1,1.1425
1991-04-23,0.99875,1.04625,1.06
1991-04-24,0.91125,0.99625003,1.04125
1991-04-25,0.8125,0.92,1.04875
1991-04-26,0.78249997,0.8575,1.23375
1991-04-27,0.745,0.80625004,1.23375
1991-04-28,0.7575,0.8,1.25625
1991-04-29,0.96125,0.98375,1.225
1991-04-30,1.10375,1.08875,1.255
1991-05-01,1.085,1.05625,1.26
1991-05-02,1.2900001,1.12,1.1025
1991-05-03,1.2937499,1.2874999,1.045
1991-05-04,1.12375,1.1525,0.9175
1991-05-05,0.91625,0.99875003,0.8825
1991-05-06,0.82,0.8925,0.85375
1991-05-07,0.80125,0.83625,0.85875
1991-05-08,0.8,0.8125,0.8425
1991-05-09,0.79125,0.80125,0.79625
1991-05-10,0.78125,0.79125,0.755
1991-05-11,0.77125,0.78125,0.75
1991-05-12,0.77,0.78,0.7325
1991-05-13,0.77,0.77125,0.73
1991-05-14,0.7525,0.76125,0.70375
1991-05-15,0.75,0.76,0.7175
1991-05-16,0.74125004,0.725,0.72
1991-05-17,0.74,0.71125,0.72
1991-05-18,0.74,0.71,0.72
1991-05-19,0.74,0.71,0.76375
1991-05-20,0.705,0.71,0.84
1991-05-21,0.6825,0.6925,0.85875
1991-05-22,0.68,0.69,0.86
1991-05-23,0.6625,0.69875,0.8425
1991-05-24,0.6075,0.665,0.805
1991-05-25,0.59125,0.59,0.765
1991-05-26,0.6075,0.58,0.73375
1991-05-27,0.63625,0.615,0.7125
1991-05-28,0.63125,0.62,0.70125
1991-05-29,0.60375,0.6025,0.69125
1991-05-30,0.59125,0.59125,0.6725
1991-05-31,0.58124995,0.58124995,0.6525
1991-06-01,0.58875,0.58,0.6325
1991-06-02,0.59,0.57124996,0.62125
1991-06-03,0.59,0.57,0.61125
1991-06-04,0.58124995,0.56125,0.61
1991-06-05,0.58,0.56875,0.60125
1991-06-06,0.58,0.56125,0.59125
1991-06-07,0.57124996,0.55125,0.58125
1991-06-08,0.57,0.55,0.58
1991-06-09,0.57,0.55,0.57125
1991-06-10,0.56125,0.54125,0.57
1991-06-11,0.55125,0.54,0.57
1991-06-12,0.55875003,0.54,0.56125
1991-06-13,0.56875,0.54875004,0.55125
1991-06-14,0.57,0.54125,0.55
1991-06-15,0.5525,0.53125,0.54125
1991-06-16,0.55,0.53,0.54875
1991-06-17,0.55,0.53,0.5325
1991-06-18,0.55,0.53,0.53
1991-06-19,0.55,0.53,0.53
1991-06-20,0.55,0.53,0.53
1991-06-21,0.55,0.52125,0.52125
1991-06-22,0.55,0.52,0.52
1991-06-23,0.54125,0.52,0.51125
1991-06-24,0.54875004,0.52,0.51
1991-06-25,0.55,0.51125,0.50125
1991-06-26,0.55,0.51,0.5
1991-06-27,0.55,0.50125,0.5
1991-06-28,0.5675,0.50874996,0.5
1991-06-29,0.5875,0.5275,0.49125
1991-06-30,0.59875,0.5475,0.49
1991-07-01,0.5825,0.52375,0.48125
1991-07-02,0.5275,0.5025,0.48
1991-07-03,0.52874994,0.49125,0.48
1991-07-04,0.52125,0.49,0.48
1991-07-05,0.52,0.49,0.47125
1991-07-06,0.52,0.49,0.47
1991-07-07,0.52,0.49,0.46125
1991-07-08,0.52,0.48125,0.46
1991-07-09,0.52,0.48,0.46
1991-07-10,0.52,0.48,0.46
1991-07-11,0.5025,0.48,0.45125
1991-07-12,0.49125,0.48,0.45
1991-07-13,0.49,0.48,0.45
1991-07-14,0.49,0.48,0.45
1991-07-15,0.49,0.47125,0.44125
1991-07-16,0.49,0.47875,0.44
1991-07-17,0.49,0.48,0.43125
1991-07-18,0.49,0.47125,0.43
1991-07-19,0.49875,0.47,0.43
1991-07-20,0.5175,0.47,0.43
1991-07-21,0.52,0.47,0.42125
1991-07-22,0.52,0.47,0.42
1991-07-23,0.52,0.47,0.41125
1991-07-24,0.52,0.47,0.41
1991-07-25,0.52,0.47,0.41
1991-07-26,0.52,0.46125,0.41
1991-07-27,0.52,0.46,0.40125
1991-07-28,0.52,0.46,0.4
1991-07-29,0.52,0.46,0.39125
1991-07-30,0.52,0.46,0.39
1991-07-31,0.52,0.46,0.39
1991-08-01,0.52,0.46,0.39
1991-08-02,0.52,0.46,0.39
1991-08-03,0.52,0.46,0.39
1991-08-04,0.52,0.46,0.39
1991-08-05,0.52,0.46,0.39
1991-08-06,0.52,0.46,0.38125
1991-08-07,0.52874994,0.46,0.38
1991-08-08,0.55625,0.46875,0.37125
1991-08-09,0.56875,0.49625,0.37
1991-08-10,0.57,0.4825,0.37
1991-08-11,0.54375005,0.47125,0.37
1991-08-12,0.5225,0.47,0.36125
1991-08-13,0.52,0.47,0.35125
1991-08-14,0.52,0.46125,0.35
1991-08-15,0.52,0.46,0.35
1991-08-16,0.52,0.46,0.35
1991-08-17,0.52,0.45125,0.35
1991-08-18,0.52874994,0.45,0.35
1991-08-19,0.53,0.45,0.35
1991-08-20,0.53,0.45,0.35
1991-08-21,0.53,0.45,0.34125
1991-08-22,0.53,0.45875,0.34
1991-08-23,0.53,0.45125,0.34
1991-08-24,0.5475,0.45875,0.34
1991-08-25,0.5675,0.46875,0.34
1991-08-26,0.5525,0.4525,0.33125
1991-08-27,0.515,0.45,0.33
1991-08-28,0.51,0.45,0.33
1991-08-29,0.51,0.45,0.32125
1991-08-30,0.50125,0.44125,0.32
1991-08-31,0.49125,0.43125,0.32
1991-09-01,0.51625,0.43875,0.32
1991-09-02,0.52874994,0.44,0.32
1991-09-03,0.52125,0.44,0.32
1991-09-04,0.52,0.44,0.32
1991-09-05,0.52,0.44,0.32
1991-09-06,0.5375,0.44,0.32
1991-09-07,0.54,0.46625,0.32
1991-09-08,0.5225,0.4525,0.31125
1991-09-09,0.52,0.44125,0.31
1991-09-10,0.52,0.44,0.31
1991-09-11,0.52,0.44,0.31
1991-09-12,0.52874994,0.44,0.31
1991-09-13,0.53,0.44,0.31
1991-09-14,0.53,0.44,0.31
1991-09-15,0.52125,0.44,0.31
1991-09-16,0.52,0.44,0.31
1991-09-17,0.52,0.44,0.31
1991-09-18,0.52874994,0.44,0.31
1991-09-19,0.55625,0.44,0.31
1991-09-20,0.595,0.46625,0.33625
1991-09-21,0.62625,0.5225,0.36625
1991-09-22,0.6475,0.55625,0.5275
1991-09-23,0.6325,0.55125,0.3925
1991-09-24,0.63874996,0.54125,0.36125
1991-09-25,0.64,0.54875004,0.35125
1991-09-26,0.605,0.53249997,0.34125
1991-09-27,0.5825,0.50374997,0.34
1991-09-28,0.57124996,0.49125,0.34
1991-09-29,0.53499997,0.48125,0.34
1991-09-30,0.52125,0.48,0.34
1991-10-01,0.52874994,0.48,0.34
1991-10-02,0.57374996,0.48875,0.34875
1991-10-03,0.62375,0.49,0.595
1991-10-04,0.69124997,0.6125,0.6475
1991-10-05,0.7875,0.76124996,0.44875
1991-10-06,0.79125,0.7625,0.63875
1991-10-07,0.71999997,0.69875,0.69625
1991-10-08,0.6925,0.6725,0.7
1991-10-09,0.69,0.66125,0.63875
1991-10-10,0.7075,0.66,0.62125
1991-10-11,0.7275,0.66,0.59375
1991-10-12,0.73,0.65125,0.5375
1991-10-13,0.73875,0.615,0.4775
1991-10-14,0.69625,0.60125005,0.4525
1991-10-15,0.64625,0.57375,0.40625
1991-10-16,0.64,0.5525,0.72375
1991-10-17,0.5875,0.55,0.49875
1991-10-18,0.5625,0.515,0.6175
1991-10-19,0.56,0.48375,0.64875
1991-10-20,0.56875,0.48,0.71125
1991-10-21,0.57,0.48,0.43125
1991-10-22,0.57,0.48875,0.39
1991-10-23,0.57875,0.48125,0.38125
1991-10-24,0.57124996,0.48,0.345
1991-10-25,0.5525,0.47125,0.34875
1991-10-26,0.55875003,0.47,0.34125
1991-10-27,0.5775,0.46125,0.31375
1991-10-28,0.55375004,0.46875,0.2925
1991-10-29,0.52375,0.4525,0.29
1991-10-30,0.52874994,0.4325,0.29
1991-10-31,0.5825,0.47375,0.28125
1991-11-01,0.59,0.48,0.28
1991-11-02,0.6075,0.4975,0.28875
1991-11-03,0.61,0.5,0.36875
1991-11-04,0.68,0.535,0.4675
1991-11-05,0.76,0.64500004,0.4625
1991-11-06,0.9275,0.79125,0.50375
1991-11-07,0.8975,0.81875,0.51
1991-11-08,0.84625,0.7675,0.51
1991-11-09,0.84,0.75125,0.5625
1991-11-10,0.8925,0.7675,0.78
1991-11-11,0.9875,0.875,0.95
1991-11-12,1.0875,1.0562501,0.94375
1991-11-13,1.2225,1.1675,1.255
1991-11-14,1.1787499,1.1975,1.27375
1991-11-15,1.10875,1.12125,1.1475
1991-11-16,1.24875,1.2674999,1.76
1991-11-17,1.2525,1.3774999,1.92
1991-11-18,1.355,1.5475,2.27125
1991-11-19,1.2475001,1.43875,1.68125
1991-11-20,1.195,1.25375,1.7125
1991-11-21,1.26875,1.27375,1.03
1991-11-22,1.21875,1.2625,0.86875
1991-11-23,1.13125,1.1375,0.72
1991-11-24,1.05,1.02375,0.67375
1991-11-25,0.9525,0.9225,0.66125
1991-11-26,0.85249996,0.81375,0.52
1991-11-27,0.84,0.765,0.54375
1991-11-28,0.8225,0.725,0.52375
1991-11-29,0.81125,0.7025,0.52
1991-11-30,0.80125,0.69124997,0.5025
1991-12-01,0.82624996,0.69875,0.54375
1991-12-02,0.8825,0.735,0.57625
1991-12-03,1.03,0.88,0.97375
1991-12-04,1.1637499,1.075,1.1
1991-12-05,1.4075,1.0649999,0.8825
1991-12-06,1.3,0.955,0.9725
1991-12-07,1.2275,0.89625,0.99875
1991-12-08,1.24625,0.9075,0.9825
1991-12-09,1.24125,1.015,1.11125
1991-12-10,1.2225001,1.10875,1.1825
1991-12-11,1.2375,1.1812501,1.12
1991-12-12,1.37125,1.33875,1.5475
1991-12-13,1.41625,1.4562501,1.89
1991-12-14,1.41125,1.505,2.21875
1991-12-15,1.41,1.53625,2.2775
1991-12-16,1.375,1.53125,2.37625
1991-12-17,1.27375,1.46875,2.27625
1991-12-18,1.23375,1.39875,2.1725
1991-12-19,1.1075001,1.285,2.2825
1991-12-20,1.055,1.1475,2.16
1991-12-21,1.02375,1.10375,2.02625
1991-12-22,0.99375,1.0475,1.9575
1991-12-23,1.0074999,1.04,1.57375
1991-12-24,0.975,1.04,1.6075
1991-12-25,0.96125,1.03125,1.3925
1991-12-26,0.925,0.98625004,1.325
1991-12-27,0.885,0.90999997,0.935
1991-12-28,0.85375,0.83,0.81875
1991-12-29,0.885,0.82875,0.775
1991-12-30,1.0387499,0.92625,1.00625
1991-12-31,1.1825,1.0975,1.04
1992-01-01,1.2525,1.1724999,1.075
1992-01-02,1.33,1.36375,1.03625
1992-01-03,1.29625,1.38125,1.28375
1992-01-04,1.2375,1.30125,1.32
1992-01-05,1.195,1.22,1.32875
1992-01-06,1.3475,1.21,1.2775
1992-01-07,1.265,1.2974999,1.31375
1992-01-08,1.25,1.4762499,0.97875
1992-01-09,1.3375,1.35125,1.4725
1992-01-10,1.3675001,1.3212501,1.20875
1992-01-11,1.3525,1.38125,1.195
1992-01-12,1.35875,1.32875,1.19125
1992-01-13,1.395,1.36375,1.8025
1992-01-14,1.63625,1.4312501,2.52875
1992-01-15,2.125,1.9825,4.57125
1992-01-16,2.6275,2.6725,5.0075
1992-01-17,3.24125,3.2237499,4.82875
1992-01-18,3.53,3.465,5.19375
1992-01-19,3.72625,3.6125002,5.3725
1992-01-20,3.9425,3.77,4.55
1992-01-21,4.145,3.895,3.94875
1992-01-22,,4.00625,4.32625
1992-01-23,,4.125,5.08125
1992-01-24,,4.20125,5.46875
1992-01-25,,4.2625,5.685
1992-01-26,,4.34,5.19375
1992-01-27,,4.3849998,4.9625
1992-01-28,,4.41625,5.00125
1992-01-29,,4.4725,5.0275
1992-01-30,,4.54125,4.925
1992-01-31,,4.6375003,5.58375
1992-02-01,,4.71125,6.345
1992-02-02,,4.8075,6.825
1992-02-03,,4.9337497,7.20375
1992-02-04,,5.1075,7.2675
1992-02-05,,5.2,7.20875
1992-02-06,,5.21875,7.26125
1992-02-07,,5.21125,7.26125
1992-02-08,,5.3325,7.26
1992-02-09,,5.4987497,7.3475
1992-02-10,,5.66,7.36
1992-02-11,,5.7324996,
1992-02-12,,5.73125,
1992-02-13,,5.65125,
1992-02-14,,5.50875,
1992-02-15,,5.3325,
1992-02-16,,5.135,7.25
1992-02-17,,4.97,7.075
1992-02-18,,4.80125,
1992-02-19,,4.6312504,
1992-02-20,4.15,4.47,
1992-02-21,4.03625,4.30125,
1992-02-22,3.8975,4.1225,
1992-02-23,3.7575,3.9337502,
1992-02-24,3.7137501,3.7262502,
1992-02-25,3.47375,3.5425,
1992-02-26,3.01125,3.3274999,
1992-02-27,2.74,3.0025,
1992-02-28,2.3075,2.7675,
1992-02-29,2.32,2.55625,
1992-03-01,2.3562498,2.4425,3.5
1992-03-02,2.42125,2.5349998,4.4625
1992-03-03,2.91125,2.9875,4.57375
1992-03-04,2.9012501,3.085,3.66875
1992-03-05,2.6975,2.915,3.37375
1992-03-06,2.57375,2.74125,3.49875
1992-03-07,2.4725,2.6412501,3.47625
1992-03-08,2.3374999,2.525,3.46125
1992-03-09,2.18,2.4137502,
1992-03-10,1.97625,2.19,
1992-03-11,1.76625,1.97625,
1992-03-12,1.57375,1.8187499,
1992-03-13,1.48875,1.73,
1992-03-14,1.445,1.69375,
1992-03-15,1.405,1.64625,
1992-03-16,1.3037499,1.56125,
1992-03-17,1.2375,1.45375,
1992-03-18,1.1775,1.37,2.2
1992-03-19,1.1524999,1.325,2.27
1992-03-20,1.1587499,1.32875,2.30625
1992-03-21,1.16,1.33,2.37125
1992-03-22,1.13375,1.3037499,2.38875
1992-03-23,1.1125,1.25625,2.29375
1992-03-24,1.08375,1.2325001,2.35
1992-03-25,1.0537499,1.195,1.89625
1992-03-26,1.02375,1.1375,1.80375
1992-03-27,1.02875,1.12125,1.79125
1992-03-28,1.03,1.14625,1.78125
1992-03-29,1.02125,1.1324999,1.8675
1992-03-30,1.01125,1.13,1.8975
1992-03-31,1.01,1.10375,1.83875
1992-04-01,0.98375,1.0649999,1.725
1992-04-02,0.98,1.06,1.71875
1992-04-03,0.98,1.0775,1.5975
1992-04-04,0.945,1.08,1.5275
1992-04-05,0.94,1.01875,1.59875
1992-04-06,0.93125,0.9925,1.58375
1992-04-07,0.93,0.98125005,1.55375
1992-04-08,0.95624995,0.95375,1.43625
1992-04-09,1.0912501,0.94124997,1.385
1992-04-10,0.94375,0.93125,1.40625
1992-04-11,0.96375,0.97375,1.41875
1992-04-12,1.005,1.015,1.41125
1992-04-13,1.01875,1.0374999,1.41
1992-04-14,0.87125003,1.04,1.47125
1992-04-15,0.95500004,0.9875,
1992-04-16,0.96125,0.97125006,
1992-04-17,0.95124996,0.96125,
1992-04-18,1.02,1.0387499,
1992-04-19,1.1524999,1.1812501,
1992-04-20,1.24875,1.3050001,
1992-04-21,1.37375,1.43375,
1992-04-22,1.2937499,1.345,
1992-04-23,1.175,1.2162501,
1992-04-24,1.1775,1.22625,1.83
1992-04-25,1.25,1.30875,
1992-04-26,1.3125,1.3725,
1992-04-27,1.3375001,1.3975,
1992-04-28,1.29625,1.35625,
1992-04-29,1.24625,1.2975,1.85
1992-04-30,1.0387499,1.0625,1.71
1992-05-01,1.0712501,1.1524999,1.64625
1992-05-02,1.08875,1.1175001,1.64875
1992-05-03,1.09875,1.06625,1.6325
1992-05-04,1.0475,1.06,1.5075
1992-05-05,1.03125,1.05125,1.4375
1992-05-06,1.00375,1.02375,1.35125
1992-05-07,0.9825,1.0025,1.2875
1992-05-08,0.98,0.99125004,1.2625
1992-05-09,0.97125006,0.98125005,1.26875
1992-05-10,0.97,0.98875,1.24375
1992-05-11,1.08375,0.99875,1.1875
1992-05-12,1.1,1.00875,1.15375
1992-05-13,1.1,1.01,1.0975
1992-05-14,1.0825,0.9925,1.08125
1992-05-15,0.97499996,0.98125005,1.14125
1992-05-16,0.95124996,0.9625,1.0625
1992-05-17,0.9325,0.9425,1.02375
1992-05-18,0.88625,0.8875,0.99375
1992-05-19,0.83625,0.83625,0.9725
1992-05-20,0.82124996,0.82124996,0.9525
1992-05-21,0.79375005,0.78499997,0.92375
1992-05-22,0.7725,0.7625,0.92
1992-05-23,0.76125,0.75125,0.91125
1992-05-24,0.75125,0.74125004,0.91
1992-05-25,0.75,0.74,0.90125
1992-05-26,0.75,0.74,0.9
1992-05-27,0.75,0.74,0.89125
1992-05-28,0.75,0.74,0.89
1992-05-29,0.74125004,0.73125005,0.89
1992-05-30,0.74,0.73,0.88125
1992-05-31,0.73125005,0.72125006,0.87125
1992-06-01,0.72125006,0.71125,0.87
1992-06-02,0.72,0.71,0.8525
1992-06-03,0.72,0.70124996,0.84125
1992-06-04,0.71125,0.7,0.83125
1992-06-05,0.71,0.7,0.83
1992-06-06,0.71,0.69124997,0.82125
1992-06-07,0.70124996,0.69,0.81125
1992-06-08,0.7,0.69,0.81
1992-06-09,0.7,0.68125,0.80125
1992-06-10,0.69124997,0.68,0.79125
1992-06-11,0.69,0.67125,0.79
1992-06-12,0.71625,0.69624996,0.78125
1992-06-13,0.7025,0.69124997,0.78
1992-06-14,0.70875,0.69875,0.78
1992-06-15,0.71875,0.70875,0.78
1992-06-16,0.71125,0.70124996,0.78
1992-06-17,0.71,0.7,0.78
1992-06-18,0.71,0.69124997,0.78
1992-06-19,0.70124996,0.69,0.78
1992-06-20,0.71750003,0.7075,
1992-06-21,0.74625003,0.73625,
1992-06-22,0.74125004,0.73125005,
1992-06-23,0.7225,0.70375,
1992-06-24,0.71125,0.69124997,
1992-06-25,0.71,0.69,
1992-06-26,0.71,0.69,
1992-06-27,0.70124996,0.69,
1992-06-28,0.7,0.69,
1992-06-29,0.7,0.69,
1992-06-30,0.7,0.69,
1992-07-01,0.7,0.69,
1992-07-02,0.69124997,0.68125,
1992-07-03,0.69,0.67125,
1992-07-04,0.69,0.67,
1992-07-05,0.68125,0.67,
1992-07-06,0.68,0.67,
1992-07-07,0.68,0.67,
1992-07-08,0.68,0.66125,
1992-07-09,0.68,0.66,
1992-07-10,0.6625,0.6425,
1992-07-11,0.65125,0.64,
1992-07-12,0.65875,0.64,
1992-07-13,0.66875005,0.64874995,
1992-07-14,0.67,0.65,
1992-07-15,0.67,0.65,
1992-07-16,0.67,0.65,
1992-07-17,0.67,0.65,
1992-07-18,0.66125,0.64125,
1992-07-19,0.65125,0.64,
1992-07-20,0.64125,0.63125,
1992-07-21,0.63125,0.6125,
1992-07-22,0.6125,0.5925,
1992-07-23,0.60125005,0.58124995,
1992-07-24,0.59125,0.57124996,
1992-07-25,0.58124995,0.56125,
1992-07-26,0.58875,0.56875,
1992-07-27,0.59,0.57,
1992-07-28,0.625,0.605,
1992-07-29,0.62125003,0.60125005,
1992-07-30,0.61125004,0.59125,
1992-07-31,0.61875,0.59875,
1992-08-01,0.62,0.6,
1992-08-02,0.6025,0.5825,
1992-08-03,0.60875,0.58875,
1992-08-04,0.54875004,0.53749996,
1992-08-05,0.49625,0.48624998,
1992-08-06,0.56,0.54125,
1992-08-07,0.6225,0.61125,
1992-08-08,0.63,0.61125004,
1992-08-09,0.63,0.61,
1992-08-10,0.62125003,0.60125005,
1992-08-11,0.62,0.6,
1992-08-12,0.62,0.6,
1992-08-13,0.62,0.6,
1992-08-14,0.64625,0.6,
1992-08-15,0.65,0.6,0.53
1992-08-16,0.65,0.59125,0.53
1992-08-17,0.65875,0.59875,0.53
1992-08-18,0.65125,0.59125,0.52125
1992-08-19,0.65,0.59,0.52
1992-08-20,0.65,0.59,0.51125
1992-08-21,0.65,0.5725,0.51
1992-08-22,0.65,0.57,0.51
1992-08-23,0.65,0.57875,0.51
1992-08-24,0.65,0.58,0.50125
1992-08-25,0.65,0.58875,0.5
1992-08-26,0.65,0.58124995,0.49125
1992-08-27,0.615,0.53625,0.49
1992-08-28,0.575,0.53875,0.49
1992-08-29,0.63124996,0.56624997,0.49
1992-08-30,0.64,0.57875,0.49
1992-08-31,0.64,0.58,0.49
1992-09-01,0.64874995,0.58,0.49
1992-09-02,0.64125,0.58,0.49
1992-09-03,0.64,0.58,0.49
1992-09-04,0.64,0.58,0.48125
1992-09-05,0.64,0.58,0.4625
1992-09-06,0.64874995,0.58,0.46
1992-09-07,0.72,0.62375,0.46
1992-09-08,0.73,0.6475,0.45125
1992-09-09,0.7475,0.65875,0.485
1992-09-10,0.715,0.6425,0.48125
1992-09-11,0.675,0.61375,0.48
1992-09-12,0.66125,0.5925,0.48
1992-09-13,0.66,0.59,0.47125
1992-09-14,0.66,0.59,0.46125
1992-09-15,0.66,0.59,0.45125
1992-09-16,0.66,0.58124995,0.45
1992-09-17,0.6425,0.57124996,0.47625
1992-09-18,0.63125,0.56125,0.61125
1992-09-19,0.63,0.56875,0.53375
1992-09-20,0.63874996,0.57875,0.52875
1992-09-21,0.64874995,0.5975,0.5475
1992-09-22,0.65875,0.60875,0.5675
1992-09-23,0.68625,0.61875,0.5525
1992-09-24,0.69875,0.6375,0.55
1992-09-25,0.69124997,0.63125,0.55875
1992-09-26,0.64625,0.60375,0.51625
1992-09-27,0.63125,0.57375,0.50125
1992-09-28,0.63,0.57,0.535
1992-09-29,0.63,0.5875,0.54
1992-09-30,0.63,0.59,0.645
1992-10-01,0.7,0.625,0.58125
1992-10-02,0.68375003,0.63,0.535
1992-10-03,0.68,0.63,0.53875
1992-10-04,0.68875,0.63874996,0.61875
1992-10-05,0.71625,0.6575,0.56875
1992-10-06,0.78125,0.70375,0.88375
1992-10-07,1.0,0.96375,1.07
1992-10-08,1.1700001,1.0525,1.23875
1992-10-09,1.2774999,0.955,1.19875
1992-10-10,1.2987499,0.9575,1.0675
1992-10-11,1.3,0.78499997,1.00625
1992-10-12,1.29125,0.725,0.9825
1992-10-13,1.22,0.86,0.88375
1992-10-14,1.1575,0.81,0.8875
1992-10-15,1.1587499,0.79125,0.75
1992-10-16,1.13375,0.78125,0.7475
1992-10-17,0.78875,0.7275,0.79375
1992-10-18,0.7225,0.72,0.73875
1992-10-19,0.69375,0.69375,0.68625
1992-10-20,0.64625,0.62,0.63625
1992-10-21,0.64874995,0.61875,0.58625
1992-10-22,0.65,0.6025,0.55375
1992-10-23,0.6675,0.6175,0.83
1992-10-24,0.705,0.725,0.835
1992-10-25,0.71,0.73125005,0.71625
1992-10-26,0.71875,0.695,0.69125
1992-10-27,0.7375,0.69,0.66375
1992-10-28,0.71375,0.69875,0.59
1992-10-29,0.70124996,0.65625,0.5975
1992-10-30,0.69124997,0.65,0.6525
1992-10-31,0.69,0.72,1.03625
1992-11-01,0.89125,0.90500003,1.08125
1992-11-02,0.99,1.0,
1992-11-03,1.44625,1.5,
1992-11-04,2.0437498,2.13,
1992-11-05,2.1637502,2.25375,
1992-11-06,2.1875,2.2775,4.49
1992-11-07,2.68,2.7962499,5.30375
1992-11-08,2.89875,3.0362499,4.90375
1992-11-09,3.0075,3.15625,4.52375
1992-11-10,2.8975,3.03875,4.03375
1992-11-11,2.6,2.7137501,
1992-11-12,2.30625,2.3987498,
1992-11-13,2.0862498,2.17625,
1992-11-14,1.7275,2.01875,
1992-11-15,1.81125,1.92125,2.7
1992-11-16,1.6899999,1.76125,2.35875
1992-11-17,1.495,1.5649999,2.24875
1992-11-18,1.32125,1.3825,1.88125
1992-11-19,1.18625,1.22875,1.83
1992-11-20,1.17,1.21,2.01375
1992-11-21,1.3362501,1.39375,2.36375
1992-11-22,1.64,1.70875,2.3225
1992-11-23,1.67125,1.74125,1.93375
1992-11-24,1.6175001,1.6875,1.845
1992-11-25,1.5487499,1.60125,1.60375
1992-11-26,1.4875,1.485,1.43
1992-11-27,1.4975,1.4175,1.305
1992-11-28,1.5,1.36625,1.36875
1992-11-29,1.5,1.4124999,2.07125
1992-11-30,1.5,1.5074999,1.7675
1992-12-01,1.4387499,1.4675,1.6225
1992-12-02,1.40375,1.4337499,1.86375
1992-12-03,1.4875,1.52625,2.32
1992-12-04,1.605,1.6712501,2.1525
1992-12-05,1.5587499,1.6375,2.16375
1992-12-06,2.03125,1.7175,2.68625
1992-12-07,2.1174998,1.8262501,2.45375
1992-12-08,2.2775,1.805,2.83875
1992-12-09,2.3,2.2024999,3.13625
1992-12-10,2.3,2.3562498,3.70375
1992-12-11,2.3262498,2.4575,3.57875
1992-12-12,2.47,2.5749998,3.92625
1992-12-13,2.8312502,2.7825,4.1375
1992-12-14,3.02875,3.02875,3.88
1992-12-15,3.05875,3.1212502,3.3325
1992-12-16,2.8674998,2.99875,3.0325
1992-12-17,2.8049998,2.93625,2.9125
1992-12-18,2.73,2.86,2.935
1992-12-19,2.74625,2.8674998,3.87625
1992-12-20,2.995,3.1412501,4.43
1992-12-21,3.135,3.29375,4.2975
1992-12-22,3.2725,3.45,4.17375
1992-12-23,3.4125001,3.505,3.9675
1992-12-24,3.47375,3.475,4.05375
1992-12-25,3.48,3.33,4.07875
1992-12-26,3.47125,3.17,3.58125
1992-12-27,3.11125,3.0275,3.32625
1992-12-28,3.03375,2.8874998,3.4575
1992-12-29,2.8374999,2.80875,3.83875
1992-12-30,2.7575,2.93125,4.24875
1992-12-31,2.7150002,2.9325001,4.23875
1993-01-01,2.535,2.895,3.81875
1993-01-02,2.51,2.75,3.36625
1993-01-03,2.335,2.52875,2.9075
1993-01-04,1.93375,2.1937501,2.5875
1993-01-05,1.5649999,1.8175,2.27875
1993-01-06,1.38875,1.5687499,2.16125
1993-01-07,1.4137499,1.54,2.0275
1993-01-08,1.455,1.575,1.89625
1993-01-09,1.39875,1.51,1.97625
1993-01-10,1.59125,1.605,2.0075
1993-01-11,1.78625,1.7774999,1.82625
1993-01-12,1.73125,1.77375,1.63375
1993-01-13,1.7375,1.72625,1.51375
1993-01-14,1.74875,1.72,1.49125
1993-01-15,1.6625,1.685,1.56
1993-01-16,1.5537499,1.5575,1.49125
1993-01-17,1.7762499,1.6624999,1.41875
1993-01-18,1.92375,1.7937499,1.34
1993-01-19,1.82625,1.7225001,1.37375
1993-01-20,1.62625,1.4825001,1.6775
1993-01-21,1.5125,1.5025,1.90375
1993-01-22,1.64875,1.6324999,2.0175
1993-01-23,1.8100001,1.79875,2.1
1993-01-24,1.9350001,1.89,2.17125
1993-01-25,2.22125,2.1012502,2.1975
1993-01-26,2.4525,2.31375,1.91125
1993-01-27,2.2962499,2.2525,1.51125
1993-01-28,2.0425,2.0475,1.4425
1993-01-29,1.79125,1.8187499,1.37875
1993-01-30,1.5325,1.55375,1.11625
1993-01-31,1.31625,1.345,1.2375
1993-02-01,1.185,1.215,1.21625
1993-02-02,1.135,1.15625,1.175
1993-02-03,1.1125,1.1324999,1.135
1993-02-04,1.11,1.13875,0.92875
1993-02-05,1.1975,1.245,1.08375
1993-02-06,1.3675,1.42625,1.73125
1993-02-07,1.4512501,1.5374999,1.7675
1993-02-08,1.39,1.48875,1.8825
1993-02-09,1.37125,1.48,2.01375
1993-02-10,1.3525,1.47125,1.89875
1993-02-11,1.245,1.3475001,1.845
1993-02-12,1.2125001,1.33,1.8925
1993-02-13,1.21875,1.33,1.83875
1993-02-14,1.1675,1.3037499,2.25875
1993-02-15,1.1862501,1.36125,2.88875
1993-02-16,1.30375,1.51875,3.03125
1993-02-17,1.9675,2.09125,3.15375
1993-02-18,1.955,2.0825,3.0825
1993-02-19,1.79125,1.9475,3.0175
1993-02-20,1.69125,1.86,3.0625
1993-02-21,1.5749999,1.75375,2.79875
1993-02-22,1.4375,1.6175001,2.375
1993-02-23,1.28,1.4425,2.17125
1993-02-24,1.2075,1.37625,2.36
1993-02-25,1.2874999,1.5450001,2.8975
1993-02-26,1.51875,1.7012501,2.725
1993-02-27,1.47125,1.69375,2.89125
1993-02-28,1.565,1.75125,3.62875
1993-03-01,1.4925001,1.6725,3.59875
1993-03-02,1.43625,1.63375,3.51
1993-03-03,1.5,1.6912501,3.395
1993-03-04,1.6675,1.77,2.89875
1993-03-05,1.725,1.7625,2.7075
1993-03-06,1.68625,1.6899999,2.54125
1993-03-07,1.5487499,1.54,2.37125
1993-03-08,1.31125,1.3275,2.27125
1993-03-09,1.11375,1.1949999,2.1725
1993-03-10,1.04625,1.1275,2.0725
1993-03-11,1.03125,1.09375,1.8325
1993-03-12,1.00375,1.0637499,1.415
1993-03-13,1.0,1.05125,1.26375
1993-03-14,0.97375,1.0325,1.20625
1993-03-15,0.9175,0.9775,0.955
1993-03-16,0.8925,0.94375,1.15625
1993-03-17,0.96875,0.9575,1.19
1993-03-18,0.9275,0.96,1.11125
1993-03-19,0.92,0.95124996,1.0825
1993-03-20,0.92,0.95,1.115
1993-03-21,0.9025,0.9325,1.07625
1993-03-22,0.89125,0.895,1.06125
1993-03-23,0.8725,0.8725,1.06875
1993-03-24,0.8525,0.8525,1.07
1993-03-25,0.84125,0.84125,1.0
1993-03-26,0.77875,0.81375,0.9375
1993-03-27,0.7525,0.80125,0.95625
1993-03-28,0.7325,0.77375,0.9425
1993-03-29,0.70375,0.74375,0.91375
1993-03-30,0.7,0.74,0.8925
1993-03-31,0.7,0.73125005,0.9075
1993-04-01,0.7,0.73,0.93625
1993-04-02,0.7,0.73,0.9225
1993-04-03,0.71750003,0.77374995,0.9025
1993-04-04,0.72,0.75374997,0.8825
1993-04-05,0.825,0.855,0.915
1993-04-06,0.84875,0.93125,1.13
1993-04-07,0.87625,1.01,1.37
1993-04-08,0.94124997,1.04625,1.365
1993-04-09,0.92375004,1.02375,1.29
1993-04-10,0.8675,0.95,1.32375
1993-04-11,0.895,0.9575,1.505
1993-04-12,1.005,1.065,1.425
1993-04-13,1.0374999,1.14125,1.38375
1993-04-14,1.01375,1.08875,1.24
1993-04-15,0.96625,1.01,1.14125
1993-04-16,0.96875,1.0,1.095
1993-04-17,0.935,0.965,1.01125
1993-04-18,0.825,0.8725,0.97375
1993-04-19,0.74,0.78125,0.9175
1993-04-20,0.73,0.7525,0.90125
1993-04-21,0.72125006,0.74125004,0.87375
1993-04-22,0.72,0.74,0.86125
1993-04-23,0.7025,0.74,0.83375
1993-04-24,0.6825,0.73125005,0.8125
1993-04-25,0.6625,0.70375,0.80125
1993-04-26,0.65125,0.69124997,0.7825
1993-04-27,0.65,0.68125,0.77125
1993-04-28,0.64125,0.6625,0.7525
1993-04-29,0.63125,0.66,0.7325
1993-04-30,0.65625,0.66,0.73875
1993-05-01,0.66875005,0.66875005,0.73125
1993-05-02,0.66125,0.67,0.72125
1993-05-03,0.66,0.67,0.71125
1993-05-04,0.65125,0.6525,0.71
1993-05-05,0.65,0.65,0.71875
1993-05-06,0.65,0.65875,0.72
1993-05-07,0.65,0.66,0.71125
1993-05-08,0.67625,0.66,0.71875
1993-05-09,0.68875,0.68625,0.71125
1993-05-10,0.6725,0.68125,0.7275
1993-05-11,0.67,0.67125,0.73875
1993-05-12,0.6525,0.66125,0.6875
1993-05-13,0.64125,0.65125,0.67125
1993-05-14,0.64,0.64125,0.62625
1993-05-15,0.64,0.63125,0.61125
1993-05-16,0.64,0.63874996,0.61
1993-05-17,0.6925,0.64874995,0.645
1993-05-18,0.735,0.65875,0.6675
1993-05-19,0.74875,0.70375,0.69625
1993-05-20,0.74125004,0.7275,0.69125
1993-05-21,0.705,0.7125,0.69
1993-05-22,0.6475,0.65749997,0.69
1993-05-23,0.64874995,0.65875,0.6725
1993-05-24,0.6675,0.6775,0.6525
1993-05-25,0.635,0.63625,0.6325
1993-05-26,0.62125003,0.6125,0.63
1993-05-27,0.61125004,0.61,0.62125
1993-05-28,0.61,0.61,0.61125
1993-05-29,0.61,0.60125005,0.60125
1993-05-30,0.61,0.6,0.6
1993-05-31,0.61,0.6,0.59125
1993-06-01,0.61,0.6,0.59
1993-06-02,0.61,0.6,0.59
1993-06-03,0.61,0.6,0.59
1993-06-04,0.61,0.6,0.59875
1993-06-05,0.575,0.5825,0.6
1993-06-06,0.5525,0.5625,0.6
1993-06-07,0.55,0.56,0.6
1993-06-08,0.54125,0.55125,0.5825
1993-06-09,0.54875004,0.55,0.62375
1993-06-10,0.55,0.55875003,0.6475
1993-06-11,0.54125,0.56,0.64125
1993-06-12,0.54,0.56,0.63125
1993-06-13,0.53125,0.56,0.62125
1993-06-14,0.53,0.55125,0.61125
1993-06-15,0.52125,0.54125,0.61875
1993-06-16,0.52,0.54,0.61125
1993-06-17,0.52,0.53125,0.60125
1993-06-18,0.52,0.53,0.59125
1993-06-19,0.52,0.53,0.59
1993-06-20,0.52,0.53,0.59
1993-06-21,0.52,0.53,0.59
1993-06-22,0.52,0.53,0.58125
1993-06-23,0.52874994,0.53875,0.58
1993-06-24,0.53,0.54,0.57125
1993-06-25,0.5125,0.5225,0.57
1993-06-26,0.51,0.52,0.5525
1993-06-27,0.51,0.51125,0.54125
1993-06-28,0.50125,0.51,0.53125
1993-06-29,0.50874996,0.51,0.52125
1993-06-30,0.51,0.51,0.52
1993-07-01,0.51,0.51,0.5025
1993-07-02,0.53625,0.51,0.5
1993-07-03,0.5225,0.5275,0.49125
1993-07-04,0.5025,0.50374997,0.49
1993-07-05,0.5,0.5,0.48125
1993-07-06,0.49125,0.5,0.48
1993-07-07,0.49,0.49125,0.48
1993-07-08,0.5075,0.53375,0.47125
1993-07-09,0.58,0.58375,0.47875
1993-07-10,0.625,0.59,0.48
1993-07-11,0.63874996,0.59875,0.47125
1993-07-12,0.64,0.6,0.47
1993-07-13,0.64,0.6,0.46125
1993-07-14,0.64,0.6,0.46
1993-07-15,0.64,0.6,0.45125
1993-07-16,0.64,0.6,0.45
1993-07-17,0.63125,0.59125,0.45
1993-07-18,0.62125003,0.58124995,0.44125
1993-07-19,0.59375,0.57124996,0.44
1993-07-20,0.52875,0.53499997,0.43125
1993-07-21,0.5025,0.50374997,0.43
1993-07-22,0.5,0.49125,0.42125
1993-07-23,0.5,0.49,0.42
1993-07-24,0.5,0.49,0.42
1993-07-25,0.5,0.49,0.41125
1993-07-26,0.5,0.49,0.41
1993-07-27,0.50874996,0.49,0.41
1993-07-28,0.50125,0.49,0.41
1993-07-29,0.50874996,0.49,0.41
1993-07-30,0.51,0.49875,0.40125
1993-07-31,0.51,0.4825,0.4
1993-08-01,0.50125,0.48,0.4
1993-08-02,0.49125,0.48,0.4
1993-08-03,0.49875,0.47125,0.4
1993-08-04,0.50874996,0.47,0.4
1993-08-05,0.50125,0.47,0.39125
1993-08-06,0.5,0.47,0.39
1993-08-07,0.5,0.47,
1993-08-08,0.5,0.47,
1993-08-09,0.49125,0.47,
1993-08-10,0.49,0.47,
1993-08-11,0.48125,0.46125,
1993-08-12,0.48,0.45125,
1993-08-13,0.48875,0.45,
1993-08-14,0.49,0.45,
1993-08-15,0.49,0.45,
1993-08-16,0.49,0.45,
1993-08-17,0.4725,0.45,
1993-08-18,0.47,0.45,
1993-08-19,0.47875,0.45,
1993-08-20,0.48,0.45,
1993-08-21,0.48,0.45,
1993-08-22,0.48,0.45,
1993-08-23,0.48,0.45,
1993-08-24,0.48,0.45,
1993-08-25,0.48,0.45,
1993-08-26,0.48,0.45,
1993-08-27,0.48875,0.45,
1993-08-28,0.49,0.45,
1993-08-29,0.49,0.45,
1993-08-30,0.49,0.45875,
1993-08-31,0.48125,0.46,
1993-09-01,0.47125,0.45125,
1993-09-02,0.4875,0.45,
1993-09-03,0.5075,0.44125,
1993-09-04,0.51,0.44875,
1993-09-05,0.51,0.45,
1993-09-06,0.50125,0.45,
1993-09-07,0.47375,0.45,
1993-09-08,0.47875,0.44125,
1993-09-09,0.48,0.43125,
1993-09-10,0.48,0.43,
1993-09-11,0.48875,0.43,
1993-09-12,0.49,0.43,
1993-09-13,0.49,0.43,
1993-09-14,0.49875,0.43,
1993-09-15,0.49125,0.43,
1993-09-16,0.49,0.42125,
1993-09-17,0.49,0.42,
1993-09-18,0.49,0.42,
1993-09-19,0.49,0.42,
1993-09-20,0.49,0.42,
1993-09-21,0.49,0.42,
1993-09-22,0.5075,0.42,
1993-09-23,0.51,0.42,
1993-09-24,0.51,0.42875,
1993-09-25,0.51874995,0.43875,
1993-09-26,0.54625,0.44875,
1993-09-27,0.57624996,0.47625,
1993-09-28,0.615,0.5675,
1993-09-29,0.62,0.58875,
1993-09-30,0.6375,0.61625,
1993-10-01,0.71875,0.66375,
1993-10-02,0.73875,0.6875,
1993-10-03,0.73125005,0.68125,
1993-10-04,0.7475,0.68,
1993-10-05,0.75,0.6975,
1993-10-06,0.75,0.69124997,
1993-10-07,0.74125004,0.68125,
1993-10-08,0.74,0.68,
1993-10-09,0.73125005,0.67125,
1993-10-10,0.7125,0.64375,
1993-10-11,0.71,0.64874995,
1993-10-12,0.71,0.6325,
1993-10-13,0.70124996,0.63874996,
1993-10-14,0.69124997,0.63125,
1993-10-15,0.68125,0.63,
1993-10-16,0.68,0.60375,
1993-10-17,0.67125,0.59125,
1993-10-18,0.67,0.58124995,
1993-10-19,0.67875004,0.58875,
1993-10-20,0.68875,0.59875,
1993-10-21,0.6725,0.59125,
1993-10-22,0.6175,0.555,
1993-10-23,0.5925,0.53249997,
1993-10-24,0.59,0.53,
1993-10-25,0.5725,0.53,
1993-10-26,0.5875,0.53,
1993-10-27,0.625,0.6175,
1993-10-28,0.63,0.63,
1993-10-29,0.63,0.6125,
1993-10-30,0.63,0.60125005,0.42
1993-10-31,0.63,0.59125,0.44625
1993-11-01,0.62125003,0.59,0.44125
1993-11-02,0.61125004,0.58124995,0.43125
1993-11-03,0.60125005,0.55375004,0.43
1993-11-04,0.635,0.55875003,0.43
1993-11-05,0.6575,0.5775,0.42125
1993-11-06,0.66875005,0.58,0.41125
1993-11-07,0.6875,0.5975,0.40125
1993-11-08,0.69,0.62625,0.39125
1993-11-09,0.64625,0.59499997,0.38125
1993-11-10,0.675,0.6075,0.38875
1993-11-11,0.68,0.6275,0.39
1993-11-12,0.67125,0.63,0.3725
1993-11-13,0.6525,0.60375,0.3525
1993-11-14,0.65,0.59125,0.35875
1993-11-15,0.615,0.56375,0.35125
1993-11-16,0.58375,0.53375,0.35875
1993-11-17,0.57124996,0.5125,0.35125
1993-11-18,0.57875,0.50125,0.34125
1993-11-19,0.62375,0.52625,0.34
1993-11-20,0.7,0.57374996,0.3575
1993-11-21,0.7275,0.62375,0.4125
1993-11-22,0.765,0.65625,0.42
1993-11-23,0.77,0.695,0.42875
1993-11-24,0.8225,0.74375,0.43875
1993-11-25,0.72499996,0.74125004,0.43125
1993-11-26,0.675,0.69625,0.43
1993-11-27,0.6875,0.69875,0.43875
1993-11-28,0.71625,0.7525,0.44
1993-11-29,0.71125,0.7425,0.44
1993-11-30,0.675,0.6875,0.44
1993-12-01,0.6875,0.68875,0.44
1993-12-02,0.655,0.6725,0.43125
1993-12-03,0.6325,0.62625,0.43
1993-12-04,0.63,0.62,0.43
1993-12-05,0.59499997,0.59375,0.43
1993-12-06,0.56375,0.54625,0.43
1993-12-07,0.56,0.5225,0.43
1993-12-08,0.60375,0.5375,0.43
1993-12-09,0.6625,0.59250003,0.45625
1993-12-10,0.67,0.62625,0.46
1993-12-11,0.67,0.63,0.46
1993-12-12,0.66125,0.63,0.8275
1993-12-13,0.8175,0.7875,1.02875
1993-12-14,0.84,0.87125,0.875
1993-12-15,0.91875,0.96750003,0.8675
1993-12-16,0.96500003,0.95375,0.835
1993-12-17,0.9,0.915,0.80375
1993-12-18,0.81125003,0.84875,0.7825
1993-12-19,0.73,0.77875,0.80625
1993-12-20,0.84250003,0.77874994,0.81875
1993-12-21,1.07,0.8675,2.35125
1993-12-22,1.52,1.74625,2.955
1993-12-23,2.5687501,2.7625,3.675
1993-12-24,2.815,2.84625,3.8575
1993-12-25,,2.7175,4.7625
1993-12-26,,2.4550002,5.8
1993-12-27,,2.21,4.11
1993-12-28,,2.0225,3.82375
1993-12-29,,1.8425001,3.8375
1993-12-30,1.35,1.68875,3.875
1993-12-31,1.2887499,1.6,3.88875
1994-01-01,1.28,1.5637499,3.89
1994-01-02,1.385,1.6825,3.96875
1994-01-03,1.645,1.74375,3.93625
1994-01-04,1.82,1.89,4.00875
1994-01-05,2.02375,2.1025002,3.99375
1994-01-06,2.12875,2.2175,3.955
1994-01-07,2.67375,2.7987502,3.90625
1994-01-08,2.74125,2.8625,3.82125
1994-01-09,2.81875,2.95625,2.90875
1994-01-10,2.8474998,2.9437501,3.45375
1994-01-11,2.91125,2.93125,3.4625
1994-01-12,3.0949998,3.07875,3.415
1994-01-13,3.30375,3.2225,3.33125
1994-01-14,3.4175,3.3449998,3.145
1994-01-15,3.5175,3.4475,3.02375
1994-01-16,3.46875,3.46875,2.26625
1994-01-17,3.39875,3.40875,2.23875
1994-01-18,3.3725,3.33,2.53875
1994-01-19,3.3875,3.32,2.9475
1994-01-20,3.25,3.29375,3.07875
1994-01-21,3.08125,3.14125,2.99375
1994-01-22,2.98125,3.02375,2.91875
1994-01-23,2.9,2.94,2.0525
1994-01-24,3.0825,2.9650002,1.6325
1994-01-25,3.18875,3.13625,1.49375
1994-01-26,3.1475,3.1337502,1.515
1994-01-27,3.02625,3.0075,1.52875
1994-01-28,2.73875,2.82375,1.76625
1994-01-29,2.35,2.44125,1.70375
1994-01-30,1.95875,2.03125,1.62875
1994-01-31,1.63,1.6999999,1.61125
1994-02-01,1.3625001,1.4237499,
1994-02-02,1.225,1.27625,
1994-02-03,1.105,1.19875,
1994-02-04,1.0375,1.12875,
1994-02-05,0.98625004,1.0675,
1994-02-06,0.93625003,1.01625,
1994-02-07,0.93875,1.00125,
1994-02-08,0.93125,0.9825,
1994-02-09,0.9125,0.9625,
1994-02-10,0.86625004,0.925,
1994-02-11,0.78999996,0.8675,
1994-02-12,0.78,0.825,
1994-02-13,0.78,0.82875,
1994-02-14,0.78875,0.83,
1994-02-15,0.79875004,0.85625,
1994-02-16,0.78249997,0.85125005,
1994-02-17,0.77125,0.8325,
1994-02-18,0.76125,0.8125,
1994-02-19,0.76874995,0.81,
1994-02-20,0.77874994,0.81,
1994-02-21,0.815,0.80125,
1994-02-22,0.82,0.8,
1994-02-23,0.7325,0.77375,
1994-02-24,0.64125,0.7,
1994-02-25,0.63,0.69,
1994-02-26,0.6475,0.7075,
1994-02-27,0.65875,0.6925,
1994-02-28,0.695,0.73375,
1994-03-01,0.70875,0.74875,
1994-03-02,0.77124995,0.785,
1994-03-03,0.85,0.85125,
1994-03-04,0.95625,1.0,
1994-03-05,1.145,1.18625,
1994-03-06,1.24875,1.2974999,
1994-03-07,1.70625,1.7737501,
1994-03-08,2.40875,2.1200001,
1994-03-09,2.5962498,2.6412501,
1994-03-10,2.8374999,2.9025002,4.68
1994-03-11,2.8,2.9650002,
1994-03-12,2.62375,2.8825,
1994-03-13,2.59125,2.72125,
1994-03-14,2.51125,2.62125,
1994-03-15,2.35125,2.4525,
1994-03-16,2.3125,2.4125001,
1994-03-17,2.3362498,2.43625,
1994-03-18,2.3225,2.4137502,
1994-03-19,2.25,2.34,
1994-03-20,2.24875,2.3474998,
1994-03-21,2.1537502,2.245,
1994-03-22,2.1225,2.2037501,
1994-03-23,2.0674999,2.15625,
1994-03-24,2.025,2.1062498,
1994-03-25,2.02,2.1,
1994-03-26,1.95,2.02125,
1994-03-27,1.8175,1.8875,
1994-03-28,1.68625,1.75625,
1994-03-29,1.5475,1.60875,
1994-03-30,1.4425,1.5025,
1994-03-31,1.3425,1.4025,
1994-04-01,1.295,1.355,
1994-04-02,1.12375,1.30625,
1994-04-03,1.0825,1.23875,
1994-04-04,1.0537499,1.2125001,
1994-04-05,1.0325,1.1925001,
1994-04-06,1.00375,1.155,
1994-04-07,0.9825,1.1324999,
1994-04-08,0.9275,1.095,
1994-04-09,0.92,1.02875,
1994-04-10,0.96375,1.04625,
1994-04-11,0.97875,1.085,
1994-04-12,0.95375,1.0812501,
1994-04-13,0.915,1.0537499,
1994-04-14,0.875,0.9975,
1994-04-15,0.87,0.955,
1994-04-16,0.87,0.94124997,
1994-04-17,0.87,0.93125,
1994-04-18,0.87,0.92125,
1994-04-19,0.84375,0.91125,
1994-04-20,0.81375,0.88375,
1994-04-21,0.80125,0.88,
1994-04-22,0.82624996,0.88874996,
1994-04-23,0.8125,0.89,
1994-04-24,0.7925,0.86375,
1994-04-25,0.78125,0.86,
1994-04-26,0.7625,0.83375,
1994-04-27,0.7425,0.795,
1994-04-28,0.74875,0.78125,
1994-04-29,0.75,0.78,
1994-04-30,0.75,0.78,
1994-05-01,0.7325,0.7625,
1994-05-02,0.72125006,0.76,
1994-05-03,0.72,0.75125,
1994-05-04,0.71125,0.74125004,
1994-05-05,0.6925,0.7225,
1994-05-06,0.68125,0.71125,
1994-05-07,0.68,0.70124996,
1994-05-08,0.68,0.7,
1994-05-09,0.68875,0.7,
1994-05-10,0.68125,0.7,
1994-05-11,0.68,0.7,
1994-05-12,0.68,0.7,
1994-05-13,0.7325,0.72625,
1994-05-14,0.74875,0.73,
1994-05-15,0.75,0.73875,
1994-05-16,0.75,0.73125005,
1994-05-17,0.66249996,0.70375,
1994-05-18,0.6325,0.7,
1994-05-19,0.69124997,0.71750003,
1994-05-20,0.74375,0.7725,
1994-05-21,0.77625,0.78,
1994-05-22,0.78,0.78,
1994-05-23,0.78,0.78,
1994-05-24,0.78,0.78,
1994-05-25,0.77125,0.77125,
1994-05-26,0.74375,0.735,
1994-05-27,0.6875,0.695,0.82
1994-05-28,0.67125,0.68125,0.81125
1994-05-29,0.67,0.68,0.7925
1994-05-30,0.6875,0.70624995,0.8075
1994-05-31,0.7425,0.7275,0.81
1994-06-01,0.75,0.72125006,0.7925
1994-06-02,0.75,0.72,0.78125
1994-06-03,0.74125004,0.72,0.77125
1994-06-04,0.73125005,0.72,0.76125
1994-06-05,0.70375,0.72,0.7425
1994-06-06,0.6475,0.65875,0.73125
1994-06-07,0.63125,0.6325,0.72125
1994-06-08,0.63,0.63,0.72
1994-06-09,0.665,0.63874996,0.71125
1994-06-10,0.69624996,0.6575,0.70125
1994-06-11,0.70875,0.66875005,0.69125
1994-06-12,0.70124996,0.67,0.69
1994-06-13,0.6825,0.6525,0.69
1994-06-14,0.60125,0.615,0.68125
1994-06-15,0.56375,0.575,0.68
1994-06-16,0.55125,0.56125,0.67125
1994-06-17,0.55,0.56,0.67
1994-06-18,0.55,0.56,0.67
1994-06-19,0.55,0.56,0.66125
1994-06-20,0.55,0.55125,0.65125
1994-06-21,0.55,0.55,0.65
1994-06-22,0.55,0.55,0.64125
1994-06-23,0.55,0.55,0.64
1994-06-24,0.5675,0.55,0.6575
1994-06-25,0.63124996,0.61125,0.7125
1994-06-26,0.5875,0.6025,0.76375
1994-06-27,0.57124996,0.59125,0.74375
1994-06-28,0.57,0.59,0.7225
1994-06-29,0.57875,0.58124995,0.7025
1994-06-30,0.62375,0.60625,0.67375
1994-07-01,0.63,0.61,0.67
1994-07-02,0.58625,0.61,0.6525
1994-07-03,0.55375004,0.56625,0.64125
1994-07-04,0.55,0.56,0.63125
1994-07-05,0.55,0.55125,0.63
1994-07-06,0.55,0.55,0.63
1994-07-07,0.55875003,0.55,0.62125
1994-07-08,0.56875,0.55875003,0.61125
1994-07-09,0.5875,0.56,0.61
1994-07-10,0.5725,0.56,0.60125
1994-07-11,0.57,0.55125,0.59125
1994-07-12,0.57,0.55,0.59
1994-07-13,0.57,0.55,0.58125
1994-07-14,0.57875,0.55,0.58
1994-07-15,0.62375,0.55875003,0.58
1994-07-16,0.65625,0.60375,0.58
1994-07-17,0.65125,0.61875,0.58
1994-07-18,0.62375,0.6025,0.58
1994-07-19,0.585,0.565,0.57125
1994-07-20,0.58,0.55125,0.57
1994-07-21,0.58,0.55875003,0.56125
1994-07-22,0.58,0.56,0.55125
1994-07-23,0.57124996,0.55125,0.55
1994-07-24,0.57,0.54125,0.55
1994-07-25,0.57,0.54,0.55
1994-07-26,0.57,0.54,0.55
1994-07-27,0.57,0.54,0.54125
1994-07-28,0.57,0.54,0.54
1994-07-29,0.6225,0.54,0.54
1994-07-30,0.69124997,0.61875,0.53125
1994-07-31,0.70875,0.63874996,0.52125
1994-08-01,0.70124996,0.64,0.52875
1994-08-02,0.6475,0.6225,0.52125
1994-08-03,0.5875,0.57625,0.52
1994-08-04,0.5625,0.53499997,0.51125
1994-08-05,0.55125,0.52125,0.51
1994-08-06,0.55,0.52,0.50125
1994-08-07,0.55,0.5025,0.4825
1994-08-08,0.55,0.49125,0.45375
1994-08-09,0.54125,0.49875,0.45
1994-08-10,0.54,0.5175,0.45875
1994-08-11,0.54,0.51125,0.46875
1994-08-12,0.54,0.48375,0.47
1994-08-13,0.54,0.48,0.47
1994-08-14,0.53125,0.48,0.47
1994-08-15,0.53875,0.47125,0.47
1994-08-16,0.54,0.47,0.47
1994-08-17,0.56624997,0.47,0.47
1994-08-18,0.5525,0.46125,0.46125
1994-08-19,0.55,0.46875,0.46
1994-08-20,0.54125,0.47875,0.46
1994-08-21,0.54,0.48,0.45125
1994-08-22,0.54,0.4625,0.45
1994-08-23,0.54,0.45125,0.45875
1994-08-24,0.54,0.45,0.45125
1994-08-25,0.54,0.45,0.45
1994-08-26,0.54,0.45,0.45
1994-08-27,0.54,0.45875,0.45
1994-08-28,0.54,0.46,0.45
1994-08-29,0.54,0.46875,0.44125
1994-08-30,0.54,0.46125,0.44
1994-08-31,0.54,0.45125,0.44
1994-09-01,0.5575,0.45,0.44
1994-09-02,0.5775,0.45875,0.43125
1994-09-03,0.5975,0.46875,0.43
1994-09-04,0.6175,0.47875,0.43
1994-09-05,0.59375,0.48875,0.42125
1994-09-06,0.56375,0.49875,0.42
1994-09-07,0.56875,0.4825,0.41125
1994-09-08,0.56125,0.4625,0.41
1994-09-09,0.5425,0.46,0.40125
1994-09-10,0.54,0.45125,0.4
1994-09-11,0.54875004,0.44125,0.4
1994-09-12,0.55,0.43125,0.39125
1994-09-13,0.54125,0.43875,0.39
1994-09-14,0.54,0.44875,0.39
1994-09-15,0.575,0.44125,0.39
1994-09-16,0.58875,0.44875,0.39
1994-09-17,0.59,0.45875,0.39
1994-09-18,0.59875,0.46875,0.38125
1994-09-19,0.5825,0.47,0.38
1994-09-20,0.55375004,0.47,0.38
1994-09-21,0.55,0.46125,0.38
1994-09-22,0.57624996,0.46875,0.38
1994-09-23,0.5625,0.47,0.38
1994-09-24,0.56,0.4525,0.37125
1994-09-25,0.53375,0.45,0.37
1994-09-26,0.565,0.44125,0.36125
1994-09-27,0.5525,0.44,0.36
1994-09-28,0.54125,0.44,0.36
1994-09-29,0.53125,0.44,0.36
1994-09-30,0.52125,0.43125,0.36
1994-10-01,0.52874994,0.42125,0.36
1994-10-02,0.55625,0.42,0.35125
1994-10-03,0.56,0.42,0.35
1994-10-04,0.5425,0.42875,0.35
1994-10-05,0.54875004,0.43875,0.35
1994-10-06,0.55,0.42249998,0.34125
1994-10-07,0.54125,0.41125,0.34
1994-10-08,0.56624997,0.41875,0.34875
1994-10-09,0.59625,0.42875,0.385
1994-10-10,0.55625004,0.4475,0.41625
1994-10-11,0.53249997,0.45875,0.41125
1994-10-12,0.565,0.4425,0.40125
1994-10-13,0.59625,0.43125,0.39125
1994-10-14,0.60875,0.4475,0.39
1994-10-15,0.60125005,0.4675,0.38125
1994-10-16,0.57375,0.47875,0.3625
1994-10-17,0.54375005,0.4625,0.36
1994-10-18,0.54,0.45125,0.35125
1994-10-19,0.54,0.4325,0.35
1994-10-20,0.5225,0.43,0.34125
1994-10-21,0.52,0.4125,0.34
1994-10-22,0.5375,0.41,0.34
1994-10-23,0.5575,0.41,0.34
1994-10-24,0.5775,0.41875,0.34
1994-10-25,0.57124996,0.4375,0.34
1994-10-26,0.61375,0.44,0.34
1994-10-27,0.57625,0.44875,0.34
1994-10-28,0.54375005,0.45,0.34
1994-10-29,0.56624997,0.44125,0.3925
1994-10-30,0.605,0.42249998,0.47875
1994-10-31,0.65375,0.42875,0.56875
1994-11-01,0.61625004,0.48250002,0.58
1994-11-02,0.61875,0.56,0.53625
1994-11-03,0.6725,0.59625,0.52125
1994-11-04,0.6275,0.6,0.49375
1994-11-05,0.61125004,0.565,0.44625
1994-11-06,0.61,0.525,0.3875
1994-11-07,0.575,0.5025,0.3625
1994-11-08,0.57,0.47375,0.3425
1994-11-09,0.63124996,0.47,0.33125
1994-11-10,0.64874995,0.5225,0.33
1994-11-11,0.6325,0.53875,0.32125
1994-11-12,0.67375,0.54,0.31125
1994-11-13,0.6625,0.54875004,0.31
1994-11-14,0.63375,0.54125,0.31
1994-11-15,0.6125,0.51375,0.33625
1994-11-16,0.5925,0.4925,0.34
1994-11-17,0.63374996,0.5075,0.36625
1994-11-18,0.68375,0.5625,0.44
1994-11-19,0.7425,0.605,0.5725
1994-11-20,0.77625,0.6975,0.86125
1994-11-21,0.85,0.87624997,1.53
1994-11-22,1.1575,1.1537501,1.7425
1994-11-23,1.3924999,1.39125,1.4625
1994-11-24,1.2887499,1.385,1.70875
1994-11-25,1.2175,1.3362501,2.19625
1994-11-26,1.2275,1.39125,2.225
1994-11-27,1.22125,1.4087499,2.17625
1994-11-28,1.1675,1.375,2.1
1994-11-29,1.02,1.2475001,1.81875
1994-11-30,1.0525,1.13375,1.57875
1994-12-01,1.10375,1.19,1.55
1994-12-02,1.18875,1.24375,1.4975
1994-12-03,1.1825,1.24125,1.385
1994-12-04,1.1975,1.205,1.30875
1994-12-05,1.0075,1.0862501,1.15125
1994-12-06,0.86625004,0.97375,1.08625
1994-12-07,1.05125,0.89875,1.08
1994-12-08,1.26375,1.17875,1.42125
1994-12-09,1.47375,1.4212501,1.9425
1994-12-10,1.57,1.59875,1.89625
1994-12-11,1.5537499,1.54125,1.64375
1994-12-12,1.3225,1.4337499,1.54
1994-12-13,1.0625,1.20125,1.355
1994-12-14,0.96,1.02125,1.19875
1994-12-15,0.9325,0.97375,0.99625
1994-12-16,0.8775,0.9,0.90875
1994-12-17,0.86125004,0.855,0.97
1994-12-18,0.895,0.87625,0.98875
1994-12-19,0.865,0.88,1.025
1994-12-20,0.88625,0.88874996,1.5025
1994-12-21,1.07375,1.10875,1.885
1994-12-22,1.1875,1.2624999,1.7375
1994-12-23,1.2525,1.2974999,1.57
1994-12-24,1.33,1.34375,1.655
1994-12-25,1.40125,1.39375,1.83625
1994-12-26,1.3924999,1.4350001,1.83375
1994-12-27,1.27625,1.37875,1.85625
1994-12-28,1.365,1.4137499,1.83375
1994-12-29,1.4237499,1.46375,1.62
1994-12-30,1.3075,1.4087499,1.5375
1994-12-31,1.1587499,1.2425001,1.31125
1995-01-01,1.07875,1.10625,1.175
1995-01-02,1.09625,1.09,1.09
1995-01-03,1.03,1.0375,1.185
1995-01-04,1.09875,1.065,1.305
1995-01-05,1.11875,1.16625,1.43375
1995-01-06,1.1724999,1.1975,1.56375
1995-01-07,1.27625,1.3050001,1.65875
1995-01-08,1.24625,1.34625,1.85375
1995-01-09,1.1787499,1.3325,1.88
1995-01-10,1.1,1.25125,1.6525
1995-01-11,1.02875,1.12625,1.3925
1995-01-12,0.95875,1.03125,1.22
1995-01-13,0.90625,0.95,1.10375
1995-01-14,0.87375,0.89625,1.055
1995-01-15,0.84375,0.86375,1.02375
1995-01-16,0.83124995,0.83375,0.95875
1995-01-17,0.8125,0.795,0.94125
1995-01-18,0.7925,0.74625003,0.89625
1995-01-19,0.755,0.705,0.8375
1995-01-20,0.70625,0.665,0.795
1995-01-21,0.67375004,0.63375,0.7375
1995-01-22,0.73125,0.67375,0.72125
1995-01-23,0.69625,0.67125,0.72875
1995-01-24,0.61125004,0.62625,0.77375
1995-01-25,0.635,0.62874997,0.8675
1995-01-26,0.6925,0.67375,0.9325
1995-01-27,0.70875,0.71500003,1.01
1995-01-28,0.7275,0.72,0.99375
1995-01-29,0.7475,0.74625003,0.9375
1995-01-30,0.7675,0.74125004,0.965
1995-01-31,0.76125,0.76625,0.9875
1995-02-01,0.73375,0.7525,0.94625
1995-02-02,0.72125006,0.75,1.19375
1995-02-03,0.76374996,0.79375,1.2475
1995-02-04,0.7875,0.8525,1.25875
1995-02-05,0.78125,0.85125005,1.26
1995-02-06,0.80625,0.85,1.28625
1995-02-07,0.81875,0.8675,1.2375
1995-02-08,0.84625,0.8875,1.20375
1995-02-09,0.85875,0.91625,1.26125
1995-02-10,1.035,0.99875,1.27
1995-02-11,1.1125,1.12375,1.55
1995-02-12,1.1812501,1.23625,1.8875
1995-02-13,1.19,1.3025,2.0
1995-02-14,1.2425001,1.3362501,1.54625
1995-02-15,1.22375,1.41,1.725
1995-02-16,1.1587499,1.35875,2.04
1995-02-17,1.12375,1.27125,1.93125
1995-02-18,1.085,1.225,1.88375
1995-02-19,1.08,1.2025001,1.87125
1995-02-20,1.0712501,1.1912501,1.8875
1995-02-21,1.0437499,1.1725,1.95125
1995-02-22,1.0225,1.17,1.9075
1995-02-23,0.985,1.12625,1.75125
1995-02-24,0.90125,1.05,1.66
1995-02-25,0.8725,0.97875,1.5625
1995-02-26,0.835,0.935,1.3925
1995-02-27,0.7775,0.86,1.27375
1995-02-28,0.7175,0.78875,1.225
1995-03-01,0.6925,0.71875,1.1675
1995-03-02,0.66375005,0.70124996,1.09875
1995-03-03,0.65125,0.69124997,1.0375
1995-03-04,0.69374996,0.69875,0.96
1995-03-05,0.76124996,0.74375,0.88875
1995-03-06,0.77,0.75874996,0.8625
1995-03-07,0.7525,0.75125,0.8775
1995-03-08,0.74125004,0.7325,0.8975
1995-03-09,0.7575,0.7475,0.9175
1995-03-10,0.76,0.75874996,0.9025
1995-03-11,0.725,0.73375,0.89125
1995-03-12,0.72,0.70375,0.96875
1995-03-13,0.6675,0.69124997,1.07625
1995-03-14,0.625,0.6375,1.15125
1995-03-15,0.6375,0.63,1.195
1995-03-16,0.71000004,0.67375,1.2175
1995-03-17,0.99125,0.9425,1.24625
1995-03-18,1.17875,1.16375,1.11875
1995-03-19,1.1125001,1.1375,1.065
1995-03-20,1.05625,1.0687499,1.0425
1995-03-21,0.945,1.01625,0.97875
1995-03-22,0.825,0.87875,0.9525
1995-03-23,0.7575,0.79875004,0.97625
1995-03-24,0.7675,0.76375,0.93625
1995-03-25,0.83124995,0.80375,0.9475
1995-03-26,0.96250004,0.95000005,1.06375
1995-03-27,1.12875,1.0662501,1.15
1995-03-28,1.2025,1.19375,1.5275
1995-03-29,1.1225001,1.2275,1.5275
1995-03-30,1.04,1.1775,1.30125
1995-03-31,0.925,1.0475,1.235
1995-04-01,0.84875,0.9425,1.23
1995-04-02,0.8225,0.895,1.20375
1995-04-03,0.8375,0.89,1.1825
1995-04-04,0.875,0.93375,1.1625
1995-04-05,0.8975,0.9575,1.15125
1995-04-06,0.8825,0.95124996,1.12375
1995-04-07,0.83625,0.8975,1.09375
1995-04-08,0.795,0.855,1.04625
1995-04-09,0.755,0.7975,1.005
1995-04-10,0.715,0.7375,0.97375
1995-04-11,0.6925,0.695,0.935
1995-04-12,0.6725,0.6725,0.9125
1995-04-13,0.67,0.66125,0.8925
1995-04-14,0.66125,0.65125,0.8725
1995-04-15,0.66875005,0.65,0.8525
1995-04-16,0.67,0.65875,0.815
1995-04-17,0.66125,0.65125,0.7925
1995-04-18,0.6425,0.64125,0.78125
1995-04-19,0.63125,0.6225,0.745
1995-04-20,0.63874996,0.61125004,0.7575
1995-04-21,0.64874995,0.61,0.7425
1995-04-22,0.6325,0.61,0.74
1995-04-23,0.63,0.61875,0.80125
1995-04-24,0.6825,0.66375,0.88
1995-04-25,0.7425,0.7225,0.8725
1995-04-26,0.75,0.72125006,0.84375
1995-04-27,0.75874996,0.71125,0.8225
1995-04-28,0.7425,0.71,0.81125
1995-04-29,0.73125005,0.6925,0.76625
1995-04-30,0.695,0.6725,0.725
1995-05-01,0.69,0.6525,0.7025
1995-05-02,0.66375005,0.62375,0.69125
1995-05-03,0.6425,0.61125004,0.68125
1995-05-04,0.63125,0.60125005,0.68
1995-05-05,0.62125003,0.59125,0.645
1995-05-06,0.62,0.58124995,0.63125
1995-05-07,0.61125004,0.57124996,0.63875
1995-05-08,0.6275,0.5875,0.71875
1995-05-09,0.665,0.63374996,0.695
1995-05-10,0.64375,0.64,0.725
1995-05-11,0.63125,0.6225,0.7475
1995-05-12,0.63874996,0.61125004,0.7325
1995-05-13,0.64874995,0.6275,0.77375
1995-05-14,0.67625,0.65625,0.78875
1995-05-15,0.68,0.6775,0.8075
1995-05-16,0.6625,0.645,0.81
1995-05-17,0.6425,0.61375,0.76625
1995-05-18,0.63125,0.61,0.725
1995-05-19,0.63,0.60125005,0.685
1995-05-20,0.63,0.59125,0.65375
1995-05-21,0.63,0.58124995,0.62375
1995-05-22,0.63,0.58,0.61125
1995-05-23,0.62125003,0.57124996,0.5925
1995-05-24,0.61125004,0.56125,0.59
1995-05-25,0.60125005,0.55125,0.59
1995-05-26,0.5825,0.54125,0.59
1995-05-27,0.58,0.54,0.59
1995-05-28,0.58,0.54,0.59
1995-05-29,0.58875,0.54,0.59875
1995-05-30,0.59,0.54,0.5825
1995-05-31,0.58124995,0.54,0.57125
1995-06-01,0.57124996,0.54,0.56125
1995-06-02,0.57,0.5225,0.55125
1995-06-03,0.5875,0.52874994,0.54125
1995-06-04,0.59,0.53,0.54
1995-06-05,0.59,0.53,0.53125
1995-06-06,0.59,0.53,0.53
1995-06-07,0.6075,0.53,0.52125
1995-06-08,0.6275,0.53875,0.52
1995-06-09,0.63,0.53125,0.51125
1995-06-10,0.5775,0.50374997,0.51
1995-06-11,0.57,0.5,0.51
1995-06-12,0.57875,0.50874996,0.50125
1995-06-13,0.5625,0.51,0.49125
1995-06-14,0.60375,0.51,0.49
1995-06-15,0.61875,0.53625,0.49
1995-06-16,0.62,0.54875004,0.49
1995-06-17,0.6025,0.53249997,0.49
1995-06-18,0.6,0.53,0.49
1995-06-19,0.5825,0.52125,0.48125
1995-06-20,0.58,0.51125,0.48
1995-06-21,0.5975,0.51,0.48
1995-06-22,0.6,0.51874995,0.48
1995-06-23,0.6175,0.52874994,0.48
1995-06-24,0.6375,0.5475,0.47125
1995-06-25,0.64874995,0.53249997,0.47
1995-06-26,0.60625005,0.52125,0.47
1995-06-27,0.6,0.5025,0.47
1995-06-28,0.5825,0.5,0.46125
1995-06-29,0.60625,0.535,0.45125
1995-06-30,0.60125005,0.54875004,0.45
1995-07-01,0.5825,0.53249997,0.45
1995-07-02,0.58,0.52125,0.45
1995-07-03,0.5975,0.52874994,0.45
1995-07-04,0.6,0.53875,0.44125
1995-07-05,0.6175,0.54,0.44
1995-07-06,0.59375,0.54,0.44
1995-07-07,0.59875,0.53125,0.43125
1995-07-08,0.6175,0.53,0.42125
1995-07-09,0.61125004,0.53875,0.42
1995-07-10,0.61,0.54,0.42
1995-07-11,0.61875,0.54,0.42
1995-07-12,0.6375,0.5575,0.42
1995-07-13,0.64,0.5425,0.41125
1995-07-14,0.5875,0.505,0.41
1995-07-15,0.545,0.49125,0.41
1995-07-16,0.56624997,0.5075,0.40125
1995-07-17,0.57875,0.51874995,0.4
1995-07-18,0.58,0.51125,0.4
1995-07-19,0.58,0.51,0.4
1995-07-20,0.58875,0.51,0.4
1995-07-21,0.59,0.51,0.4
1995-07-22,0.59,0.51,0.4
1995-07-23,0.59,0.4925,0.4
1995-07-24,0.59,0.49,0.4
1995-07-25,0.59,0.49,0.39125
1995-07-26,0.59,0.49,0.39
1995-07-27,0.59,0.49,0.39
1995-07-28,0.59,0.49,0.39
1995-07-29,0.59,0.49,0.38125
1995-07-30,0.59,0.49,0.38
1995-07-31,0.59,0.49,0.38
1995-08-01,0.59,0.49,0.38
1995-08-02,0.59,0.49,0.38
1995-08-03,0.58124995,0.48125,0.38
1995-08-04,0.57124996,0.48,0.38
1995-08-05,0.56125,0.48,0.37125
1995-08-06,0.56875,0.48,0.37
1995-08-07,0.53499997,0.47125,0.36125
1995-08-08,0.495,0.46125,0.36
1995-08-09,0.525,0.45125,0.36
1995-08-10,0.55625,0.44125,0.36
1995-08-11,0.5775,0.44,0.35125
1995-08-12,0.5625,0.4575,0.35
1995-08-13,0.56875,0.46,0.35
1995-08-14,0.54375005,0.46,0.35
1995-08-15,0.49625,0.45125,0.35
1995-08-16,0.49875,0.4325,0.35
1995-08-17,0.5175,0.4125,0.34125
1995-08-18,0.56374997,0.41875,0.34
1995-08-19,0.57875,0.4375,0.34
1995-08-20,0.5625,0.4575,0.33125
1995-08-21,0.5075,0.46,0.33
1995-08-22,0.49125,0.4425,0.33
1995-08-23,0.5075,0.42249998,0.33
1995-08-24,0.53625,0.41125,0.32125
1995-08-25,0.5575,0.41875,0.32
1995-08-26,0.5775,0.42875,0.31125
1995-08-27,0.545,0.4475,0.31
1995-08-28,0.48749998,0.45,0.31
1995-08-29,0.47125,0.4325,0.31
1995-08-30,0.51374996,0.40375,0.31
1995-08-31,0.56374997,0.4,0.31
1995-09-01,0.57875,0.4175,0.31
1995-09-02,0.57124996,0.44625,0.31
1995-09-03,0.5875,0.45,0.31
1995-09-04,0.5725,0.45,0.30125
1995-09-05,0.5525,0.45,0.3
1995-09-06,0.5675,0.45,
1995-09-07,0.57875,0.44125,
1995-09-08,0.58,0.44,
1995-09-09,0.5275,0.44875,
1995-09-10,0.51125,0.4325,
1995-09-11,0.4925,0.42125,
1995-09-12,0.5075,0.4025,
1995-09-13,0.57124996,0.39124998,
1995-09-14,0.58,0.41625,
1995-09-15,0.58,0.44625,
1995-09-16,0.58,0.45,
1995-09-17,0.58875,0.45,
1995-09-18,0.5725,0.45,
1995-09-19,0.52625,0.45,
1995-09-20,0.52874994,0.4325,
1995-09-21,0.57374996,0.4125,
1995-09-22,0.58,0.41875,
1995-09-23,0.57124996,0.44625,
1995-09-24,0.59625,0.45,
1995-09-25,0.6,0.45,
1995-09-26,0.57375,0.45875,
1995-09-27,0.56125,0.45125,
1995-09-28,0.595,0.44125,
1995-09-29,0.6,0.44875,
1995-09-30,0.59125,0.45,
1995-10-01,0.59,0.45,
1995-10-02,0.52875,0.45,
1995-10-03,0.51125,0.4325,0.29
1995-10-04,0.51874995,0.4125,0.29
1995-10-05,0.52874994,0.40125,0.28125
1995-10-06,0.495,0.40875,0.28875
1995-10-07,0.49,0.41,0.29
1995-10-08,0.49,0.39249998,0.29
1995-10-09,0.49,0.39,0.3075
1995-10-10,0.4725,0.39,0.3275
1995-10-11,0.4875,0.39,0.35625
1995-10-12,0.53375,0.39,0.36875
1995-10-13,0.59250003,0.41625,0.3875
1995-10-14,0.6,0.46375,0.4075
1995-10-15,0.6175,0.505,0.40125
1995-10-16,0.57625,0.51874995,0.4
1995-10-17,0.54375005,0.51125,0.39125
1995-10-18,0.5575,0.48375,0.3725
1995-10-19,0.5425,0.4625,0.36125
1995-10-20,0.53125,0.46,0.35125
1995-10-21,0.53,0.45125,0.34125
1995-10-22,0.52125,0.45875,0.3225
1995-10-23,0.47625,0.4425,0.31125
1995-10-24,0.47,0.41375,0.31
1995-10-25,0.4875,0.4275,0.31
1995-10-26,0.49875,0.4475,0.30125
1995-10-27,0.52625,0.45,0.29125
1995-10-28,0.53,0.44125,0.28125
1995-10-29,0.53,0.4575,0.28
1995-10-30,0.5475,0.46,0.28
1995-10-31,0.5675,0.46875,0.28
1995-11-01,0.64875,0.5225,0.455
1995-11-02,0.68625,0.5825,0.62
1995-11-03,0.8125,0.765,0.9725
1995-11-04,0.9875,0.86,1.09875
1995-11-05,1.31625,0.89625,1.80125
1995-11-06,1.4300001,1.425,1.78625
1995-11-07,1.23875,1.35125,1.7175
1995-11-08,1.04375,1.1899999,1.5875
1995-11-09,0.91499996,1.02125,1.1325
1995-11-10,0.84749997,0.85999995,0.86875
1995-11-11,0.7525,0.74375004,0.62125
1995-11-12,0.7225,0.70375,0.52875
1995-11-13,0.6675,0.6475,0.4675
1995-11-14,0.6775,0.61375,0.4425
1995-11-15,0.68875,0.5925,0.44
1995-11-16,0.7075,0.59875,0.44
1995-11-17,0.71875,0.6,0.44875
1995-11-18,0.74625003,0.64374995,0.47625
1995-11-19,0.79375,0.7025,0.66375
1995-11-20,0.9225,0.82374996,1.075
1995-11-21,1.08875,0.9975,0.955
1995-11-22,0.97875,0.9675,0.7725
1995-11-23,0.90749997,0.8725,0.6975
1995-11-24,0.89125,0.825,0.68125
1995-11-25,0.88125,0.82,0.6275
1995-11-26,0.8625,0.78499997,0.59375
1995-11-27,0.85125005,0.77125,0.6075
1995-11-28,0.8325,0.77,0.56625
1995-11-29,0.83875,0.76125,0.6125
1995-11-30,0.90125,0.80375,0.61125
1995-12-01,0.93625,0.8275,0.61
1995-12-02,0.87,0.80375004,0.56625
1995-12-03,0.8425,0.75625,0.53375
1995-12-04,0.83124995,0.74125004,0.53
1995-12-05,0.795,0.73125005,0.6
1995-12-06,0.85125,0.7475,0.6275
1995-12-07,0.90375,0.82,0.8225
1995-12-08,1.04125,0.95250005,1.17375
1995-12-09,1.06,1.0487499,1.15875
1995-12-10,1.0425,1.0425,1.0275
1995-12-11,1.0574999,1.03125,0.94
1995-12-12,1.06875,1.0387499,1.1575
1995-12-13,1.0875001,1.0925,1.51375
1995-12-14,1.23875,1.23125,1.42
1995-12-15,1.47,1.4074999,2.0125
1995-12-16,1.9375,1.84125,2.45
1995-12-17,2.1925,2.1012502,2.56125
1995-12-18,2.29,2.19125,2.1675
1995-12-19,2.1775,2.10375,1.7075
1995-12-20,2.0987499,2.0025,1.53625
1995-12-21,1.9499999,1.8675001,1.42375
1995-12-22,1.62375,1.64,1.165
1995-12-23,1.32625,1.295,1.12125
1995-12-24,1.185,1.0749999,1.05875
1995-12-25,1.0475,1.0675,0.9975
1995-12-26,1.0387499,1.02625,1.0775
1995-12-27,1.1712501,1.09,1.15125
1995-12-28,1.3212501,1.24,1.22125
1995-12-29,1.55875,1.4,1.4225
1995-12-30,1.75625,1.5775,1.66
1995-12-31,2.1125002,1.76625,1.725
1996-01-01,2.2649999,1.7375,1.56375
1996-01-02,2.3325,1.8175,1.79375
1996-01-03,2.5674999,1.8475001,1.94375
1996-01-04,2.48625,1.91125,1.715
1996-01-05,2.40875,2.19125,1.61875
1996-01-06,2.33,2.16,1.53125
1996-01-07,2.01375,1.82625,1.3975
1996-01-08,1.64625,1.6225001,1.275
1996-01-09,1.38125,1.38125,1.09375
1996-01-10,1.28,1.23625,1.0875
1996-01-11,1.2525,1.2112501,1.13375
1996-01-12,1.2325001,1.21875,1.14875
1996-01-13,1.29125,1.255,1.21125
1996-01-14,1.3874999,1.3212501,1.465
1996-01-15,1.4525,1.39125,1.52625
1996-01-16,1.46875,1.4175,1.4075
1996-01-17,1.4175,1.3675001,1.20625
1996-01-18,1.26125,1.2725,1.08375
1996-01-19,1.135,1.12,1.20125
1996-01-20,1.0587499,1.03,0.89625
1996-01-21,1.00625,0.985,0.8675
1996-01-22,0.9825,0.9625,0.84375
1996-01-23,0.98875,0.9425,0.77875
1996-01-24,0.96375,0.9225,0.74375
1996-01-25,0.89875,0.8675,0.705
1996-01-26,0.9075,0.85125005,0.665
1996-01-27,0.8925,0.8325,0.63375
1996-01-28,0.88125,0.8125,0.595
1996-01-29,0.87125003,0.7925,0.56375
1996-01-30,0.8525,0.78125,0.5425
1996-01-31,0.77125,0.73625004,0.53125
1996-02-01,0.76,0.68625003,0.52125
1996-02-02,0.75125,0.6625,0.5025
1996-02-03,0.6975,0.63375,0.50875
1996-02-04,0.68125,0.60375,0.5625
1996-02-05,0.71500003,0.635,0.605
1996-02-06,0.74625003,0.68375,0.65375
1996-02-07,0.7675,0.71625,0.75625
1996-02-08,0.83124995,0.7725,0.8925
1996-02-09,0.86625,0.85,0.875
1996-02-10,0.8525,0.85125005,0.84375
1996-02-11,0.80625004,0.80625004,0.8225
1996-02-12,0.8,0.78249997,0.74125
1996-02-13,0.82624996,0.7625,0.65125
1996-02-14,0.8125,0.76,0.63125
1996-02-15,0.78375,0.73375,0.6125
1996-02-16,0.71,0.66875005,0.5925
1996-02-17,0.665,0.625,0.59
1996-02-18,0.66,0.61125004,0.5375
1996-02-19,0.66,0.60125005,0.50375
1996-02-20,0.65125,0.5825,0.47375
1996-02-21,0.62375,0.5625,0.46125
1996-02-22,0.62,0.55125,0.46
1996-02-23,0.66375,0.57624996,0.4775
1996-02-24,0.89750004,0.69374996,0.7775
1996-02-25,0.8425,0.80625,0.72375
1996-02-26,0.75125,0.72375,0.68375
1996-02-27,0.74,0.6925,0.72375
1996-02-28,0.74,0.69875,0.70375
1996-02-29,0.76625,0.70875,0.6825
1996-03-01,0.77,0.75374997,0.6625
1996-03-02,0.77,0.78625,0.66875
1996-03-03,0.77,0.78125,0.635
1996-03-04,0.735,0.75374997,0.63
1996-03-05,0.695,0.7325,0.58625
1996-03-06,0.7425,0.73875,0.62375
1996-03-07,0.83750004,0.80125,0.665
1996-03-08,0.82375,0.88,0.66125
1996-03-09,0.77625,0.82,0.66
1996-03-10,0.74375,0.78375,0.72125
1996-03-11,0.85375,0.82374996,0.7825
1996-03-12,0.95750004,0.935,0.9125
1996-03-13,1.0575,1.0374999,1.21875
1996-03-14,1.4725,1.2774999,1.37375
1996-03-15,1.3025,1.31,1.31125
1996-03-16,1.1125001,1.16125,1.23875
1996-03-17,0.9675,1.0525,1.06375
1996-03-18,0.84499997,0.935,0.85625
1996-03-19,0.7775,0.82375,0.76875
1996-03-20,0.76125,0.71375,0.71625
1996-03-21,0.725,0.6825,0.6925
1996-03-22,0.685,0.6625,0.66375
1996-03-23,0.67125,0.65125,0.66875
1996-03-24,0.67875004,0.6325,0.635
1996-03-25,0.67125,0.63,0.62125
1996-03-26,0.6875,0.62125003,0.6025
1996-03-27,0.69875,0.62874997,0.5825
1996-03-28,0.72625,0.63874996,0.57125
1996-03-29,0.765,0.675,0.57875
1996-03-30,0.7525,0.6975,0.545
1996-03-31,0.74125004,0.665,0.51375
1996-04-01,0.71375,0.625,0.50125
1996-04-02,0.68375003,0.59375,0.4825
1996-04-03,0.68,0.58124995,0.4625
1996-04-04,0.67125,0.58,0.46
1996-04-05,0.66125,0.57124996,0.45125
1996-04-06,0.65125,0.56125,0.45875
1996-04-07,0.64125,0.55125,0.46
1996-04-08,0.64,0.55,0.45125
1996-04-09,0.64,0.55,0.42375
1996-04-10,0.64,0.54125,0.41125
1996-04-11,0.64874995,0.54875004,0.41
1996-04-12,0.67625,0.55875003,0.40125
1996-04-13,0.71500003,0.58624995,0.40875
1996-04-14,0.78125,0.6425,0.50625
1996-04-15,0.78125,0.67625,0.45875
1996-04-16,0.77125,0.6975,0.695
1996-04-17,0.7875,0.735,0.77375
1996-04-18,0.78125,0.73125005,0.7625
1996-04-19,0.7625,0.73,0.71625
1996-04-20,0.75125,0.7125,0.6925
1996-04-21,0.77625,0.7275,0.69
1996-04-22,0.7275,0.695,0.76
1996-04-23,0.71125,0.6725,0.665
1996-04-24,0.70124996,0.6525,0.55375
1996-04-25,0.69124997,0.6325,0.505
1996-04-26,0.68125,0.59499997,0.4825
1996-04-27,0.6625,0.5725,0.4625
1996-04-28,0.63375,0.56125,0.4425
1996-04-29,0.63,0.5425,0.44875
1996-04-30,0.63874996,0.54,0.4325
1996-05-01,0.64,0.54,0.42125
1996-05-02,0.64,0.54,0.42
1996-05-03,0.64,0.54,0.41125
1996-05-04,0.63125,0.54,0.40125
1996-05-05,0.63,0.53125,0.4
1996-05-06,0.63,0.53,0.39125
1996-05-07,0.62125003,0.52125,0.39
1996-05-08,0.6375,0.52,0.39
1996-05-09,0.70124996,0.5375,0.38125
1996-05-10,0.71,0.59250003,0.37125
1996-05-11,0.64,0.57375,0.37
1996-05-12,0.60375,0.53499997,0.37
1996-05-13,0.62625,0.5125,0.37
1996-05-14,0.62125003,0.51874995,0.37
1996-05-15,0.59375,0.52,0.37
1996-05-16,0.59,0.51125,0.37
1996-05-17,0.58124995,0.4925,0.37
1996-05-18,0.62375,0.49875,0.37
1996-05-19,0.67375,0.54375,0.37875
1996-05-20,0.6975,0.5675,0.38
1996-05-21,0.70875,0.5875,0.38875
1996-05-22,0.66625,0.58124995,0.55625
1996-05-23,0.59,0.58,0.53625
1996-05-24,0.57124996,0.53625,0.495
1996-05-25,0.57,0.52125,0.6125
1996-05-26,0.57,0.52,0.7
1996-05-27,0.57,0.52,0.5525
1996-05-28,0.56125,0.52,0.45125
1996-05-29,0.60375,0.5025,0.4225
1996-05-30,0.67125,0.5525,0.42
1996-05-31,0.70624995,0.6125,0.39375
1996-06-01,0.71,0.59375,0.38125
1996-06-02,0.71,0.59,0.38
1996-06-03,0.70124996,0.58124995,0.37125
1996-06-04,0.59499997,0.53625,0.36125
1996-06-05,0.58875,0.48624998,0.36
1996-06-06,0.59875,0.4975,0.35125
1996-06-07,0.6,0.49125,0.35
1996-06-08,0.59125,0.49,0.35
1996-06-09,0.59875,0.49875,0.34125
1996-06-10,0.62625,0.50874996,0.34
1996-06-11,0.56875,0.4925,0.34
1996-06-12,0.60375,0.48125,0.34
1996-06-13,0.5925,0.4975,0.34
1996-06-14,0.59875,0.49125,0.34
1996-06-15,0.60875,0.49,0.34
1996-06-16,0.58375,0.49,0.3225
1996-06-17,0.58875,0.49,0.32
1996-06-18,0.59,0.49,0.32
1996-06-19,0.625,0.48125,0.32
1996-06-20,0.69124997,0.48875,0.32
1996-06-21,0.6475,0.53375,0.32
1996-06-22,0.61375,0.505,0.32
1996-06-23,0.60125005,0.49125,0.32
1996-06-24,0.6,0.49,0.31125
1996-06-25,0.6,0.49,0.31
1996-06-26,0.5825,0.49,0.31
1996-06-27,0.57124996,0.4725,0.31
1996-06-28,0.54375005,0.46125,0.31
1996-06-29,0.54,0.45125,0.31
1996-06-30,0.54,0.45,0.31
1996-07-01,0.61875,0.485,0.31
1996-07-02,0.6475,0.51625,0.30125
1996-07-03,0.65875,0.52874994,0.3
1996-07-04,0.65125,0.53,0.3
1996-07-05,0.57125,0.50374997,0.3
1996-07-06,0.60375,0.5,0.3
1996-07-07,0.645,0.52625,0.3
1996-07-08,0.65875,0.53875,0.3
1996-07-09,0.66,0.54,0.29125
1996-07-10,0.65125,0.53125,0.29
1996-07-11,0.615,0.52125,0.29
1996-07-12,0.58375,0.49375,0.29
1996-07-13,0.545,0.46375,0.29
1996-07-14,0.51375,0.4425,0.29
1996-07-15,0.50125,0.43125,0.29
1996-07-16,0.49125,0.4125,0.29
1996-07-17,0.49,0.41,0.29
1996-07-18,0.525,0.41875,0.29
1996-07-19,0.565,0.4375,0.29
1996-07-20,0.57,0.46625,0.29
1996-07-21,0.6225,0.47875,0.29
1996-07-22,0.65625,0.4975,0.28125
1996-07-23,0.66,0.50874996,0.28
1996-07-24,0.65125,0.51874995,0.28
1996-07-25,0.65,0.51125,0.28
1996-07-26,0.615,0.4925,0.28
1996-07-27,0.575,0.4725,0.28
1996-07-28,0.54375005,0.46125,0.28
1996-07-29,0.51375,0.4425,0.28
1996-07-30,0.4925,0.42249998,0.28
1996-07-31,0.49,0.4025,0.28
1996-08-01,0.56,0.39124998,0.28
1996-08-02,0.64875,0.39875,0.28
1996-08-03,0.66,0.44375,0.28
1996-08-04,0.625,0.485,0.28
1996-08-05,0.585,0.49,0.28
1996-08-06,0.58,0.4725,0.28875
1996-08-07,0.5975,0.4525,0.28125
1996-08-08,0.60875,0.45,0.28
1996-08-09,0.61,0.45875,0.27125
1996-08-10,0.61,0.46875,0.27
1996-08-11,0.61875,0.47,0.27
1996-08-12,0.61125004,0.47,0.26125
1996-08-13,0.61,0.47,0.26
1996-08-14,0.61875,0.46125,0.26
1996-08-15,0.62,0.45125,0.26
1996-08-16,0.6375,0.45875,0.26
1996-08-17,0.63125,0.46875,0.26875
1996-08-18,0.6125,0.47875,0.27
1996-08-19,0.60125005,0.47125,0.27875
1996-08-20,0.6,0.46125,0.27125
1996-08-21,0.6175,0.45125,0.27
1996-08-22,0.61125004,0.45,0.27
1996-08-23,0.5925,0.45,0.27
1996-08-24,0.6075,0.45875,0.26125
1996-08-25,0.61875,0.45125,0.26
1996-08-26,0.61125004,0.45875,0.26
1996-08-27,0.61,0.46,0.26
1996-08-28,0.61,0.45125,0.25125
1996-08-29,0.5925,0.45,0.25
1996-08-30,0.58124995,0.44125,0.25
1996-08-31,0.57124996,0.44,0.25
1996-09-01,0.57,0.43125,0.25
1996-09-02,0.53499997,0.43,0.25
1996-09-03,0.52125,0.42125,0.25
1996-09-04,0.59875,0.4025,0.24125
1996-09-05,0.61,0.4,0.24
1996-09-06,0.61,0.42625,0.24
1996-09-07,0.60125005,0.4475,0.24
1996-09-08,0.59125,0.44125,0.24
1996-09-09,0.59,0.44,0.24
1996-09-10,0.59,0.44,0.24
1996-09-11,0.65125,0.44,0.24
1996-09-12,0.66,0.44875,0.2575
1996-09-13,0.6425,0.47625,0.25125
1996-09-14,0.6225,0.47125,0.25
1996-09-15,0.62,0.46125,0.25
1996-09-16,0.55875003,0.46,0.24125
1996-09-17,0.53249997,0.4425,0.24
1996-09-18,0.6,0.42249998,0.24
1996-09-19,0.6275,0.42,0.24
1996-09-20,0.65625,0.44625,0.23125
1996-09-21,0.61625004,0.4675,0.23
1996-09-22,0.61875,0.47875,0.23
1996-09-23,0.61125004,0.4625,0.23
1996-09-24,0.58375,0.4425,0.23
1996-09-25,0.62375,0.44,0.23
1996-09-26,0.63,0.44,0.23
1996-09-27,0.60375,0.44875,0.23
1996-09-28,0.6,0.45,0.23
1996-09-29,0.60875,0.44125,0.23
1996-09-30,0.60125005,0.44,0.23
1996-10-01,0.6,0.44,0.23
1996-10-02,0.6,0.44,0.23
1996-10-03,0.64374995,0.44875,0.23
1996-10-04,0.62375,0.45875,0.2475
1996-10-05,0.6025,0.46875,0.285
1996-10-06,0.6175,0.4875,0.28125
1996-10-07,0.6375,0.49875,0.28
1996-10-08,0.63125,0.5,0.2975
1996-10-09,0.63,0.5,0.335
1996-10-10,0.62125003,0.50874996,0.31375
1996-10-11,0.62874997,0.51874995,0.31
1996-10-12,0.63874996,0.5025,0.30125
1996-10-13,0.63125,0.47375,0.2825
1996-10-14,0.5775,0.47,0.28
1996-10-15,0.57,0.47,0.27125
1996-10-16,0.64875,0.47875,0.31375
1996-10-17,0.71250004,0.55,0.4425
1996-10-18,0.67625004,0.56875,0.38125
1996-10-19,0.6525,0.54375005,0.39625
1996-10-20,0.6325,0.53125,0.3475
1996-10-21,0.63,0.52125,0.305
1996-10-22,0.62125003,0.52,0.27375
1996-10-23,0.62,0.52874994,0.26125
1996-10-24,0.62,0.495,0.25125
1996-10-25,0.6375,0.49,0.25
1996-10-26,0.64874995,0.49875,0.24125
1996-10-27,0.65,0.50874996,0.24
1996-10-28,0.6325,0.50125,0.24
1996-10-29,0.59499997,0.49125,0.24
1996-10-30,0.6075,0.4725,0.24
1996-10-31,0.63625,0.4875,0.24875
1996-11-01,0.675,0.525,0.41625
1996-11-02,0.68875,0.57374996,0.43125
1996-11-03,0.69,0.5975,0.38625
1996-11-04,0.7075,0.59125,0.38875
1996-11-05,0.75374997,0.63374996,0.5475
1996-11-06,0.8475,0.6925,0.5175
1996-11-07,0.92125,0.77875,0.64125
1996-11-08,0.93,0.81624997,0.63375
1996-11-09,0.90375,0.81125,0.525
1996-11-10,0.87375,0.775,0.475
1996-11-11,0.78249997,0.7175,0.37375
1996-11-12,0.735,0.64,0.29875
1996-11-13,0.68625003,0.59499997,0.255
1996-11-14,0.70624995,0.56375,0.2325
1996-11-15,0.68375003,0.56,0.27375
1996-11-16,0.72375,0.5775,0.2975
1996-11-17,0.87874997,0.72,0.50125
1996-11-18,0.94374996,0.81874996,0.59125
1996-11-19,1.0812501,0.935,1.055
1996-11-20,1.44125,1.23875,1.33875
1996-11-21,1.5775,1.4725,1.825
1996-11-22,1.66,1.57875,1.72375
1996-11-23,1.7837499,1.70375,1.84875
1996-11-24,2.0362499,1.86,2.5175
1996-11-25,2.39375,2.25625,2.49625
1996-11-26,2.32625,2.24875,1.73625
1996-11-27,2.2225,2.1262498,1.53375
1996-11-28,2.06125,2.03125,1.135
1996-11-29,1.6287501,1.67,0.82625
1996-11-30,1.2025,1.165,0.64125
1996-12-01,1.01,0.95125,0.5325
1996-12-02,0.94625,0.85125,0.5025
1996-12-03,0.8875,0.79625,0.47375
1996-12-04,0.90625,0.78125,0.54
1996-12-05,0.98875,0.84125,0.54125
1996-12-06,0.9475,0.8675,0.505
1996-12-07,0.93125,0.82625,0.52625
1996-12-08,0.93875,0.82875,0.52125
1996-12-09,0.8875,0.8125,0.6075
1996-12-10,0.88,0.83624995,0.55875
1996-12-11,1.09875,0.9275,0.69
1996-12-12,1.1912501,1.0625,0.85
1996-12-13,1.13,1.08,0.84375
1996-12-14,1.1812501,1.0712501,0.76125
1996-12-15,1.225,1.07875,0.67125
1996-12-16,1.20375,1.08,0.70375
1996-12-17,1.165,1.0625,0.71
1996-12-18,1.1424999,1.05125,0.61375
1996-12-19,1.11375,1.02375,0.50375
1996-12-20,1.10125,0.985,0.49875
1996-12-21,1.0475,0.945,0.49125
1996-12-22,0.97875,0.87875,0.46375
1996-12-23,1.075,0.89625,0.45125
1996-12-24,1.2824999,1.0575,1.03625
1996-12-25,1.6075,1.38625,1.05
1996-12-26,1.7112501,1.5437499,1.25875
1996-12-27,1.6325,1.56875,1.6925
1996-12-28,1.73375,1.6750001,2.2575
1996-12-29,1.84625,1.83,2.37375
1996-12-30,1.72,1.73625,1.98625
1996-12-31,1.49875,1.58875,1.8775
1997-01-01,1.6274999,1.61375,1.87875
1997-01-02,1.69375,1.7075,1.775
1997-01-03,1.65625,1.74625,2.11
1997-01-04,1.7025,1.715,2.615
1997-01-05,2.48,2.22625,3.10875
1997-01-06,2.8349998,2.69375,3.73875
1997-01-07,2.9925,2.91625,3.6975
1997-01-08,2.9925,2.8787498,3.12
1997-01-09,2.98125,2.84375,2.87375
1997-01-10,2.91875,2.7525,2.5175
1997-01-11,3.02375,2.74,2.40875
1997-01-12,3.145,2.8712502,2.35625
1997-01-13,3.1425002,2.9075,2.3325
1997-01-14,3.02625,2.84,2.61
1997-01-15,2.79125,2.71625,2.72
1997-01-16,2.62,2.56,2.5375
1997-01-17,2.53875,2.40875,2.27375
1997-01-18,2.6087499,2.4075,1.98625
1997-01-19,2.6025,2.41,1.85375
1997-01-20,2.6,2.375,1.69125
1997-01-21,2.5825,2.3525,1.635
1997-01-22,2.5974998,2.35,1.48125
1997-01-23,2.50375,2.28,1.285
1997-01-24,2.42875,2.1825001,1.2075
1997-01-25,2.32375,2.0825,1.12125
1997-01-26,2.24875,1.99125,1.06625
1997-01-27,2.2225,1.97125,1.05125
1997-01-28,2.185,1.9612501,2.05625
1997-01-29,2.3812501,2.19625,2.08625
1997-01-30,2.31375,2.2037501,1.7725
1997-01-31,2.3,2.13875,1.7125
1997-02-01,2.30875,2.13875,1.84125
1997-02-02,2.17875,2.07875,1.79
1997-02-03,1.845,1.8249999,1.68375
1997-02-04,1.5375,1.53625,1.64375
1997-02-05,1.35125,1.36,1.71
1997-02-06,1.225,1.26125,1.72875
1997-02-07,1.13125,1.18,1.59875
1997-02-08,1.0762501,1.10875,1.43125
1997-02-09,1.0525,1.05625,1.22625
1997-02-10,0.97125,0.97125,1.06
1997-02-11,0.91625,0.89,0.92625
1997-02-12,0.8925,0.84499997,0.84875
1997-02-13,0.855,0.79625,0.83125
1997-02-14,0.7975,0.72875005,
1997-02-15,0.85125,0.7375,
1997-02-16,0.90375,0.775,
1997-02-17,0.91875005,0.80625,
1997-02-18,0.955,0.81,
1997-02-19,0.9425,0.81875,
1997-02-20,0.9225,0.79375005,
1997-02-21,0.92875004,0.78125,
1997-02-22,0.9475,0.815,
1997-02-23,0.915,0.79375005,
1997-02-24,0.86625004,0.72875005,
1997-02-25,0.78125,0.685,
1997-02-26,0.89250004,0.70624995,
1997-02-27,0.96250004,0.84125,
1997-02-28,1.0575,0.8775,1.13
1997-03-01,1.2012501,1.08125,1.8475
1997-03-02,1.8587501,1.78375,4.05
1997-03-03,2.5975,2.53625,4.27125
1997-03-04,2.68125,2.7,3.48125
1997-03-05,2.5575,2.5,2.95875
1997-03-06,2.42625,2.3562498,2.34875
1997-03-07,2.27,2.20875,2.24375
1997-03-08,2.20625,2.1287498,1.89
1997-03-09,2.06875,1.9975,1.72625
1997-03-10,1.8225,1.77,1.5
1997-03-11,1.5799999,1.5649999,1.4525
1997-03-12,1.4187499,1.4,1.33625
1997-03-13,1.2425001,1.24875,1.1975
1997-03-14,1.12375,1.09875,1.06625
1997-03-15,1.0575,1.01875,0.98875
1997-03-16,1.09375,1.00125,1.02375
1997-03-17,1.1875,1.0875,1.03875
1997-03-18,1.3312501,1.10875,1.01375
1997-03-19,1.4725,1.29375,1.0275
1997-03-20,1.5600001,1.46,1.205
1997-03-21,1.43875,1.3925,1.41375
1997-03-22,1.385,1.35375,1.51875
1997-03-23,1.31,1.32375,1.81
1997-03-24,1.265,1.32,1.84125
1997-03-25,1.12875,1.2062501,1.74375
1997-03-26,1.08375,1.07625,1.45
1997-03-27,1.0712501,1.0425,1.165
1997-03-28,1.07,1.03125,1.025
1997-03-29,1.0175,0.995,0.9925
1997-03-30,0.8875,0.89375,0.98125
1997-03-31,0.8875,0.8275,0.875
1997-04-01,1.0124999,0.925,1.035
1997-04-02,1.2662499,1.1324999,1.3225
1997-04-03,1.44875,1.3175,1.52625
1997-04-04,1.6800001,1.5675,1.80375
1997-04-05,1.56125,1.55625,2.02375
1997-04-06,1.5574999,1.55,2.0325
1997-04-07,1.42,1.4449999,1.9425
1997-04-08,1.4612501,1.465,1.90375
1997-04-09,1.6274999,1.5225,1.76
1997-04-10,1.69375,1.60875,1.67875
1997-04-11,1.37625,1.43625,1.48625
1997-04-12,1.1375,1.165,1.32875
1997-04-13,1.075,1.05125,1.17
1997-04-14,1.0525,0.9875,1.0975
1997-04-15,1.02375,0.90125,1.055
1997-04-16,0.92375004,0.86375,1.295
1997-04-17,0.90125,0.85125005,1.575
1997-04-18,0.89125,0.84125,1.5925
1997-04-19,0.8725,0.8225,1.52
1997-04-20,0.8875,0.82,1.51
1997-04-21,0.93375,0.86375,1.51875
1997-04-22,0.94,0.86125004,1.54625
1997-04-23,1.01,0.92125,1.66375
1997-04-24,1.02875,0.97375,1.82
1997-04-25,1.1175,1.04125,1.805
1997-04-26,1.0862501,1.0587499,1.70375
1997-04-27,1.0712501,0.99875,1.62875
1997-04-28,1.06125,0.98125005,1.62875
1997-04-29,1.0337499,0.945,1.6125
1997-04-30,1.0825,0.9925,1.61
1997-05-01,1.09875,1.0174999,1.1725
1997-05-02,1.05625,0.9675,0.96125
1997-05-03,0.97125,0.90749997,0.8175
1997-05-04,0.995,0.9,
1997-05-05,0.97375,0.83,
1997-05-06,0.89125,0.81125,
1997-05-07,0.90625,0.78375,
1997-05-08,0.9275,0.82374996,
1997-05-09,0.90375,0.795,
1997-05-10,0.8825,0.7725,
1997-05-11,0.8275,0.735,
1997-05-12,0.8025,0.695,
1997-05-13,0.78249997,0.6725,
1997-05-14,0.80625,0.67875004,
1997-05-15,0.83624995,0.70624995,
1997-05-16,0.81375,0.70124996,
1997-05-17,0.8275,0.7,
1997-05-18,0.8475,0.76124996,0.84
1997-05-19,0.8325,0.77,0.8225
1997-05-20,0.7775,0.77874994,0.8025
1997-05-21,0.79625,0.73625004,
1997-05-22,0.8,0.72125006,
1997-05-23,0.79125,0.7025,
1997-05-24,0.79875004,0.7,
1997-05-25,0.8175,0.7,
1997-05-26,0.77625,0.69124997,
1997-05-27,0.76125,0.66375005,
1997-05-28,0.795,0.66,
1997-05-29,0.8,0.68625,
1997-05-30,0.765,0.6725,
1997-05-31,0.795,0.67,
1997-06-01,0.75625,0.66125,
1997-06-02,0.74125004,0.63375,
1997-06-03,0.71375,0.62125003,
1997-06-04,0.75374997,0.62,
1997-06-05,0.76,0.6375,
1997-06-06,0.76,0.63125,
1997-06-07,0.76,0.63,
1997-06-08,0.8125,0.63874996,
1997-06-09,0.8375,0.6925,
1997-06-10,0.79625,0.7,
1997-06-11,0.84250003,0.7,
1997-06-12,0.87625,0.7525,
1997-06-13,0.83625,0.73375,
1997-06-14,0.82124996,0.7125,
1997-06-15,0.82,0.71,
1997-06-16,0.81125,0.70124996,
1997-06-17,0.81875,0.71750003,
1997-06-18,0.855,0.72875,
1997-06-19,0.86875,0.73875,
1997-06-20,0.8175,0.71375,
1997-06-21,0.7925,0.68375003,
1997-06-22,0.7725,0.6625,
1997-06-23,0.76125,0.65125,
1997-06-24,0.7425,0.6325,
1997-06-25,0.7925,0.63874996,
1997-06-26,0.75625,0.63125,0.48
1997-06-27,0.75,0.62125003,0.47125
1997-06-28,0.74125004,0.61125004,0.46125
1997-06-29,0.74,0.60125005,0.45125
1997-06-30,0.74875,0.60875,0.44125
1997-07-01,0.715,0.60125005,0.44
1997-07-02,0.7275,0.6,0.44
1997-07-03,0.79125,0.67,0.43125
1997-07-04,0.84375,0.68875,0.43
1997-07-05,0.8325,0.68125,0.43
1997-07-06,0.7775,0.61875004,0.42125
1997-07-07,0.7525,0.60125005,0.42
1997-07-08,0.72375,0.6,0.42
1997-07-09,0.78125,0.60875,0.42
1997-07-10,0.83375,0.65375,0.41125
1997-07-11,0.8225,0.66875005,0.41
1997-07-12,0.81125,0.66125,0.41
1997-07-13,0.78375,0.6425,0.41
1997-07-14,0.8325,0.6575,0.41
1997-07-15,0.8225,0.66,0.40125
1997-07-16,0.81125,0.66,0.4
1997-07-17,0.81875,0.66,0.39125
1997-07-18,0.8375,0.66875005,0.39
1997-07-19,0.84,0.66125,0.39
1997-07-20,0.84,0.66875005,0.39
1997-07-21,0.84,0.67,0.38125
1997-07-22,0.8225,0.67,0.38
1997-07-23,0.8375,0.67,0.38
1997-07-24,0.84,0.67,0.38
1997-07-25,0.84,0.67,0.37125
1997-07-26,0.83124995,0.67,0.37
1997-07-27,0.83,0.67,0.37
1997-07-28,0.83875,0.67,0.37
1997-07-29,0.805,0.6525,0.36125
1997-07-30,0.6775,0.58,0.36
1997-07-31,0.6425,0.52625,0.36
1997-08-01,0.64,0.52,0.36
1997-08-02,0.6575,0.52,0.36
1997-08-03,0.79125,0.5725,0.36
1997-08-04,0.81,0.64124995,0.35125
1997-08-05,0.81,0.65,0.35
1997-08-06,0.80125,0.64125,0.34125
1997-08-07,0.78249997,0.6225,0.34
1997-08-08,0.78875,0.61125004,0.34
1997-08-09,0.79,0.6275,0.34
1997-08-10,0.81624997,0.6475,0.34
1997-08-11,0.82,0.65875,0.34
1997-08-12,0.81125,0.65125,0.34
1997-08-13,0.81,0.64125,0.33125
1997-08-14,0.80125,0.6225,0.33
1997-08-15,0.78249997,0.61125004,0.32125
1997-08-16,0.75374997,0.5925,0.32
1997-08-17,0.75874996,0.58124995,0.32
1997-08-18,0.7075,0.5625,0.32
1997-08-19,0.69124997,0.5425,0.32
1997-08-20,0.76874995,0.5575,0.32
1997-08-21,0.815,0.6125,0.32
1997-08-22,0.82875,0.6375,0.32
1997-08-23,0.82124996,0.64,0.3025
1997-08-24,0.82875,0.64,0.3
1997-08-25,0.82124996,0.64,0.29125
1997-08-26,0.82,0.63125,0.29
1997-08-27,0.8025,0.63,0.29
1997-08-28,0.75625,0.59499997,0.29
1997-08-29,0.785,0.59,0.29
1997-08-30,0.78125,0.59875,0.29
1997-08-31,0.7975,0.59125,0.29
1997-09-01,0.8175,0.59875,0.28125
1997-09-02,0.82875,0.59125,0.28
1997-09-03,0.83,0.6075,0.28
1997-09-04,0.82124996,0.61,0.28
1997-09-05,0.82875,0.61,0.28
1997-09-06,0.82124996,0.61,0.27125
1997-09-07,0.82,0.61,0.27
1997-09-08,0.82,0.61875,0.27
1997-09-09,0.82,0.6025,0.27
1997-09-10,0.82,0.6,0.27
1997-09-11,0.82,0.6,0.26125
1997-09-12,0.82,0.60875,0.26
1997-09-13,0.81125,0.60125005,0.26
1997-09-14,0.81,0.6,0.26
1997-09-15,0.80125,0.59125,0.26
1997-09-16,0.765,0.58124995,0.26
1997-09-17,0.80375,0.57124996,0.26
1997-09-18,0.81,0.59625,0.26
1997-09-19,0.81875,0.6,0.26
1997-09-20,0.82875,0.60875,0.2775
1997-09-21,0.8475,0.61875,0.28875
1997-09-22,0.84125,0.62,0.29875
1997-09-23,0.875,0.64625,0.34375
1997-09-24,0.8975,0.67625,0.315
1997-09-25,0.9175,0.6975,0.35375
1997-09-26,0.9375,0.72625,0.40375
1997-09-27,0.96625,0.75625,0.375
1997-09-28,0.94375,0.75125,0.37
1997-09-29,0.87,0.68875,0.39625
1997-09-30,0.78125,0.63625,0.435
1997-10-01,0.81374997,0.6125,0.37
1997-10-02,0.8725,0.68,0.33375
1997-10-03,0.88,0.69,0.365
1997-10-04,0.8975,0.69,0.3525
1997-10-05,0.89125,0.69,0.3325
1997-10-06,0.89,0.68125,0.3125
1997-10-07,0.8725,0.6625,0.31
1997-10-08,0.87874997,0.65125,0.2925
1997-10-09,0.87125003,0.65875,0.29
1997-10-10,0.8525,0.63375,0.28125
1997-10-11,0.84125,0.62125003,0.27125
1997-10-12,0.81375,0.6025,0.26125
1997-10-13,0.83624995,0.6,0.25125
1997-10-14,0.84875,0.6175,0.2325
1997-10-15,0.85,0.61125004,0.23
1997-10-16,0.84125,0.61,0.23
1997-10-17,0.81375,0.60125005,0.23
1997-10-18,0.80125,0.5825,0.25625
1997-10-19,0.8175,0.5975,0.26875
1997-10-20,0.79375005,0.60875,0.27
1997-10-21,0.74625003,0.56625,0.2875
1997-10-22,0.775,0.56,0.29875
1997-10-23,0.78875,0.58624995,0.30875
1997-10-24,0.84250003,0.59875,0.31
1997-10-25,0.8675,0.65250003,0.31875
1997-10-26,0.8875,0.66,0.32
1997-10-27,0.925,0.70375,0.32875
1997-10-28,0.95624995,0.7275,0.33875
1997-10-29,0.9425,0.73,0.34
1997-10-30,0.91375005,0.7125,0.29625
1997-10-31,0.91875005,0.70124996,0.28125
1997-11-01,0.92,0.7,0.28
1997-11-02,0.91125,0.69124997,0.28
1997-11-03,0.84,0.64625,0.27125
1997-11-04,0.83875,0.63125,0.27
1997-11-05,0.86625,0.63,0.2525
1997-11-06,0.87,0.63874996,0.25
1997-11-07,0.87,0.64,0.24125
1997-11-08,0.87,0.63125,0.23125
1997-11-09,0.8525,0.63,0.22125
1997-11-10,0.78875,0.59499997,0.22
1997-11-11,0.78875,0.5725,0.22875
1997-11-12,0.83375,0.5875,0.265
1997-11-13,0.8575,0.625,0.2525
1997-11-14,0.9125,0.665,0.285
1997-11-15,0.9725,0.73125,0.29875
1997-11-16,0.93625003,0.73125005,0.34375
1997-11-17,0.88625,0.695,0.34125
1997-11-18,0.79249996,0.6375,0.33125
1997-11-19,0.7975,0.59499997,0.32125
1997-11-20,0.7475,0.5725,0.32
1997-11-21,0.7575,0.5525,0.34625
1997-11-22,0.82124996,0.59375,0.4025
1997-11-23,0.8125,0.6175,0.445
1997-11-24,0.76625,0.61125004,0.485
1997-11-25,0.75125,0.5925,0.63
1997-11-26,0.75874996,0.625,0.615
1997-11-27,0.76874995,0.6475,0.60125
1997-11-28,0.7875,0.6675,0.59125
1997-11-29,0.84250003,0.71375,0.4675
1997-11-30,0.99,0.79875,0.42375
1997-12-01,0.975,0.81875,0.595
1997-12-02,1.145,0.925,1.25875
1997-12-03,1.6949999,1.3775,1.16625
1997-12-04,1.97125,1.6850001,0.9475
1997-12-05,1.9125,1.69375,0.82375
1997-12-06,1.6025,1.48,0.95
1997-12-07,1.2537501,1.1875,1.0575
1997-12-08,1.2012501,1.08875,1.14
1997-12-09,1.2,1.1324999,0.975
1997-12-10,1.1825,1.0875001,0.92375
1997-12-11,1.2325,1.0625,0.92875
1997-12-12,1.345,1.10375,0.9475
1997-12-13,1.22875,1.13625,1.01125
1997-12-14,1.32375,1.1575,1.09875
1997-12-15,1.55875,1.30875,1.18875
1997-12-16,1.66,1.5224999,1.62
1997-12-17,1.775,1.64625,2.33625
1997-12-18,2.23625,2.0362499,2.70125
1997-12-19,2.57125,2.39625,2.66125
1997-12-20,2.37375,2.36125,2.6325
1997-12-21,2.03375,2.0874999,2.42875
1997-12-22,1.7887499,1.805,1.91875
1997-12-23,1.54125,1.53375,1.75375
1997-12-24,1.2737501,1.3075,1.48625
1997-12-25,1.1175001,1.13125,1.38
1997-12-26,1.0649999,1.0487499,1.3
1997-12-27,1.01625,0.9875,1.2025
1997-12-28,1.0625,0.98875,1.11125
1997-12-29,1.0437499,0.955,0.82
1997-12-30,1.10125,0.96750003,0.73625
1997-12-31,1.11875,0.935,0.70375
1998-01-01,1.0325,0.93,0.7
1998-01-02,1.02875,0.895,0.6825
1998-01-03,1.00375,0.8725,0.6625
1998-01-04,0.9825,0.84375,0.58125
1998-01-05,0.97125006,0.8225,0.535
1998-01-06,0.9525,0.81125,0.495
1998-01-07,0.94124997,0.775,0.46375
1998-01-08,0.94,0.74375,0.4425
1998-01-09,0.9925,0.7575,0.475
1998-01-10,1.14,0.92625,0.73375
1998-01-11,1.57125,1.265,1.09375
1998-01-12,1.6825,1.5024999,1.13125
1998-01-13,1.6375,1.48625,1.17375
1998-01-14,1.5337499,1.4187499,1.11
1998-01-15,1.49375,1.34,1.09125
1998-01-16,1.35875,1.225,1.0025
1998-01-17,1.1999999,1.09625,0.99875
1998-01-18,1.11,0.98375005,0.79
1998-01-19,1.12625,0.9875,0.73375
1998-01-20,1.3924999,1.06875,1.36875
1998-01-21,1.4475,1.3162501,1.80125
1998-01-22,1.5025,1.3675001,1.7975
1998-01-23,1.5625,1.4137499,1.58
1998-01-24,1.4475,1.41125,1.6375
1998-01-25,1.33375,1.305,1.69375
1998-01-26,1.25875,1.2375,1.69125
1998-01-27,1.5300001,1.27375,1.6725
1998-01-28,1.745,1.49875,1.74875
1998-01-29,1.735,1.635,1.725
1998-01-30,1.73,1.6675,1.71125
1998-01-31,1.63375,1.66125,1.6925
1998-02-01,1.4449999,1.5025,1.6375
1998-02-02,1.30625,1.27875,1.49
1998-02-03,1.185,1.1625,1.30375
1998-02-04,1.14375,1.08,1.14875
1998-02-05,1.1225,1.0525,0.96375
1998-02-06,1.00625,0.95375,0.835
1998-02-07,0.94625,0.86125004,0.79375
1998-02-08,0.9225,0.815,
1998-02-09,0.91125,0.78375,
1998-02-10,0.91,0.77125,
1998-02-11,0.96250004,0.79625,0.91
1998-02-12,0.99625003,0.87,0.9275
1998-02-13,1.0437499,0.95,0.81625
1998-02-14,1.0675,0.96875,0.86125
1998-02-15,1.06125,0.96125,0.82625
1998-02-16,1.0425,0.93375003,0.89
1998-02-17,1.145,0.99125,1.87125
1998-02-18,1.2475,1.1925,
1998-02-19,1.4612501,1.36,
1998-02-20,1.7787501,1.7475,
1998-02-21,1.8025,1.8,
1998-02-22,1.975,1.86125,
1998-02-23,1.965,1.905,
1998-02-24,1.9075,1.8575001,
1998-02-25,2.01375,1.92,
1998-02-26,1.96875,1.93875,
1998-02-27,1.8375001,1.8525001,
1998-02-28,1.60125,1.69125,
1998-03-01,1.4825001,1.5387499,
1998-03-02,1.26875,1.345,
1998-03-03,1.135,1.17125,1.58
1998-03-04,1.1375,1.12375,1.51875
1998-03-05,1.1575,1.12,1.37875
1998-03-06,1.15125,1.1025,1.29
1998-03-07,1.08,1.0475,1.11375
1998-03-08,1.0437499,0.9875,1.06375
1998-03-09,1.005,0.9275,0.89375
1998-03-10,0.91249996,0.84125,
1998-03-11,0.96125,0.8125,
1998-03-12,0.97,0.845,
1998-03-13,0.97875,0.85,
1998-03-14,0.98,0.84125,
1998-03-15,0.98,0.83124995,
1998-03-16,0.98,0.82124996,
1998-03-17,0.9275,0.8025,
1998-03-18,0.9725,0.835,
1998-03-19,0.9975,0.86625,0.81
1998-03-20,0.99125004,0.87874997,
1998-03-21,0.98125005,0.8625,
1998-03-22,1.00625,0.86,
1998-03-23,1.03625,0.88625,
1998-03-24,1.0574999,0.925,
1998-03-25,1.06,0.9475,0.9
1998-03-26,1.095,0.985,1.04875
1998-03-27,1.0649999,0.99875,1.02625
1998-03-28,1.0337499,0.99125004,
1998-03-29,1.02125,0.92875004,
1998-03-30,0.94125,0.85875005,
1998-03-31,0.8775,0.78875,
1998-04-01,0.90500003,0.7625,
1998-04-02,0.91875005,0.7775,
1998-04-03,0.885,0.7625,
1998-04-04,0.85375,0.73375,
1998-04-05,0.82375,0.70375,
1998-04-06,0.82,0.665,
1998-04-07,0.8025,0.65125,
1998-04-08,0.80875003,0.65,
1998-04-09,0.87125,0.65875,
1998-04-10,0.88874996,0.68625,
1998-04-11,0.88125,0.7075,
1998-04-12,0.81875,0.68375003,
1998-04-13,0.8275,0.65375,
1998-04-14,0.8125,0.64125,
1998-04-15,0.81,0.63125,
1998-04-16,0.83624995,0.6475,
1998-04-17,0.86625,0.6675,
1998-04-18,0.87,0.67875004,
1998-04-19,0.86125004,0.68,
1998-04-20,0.85125005,0.67125,
1998-04-21,0.7975,0.64375,
1998-04-22,0.7725,0.61375,
1998-04-23,0.77,0.60125005,
1998-04-24,0.77,0.60875,
1998-04-25,0.76125,0.60125005,
1998-04-26,0.76,0.6,
1998-04-27,0.76874995,0.6,
1998-04-28,0.74375,0.6,
1998-04-29,0.81874996,0.65250003,
1998-04-30,0.85625,0.66,
1998-05-01,0.8775,0.6775,
1998-05-02,0.8275,0.68,
1998-05-03,0.8025,0.67125,
1998-05-04,0.79125,0.67,
1998-05-05,0.76375,0.66125,
1998-05-06,0.8475,0.66875005,
1998-05-07,0.86875,0.6875,
1998-05-08,0.79125,0.66375005,
1998-05-09,0.77125,0.63375,
1998-05-10,0.76125,0.62125003,
1998-05-11,0.795,0.62874997,
1998-05-12,0.77375,0.63874996,
1998-05-13,0.77874994,0.6225,
1998-05-14,0.85,0.65500003,
1998-05-15,0.86,0.6775,
1998-05-16,0.86875,0.68,
1998-05-17,0.835,0.67125,
1998-05-18,0.8125,0.66125,
1998-05-19,0.76625,0.625,
1998-05-20,0.725,0.59375,
1998-05-21,0.7375,0.59,
1998-05-22,0.7575,0.59,
1998-05-23,0.7425,0.59,
1998-05-24,0.74,0.58124995,
1998-05-25,0.74,0.58,
1998-05-26,0.73125005,0.58,
1998-05-27,0.72125006,0.57124996,
1998-05-28,0.72,0.57,
1998-05-29,0.72875,0.57,
1998-05-30,0.73,0.57,
1998-05-31,0.73875,0.57875,
1998-06-01,0.78375,0.5975,
1998-06-02,0.78125,0.635,
1998-06-03,0.77125,0.64874995,
1998-06-04,0.7875,0.65,
1998-06-05,0.81624997,0.6675,
1998-06-06,0.78499997,0.66125,
1998-06-07,0.7275,0.625,
1998-06-08,0.7025,0.585,
1998-06-09,0.7,0.5625,
1998-06-10,0.81374997,0.595,
1998-06-11,0.85625,0.65250003,
1998-06-12,0.81625,0.66,
1998-06-13,0.8275,0.63375,0.34
1998-06-14,0.73375005,0.59499997,0.34
1998-06-15,0.685,0.53749996,0.34
1998-06-16,0.68,0.52125,0.34
1998-06-17,0.67125,0.52,0.34
1998-06-18,0.6525,0.51125,0.34
1998-06-19,0.64125,0.50125,0.33125
1998-06-20,0.68375,0.5175,0.32125
1998-06-21,0.80375,0.5725,0.31125
1998-06-22,0.70625,0.57124996,0.31
1998-06-23,0.6725,0.52625,0.31
1998-06-24,0.66125,0.51125,0.31
1998-06-25,0.65125,0.50125,0.31
1998-06-26,0.69374996,0.50874996,0.31
1998-06-27,0.81374997,0.58,0.31
1998-06-28,0.8475,0.63374996,0.31
1998-06-29,0.82375,0.64,0.31
1998-06-30,0.8025,0.61375,
1998-07-01,0.70375,0.5575,0.31
1998-07-02,0.7075,0.52375,0.30125
1998-07-03,0.73625,0.5375,0.3
1998-07-04,0.67875004,0.5225,0.3
1998-07-05,0.64375,0.49375,0.29125
1998-07-06,0.63125,0.48125,0.29
1998-07-07,0.63,0.48,0.29
1998-07-08,0.63874996,0.48,0.28125
1998-07-09,0.63125,0.4625,0.28
1998-07-10,0.6475,0.46,0.28
1998-07-11,0.65875,0.46,0.28
1998-07-12,0.65125,0.46875,0.28
1998-07-13,0.65875,0.46125,0.28
1998-07-14,0.695,0.46,0.28
1998-07-15,0.6475,0.46,0.27125
1998-07-16,0.64,0.46,0.27
1998-07-17,0.64,0.45125,0.26125
1998-07-18,0.64874995,0.45875,0.26
1998-07-19,0.65,0.46875,0.26
1998-07-20,0.65,0.47,0.26
1998-07-21,0.65,0.47,0.26
1998-07-22,0.64125,0.46125,0.26
1998-07-23,0.6575,0.45125,0.26
1998-07-24,0.66,0.45875,0.26
1998-07-25,0.65125,0.46,0.26
1998-07-26,0.64125,0.46,0.26
1998-07-27,0.64874995,0.46,0.26
1998-07-28,0.6325,0.46,0.25125
1998-07-29,0.63874996,0.45125,0.25
1998-07-30,0.64874995,0.44125,0.25
1998-07-31,0.64125,0.44,0.25
1998-08-01,0.64,0.44875,0.25
1998-08-02,0.64,0.45,0.25
1998-08-03,0.63125,0.45,0.25
1998-08-04,0.60375,0.44125,0.24125
1998-08-05,0.62625,0.43125,0.24
1998-08-06,0.63874996,0.43,0.24
1998-08-07,0.64874995,0.43875,0.24
1998-08-08,0.65,0.44,0.24
1998-08-09,0.64125,0.44875,0.24
1998-08-10,0.64,0.45,0.24
1998-08-11,0.64,0.45,0.24
1998-08-12,0.64874995,0.45,0.24875
1998-08-13,0.69374996,0.45,0.27625
1998-08-14,0.70875,0.4675,0.27125
1998-08-15,0.70124996,0.4875,0.27
1998-08-16,0.71750003,0.49,0.2875
1998-08-17,0.685,0.49,0.28125
1998-08-18,0.645,0.49875,0.2625
1998-08-19,0.6575,0.4825,0.26
1998-08-20,0.6425,0.45374998,0.25125
1998-08-21,0.64874995,0.45,0.24125
1998-08-22,0.65875,0.45,0.24
1998-08-23,0.66875005,0.45,0.23125
1998-08-24,0.64375,0.45,0.22125
1998-08-25,0.61375,0.45,0.22
1998-08-26,0.6275,0.45,0.22
1998-08-27,0.63874996,0.44125,0.22
1998-08-28,0.64874995,0.44,0.21125
1998-08-29,0.64125,0.44875,0.21
1998-08-30,0.64874995,0.45,0.21
1998-08-31,0.6675,0.45,0.21
1998-09-01,0.6525,0.45,0.21
1998-09-02,0.64125,0.45,0.20125
1998-09-03,0.6575,0.45,0.2
1998-09-04,0.7475,0.45,0.2
1998-09-05,0.78625,0.47625,0.2
1998-09-06,0.76375,0.515,0.2
1998-09-07,0.68125004,0.52874994,0.20875
1998-09-08,0.6175,0.5125,0.21
1998-09-09,0.5925,0.46625,0.20125
1998-09-10,0.625,0.4425,0.2
1998-09-11,0.63,0.43125,0.2
1998-09-12,0.63,0.42125,0.19125
1998-09-13,0.63,0.42,0.19
1998-09-14,0.63874996,0.42,0.19
1998-09-15,0.63125,0.42,0.19
1998-09-16,0.6825,0.42,0.19
1998-09-17,0.77750003,0.42875,0.19
1998-09-18,0.79,0.47375,0.19
1998-09-19,0.71125,0.52374995,0.19
1998-09-20,0.63875,0.52125,0.19
1998-09-21,0.62125003,0.47625,0.19
1998-09-22,0.6025,0.435,0.19
1998-09-23,0.6,0.43,0.18125
1998-09-24,0.6175,0.43,0.18
1998-09-25,0.62874997,0.43875,0.18
1998-09-26,0.62125003,0.44,0.18
1998-09-27,0.62,0.44,0.18
1998-09-28,0.61125004,0.43125,0.18
1998-09-29,0.58375,0.42125,0.18
1998-09-30,0.685,0.4375,0.18
1998-10-01,0.72625,0.51,0.17125
1998-10-02,0.73,0.52874994,0.17
1998-10-03,0.6425,0.48624998,0.17
1998-10-04,0.6125,0.43625,0.17
1998-10-05,0.61875,0.43,0.17
1998-10-06,0.6375,0.43875,0.17
1998-10-07,0.675,0.4575,0.17875
1998-10-08,0.75874996,0.52124995,0.18
1998-10-09,0.79625,0.55625,0.18875
1998-10-10,0.77375,0.56875,0.225
1998-10-11,0.67375004,0.5175,0.2125
1998-10-12,0.63375,0.46625,0.20125
1998-10-13,0.63,0.45125,0.20875
1998-10-14,0.63,0.45,0.2275
1998-10-15,0.6475,0.45,0.23
1998-10-16,0.67625,0.47625,0.25625
1998-10-17,0.72375,0.50624996,0.26
1998-10-18,0.7125,0.51874995,0.35625
1998-10-19,0.745,0.54625,0.5275
1998-10-20,0.82874995,0.64625,0.61125
1998-10-21,0.8225,0.695,0.69875
1998-10-22,0.7675,0.6475,0.52625
1998-10-23,0.7425,0.605,0.47375
1998-10-24,0.73125005,0.59125,0.4175
1998-10-25,0.70375,0.56375,0.3575
1998-10-26,0.6825,0.53375,0.30625
1998-10-27,0.6975,0.53,0.27375
1998-10-28,0.70875,0.53,0.26125
1998-10-29,0.68375003,0.5125,0.26
1998-10-30,0.645,0.48375,0.26
1998-10-31,0.64874995,0.47125,0.25125
1998-11-01,0.67625,0.4875,0.27625
1998-11-02,0.67125,0.49875,0.28875
1998-11-03,0.77500004,0.52625,0.29
1998-11-04,0.85125,0.62624997,0.325
1998-11-05,0.95625,0.7275,0.5575
1998-11-06,1.18875,0.94125,1.115
1998-11-07,1.185,1.0925,1.19
1998-11-08,1.04,0.99625003,1.18125
1998-11-09,0.92375004,0.84875,0.66375
1998-11-10,0.86625004,0.75125,0.59
1998-11-11,0.85125005,0.705,0.555
1998-11-12,0.91125,0.74375,0.61125
1998-11-13,1.0600001,0.9075,0.7775
1998-11-14,1.0537499,0.9825,0.98375
1998-11-15,1.09375,1.01625,1.85
1998-11-16,1.2225,1.2125,1.655
1998-11-17,1.1,1.1875,1.295
1998-11-18,0.97499996,1.04,1.0925
1998-11-19,0.89,0.95,1.0175
1998-11-20,0.88,0.87,0.96625
1998-11-21,0.87125003,0.86,1.0125
1998-11-22,0.91375,0.895,1.0375
1998-11-23,1.06875,0.96125,1.0575
1998-11-24,1.15125,1.08375,1.0425
1998-11-25,1.0025,1.0125,1.03125
1998-11-26,0.9625,0.91249996,1.03
1998-11-27,0.91625,0.865,1.03
1998-11-28,0.91,0.825,1.03
1998-11-29,0.91875005,0.81125,1.03875
1998-11-30,0.91125,0.81875,1.04875
1998-12-01,1.015,0.89,1.015
1998-12-02,1.10875,0.99625,1.1325
1998-12-03,1.155,1.115,1.33375
1998-12-04,1.2125,1.235,1.49125
1998-12-05,1.2025001,1.2937499,1.6325
1998-12-06,1.2,1.3,1.78125
1998-12-07,1.1912501,1.29125,1.9575
1998-12-08,1.39125,1.4212501,1.90125
1998-12-09,1.70875,1.6675,1.49625
1998-12-10,1.5575,1.5862501,1.69375
1998-12-11,1.50375,1.52625,1.7125
1998-12-12,1.36,1.4325,1.43875
1998-12-13,1.1825,1.25375,1.05
1998-12-14,1.04625,1.09875,0.895
1998-12-15,0.89875,0.93125004,0.88
1998-12-16,0.8975,0.84,0.92375
1998-12-17,1.0925,0.97875,0.90375
1998-12-18,1.11125,1.0525,1.075
1998-12-19,1.24125,1.1125,2.0625
1998-12-20,1.53125,1.46125,2.08625
1998-12-21,1.40375,1.475,1.72
1998-12-22,1.2575,1.30375,1.36375
1998-12-23,1.2225001,1.23625,1.17125
1998-12-24,1.22875,1.2475,1.00125
1998-12-25,1.01125,1.0749999,0.8925
1998-12-26,0.91875005,0.9275,0.81
1998-12-27,0.875,0.875,0.73875
1998-12-28,0.80875003,0.79125,0.695
1998-12-29,0.765,0.71875,0.69
1998-12-30,0.76874995,0.6925,0.69
1998-12-31,0.7525,0.69,0.7075
1999-01-01,0.79375,0.71625,2.18875
1999-01-02,0.9225,0.9125,1.95375
1999-01-03,1.0712501,1.08,1.37375
1999-01-04,1.1775,1.1962501,1.23875
1999-01-05,1.42625,1.35875,1.18625
1999-01-06,1.67875,1.65125,1.15375
1999-01-07,1.71,1.68125,1.08875
1999-01-08,1.52625,1.53125,1.08875
1999-01-09,1.42125,1.39625,0.85375
1999-01-10,1.235,1.24875,0.93375
1999-01-11,1.0787499,1.09,1.01125
1999-01-12,0.98125005,0.97375,1.0375
1999-01-13,0.92625004,0.89,0.99625
1999-01-14,0.85875005,0.81875,0.92
1999-01-15,0.7975,0.73125005,0.8925
1999-01-16,0.8075,0.76374996,0.88125
1999-01-17,0.81875,0.805,0.67875
1999-01-18,0.84625,0.81,0.58875
1999-01-19,0.815,0.78375,0.5625
1999-01-20,0.76625,0.73625004,0.525
1999-01-21,0.73375,0.68625003,0.52875
1999-01-22,0.7125,0.65375,0.46875
1999-01-23,0.70124996,0.6325,0.4425
1999-01-24,0.69124997,0.6125,0.4225
1999-01-25,0.6725,0.60125005,0.41125
1999-01-26,0.6525,0.5825,0.40125
1999-01-27,0.65875,0.58,0.4525
1999-01-28,0.695,0.615,0.5125
1999-01-29,0.69124997,0.64625,0.52875
1999-01-30,0.7075,0.6325,0.53875
1999-01-31,0.7275,0.67375,0.54875
1999-02-01,0.73875,0.6975,0.62875
1999-02-02,0.775,0.72625,0.6225
1999-02-03,0.7975,0.7475,0.55875
1999-02-04,0.765,0.70625,0.5325
1999-02-05,0.71625,0.65625,0.43375
1999-02-06,0.64875,0.59749997,0.3675
1999-02-07,0.63125,0.56375,0.3425
1999-02-08,0.62125003,0.55125,0.3225
1999-02-09,0.6025,0.53249997,0.3025
1999-02-10,0.59125,0.52125,0.29125
1999-02-11,0.56375,0.5025,0.28125
1999-02-12,0.53375,0.4825,0.28
1999-02-13,0.53875,0.47125,0.28875
1999-02-14,0.58375,0.49625,0.29875
1999-02-15,0.625,0.52625,0.29125
1999-02-16,0.6475,0.55625,0.255
1999-02-17,0.6325,0.55125,0.1975
1999-02-18,0.5775,0.52375,0.18125
1999-02-19,0.57,0.48499998,0.20625
1999-02-20,0.57,0.48875,0.28875
1999-02-21,0.54375005,0.48125,0.29125
1999-02-22,0.53125,0.47125,0.33375
1999-02-23,0.565,0.47875,0.48875
1999-02-24,0.64875,0.5675,0.5275
1999-02-25,0.73,0.65000004,0.565
1999-02-26,0.74,0.68625,0.63125
1999-02-27,0.83625,0.76874995,1.08625
1999-02-28,1.0775,1.05125,1.605
1999-03-01,1.1800001,1.2125,
1999-03-02,1.42625,1.3874999,
1999-03-03,1.7750001,1.7425,
1999-03-04,1.9425,1.965,
1999-03-05,2.24875,2.2525,
1999-03-06,2.08,2.22,2.96
1999-03-07,1.8575001,2.02625,2.96
1999-03-08,1.68125,1.86,2.95125
1999-03-09,1.6775,1.7525,2.80125
1999-03-10,1.785,1.7225001,
1999-03-11,1.56375,1.685,
1999-03-12,1.39,1.53125,
1999-03-13,1.405,1.4575,
1999-03-14,1.55875,1.54625,
1999-03-15,1.5275,1.5862501,2.95
1999-03-16,1.51125,1.625,3.01125
1999-03-17,1.475,1.6125,2.99375
1999-03-18,1.51375,1.75,2.9025
1999-03-19,1.44125,1.72625,2.84625
1999-03-20,1.3075,1.5975001,2.77875
1999-03-21,1.115,1.37,
1999-03-22,1.0025,1.1999999,
1999-03-23,0.94625,1.1275,1.54
1999-03-24,0.89625,1.0587499,0.83125
1999-03-25,0.8375,0.98875,0.73
1999-03-26,0.80375004,0.91875005,0.72125
1999-03-27,0.8175,0.88375,0.72
1999-03-28,0.77625,0.83625,0.72
1999-03-29,0.76125,0.80375004,0.71125
1999-03-30,0.76874995,0.765,0.71
1999-03-31,0.77874994,0.76,0.71
1999-04-01,0.7975,0.76,0.70125
1999-04-02,0.78249997,0.75125,0.6825
1999-04-03,0.73625004,0.715,0.67125
1999-04-04,0.695,0.675,0.67
1999-04-05,0.6725,0.6525,0.66125
1999-04-06,0.67,0.62375,0.65125
1999-04-07,0.67,0.62874997,0.6325
1999-04-08,0.66125,0.62125003,0.6125
1999-04-09,0.6425,0.61125004,0.5925
1999-04-10,0.64874995,0.60125005,0.58125
1999-04-11,0.65875,0.60875,0.5625
1999-04-12,0.65125,0.60125005,0.525
1999-04-13,0.62375,0.59125,0.51125
1999-04-14,0.61125004,0.56375,0.50125
1999-04-15,0.60125005,0.56,0.49125
1999-04-16,0.59125,0.55125,0.46375
1999-04-17,0.6075,0.55,0.45125
1999-04-18,0.65375,0.585,0.45875
1999-04-19,0.6425,0.59,0.4775
1999-04-20,0.63125,0.58124995,0.50625
1999-04-21,0.67375,0.58875,0.58
1999-04-22,0.70624995,0.65125,0.59
1999-04-23,0.66625,0.6425,0.58125
1999-04-24,0.6425,0.5875,0.57125
1999-04-25,0.68375,0.5975,0.54375
1999-04-26,0.69,0.60875,0.5225
1999-04-27,0.62875,0.5925,0.51125
1999-04-28,0.6025,0.54625,0.4925
1999-04-29,0.6175,0.54875004,0.48125
1999-04-30,0.61125004,0.54125,0.4625
1999-05-01,0.61,0.54,0.4425
1999-05-02,0.5925,0.53125,0.4225
1999-05-03,0.58124995,0.53,0.39375
1999-05-04,0.55375004,0.50374997,0.36375
1999-05-05,0.5675,0.5,0.36
1999-05-06,0.5875,0.5175,0.35125
1999-05-07,0.59,0.52,0.35
1999-05-08,0.59,0.52,0.34125
1999-05-09,0.59,0.52874994,0.33125
1999-05-10,0.59,0.52125,0.33
1999-05-11,0.5725,0.52,0.32125
1999-05-12,0.56125,0.5025,0.32
1999-05-13,0.595,0.5175,0.31125
1999-05-14,0.6175,0.52874994,0.31
1999-05-15,0.61125004,0.53,0.31
1999-05-16,0.60125005,0.52125,0.31
1999-05-17,0.6,0.52,0.30125
1999-05-18,0.57375,0.51125,0.3
1999-05-19,0.57875,0.4925,0.29125
1999-05-20,0.58875,0.5075,0.29
1999-05-21,0.59875,0.51,0.28125
1999-05-22,0.66125,0.545,0.28
1999-05-23,0.64375,0.5675,0.27125
1999-05-24,0.59625,0.54375005,0.27
1999-05-25,0.56375,0.505,0.27
1999-05-26,0.56,0.4825,0.27
1999-05-27,0.5775,0.4975,0.27
1999-05-28,0.58875,0.5,0.27
1999-05-29,0.59,0.5,0.27
1999-05-30,0.58124995,0.5,0.27
1999-05-31,0.58,0.5,0.27
1999-06-01,0.55375004,0.49125,0.27
1999-06-02,0.55875003,0.4725,0.27
1999-06-03,0.5775,0.47875,0.27
1999-06-04,0.58,0.48875,0.27
1999-06-05,0.55375004,0.49,0.27
1999-06-06,0.55875003,0.46375,0.26125
1999-06-07,0.5775,0.4775,0.26
1999-06-08,0.58875,0.48875,0.26
1999-06-09,0.6425,0.49875,0.26
1999-06-10,0.65,0.54375,0.26
1999-06-11,0.58875,0.515,0.26
1999-06-12,0.58,0.4925,0.25125
1999-06-13,0.58,0.48125,0.25
1999-06-14,0.58,0.48,0.25
1999-06-15,0.545,0.48,0.25
1999-06-16,0.56624997,0.45374998,0.25
1999-06-17,0.57875,0.47625,0.25
1999-06-18,0.57124996,0.48,0.25
1999-06-19,0.57875,0.48,0.25
1999-06-20,0.58875,0.48,0.25
1999-06-21,0.59,0.48875,0.25
1999-06-22,0.555,0.46375,0.25
1999-06-23,0.54125,0.46,0.24125
1999-06-24,0.56624997,0.45125,0.23125
1999-06-25,0.57,0.45,0.23
1999-06-26,0.57875,0.45,0.23
1999-06-27,0.60625,0.45,0.23
1999-06-28,0.5925,0.45,0.23
1999-06-29,0.54625,0.44125,0.23
1999-06-30,0.54,0.43125,0.23
1999-07-01,0.575,0.43,0.51
1999-07-02,0.6325,0.43875,0.54125
1999-07-03,0.6575,0.46625,0.53125
1999-07-04,0.65125,0.49625,0.53
1999-07-05,0.58875,0.50874996,0.52125
1999-07-06,0.53625,0.48375,0.5025
1999-07-07,0.53875,0.445,0.5
1999-07-08,0.5575,0.42249998,0.49125
1999-07-09,0.5775,0.42875,0.49
1999-07-10,0.58,0.43875,0.4725
1999-07-11,0.57124996,0.44,0.46125
1999-07-12,0.56125,0.44,0.46
1999-07-13,0.5775,0.44,0.45125
1999-07-14,0.6325,0.44,0.4325
1999-07-15,0.64874995,0.4575,0.42125
1999-07-16,0.65875,0.48625,0.4025
1999-07-17,0.6425,0.49875,0.39125
1999-07-18,0.5875,0.49125,0.38125
1999-07-19,0.58,0.4725,0.37125
1999-07-20,0.545,0.4525,0.36125
1999-07-21,0.53125,0.4325,0.35125
1999-07-22,0.565,0.42125,0.34125
1999-07-23,0.57875,0.42875,0.34
1999-07-24,0.57124996,0.43875,0.31375
1999-07-25,0.57,0.44,0.28375
1999-07-26,0.56125,0.44,0.2625
1999-07-27,0.56,0.43125,0.23375
1999-07-28,0.56,0.43,0.22125
1999-07-29,0.56875,0.43,0.21125
1999-07-30,0.56125,0.43,0.20125
1999-07-31,0.56875,0.43,0.19125
1999-08-01,0.56125,0.43,0.19
1999-08-02,0.55125,0.43,0.19
1999-08-03,0.54125,0.42125,0.19
1999-08-04,0.5575,0.41125,0.19
1999-08-05,0.56,0.41,0.19
1999-08-06,0.56875,0.41,0.19
1999-08-07,0.57,0.41875,0.19
1999-08-08,0.57,0.42,0.19
1999-08-09,0.5525,0.42,0.18125
1999-08-10,0.54125,0.42,0.18
1999-08-11,0.53125,0.42,0.18
1999-08-12,0.5475,0.41125,0.18
1999-08-13,0.55,0.41,0.18
1999-08-14,0.55875003,0.41,0.18
1999-08-15,0.56875,0.41,0.18
1999-08-16,0.56125,0.41,0.18
1999-08-17,0.5425,0.41,0.18
1999-08-18,0.54875004,0.41,0.18
1999-08-19,0.55,0.41,0.18
1999-08-20,0.55,0.40125,0.18
1999-08-21,0.55,0.4,0.17125
1999-08-22,0.55,0.4,0.17
1999-08-23,0.53249997,0.4,0.17
1999-08-24,0.53,0.4,0.17
1999-08-25,0.53,0.4,0.17
1999-08-26,0.5475,0.4,0.16125
1999-08-27,0.57624996,0.4,0.16
1999-08-28,0.58875,0.40875,0.16
1999-08-29,0.5725,0.41875,0.16
1999-08-30,0.5525,0.42875,0.16
1999-08-31,0.53249997,0.42125,0.16
1999-09-01,0.53875,0.4025,0.16
1999-09-02,0.54875004,0.39124998,0.16
1999-09-03,0.55,0.39,0.15125
1999-09-04,0.55,0.39875,0.15
1999-09-05,0.55,0.4,0.15
1999-09-06,0.515,0.4,0.15
1999-09-07,0.4925,0.39124998,0.15
1999-09-08,0.49,0.38125,0.15
1999-09-09,0.49875,0.37125,0.15
1999-09-10,0.50874996,0.37,0.15
1999-09-11,0.50125,0.37,0.15
1999-09-12,0.5,0.37,0.15
1999-09-13,0.5,0.37,0.14125
1999-09-14,0.5,0.37,0.14
1999-09-15,0.50874996,0.37,0.14
1999-09-16,0.51,0.37,0.14875
1999-09-17,0.51,0.37,0.15
1999-09-18,0.51874995,0.37875,0.15875
1999-09-19,0.52,0.38,0.16875
1999-09-20,0.52,0.38,0.17875
1999-09-21,0.51125,0.38,0.1625
1999-09-22,0.4925,0.38,0.16
1999-09-23,0.49,0.38,0.16
1999-09-24,0.49,0.37125,0.16
1999-09-25,0.49,0.36125,0.16
1999-09-26,0.49,0.36,0.16
1999-09-27,0.48125,0.36,0.16
1999-09-28,0.48875,0.36,0.16
1999-09-29,0.49875,0.36,0.16
1999-09-30,0.5,0.36875,0.16
1999-10-01,0.5,0.37,0.15125
1999-10-02,0.5,0.37,0.15
1999-10-03,0.5,0.37,0.15
1999-10-04,0.50874996,0.37875,0.15875
1999-10-05,0.51874995,0.38,0.25625
1999-10-06,0.52,0.38,0.235
1999-10-07,0.51125,0.3975,0.23
1999-10-08,0.51,0.40875,0.25625
1999-10-09,0.51,0.40125,0.2425
1999-10-10,0.4925,0.4,0.23125
1999-10-11,0.49,0.39124998,0.2125
1999-10-12,0.49,0.38125,0.18375
1999-10-13,0.49,0.37125,0.17125
1999-10-14,0.49,0.37,0.17
1999-10-15,0.49,0.37,0.17
1999-10-16,0.49,0.37,0.16125
1999-10-17,0.48125,0.37,0.16
1999-10-18,0.48,0.36125,0.15125
1999-10-19,0.48,0.35125,0.15
1999-10-20,0.48875,0.35,0.14125
1999-10-21,0.5075,0.35,0.1575
1999-10-22,0.5275,0.35875002,0.16
1999-10-23,0.53875,0.3775,0.16
1999-10-24,0.60125,0.3975,0.22125
1999-10-25,0.60125005,0.4175,0.23875
1999-10-26,0.5825,0.44625,0.24875
1999-10-27,0.57124996,0.45875,0.2675
1999-10-28,0.63124996,0.46,0.235
1999-10-29,0.66625,0.4775,0.3175
1999-10-30,0.59999996,0.52374995,0.4175
1999-10-31,0.56375,0.55625,0.605
1999-11-01,0.55125,0.48125,0.49875
1999-11-02,0.55,0.47875,0.31375
1999-11-03,0.54125,0.47125,0.255
1999-11-04,0.5225,0.4525,0.2325
1999-11-05,0.51125,0.4325,0.22125
1999-11-06,0.51874995,0.43,0.21125
1999-11-07,0.52874994,0.43,0.21875
1999-11-08,0.57374996,0.465,0.395
1999-11-09,0.72875,0.575,0.7175
1999-11-10,0.83750004,0.73875,0.59375
1999-11-11,0.78875,0.7425,0.57875
1999-11-12,0.75374997,0.6875,0.5625
1999-11-13,0.82,0.71500003,0.5775
1999-11-14,0.865,0.7725,1.04375
1999-11-15,0.94874996,0.92,1.08375
1999-11-16,0.85499996,0.87,0.80875
1999-11-17,0.77,0.74625003,0.665
1999-11-18,0.7075,0.6775,0.62375
1999-11-19,0.65625,0.635,0.6375
1999-11-20,0.7025,0.6475,0.57
1999-11-21,0.66625,0.64125,0.56
1999-11-22,0.87875,0.73625,1.3825
1999-11-23,1.04125,1.0300001,1.42125
1999-11-24,1.13875,1.13125,1.13
1999-11-25,1.0537499,1.06125,0.92375
1999-11-26,0.935,0.9275,0.96125
1999-11-27,0.955,0.9275,0.4975
1999-11-28,0.88125,0.8775,0.4125
1999-11-29,0.89625,0.8175,0.54125
1999-11-30,1.08375,0.9325,0.93625
1999-12-01,1.1800001,1.09875,1.01625
1999-12-02,1.1637499,1.12875,0.87125
1999-12-03,1.02875,1.025,0.73625
1999-12-04,0.9575,0.905,0.64125
1999-12-05,0.90625,0.84625,0.56875
1999-12-06,0.9,0.81375,0.945
1999-12-07,1.1274999,1.0024999,1.385
1999-12-08,1.3612499,1.2925,1.51
1999-12-09,1.3375001,1.35625,1.3975
1999-12-10,1.2775,1.2725,1.1875
1999-12-11,1.24375,1.2075,0.9675
1999-12-12,1.1787499,1.13,1.00125
1999-12-13,1.0737499,1.00625,0.82625
1999-12-14,1.06,0.9725,0.89625
1999-12-15,1.2,1.075,0.76125
1999-12-16,1.22875,1.13375,0.5825
1999-12-17,1.09875,1.02625,0.77
1999-12-18,1.12375,1.03625,0.8175
1999-12-19,1.2,1.0925,0.82875
1999-12-20,1.1575,1.1,0.83
1999-12-21,1.01,0.995,0.7425
1999-12-22,0.99875,0.91875005,0.625
1999-12-23,1.00875,0.91875005,0.56625
1999-12-24,1.045,0.9025,0.83125
1999-12-25,1.40875,1.17125,1.68375
1999-12-26,1.67875,1.58625,1.9225
1999-12-27,1.6837499,1.71,2.2375
1999-12-28,1.53125,1.65,2.49
1999-12-29,1.32625,1.50875,2.3625
1999-12-30,1.1687499,1.3675001,2.15625
1999-12-31,1.0625,1.2275001,1.85
2000-01-01,1.0762501,1.175,1.915
2000-01-02,1.5,1.3362501,2.42
2000-01-03,2.0324998,1.85875,2.595
2000-01-04,2.16125,2.1225002,3.1
2000-01-05,2.205,2.2375,2.9775
2000-01-06,1.9649999,2.1537502,2.69625
2000-01-07,1.7025,1.88625,2.42375
2000-01-08,1.4425,1.63125,2.24125
2000-01-09,1.27875,1.46875,2.1675
2000-01-10,1.1899999,1.37125,2.13375
2000-01-11,1.06625,1.255,2.1125
2000-01-12,0.9975,1.16125,2.04875
2000-01-13,0.9375,1.0975001,1.935
2000-01-14,0.8775,1.0375,1.70125
2000-01-15,0.8175,0.96,1.4775
2000-01-16,0.775,0.88,1.0825
2000-01-17,0.7175,0.79125,0.89
2000-01-18,0.7625,0.7625,0.7825
2000-01-19,0.70875,0.725,0.74375
2000-01-20,0.71750003,0.69375,0.7575
2000-01-21,0.825,0.75124997,0.97
2000-01-22,1.04125,0.89125,1.02625
2000-01-23,1.46375,1.21625,1.33625
2000-01-24,1.40625,1.3824999,1.7825
2000-01-25,1.39875,1.4525,1.97125
2000-01-26,1.32125,1.425,1.91125
2000-01-27,1.275,1.37625,1.9
2000-01-28,1.26125,1.37,1.78625
2000-01-29,1.2425001,1.3262501,2.23375
2000-01-30,1.38,1.32875,2.3
2000-01-31,1.5224999,1.4350001,2.15125
2000-02-01,1.63625,1.52,1.5
2000-02-02,1.8425,1.67875,1.62875
2000-02-03,1.8875,1.81375,1.555
2000-02-04,1.9425,1.89125,2.26625
2000-02-05,1.95,1.94375,2.58
2000-02-06,1.7925,1.88875,2.56625
2000-02-07,1.6825,1.775,2.4725
2000-02-08,1.74,1.76,2.20625
2000-02-09,1.91625,1.83875,2.0825
2000-02-10,2.1675,2.03375,2.4025
2000-02-11,2.5237498,2.3400002,2.42375
2000-02-12,2.47375,2.415,2.3325
2000-02-13,2.145,2.1837502,2.25
2000-02-14,1.77625,1.87,2.31875
2000-02-15,1.47625,1.6375,2.28625
2000-02-16,1.2825,1.4437499,2.07
2000-02-17,1.1725,1.2975,1.83875
2000-02-18,1.11625,1.2012501,1.6525
2000-02-19,1.08375,1.14625,1.7
2000-02-20,1.10625,1.16625,1.7275
2000-02-21,1.18875,1.205,1.4325
2000-02-22,1.165,1.1925001,1.32875
2000-02-23,1.1075001,1.12875,1.25875
2000-02-24,1.03,1.0675,1.145
2000-02-25,0.95875,0.99,1.0425
2000-02-26,0.90625,0.91875005,0.9425
2000-02-27,0.85625005,0.8575,0.86875
2000-02-28,0.8325,0.82375,0.88625
2000-02-29,0.78625,0.79375005,0.89875
2000-03-01,0.85875,0.81624997,1.1975
2000-03-02,0.98375,0.96000004,1.35375
2000-03-03,1.0174999,1.04125,1.685
2000-03-04,1.04625,1.11125,2.03625
2000-03-05,1.0762501,1.19,2.1325
2000-03-06,1.0625,1.2,2.315
2000-03-07,1.025,1.1737499,2.1475
2000-03-08,0.99375,1.14375,1.8575
2000-03-09,0.89375,1.035,1.435
2000-03-10,0.87125003,0.94125,1.37125
2000-03-11,0.94,0.96500003,1.23
2000-03-12,1.3175,1.11875,1.32375
2000-03-13,2.04375,1.81375,1.795
2000-03-14,1.9475,1.9187499,2.14875
2000-03-15,1.9375,1.9287499,2.51375
2000-03-16,2.0974998,2.0874999,2.35
2000-03-17,2.02375,2.0925,2.3375
2000-03-18,2.0625,2.0725,2.64625
2000-03-19,2.07875,2.1312501,2.75125
2000-03-20,2.0275,2.0874999,3.11875
2000-03-21,1.99375,2.1325002,3.16125
2000-03-22,1.92,2.06125,3.06375
2000-03-23,1.7525,1.9625001,2.8925
2000-03-24,1.56375,1.7575,2.59
2000-03-25,1.39125,1.58125,2.33125
2000-03-26,1.265,1.4375,2.13375
2000-03-27,1.145,1.2975,1.935
2000-03-28,1.0687499,1.1837499,1.77
2000-03-29,1.06875,1.135,1.63625
2000-03-30,1.06125,1.12125,1.55
2000-03-31,1.0775,1.11125,1.46125
2000-04-01,1.0712501,1.10125,1.3975
2000-04-02,1.02625,1.0649999,1.36375
2000-04-03,0.91499996,0.99,1.33375
2000-04-04,0.8825,0.93625003,1.1375
2000-04-05,0.8975,0.92125,1.075
2000-04-06,0.87375,0.9025,1.0175
2000-04-07,0.8525,0.865,0.905
2000-04-08,0.84125,0.8425,0.8725
2000-04-09,0.8225,0.8225,0.8525
2000-04-10,0.79375005,0.79375005,0.815
2000-04-11,0.71125,0.74625003,0.7925
2000-04-12,0.77,0.73125005,0.7725
2000-04-13,0.80625,0.77374995,0.7525
2000-04-14,0.7925,0.77125,0.715
2000-04-15,0.79,0.74375,0.7275
2000-04-16,0.84250003,0.775,0.77375
2000-04-17,0.82375,0.80625,0.82375
2000-04-18,0.77625,0.78375,0.795
2000-04-19,0.77874994,0.75374997,0.74625
2000-04-20,0.78875,0.75874996,0.71375
2000-04-21,0.79875004,0.75125,0.7275
2000-04-22,0.8,0.7675,0.8175
2000-04-23,0.73875004,0.76125,0.87375
2000-04-24,0.77374995,0.76874995,0.845
2000-04-25,0.77125,0.77,0.805
2000-04-26,0.79625,0.76125,0.72125
2000-04-27,0.765,0.7425,0.63125
2000-04-28,0.73375,0.705,0.61125
2000-04-29,0.73,0.69124997,0.5925
2000-04-30,0.765,0.7075,0.58125
2000-05-01,0.74375,0.70124996,0.5625
2000-05-02,0.67875004,0.65625,0.55125
2000-05-03,0.66125,0.6325,0.55
2000-05-04,0.73875,0.65625,0.54125
2000-05-05,0.75,0.68625,0.53125
2000-05-06,0.75,0.68125,0.52125
2000-05-07,0.75,0.68,0.51125
2000-05-08,0.715,0.67125,0.51
2000-05-09,0.65749997,0.64375,0.51
2000-05-10,0.69374996,0.63125,0.50125
2000-05-11,0.71750003,0.63,0.49125
2000-05-12,0.71125,0.6475,0.48125
2000-05-13,0.71,0.64125,0.47125
2000-05-14,0.7275,0.64874995,0.46125
2000-05-15,0.68625003,0.64125,0.45125
2000-05-16,0.6275,0.59625,0.45
2000-05-17,0.66375,0.58124995,0.45
2000-05-18,0.71375,0.6325,0.44125
2000-05-19,0.7375,0.6575,0.43125
2000-05-20,0.74,0.66,0.43
2000-05-21,0.74875,0.66875005,0.42125
2000-05-22,0.715,0.6525,0.42
2000-05-23,0.65749997,0.615,0.42
2000-05-24,0.69374996,0.61,0.42
2000-05-25,0.72625,0.6275,0.41125
2000-05-26,0.7475,0.6475,0.41
2000-05-27,0.74125004,0.65,0.41
2000-05-28,0.74,0.65,0.40125
2000-05-29,0.74,0.65,0.39125
2000-05-30,0.66125,0.60625005,0.39
2000-05-31,0.71125,0.60875,0.39
2000-06-01,0.72875,0.63625,0.39
2000-06-02,0.72125006,0.64,0.39
2000-06-03,0.74625003,0.64,0.38125
2000-06-04,0.75,0.64874995,0.38
2000-06-05,0.6975,0.62375,0.38
2000-06-06,0.6375,0.585,0.37125
2000-06-07,0.7,0.60625,0.37
2000-06-08,0.71875,0.6275,0.36125
2000-06-09,0.72,0.62125003,0.36
2000-06-10,0.71125,0.62,0.36
2000-06-11,0.7275,0.62,0.35125
2000-06-12,0.66875005,0.6025,0.35
2000-06-13,0.6075,0.55625004,0.35
2000-06-14,0.67,0.55875003,0.35
2000-06-15,0.70624995,0.60375,0.35
2000-06-16,0.71875,0.63625,0.35
2000-06-17,0.72875,0.6225,0.34125
2000-06-18,0.72125006,0.62,0.34
2000-06-19,0.685,0.61125004,0.34
2000-06-20,0.61,0.5575,0.34
2000-06-21,0.67,0.55,0.34
2000-06-22,0.72375,0.6025,0.33125
2000-06-23,0.72125006,0.61875,0.33
2000-06-24,0.62375003,0.57625,0.33
2000-06-25,0.67125,0.5525,0.33
2000-06-26,0.6625,0.5675,0.32125
2000-06-27,0.59,0.53499997,0.32
2000-06-28,0.65875,0.53875,0.31125
2000-06-29,0.6875,0.58375,0.31
2000-06-30,0.69875,0.59,0.31
2000-07-01,0.70875,0.59875,0.31
2000-07-02,0.73625,0.60875,0.31
2000-07-03,0.73125005,0.6275,0.30125
2000-07-04,0.61625004,0.56875,0.3
2000-07-05,0.66125,0.5425,0.3
2000-07-06,0.7225,0.59250003,0.3
2000-07-07,0.73,0.60875,0.3
2000-07-08,0.7125,0.60125005,0.29125
2000-07-09,0.6925,0.59125,0.29
2000-07-10,0.60249996,0.555,0.29
2000-07-11,0.56375,0.515,0.29
2000-07-12,0.64750004,0.51874995,0.29
2000-07-13,0.70375,0.58124995,0.28125
2000-07-14,0.71,0.59,0.28
2000-07-15,0.71,0.59,0.28
2000-07-16,0.70124996,0.59,0.28875
2000-07-17,0.6475,0.5725,0.28125
2000-07-18,0.6575,0.5525,0.28
2000-07-19,0.68625,0.5675,0.28
2000-07-20,0.7075,0.5875,0.28
2000-07-21,0.71,0.59,0.28
2000-07-22,0.71875,0.59875,0.28
2000-07-23,0.72875,0.60875,0.28
2000-07-24,0.73,0.61,0.28
2000-07-25,0.59875,0.5575,0.28
2000-07-26,0.64124995,0.515,0.28
2000-07-27,0.65,0.55375,0.28
2000-07-28,0.65875,0.55125,0.28
2000-07-29,0.70375,0.5675,0.28
2000-07-30,0.6925,0.5875,0.28
2000-07-31,0.68125,0.5725,0.28
2000-08-01,0.5925,0.53499997,0.2625
2000-08-02,0.62375,0.50374997,0.26
2000-08-03,0.69124997,0.5525,0.26
2000-08-04,0.70875,0.58624995,0.26
2000-08-05,0.71,0.59,0.25125
2000-08-06,0.71,0.58124995,0.25
2000-08-07,0.66625,0.57124996,0.25
2000-08-08,0.59,0.52625,0.25
2000-08-09,0.65000004,0.51125,0.25
2000-08-10,0.70375,0.5625,0.25
2000-08-11,0.71,0.57875,0.24125
2000-08-12,0.71875,0.58,0.24
2000-08-13,0.72,0.58,0.24
2000-08-14,0.7025,0.58,0.23125
2000-08-15,0.59499997,0.55375004,0.23
2000-08-16,0.65875,0.515,0.23
2000-08-17,0.6875,0.55375,0.23
2000-08-18,0.66375005,0.5425,0.23
2000-08-19,0.65125,0.54,0.23
2000-08-20,0.72,0.5575,0.22125
2000-08-21,0.70375,0.5775,0.22
2000-08-22,0.63875,0.53625,0.22
2000-08-23,0.6475,0.50374997,0.22
2000-08-24,0.685,0.535,0.22
2000-08-25,0.69,0.54875004,0.22
2000-08-26,0.69,0.55,0.21125
2000-08-27,0.69,0.55,0.21
2000-08-28,0.69,0.55875003,0.21
2000-08-29,0.60249996,0.525,0.21875
2000-08-30,0.66875,0.51125,0.22875
2000-08-31,0.6975,0.55375,0.23
2000-09-01,0.70875,0.56875,0.23875
2000-09-02,0.70124996,0.57,0.2575
2000-09-03,0.7,0.57,0.2775
2000-09-04,0.6825,0.57,0.35
2000-09-05,0.68,0.57875,0.3775
2000-09-06,0.6975,0.58875,0.415
2000-09-07,0.77875,0.6425,0.4375
2000-09-08,0.79875004,0.685,0.41375
2000-09-09,0.73,0.655,0.375
2000-09-10,0.755,0.6325,0.37
2000-09-11,0.725,0.63,0.3525
2000-09-12,0.6675,0.58625,0.34125
2000-09-13,0.71250004,0.57124996,0.3225
2000-09-14,0.7375,0.57875,0.31125
2000-09-15,0.73125005,0.615,0.28375
2000-09-16,0.7475,0.62,0.21
2000-09-17,0.74125004,0.61125004,0.2175
2000-09-18,0.705,0.60125005,0.255
2000-09-19,0.62125003,0.5825,0.26
2000-09-20,0.6625,0.55375004,0.26
2000-09-21,0.705,0.53249997,0.2425
2000-09-22,0.71875,0.53875,0.23125
2000-09-23,0.71125,0.5575,0.22125
2000-09-24,0.71,0.56875,0.22
2000-09-25,0.65749997,0.56125,0.21125
2000-09-26,0.60625005,0.53375,0.18375
2000-09-27,0.66125,0.5125,0.18
2000-09-28,0.69624996,0.50125,0.2325
2000-09-29,0.7,0.5175,0.2225
2000-09-30,0.70875,0.5375,0.21125
2000-10-01,0.71,0.54,0.21
2000-10-02,0.61375004,0.54,0.21
2000-10-03,0.565,0.51375,0.21
2000-10-04,0.6125,0.48375,0.21
2000-10-05,0.6375,0.48,0.20125
2000-10-06,0.64874995,0.48875,0.2
2000-10-07,0.64125,0.49875,0.19125
2000-10-08,0.6575,0.50874996,0.2075
2000-10-09,0.66,0.51,0.2275
2000-10-10,0.625,0.51874995,0.22125
2000-10-11,0.70750004,0.52,0.21125
2000-10-12,0.69375,0.52874994,0.21
2000-10-13,0.66375005,0.53875,0.21
2000-10-14,0.61625004,0.53125,0.20125
2000-10-15,0.68874997,0.5125,0.19125
2000-10-16,0.7,0.51,0.18125
2000-10-17,0.6125,0.51874995,0.17125
2000-10-18,0.67,0.51125,0.16125
2000-10-19,0.68875,0.50125,0.16
2000-10-20,0.66375005,0.50874996,0.16
2000-10-21,0.68625,0.51,0.16
2000-10-22,0.69875,0.51,0.16
2000-10-23,0.69124997,0.51874995,0.15125
2000-10-24,0.60249996,0.52,0.15
2000-10-25,0.66,0.49375,0.14125
2000-10-26,0.71375,0.51625,0.14
2000-10-27,0.72,0.52874994,0.14
2000-10-28,0.7375,0.53875,0.13125
2000-10-29,0.74875,0.54875004,0.13
2000-10-30,0.74125004,0.55875003,0.13875
2000-10-31,0.67875004,0.525,0.14875
2000-11-01,0.7225,0.51125,0.17625
2000-11-02,0.7825,0.5625,0.20625
2000-11-03,0.79875004,0.605,0.21875
2000-11-04,0.72125,0.575,0.24625
2000-11-05,0.75374997,0.57875,0.32875
2000-11-06,0.7425,0.60625,0.55
2000-11-07,0.83625,0.6975,0.41375
2000-11-08,0.96375,0.7975,0.7925
2000-11-09,1.12875,0.96750003,0.92
2000-11-10,1.17625,1.0862501,0.86
2000-11-11,1.08375,1.03,0.77125
2000-11-12,0.97375,0.8975,0.59375
2000-11-13,0.9425,0.81,0.5175
2000-11-14,0.93125,0.8,0.46625
2000-11-15,1.0,0.79125,0.73125
2000-11-16,1.2025,1.0174999,1.40875
2000-11-17,1.4312501,1.28625,1.71875
2000-11-18,1.635,1.565,2.02125
2000-11-19,1.65125,1.66125,1.885
2000-11-20,1.50125,1.55625,1.72875
2000-11-21,1.31375,1.4,1.91125
2000-11-22,1.2725,1.2837499,1.6775
2000-11-23,1.27875,1.24375,1.29
2000-11-24,1.14875,1.12625,0.8725
2000-11-25,1.0337499,0.97875,0.7325
2000-11-26,0.97625005,0.88125,0.62375
2000-11-27,0.94375,0.82625,0.575
2000-11-28,0.8875,0.7675,0.77125
2000-11-29,1.0550001,0.87375,0.8875
2000-11-30,1.15,1.02125,0.83
2000-12-01,1.1862501,1.0662501,0.70625
2000-12-02,1.225,1.07,0.655
2000-12-03,1.53625,1.25375,0.8425
2000-12-04,1.9125,1.595,1.05375
2000-12-05,1.9512501,1.745,1.115
2000-12-06,1.74875,1.6637499,1.19
2000-12-07,1.64125,1.58875,1.2525
2000-12-08,1.77,1.7112501,1.4525
2000-12-09,1.685,1.6775,1.50625
2000-12-10,1.48625,1.495,1.3525
2000-12-11,1.25,1.3125,1.33
2000-12-12,1.22,1.2112501,1.2775
2000-12-13,1.255,1.26125,1.2525
2000-12-14,1.12875,1.19125,1.13625
2000-12-15,1.1275,1.08375,1.49625
2000-12-16,1.27,1.27125,1.6725
2000-12-17,1.28125,1.37,1.66375
2000-12-18,1.2012501,1.3187499,1.555
2000-12-19,1.33,1.31,1.715
2000-12-20,1.7524999,1.6425,1.6875
2000-12-21,1.67,1.6725,1.5575
2000-12-22,1.51875,1.5125,1.47875
2000-12-23,1.5437499,1.48125,1.39125
2000-12-24,1.5587499,1.48,1.38
2000-12-25,1.5337499,1.50625,1.3275
2000-12-26,1.25875,1.3087499,1.13625
2000-12-27,1.10625,1.0875,0.99625
2000-12-28,1.04625,1.01625,0.8575
2000-12-29,0.96999997,0.9225,0.7525
2000-12-30,0.90749997,0.83125,0.69625
2000-12-31,0.9525,0.81125,0.80375
2001-01-01,1.0562501,0.94124997,0.8725
2001-01-02,1.13125,1.03,0.9325
2001-01-03,1.21875,1.145,1.05375
2001-01-04,1.2125001,1.1775,0.97375
2001-01-05,1.37625,1.22375,1.19625
2001-01-06,1.3475001,1.30875,1.27375
2001-01-07,1.235,1.2675,1.27125
2001-01-08,1.12375,1.14625,1.22625
2001-01-09,1.005,1.0337499,1.01
2001-01-10,0.9025,0.8975,0.86625
2001-01-11,0.82875,0.80125004,0.7975
2001-01-12,0.78499997,0.72875005,0.71125
2001-01-13,0.78875,0.71125,0.65625
2001-01-14,0.78125,0.71,0.58875
2001-01-15,0.75374997,0.66625,0.53625
2001-01-16,0.72375,0.6425,0.53875
2001-01-17,0.71125,0.6225,0.51375
2001-01-18,0.675,0.585,0.4925
2001-01-19,0.71375,0.58,0.48125
2001-01-20,0.7375,0.615,0.4625
2001-01-21,0.7225,0.62,0.46875
2001-01-22,0.67625004,0.585,0.44375
2001-01-23,0.71375,0.58,0.475
2001-01-24,0.8075,0.65000004,0.55
2001-01-25,0.89875,0.75624996,0.56875
2001-01-26,0.875,0.76125,0.57875
2001-01-27,0.95750004,0.80375,0.685
2001-01-28,0.90875,0.8275,0.70875
2001-01-29,0.83,0.76875,0.6925
2001-01-30,0.75,0.7075,0.6025
2001-01-31,0.705,0.63875,0.5025
2001-02-01,0.74375,0.62125003,0.455
2001-02-02,0.77625,0.6375,0.415
2001-02-03,0.7625,0.64,0.38375
2001-02-04,0.73375,0.6225,0.37125
2001-02-05,0.695,0.585,0.36125
2001-02-06,0.69875,0.57124996,0.35125
2001-02-07,0.65625,0.5525,0.34125
2001-02-08,0.615,0.515,0.33125
2001-02-09,0.60125005,0.50125,0.33875
2001-02-10,0.6175,0.50874996,0.33125
2001-02-11,0.61125004,0.50125,0.32125
2001-02-12,0.61875,0.5,0.32875
2001-02-13,0.73375,0.56125,0.33875
2001-02-14,0.70625,0.5875,0.3225
2001-02-15,0.69124997,0.5725,0.31125
2001-02-16,0.6725,0.54375005,0.30125
2001-02-17,0.67875004,0.54875004,0.32625
2001-02-18,0.65375,0.54125,0.33
2001-02-19,0.64125,0.53125,0.32125
2001-02-20,0.64874995,0.53,0.32875
2001-02-21,0.6325,0.52125,0.33
2001-02-22,0.60375,0.5025,0.3475
2001-02-23,0.5825,0.49125,0.35
2001-02-24,0.58875,0.49,0.35
2001-02-25,0.625,0.5075,0.34125
2001-02-26,0.63,0.5275,0.33125
2001-02-27,0.63874996,0.53,0.32125
2001-02-28,0.64874995,0.53,0.4425
2001-03-01,0.6325,0.53,0.34625
2001-03-02,0.5775,0.48624998,0.33875
2001-03-03,0.57,0.47125,0.34875
2001-03-04,0.5875,0.47875,0.385
2001-03-05,0.61625,0.52374995,0.3725
2001-03-06,0.62,0.53875,0.37875
2001-03-07,0.65500003,0.5575,0.44125
2001-03-08,0.73,0.6125,0.61625
2001-03-09,0.7225,0.64625,0.56125
2001-03-10,0.71125,0.64125,0.47125
2001-03-11,0.6925,0.61375,0.6175
2001-03-12,0.71625,0.65375,0.63125
2001-03-13,0.79875,0.6775,0.72625
2001-03-14,0.97625,0.84625,0.7225
2001-03-15,0.95625,0.87874997,0.6325
2001-03-16,0.95,0.84499997,0.585
2001-03-17,0.84499997,0.78749996,0.60625
2001-03-18,0.76875,0.71875,0.60125
2001-03-19,0.6725,0.66625,0.565
2001-03-20,0.61625004,0.59,0.49
2001-03-21,0.5925,0.53625,0.445
2001-03-22,0.58124995,0.5125,0.41375
2001-03-23,0.57124996,0.4925,0.3925
2001-03-24,0.57875,0.49,0.3725
2001-03-25,0.65000004,0.53375,0.36125
2001-03-26,0.66875005,0.5575,0.36
2001-03-27,0.64375,0.55125,0.36875
2001-03-28,0.5875,0.515,0.36125
2001-03-29,0.5625,0.475,0.35125
2001-03-30,0.55125,0.46125,0.3675
2001-03-31,0.6025,0.48625,0.4575
2001-04-01,0.645,0.56874996,0.4525
2001-04-02,0.60625005,0.55375004,0.40625
2001-04-03,0.565,0.4975,0.4175
2001-04-04,0.55125,0.48125,0.4025
2001-04-05,0.53249997,0.47125,0.39125
2001-04-06,0.53,0.47,0.36375
2001-04-07,0.50374997,0.435,0.325
2001-04-08,0.535,0.43,0.3025
2001-04-09,0.505,0.43,0.265
2001-04-10,0.47375,0.40375,0.225
2001-04-11,0.47875,0.4,0.19375
2001-04-12,0.48,0.4,0.19875
2001-04-13,0.4975,0.4,0.2525
2001-04-14,0.49125,0.3825,0.26
2001-04-15,0.49875,0.3975,0.26
2001-04-16,0.5,0.42625,0.25125
2001-04-17,0.50874996,0.42125,0.24125
2001-04-18,0.51874995,0.42,0.24
2001-04-19,0.51125,0.41125,0.24875
2001-04-20,0.50125,0.41,0.25875
2001-04-21,0.49125,0.40125,0.23375
2001-04-22,0.48125,0.39124998,0.23
2001-04-23,0.48,0.39,0.23
2001-04-24,0.47125,0.39,0.23
2001-04-25,0.47,0.3725,0.22125
2001-04-26,0.5225,0.405,0.22
2001-04-27,0.52125,0.41875,0.21125
2001-04-28,0.4675,0.4025,0.21
2001-04-29,0.46,0.37375,0.21
2001-04-30,0.46,0.36125,0.21
2001-05-01,0.45125,0.35125,0.20125
2001-05-02,0.45,0.35,0.2
2001-05-03,0.44125,0.34125,0.19125
2001-05-04,0.43125,0.34,0.19
2001-05-05,0.42125,0.34,0.19
2001-05-06,0.41125,0.33125,0.19
2001-05-07,0.40125,0.33,0.19
2001-05-08,0.4,0.32125,0.19
2001-05-09,0.4,0.32,0.19
2001-05-10,0.4,0.32,0.19
2001-05-11,0.4,0.32,0.18125
2001-05-12,0.4,0.32,0.18
2001-05-13,0.40875,0.32,0.18
2001-05-14,0.43625,0.32875,0.18
2001-05-15,0.43125,0.33875,0.18875
2001-05-16,0.40375,0.33125,0.19875
2001-05-17,0.40875,0.33,0.24375
2001-05-18,0.43625,0.3475,0.3025
2001-05-19,0.4575,0.37625,0.33625
2001-05-20,0.46,0.3975,0.31375
2001-05-21,0.45125,0.39124998,0.2925
2001-05-22,0.45,0.38125,0.255
2001-05-23,0.44125,0.37125,0.1975
2001-05-24,0.44,0.37,0.225
2001-05-25,0.44,0.36125,0.22125
2001-05-26,0.42249998,0.35125,0.22
2001-05-27,0.4025,0.3325,0.21125
2001-05-28,0.3825,0.33,0.21
2001-05-29,0.38875,0.32125,0.20125
2001-05-30,0.39875,0.32,0.2
2001-05-31,0.4,0.32,0.2
2001-06-01,0.39124998,0.32,0.2
2001-06-02,0.38125,0.32,0.2
2001-06-03,0.345,0.29375,0.2
2001-06-04,0.34,0.29,0.2
2001-06-05,0.34,0.28125,0.19125
2001-06-06,0.33125,0.28,0.19
2001-06-07,0.3475,0.28,0.19
2001-06-08,0.3325,0.28,0.19
2001-06-09,0.3125,0.27125,0.19
2001-06-10,0.31,0.27,0.18125
2001-06-11,0.31,0.26125,0.18
2001-06-12,0.31,0.26,0.18
2001-06-13,0.31,0.26,0.18
2001-06-14,0.30125,0.25125,0.18
2001-06-15,0.3,0.25,0.17125
2001-06-16,0.30875,0.25875,0.17
2001-06-17,0.31,0.26,0.16125
2001-06-18,0.31,0.26,0.16
2001-06-19,0.31,0.25125,0.16
2001-06-20,0.31,0.25,0.16
2001-06-21,0.30125,0.25,0.16
2001-06-22,0.3,0.25,0.16
2001-06-23,0.30875,0.25,0.16
2001-06-24,0.31,0.25,0.16
2001-06-25,0.31,0.25,0.16
2001-06-26,0.30125,0.25,0.16
2001-06-27,0.3,0.25,0.15125
2001-06-28,0.3,0.24125,0.15
2001-06-29,0.3,0.24,0.15
2001-06-30,0.3,0.24,0.15
2001-07-01,0.29125,0.24,0.15
2001-07-02,0.29875,0.24,0.15
2001-07-03,0.3,0.24,0.15
2001-07-04,0.29125,0.24,0.15
2001-07-05,0.29,0.24,0.15
2001-07-06,0.29,0.24,0.15
2001-07-07,0.29875,0.24,0.14125
2001-07-08,0.3,0.24,0.14
2001-07-09,0.29125,0.24,0.14
2001-07-10,0.28125,0.23125,0.14
2001-07-11,0.28875,0.23875,0.14
2001-07-12,0.29,0.24,0.14
2001-07-13,0.29,0.23125,0.14
2001-07-14,0.29,0.23,0.14
2001-07-15,0.29,0.23,0.14
2001-07-16,0.28125,0.23,0.14
2001-07-17,0.28875,0.23,0.14
2001-07-18,0.29875,0.23875,0.14
2001-07-19,0.29125,0.23125,0.14
2001-07-20,0.29,0.23,0.13125
2001-07-21,0.29875,0.23,0.13
2001-07-22,0.3,0.23875,0.13
2001-07-23,0.29125,0.23125,0.13
2001-07-24,0.29,0.23,0.13
2001-07-25,0.29,0.23,0.13
2001-07-26,0.29,0.23,0.13
2001-07-27,0.29,0.23,0.13875
2001-07-28,0.29,0.23,0.13125
2001-07-29,0.29,0.23,0.13
2001-07-30,0.29,0.23,0.13
2001-07-31,0.29,0.23,0.13
2001-08-01,0.29875,0.23875,0.13
2001-08-02,0.29125,0.23125,0.13
2001-08-03,0.28125,0.22125,0.12125
2001-08-04,0.28,0.22,0.12
2001-08-05,0.28,0.22,0.12
2001-08-06,0.28,0.22,0.12
2001-08-07,0.28,0.22,0.12
2001-08-08,0.28,0.22,0.12
2001-08-09,0.28,0.22,0.11125
2001-08-10,0.27125,0.22,0.11
2001-08-11,0.27,0.21124999,0.11
2001-08-12,0.27,0.21,0.11
2001-08-13,0.27875,0.21,0.11
2001-08-14,0.28,0.21,0.11
2001-08-15,0.28,0.21875,0.11
2001-08-16,0.27125,0.21124999,0.11
2001-08-17,0.27,0.21,0.11
2001-08-18,0.27,0.21,0.11
2001-08-19,0.27,0.21,0.11
2001-08-20,0.27,0.21,0.11
2001-08-21,0.27,0.21,0.11
2001-08-22,0.27,0.21,0.11
2001-08-23,0.27,0.21,0.11
2001-08-24,0.27,0.21,0.11
2001-08-25,0.27875,0.21,0.11
2001-08-26,0.28,0.21875,0.11
2001-08-27,0.28,0.22,0.1275
2001-08-28,0.28875,0.22,0.13875
2001-08-29,0.29,0.22875,0.14
2001-08-30,0.29875,0.23,0.14875
2001-08-31,0.32625002,0.2475,0.15875
2001-09-01,0.33,0.25875,0.16
2001-09-02,0.33,0.26,0.1425
2001-09-03,0.33,0.26,0.14875
2001-09-04,0.33,0.26,0.19375
2001-09-05,0.30375,0.25125,0.2175
2001-09-06,0.29125,0.25,0.19375
2001-09-07,0.29,0.25,0.18125
2001-09-08,0.28125,0.24125,0.145
2001-09-09,0.28875,0.23125,0.13125
2001-09-10,0.29875,0.23875,0.13
2001-09-11,0.3,0.24,0.13
2001-09-12,0.29125,0.23125,0.12125
2001-09-13,0.29,0.23,0.11125
2001-09-14,0.29,0.22125,0.11
2001-09-15,0.29,0.22,0.11
2001-09-16,0.29,0.22,0.11875
2001-09-17,0.3075,0.22875,0.12875
2001-09-18,0.32750002,0.2475,0.13
2001-09-19,0.3125,0.25,0.13
2001-09-20,0.31,0.24125,0.13
2001-09-21,0.32750002,0.24,0.13
2001-09-22,0.35625002,0.2575,0.13
2001-09-23,0.35125,0.26875,0.13
2001-09-24,0.32375,0.2525,0.13
2001-09-25,0.31125,0.25,0.12125
2001-09-26,0.31,0.24125,0.11125
2001-09-27,0.30125,0.23125,0.11
2001-09-28,0.3,0.23,0.11
2001-09-29,0.3,0.23,0.11
2001-09-30,0.3,0.23,0.11
2001-10-01,0.3175,0.23,0.11
2001-10-02,0.3375,0.2475,0.11875
2001-10-03,0.3225,0.25875,0.12
2001-10-04,0.31125,0.25125,0.12875
2001-10-05,0.31875,0.24125,0.13
2001-10-06,0.34625,0.24875,0.1475
2001-10-07,0.35875002,0.27625,0.17625
2001-10-08,0.35125,0.28,0.1975
2001-10-09,0.3675,0.28875,0.20875
2001-10-10,0.39625,0.31625,0.32375
2001-10-11,0.45250002,0.34625,0.34875
2001-10-12,0.4775,0.4025,0.2625
2001-10-13,0.43625,0.375,0.22375
2001-10-14,0.38625,0.32625,0.22
2001-10-15,0.3975,0.31125,0.22
2001-10-16,0.44375,0.33625,0.21125
2001-10-17,0.4325,0.34875,0.1925
2001-10-18,0.43,0.34125,0.1725
2001-10-19,0.42125,0.34,0.17875
2001-10-20,0.42875,0.34,0.18
2001-10-21,0.4475,0.34875,0.22375
2001-10-22,0.4675,0.37625,0.23
2001-10-23,0.46125,0.38,0.2125
2001-10-24,0.4425,0.35375,0.20125
2001-10-25,0.44,0.35,0.20875
2001-10-26,0.4575,0.35875002,0.20125
2001-10-27,0.48625,0.3775,0.19125
2001-10-28,0.45499998,0.3625,0.16375
2001-10-29,0.4325,0.3425,0.15125
2001-10-30,0.4125,0.33125,0.15
2001-10-31,0.41,0.3125,0.15
2001-11-01,0.40125,0.31,0.12375
2001-11-02,0.4,0.30125,0.12
2001-11-03,0.4175,0.30875,0.19
2001-11-04,0.4375,0.32750002,0.235
2001-11-05,0.51874995,0.39125,0.30125
2001-11-06,0.55625,0.45250002,0.3975
2001-11-07,0.53375,0.4775,0.47125
2001-11-08,0.50374997,0.47125,0.4625
2001-11-09,0.50874996,0.435,0.34625
2001-11-10,0.57124996,0.43875,0.23375
2001-11-11,0.58,0.4575,0.24625
2001-11-12,0.5625,0.45125,0.24125
2001-11-13,0.5425,0.4325,0.23125
2001-11-14,0.49625,0.4125,0.2475
2001-11-15,0.51625,0.39249998,0.25
2001-11-16,0.5725,0.4425,0.32
2001-11-17,0.58,0.49375,0.3125
2001-11-18,0.77250004,0.6575,0.625
2001-11-19,0.835,0.6975,0.7225
2001-11-20,0.97125,0.83125,0.8875
2001-11-21,1.1125,1.01625,1.295
2001-11-22,1.22625,1.20625,1.23625
2001-11-23,1.2574999,1.25625,1.10625
2001-11-24,1.1375,1.155,1.0375
2001-11-25,1.14625,1.1575,1.00375
2001-11-26,1.08,1.055,0.97375
2001-11-27,1.0175,0.99625003,0.92625
2001-11-28,0.93125004,0.96375,1.12125
2001-11-29,0.815,0.85499996,0.905
2001-11-30,0.7125,0.70875,0.66
2001-12-01,0.77,0.66375005,0.665
2001-12-02,0.9375,0.77375,0.80125
2001-12-03,1.065,0.95625,0.7675
2001-12-04,1.0625,0.98,0.69
2001-12-05,0.97249997,0.90999997,0.60125
2001-12-06,0.93375003,0.84749997,0.45
2001-12-07,0.8775,0.81375,0.43
2001-12-08,0.765,0.6875,0.36875
2001-12-09,0.67125005,0.59125,0.325
2001-12-10,0.58125,0.51875,0.27625
2001-12-11,0.5175,0.44875,0.27
2001-12-12,0.475,0.405,0.27875
2001-12-13,0.44375,0.37375,0.28
2001-12-14,0.43125,0.36125,0.2625
2001-12-15,0.4125,0.35125,0.25125
2001-12-16,0.41875,0.34125,0.34625
2001-12-17,0.49875,0.375,0.57875
2001-12-18,0.53625,0.45000002,0.61
2001-12-19,0.65375,0.565,0.79375
2001-12-20,0.94125,0.755,1.21375
2001-12-21,1.0675,1.0162499,1.235
2001-12-22,1.10625,1.05,0.9675
2001-12-23,1.075,1.0325,0.92125
2001-12-24,0.93875,0.96875,0.89375
2001-12-25,0.80625004,0.80249995,0.81125
2001-12-26,0.76375,0.73625004,0.75625
2001-12-27,0.7425,0.7125,0.93375
2001-12-28,0.78375,0.77124995,0.95125
2001-12-29,0.93874997,0.87624997,1.7375
2001-12-30,1.065,0.995,1.8675
2001-12-31,1.91125,1.5175,1.8875
2002-01-01,2.51125,2.325,2.37125
2002-01-02,2.3874998,2.3162498,2.95625
2002-01-03,2.5,2.44875,2.79375
2002-01-04,2.4325001,2.42625,2.1475
2002-01-05,2.20125,2.20125,1.82375
2002-01-06,1.8375,1.8725001,1.7725
2002-01-07,1.46625,1.5325,1.7175
2002-01-08,1.2625,1.35,1.71
2002-01-09,1.135,1.23375,1.42125
2002-01-10,1.0675,1.12375,1.17
2002-01-11,0.98125005,0.8475,1.11375
2002-01-12,0.87375003,0.78375,0.9525
2002-01-13,0.78999996,0.75374997,0.71125
2002-01-14,0.78,0.7325,0.61875
2002-01-15,0.85875,0.7475,0.4175
2002-01-16,0.93125,0.83750004,0.565
2002-01-17,0.9575,0.87625,1.03625
2002-01-18,1.0562501,0.97625,1.4675
2002-01-19,1.72625,1.50625,2.19375
2002-01-20,2.38875,2.175,2.57
2002-01-21,2.435,2.4525,2.5575
2002-01-22,2.2025,2.27875,2.515
2002-01-23,1.98625,2.04875,2.09875
2002-01-24,1.7675,1.85375,1.795
2002-01-25,1.41625,1.5675,1.64625
2002-01-26,1.1425,1.2675,1.58625
2002-01-27,0.99625003,1.0725,1.27375
2002-01-28,0.91875005,0.91875,0.985
2002-01-29,0.8925,0.92625,0.88875
2002-01-30,0.96875,0.92125,0.8625
2002-01-31,1.09375,0.99875,0.81625
2002-02-01,1.0487499,0.96625,0.73125
2002-02-02,1.0662501,0.9425,0.71125
2002-02-03,1.11375,0.98375,0.82375
2002-02-04,1.11125,0.99,0.97125
2002-02-05,1.25,1.10375,1.0075
2002-02-06,1.3924999,1.2774999,0.94875
2002-02-07,1.305,1.3087499,0.9925
2002-02-08,1.1937499,1.2225001,1.07875
2002-02-09,1.39875,1.32375,1.265
2002-02-10,1.745,1.69,1.35125
2002-02-11,1.895,1.81875,1.45625
2002-02-12,1.84,1.795,1.505
2002-02-13,1.9262501,1.85125,1.53625
2002-02-14,1.72125,1.76375,1.575
2002-02-15,1.41875,1.54,1.58
2002-02-16,1.1875,1.32625,1.60625
2002-02-17,1.0812501,1.1775,1.54875
2002-02-18,1.105,1.125,1.51375
2002-02-19,1.25875,1.225,1.51
2002-02-20,1.76125,1.5024999,1.57125
2002-02-21,2.2237499,1.9949999,1.615
2002-02-22,2.385,2.235,1.68125
2002-02-23,2.11125,2.1550002,1.69
2002-02-24,1.7025,1.8775,1.69
2002-02-25,1.3875,1.525,1.69
2002-02-26,1.2887499,1.38375,1.7075
2002-02-27,1.49875,1.4662501,1.7625
2002-02-28,1.50375,1.5325,1.77875
2002-03-01,1.31625,1.42625,1.77125
2002-03-02,1.14125,1.27,1.77
2002-03-03,1.00625,1.11875,1.7175
2002-03-04,0.92,1.00375,1.70125
2002-03-05,0.84875,0.92,1.69125
2002-03-06,0.8225,0.84875,1.69
2002-03-07,0.77625,0.79625,1.57625
2002-03-08,0.735,0.7375,1.16625
2002-03-09,0.70375,0.6775,1.03125
2002-03-10,0.67375004,0.62625,0.88
2002-03-11,0.6525,0.6375,0.7375
2002-03-12,0.6325,0.61375,0.65875
2002-03-13,0.6125,0.5925,0.60625
2002-03-14,0.60125005,0.5725,0.5475
2002-03-15,0.5825,0.5525,0.575
2002-03-16,0.58,0.54125,0.55375
2002-03-17,0.6325,0.5575,0.57625
2002-03-18,0.68375,0.65625,0.755
2002-03-19,0.76,0.705,0.84125
2002-03-20,0.74375,0.7275,0.9025
2002-03-21,0.78375,0.73,0.93625
2002-03-22,0.85125,0.8,0.98375
2002-03-23,0.88625,0.8625,1.095
2002-03-24,0.96000004,1.00125,1.285
2002-03-25,1.01375,1.02,1.12625
2002-03-26,1.01125,1.0025,1.345
2002-03-27,1.01,1.02625,1.5725
2002-03-28,0.98375,1.065,1.62625
2002-03-29,0.9275,1.02625,1.3675
2002-03-30,0.87625,0.9325,1.26
2002-03-31,0.8175,0.885,1.10125
2002-04-01,0.74875003,0.81,0.91375
2002-04-02,0.67875004,0.72125,0.81125
2002-04-03,0.62625,0.66625,0.73
2002-04-04,0.585,0.59875,0.6675
2002-04-05,0.57124996,0.5725,0.6075
2002-04-06,0.5525,0.5525,0.565
2002-04-07,0.54125,0.53249997,0.53375
2002-04-08,0.54,0.5125,0.52125
2002-04-09,0.54,0.51874995,0.51125
2002-04-10,0.54875004,0.52,0.51875
2002-04-11,0.55,0.51125,0.49375
2002-04-12,0.53249997,0.50125,0.49
2002-04-13,0.53875,0.50874996,0.55125
2002-04-14,0.56624997,0.5275,0.58625
2002-04-15,0.5875,0.55625,0.51125
2002-04-16,0.58124995,0.5425,0.49125
2002-04-17,0.55375004,0.53125,0.4725
2002-04-18,0.50625,0.48624998,0.4525
2002-04-19,0.5,0.4625,0.4325
2002-04-20,0.49125,0.45125,0.4125
2002-04-21,0.4725,0.44125,0.40125
2002-04-22,0.46125,0.43125,0.3825
2002-04-23,0.46,0.42125,0.38
2002-04-24,0.45125,0.42,0.38
2002-04-25,0.45,0.41125,0.3625
2002-04-26,0.45,0.41,0.36
2002-04-27,0.44125,0.40125,0.35125
2002-04-28,0.43125,0.4,0.34125
2002-04-29,0.47375,0.40875,0.34
2002-04-30,0.445,0.41,0.33125
2002-05-01,0.43125,0.39249998,0.33
2002-05-02,0.465,0.39,0.32125
2002-05-03,0.4875,0.39875,0.31125
2002-05-04,0.49,0.4175,0.31
2002-05-05,0.48125,0.41125,0.30125
2002-05-06,0.48,0.41,0.3
2002-05-07,0.48,0.41,0.30875
2002-05-08,0.4975,0.41875,0.31875
2002-05-09,0.49125,0.42875,0.34625
2002-05-10,0.49,0.43,0.35875
2002-05-11,0.49,0.42125,0.35125
2002-05-12,0.49,0.42,0.34125
2002-05-13,0.49,0.42875,0.33125
2002-05-14,0.49,0.43,0.3125
2002-05-15,0.49,0.42125,0.2925
2002-05-16,0.48125,0.41125,0.29
2002-05-17,0.47125,0.40125,0.28125
2002-05-18,0.46125,0.4,0.28
2002-05-19,0.46,0.39124998,0.28
2002-05-20,0.46,0.39,0.28
2002-05-21,0.46,0.39,0.27125
2002-05-22,0.45125,0.39,0.27
2002-05-23,0.42374998,0.3725,0.27
2002-05-24,0.41125,0.37,0.27
2002-05-25,0.41875,0.36125,0.2875
2002-05-26,0.42875,0.36875,0.29875
2002-05-27,0.50874996,0.405,0.3
2002-05-28,0.52874994,0.43625,0.3
2002-05-29,0.46875,0.42249998,0.2825
2002-05-30,0.46,0.385,0.27125
2002-05-31,0.5125,0.415,0.26125
2002-06-01,0.52874994,0.42875,0.26
2002-06-02,0.495,0.42125,0.26
2002-06-03,0.4375,0.37625,0.26
2002-06-04,0.40375,0.3525,0.25125
2002-06-05,0.4,0.34125,0.25
2002-06-06,0.42625,0.34875,0.25
2002-06-07,0.45625,0.3675,0.25
2002-06-08,0.46,0.37,0.24125
2002-06-09,0.46,0.37875,0.24
2002-06-10,0.45125,0.37125,0.24
2002-06-11,0.45,0.37,0.24
2002-06-12,0.45875,0.37,0.24
2002-06-13,0.4775,0.37875,0.23125
2002-06-14,0.48,0.38875,0.23
2002-06-15,0.48,0.38125,0.23
2002-06-16,0.41,0.37125,0.23
2002-06-17,0.3475,0.3175,0.23
2002-06-18,0.34,0.30125,0.23
2002-06-19,0.43625,0.3,0.22125
2002-06-20,0.5375,0.39625,0.22
2002-06-21,0.57624996,0.445,0.22
2002-06-22,0.58,0.45875,0.22
2002-06-23,0.58,0.46,0.22
2002-06-24,0.53625,0.45125,0.22
2002-06-25,0.50374997,0.415,0.22
2002-06-26,0.5,0.40125,0.22
2002-06-27,0.5,0.4,0.21125
2002-06-28,0.50874996,0.4,0.21
2002-06-29,0.51,0.4,0.21
2002-06-30,0.51,0.4,0.21
2002-07-01,0.50125,0.4,0.21
2002-07-02,0.5,0.4,0.21
2002-07-03,0.5,0.4,0.21
2002-07-04,0.5,0.39124998,0.21
2002-07-05,0.5,0.39,0.21
2002-07-06,0.5,0.39,0.21
2002-07-07,0.5,0.39,0.20125
2002-07-08,0.5,0.39,0.2
2002-07-09,0.49125,0.39,0.2
2002-07-10,0.49,0.38125,0.2
2002-07-11,0.49875,0.38875,0.2
2002-07-12,0.5,0.39,0.19125
2002-07-13,0.5,0.39,0.19
2002-07-14,0.5,0.39,0.19
2002-07-15,0.5,0.39,0.19
2002-07-16,0.5,0.39875,0.19
2002-07-17,0.5,0.4,0.19
2002-07-18,0.5,0.39124998,0.19
2002-07-19,0.5,0.39,0.19
2002-07-20,0.50874996,0.39875,0.19
2002-07-21,0.50125,0.39124998,0.18125
2002-07-22,0.5,0.39,0.18
2002-07-23,0.5,0.39,0.18
2002-07-24,0.49125,0.39,0.18
2002-07-25,0.49875,0.39,0.18
2002-07-26,0.49125,0.38125,0.18
2002-07-27,0.49,0.38,0.18
2002-07-28,0.49,0.38,0.17125
2002-07-29,0.49,0.38,0.17
2002-07-30,0.49,0.38,0.17
2002-07-31,0.49,0.38,0.17
2002-08-01,0.49,0.38,0.17
2002-08-02,0.49,0.38,0.17
2002-08-03,0.49,0.38,0.17
2002-08-04,0.49,0.37125,0.17
2002-08-05,0.49,0.37,0.17
2002-08-06,0.49,0.37,0.17
2002-08-07,0.49,0.37,0.16125
2002-08-08,0.48125,0.37,0.16
2002-08-09,0.48875,0.37,0.16
2002-08-10,0.53375,0.39625,0.16
2002-08-11,0.51375,0.4,0.16
2002-08-12,0.48375,0.37375,0.16
2002-08-13,0.45374998,0.3525,0.16
2002-08-14,0.45,0.34125,0.15125
2002-08-15,0.4675,0.34875,0.15
2002-08-16,0.47,0.35,0.14125
2002-08-17,0.47,0.35,0.14
2002-08-18,0.505,0.3675,0.14
2002-08-19,0.55375,0.405,0.14
2002-08-20,0.56875,0.41875,0.14
2002-08-21,0.56125,0.41125,0.14
2002-08-22,0.46375,0.39249998,0.13125
2002-08-23,0.40625,0.32,0.13
2002-08-24,0.39124998,0.30125,0.13
2002-08-25,0.39875,0.30875,0.13
2002-08-26,0.54,0.345,0.13
2002-08-27,0.63,0.44625002,0.13
2002-08-28,0.64,0.48625,0.13
2002-08-29,0.59625,0.46375,0.13
2002-08-30,0.5725,0.43375,0.13
2002-08-31,0.59625,0.43875,0.13
2002-09-01,0.635,0.4575,0.13
2002-09-02,0.64,0.46875,0.13
2002-09-03,0.64,0.47875,0.13
2002-09-04,0.64874995,0.48,0.13
2002-09-05,0.65,0.48,0.13
2002-09-06,0.64125,0.48,0.13
2002-09-07,0.57875,0.45374998,0.13
2002-09-08,0.56125,0.42374998,0.13875
2002-09-09,0.62125,0.42875,0.14
2002-09-10,0.6125,0.45625,0.14
2002-09-11,0.63625,0.46875,0.13125
2002-09-12,0.64,0.47875,0.13
2002-09-13,0.64,0.47125,0.13
2002-09-14,0.63125,0.47,0.12125
2002-09-15,0.63,0.47,0.12
2002-09-16,0.63874996,0.47,0.12
2002-09-17,0.64,0.47,0.12
2002-09-18,0.64,0.47,0.12
2002-09-19,0.64,0.47,0.11125
2002-09-20,0.64,0.47,0.11
2002-09-21,0.6225,0.46125,0.11
2002-09-22,0.62874997,0.46,0.11
2002-09-23,0.63874996,0.46875,0.11
2002-09-24,0.63125,0.47875,0.11
2002-09-25,0.65625,0.48875,0.145
2002-09-26,0.87,0.58625,0.36875
2002-09-27,0.96125,0.7575,0.33
2002-09-28,0.865,0.73625004,0.3375
2002-09-29,0.82375,0.6775,0.29625
2002-09-30,0.78499997,0.635,0.185
2002-10-01,0.745,0.60375,0.17
2002-10-02,0.71375,0.565,0.16125
2002-10-03,0.65749997,0.53375,0.15125
2002-10-04,0.65,0.495,0.15
2002-10-05,0.65875,0.49,0.14125
2002-10-06,0.6425,0.48125,0.13125
2002-10-07,0.66625,0.48,0.13
2002-10-08,0.67875004,0.4975,0.13
2002-10-09,0.68,0.5,0.13
2002-10-10,0.67125,0.5,0.12125
2002-10-11,0.59999996,0.465,0.12
2002-10-12,0.6425,0.45125,0.12
2002-10-13,0.6675,0.485,0.12
2002-10-14,0.67,0.49,0.11125
2002-10-15,0.66125,0.49,0.11
2002-10-16,0.66875005,0.49,0.11
2002-10-17,0.67,0.49,0.11
2002-10-18,0.67,0.49,0.10125
2002-10-19,0.66125,0.49,0.1
2002-10-20,0.66,0.48125,0.1
2002-10-21,0.66,0.48,0.1
2002-10-22,0.66,0.48,0.1
2002-10-23,0.6425,0.47125,0.1
2002-10-24,0.6225,0.4525,0.1
2002-10-25,0.62,0.44125,0.09125
2002-10-26,0.62,0.44,0.08125
2002-10-27,0.62,0.44,0.08
2002-10-28,0.62,0.44,0.08
2002-10-29,0.62,0.44875,0.08
2002-10-30,0.6375,0.45,0.08875
2002-10-31,0.64,0.4675,0.09
2002-11-01,0.66625,0.47875,0.08125
2002-11-02,0.74,0.515,0.115
2002-11-03,0.77625,0.5725,0.19875
2002-11-04,0.84125,0.615,0.3325
2002-11-05,0.85875,0.68125,0.3675
2002-11-06,0.8425,0.69,0.3525
2002-11-07,0.88374996,0.69875,0.34125
2002-11-08,1.02125,0.81374997,0.36625
2002-11-09,1.0574999,0.87375,0.3875
2002-11-10,1.05125,0.8975,0.3725
2002-11-11,0.9975,0.87375,0.335
2002-11-12,0.92,0.80875003,0.30375
2002-11-13,0.83125,0.70375,0.2825
2002-11-14,0.82,0.655,0.28
2002-11-15,0.81125,0.65,0.245
2002-11-16,0.775,0.615,0.23125
2002-11-17,0.7,0.56625,0.2125
2002-11-18,0.7075,0.5425,0.21
2002-11-19,0.68375003,0.53125,0.1925
2002-11-20,0.67125,0.53,0.19
2002-11-21,0.6875,0.5125,0.18125
2002-11-22,0.725,0.51,0.18875
2002-11-23,1.03625,0.685,0.25125
2002-11-24,1.22875,0.955,0.4
2002-11-25,1.17125,1.0337499,0.4725
2002-11-26,1.0025,0.91749996,0.4275
2002-11-27,0.90999997,0.79499996,0.32375
2002-11-28,0.83875,0.71875,0.275
2002-11-29,0.78625,0.64875,0.24375
2002-11-30,0.73625004,0.59625,0.21375
2002-12-01,0.72125006,0.5725,0.21
2002-12-02,0.71125,0.5525,0.1575
2002-12-03,0.70124996,0.53249997,0.14125
2002-12-04,0.69124997,0.52125,0.13125
2002-12-05,0.6725,0.49375,0.12125
2002-12-06,0.62625,0.45499998,0.12
2002-12-07,0.65500003,0.4675,0.11125
2002-12-08,0.66875005,0.4875,0.11
2002-12-09,0.67875004,0.49875,0.11
2002-12-10,0.6975,0.50874996,0.11
2002-12-11,0.74375,0.55375,0.15375
2002-12-12,0.8725,0.63874996,0.27375
2002-12-13,1.10875,0.83375,0.5
2002-12-14,1.2624999,1.06125,0.52125
2002-12-15,1.35875,1.1775,0.5025
2002-12-16,1.475,1.28625,0.52625
2002-12-17,1.63,1.4312501,0.6
2002-12-18,1.64125,1.52875,0.65375
2002-12-19,1.5437499,1.47875,0.89625
2002-12-20,1.36375,1.37375,1.23625
2002-12-21,1.20875,1.22875,1.07
2002-12-22,1.12875,1.105,0.96125
2002-12-23,1.0675,1.0025,0.775
2002-12-24,1.0862501,0.9725,0.715
2002-12-25,1.0812501,0.97,0.63125
2002-12-26,1.0625,0.935,0.5675
2002-12-27,1.0862501,0.9825,0.8925
2002-12-28,1.125,1.06875,1.045
2002-12-29,1.2,1.14125,0.96375
2002-12-30,1.27125,1.19375,0.95
2002-12-31,1.2974999,1.2525,1.48375
2003-01-01,1.29125,1.3125,1.3325
2003-01-02,1.255,1.25875,1.22125
2003-01-03,1.3375,1.285,1.1925
2003-01-04,1.39375,1.33375,1.575
2003-01-05,1.5575,1.48875,2.70625
2003-01-06,2.0787501,1.9825,3.3325
2003-01-07,2.29875,2.2949998,3.33875
2003-01-08,2.3725002,2.3737502,3.04125
2003-01-09,2.415,2.3625,2.5625
2003-01-10,2.23625,2.22875,2.36
2003-01-11,2.1225,2.07875,2.36625
2003-01-12,2.15375,2.0774999,2.16
2003-01-13,2.16875,2.08875,1.92875
2003-01-14,2.09125,2.02,1.935
2003-01-15,1.98375,1.975,2.3075
2003-01-16,2.27625,2.1275,2.5525
2003-01-17,2.41625,2.3249998,2.58875
2003-01-18,2.45625,2.3937502,2.54625
2003-01-19,2.38125,2.3562498,2.47875
2003-01-20,2.3262498,2.3062499,2.505
2003-01-21,2.3374999,2.3,2.58
2003-01-22,2.38375,2.335,2.6775
2003-01-23,2.39875,2.3487499,2.40125
2003-01-24,2.33,2.28875,2.36
2003-01-25,2.1975,2.21,2.325
2003-01-26,2.08375,2.0774999,2.29375
2003-01-27,1.86,1.92,2.255
2003-01-28,1.55,1.64625,2.24125
2003-01-29,1.4225,1.53125,2.54625
2003-01-30,1.445,1.5374999,2.51125
2003-01-31,1.52,1.61,3.2175
2003-02-01,1.67875,1.7774999,2.99625
2003-02-02,1.60375,1.70375,2.64375
2003-02-03,1.47625,1.62875,2.355
2003-02-04,1.36375,1.50625,2.18875
2003-02-05,1.25375,1.39375,2.135
2003-02-06,1.1962501,1.3362501,2.06875
2003-02-07,1.155,1.2775,1.91125
2003-02-08,1.115,1.235,1.8025
2003-02-09,1.075,1.1775,1.69375
2003-02-10,1.0437499,1.1175001,1.51375
2003-02-11,1.005,1.0487499,1.44625
2003-02-12,0.965,0.97875,1.3175
2003-02-13,0.89875,0.9,1.11625
2003-02-14,0.8375,0.82,0.9325
2003-02-15,0.865,0.80125,0.77875
2003-02-16,0.86125004,0.8,0.795
2003-02-17,0.895,0.8175,0.9225
2003-02-18,0.9875,0.93375,0.91375
2003-02-19,0.91249996,0.88875,0.9975
2003-02-20,0.89125,0.8625,1.15875
2003-02-21,1.00375,0.96500003,1.4425
2003-02-22,1.125,1.11125,1.305
2003-02-23,1.105,1.13,1.09625
2003-02-24,1.0125,1.0337499,1.02625
2003-02-25,1.0,0.99375,0.99375
2003-02-26,0.9475,0.9375,0.96375
2003-02-27,0.89625,0.86875004,0.8025
2003-02-28,0.86375,0.825,0.71875
2003-03-01,0.8425,0.78499997,0.605
2003-03-02,0.8225,0.73625004,0.59
2003-03-03,0.8025,0.73,0.59
2003-03-04,0.80875003,0.7125,0.58125
2003-03-05,0.81875,0.7275,0.58
2003-03-06,0.6975,0.66875005,0.58
2003-03-07,0.63625,0.59875,0.57125
2003-03-08,0.6125,0.5725,0.5525
2003-03-09,0.74125,0.59625,0.54125
2003-03-10,0.8125,0.69624996,0.84625
2003-03-11,0.86375,0.7975,0.9425
2003-03-12,0.89625,0.845,0.95
2003-03-13,0.9525,0.90250003,1.02875
2003-03-14,0.9775,0.95375,1.24125
2003-03-15,0.98875,1.00375,1.2525
2003-03-16,1.0074999,1.00125,1.15375
2003-03-17,1.045,0.99125004,1.13125
2003-03-18,1.1374999,1.0775,1.095
2003-03-19,1.14125,1.1075001,1.72
2003-03-20,1.2012501,1.25,2.02875
2003-03-21,1.23625,1.29625,1.43875
2003-03-22,1.1875,1.265,1.48125
2003-03-23,1.18,1.19875,1.63125
2003-03-24,1.18,1.225,1.8775
2003-03-25,1.0925,1.18625,1.81375
2003-03-26,1.01,1.11,1.87
2003-03-27,1.1225,1.17875,2.16
2003-03-28,1.21875,1.295,2.41
2003-03-29,1.3525,1.45,2.335
2003-03-30,1.3525,1.47875,2.32
2003-03-31,1.245,1.4187499,1.97
2003-04-01,1.0725,1.22625,1.9025
2003-04-02,1.015,1.0862501,1.655
2003-04-03,1.01,1.0525,1.445
2003-04-04,0.975,1.02375,1.2975
2003-04-05,0.90875,0.95,1.21
2003-04-06,0.8825,0.89625,1.165
2003-04-07,0.81875,0.855,1.22125
2003-04-08,0.78375,0.815,1.25625
2003-04-09,0.82374996,0.83624995,1.2075
2003-04-10,0.8475,0.8575,1.15625
2003-04-11,0.8325,0.85125005,1.1325
2003-04-12,0.8125,0.82375,1.0775
2003-04-13,0.7925,0.8025,1.02625
2003-04-14,0.7725,0.79125,0.97625
2003-04-15,0.74375,0.74625003,0.9175
2003-04-16,0.7225,0.7225,0.84
2003-04-17,0.7375,0.71125,0.85625
2003-04-18,0.74,0.7275,0.8075
2003-04-19,0.7225,0.70375,0.765
2003-04-20,0.685,0.665,0.73375
2003-04-21,0.67125,0.65125,0.695
2003-04-22,0.6525,0.6325,0.6725
2003-04-23,0.65875,0.62125003,0.6525
2003-04-24,0.65125,0.62,0.5975
2003-04-25,0.62375,0.585,0.58125
2003-04-26,0.61125004,0.57124996,0.5625
2003-04-27,0.61,0.57,0.5425
2003-04-28,0.61875,0.5525,0.5225
2003-04-29,0.61125004,0.55875003,0.51125
2003-04-30,0.60125005,0.56,0.50125
2003-05-01,0.6,0.55125,0.4825
2003-05-02,0.59125,0.54125,0.47125
2003-05-03,0.58124995,0.54,0.47
2003-05-04,0.58,0.53125,0.46125
2003-05-05,0.58,0.52125,0.45125
2003-05-06,0.545,0.51125,0.45875
2003-05-07,0.575,0.51,0.6525
2003-05-08,0.62375,0.58,0.8725
2003-05-09,0.6475,0.6425,0.89125
2003-05-10,0.65,0.6325,0.68875
2003-05-11,0.64125,0.62125003,0.63375
2003-05-12,0.64,0.6025,0.56
2003-05-13,0.61375,0.5825,0.515
2003-05-14,0.60125005,0.55375004,0.50125
2003-05-15,0.59125,0.54125,0.4825
2003-05-16,0.58124995,0.53125,0.445
2003-05-17,0.58,0.52125,0.44
2003-05-18,0.58,0.52,0.43125
2003-05-19,0.58,0.51125,0.43
2003-05-20,0.57124996,0.51,0.42125
2003-05-21,0.57,0.51,0.42
2003-05-22,0.57,0.50125,0.39375
2003-05-23,0.56125,0.49125,0.39
2003-05-24,0.56,0.49,0.39
2003-05-25,0.56,0.49,0.39
2003-05-26,0.56,0.49,0.3725
2003-05-27,0.55125,0.48125,0.37
2003-05-28,0.55,0.48,0.37875
2003-05-29,0.55875003,0.48875,0.555
2003-05-30,0.595,0.49,0.51875
2003-05-31,0.59125,0.55125,0.48375
2003-06-01,0.58124995,0.5425,0.47125
2003-06-02,0.58,0.51375,0.47
2003-06-03,0.57124996,0.51,0.46125
2003-06-04,0.56125,0.51,0.45125
2003-06-05,0.56,0.4925,0.4325
2003-06-06,0.56,0.49,0.4125
2003-06-07,0.55125,0.49,0.375
2003-06-08,0.54125,0.4725,0.36125
2003-06-09,0.54,0.47,0.35125
2003-06-10,0.53125,0.47,0.34125
2003-06-11,0.53,0.46125,0.33125
2003-06-12,0.53875,0.46,0.33
2003-06-13,0.54,0.46875,0.32125
2003-06-14,0.54,0.46125,0.32
2003-06-15,0.53125,0.45125,0.31125
2003-06-16,0.53,0.45,0.31
2003-06-17,0.53,0.45,0.31
2003-06-18,0.53,0.45,0.31
2003-06-19,0.52125,0.45,0.31
2003-06-20,0.52,0.44125,0.30125
2003-06-21,0.52,0.44,0.3
2003-06-22,0.52,0.44,0.29125
2003-06-23,0.52,0.43125,0.29
2003-06-24,0.52,0.43875,0.29
2003-06-25,0.52,0.43125,0.28125
2003-06-26,0.52,0.43,0.28
2003-06-27,0.59875,0.45625,0.28
2003-06-28,0.68,0.53875,0.28
2003-06-29,0.61125004,0.53249997,0.27125
2003-06-30,0.53,0.46875,0.2525
2003-07-01,0.52,0.43375,0.24125
2003-07-02,0.48499998,0.4125,0.24
2003-07-03,0.47125,0.39249998,0.23125
2003-07-04,0.47,0.39,0.23
2003-07-05,0.47,0.39,0.23
2003-07-06,0.46125,0.38125,0.23
2003-07-07,0.46875,0.38,0.22125
2003-07-08,0.47875,0.38,0.22
2003-07-09,0.48,0.3975,0.22
2003-07-10,0.4625,0.3825,0.22
2003-07-11,0.46,0.38,0.22
2003-07-12,0.46,0.38,0.22
2003-07-13,0.46,0.38,0.22
2003-07-14,0.46,0.37125,0.22
2003-07-15,0.46,0.37,0.21125
2003-07-16,0.46,0.37,0.21
2003-07-17,0.48625,0.3875,0.21
2003-07-18,0.49875,0.39875,0.21
2003-07-19,0.5,0.4,0.21
2003-07-20,0.5,0.4,0.21
2003-07-21,0.50874996,0.4,0.21
2003-07-22,0.51,0.4,0.20125
2003-07-23,0.4925,0.39124998,0.2
2003-07-24,0.49,0.39,0.2
2003-07-25,0.48125,0.38125,0.2
2003-07-26,0.48,0.38,0.2
2003-07-27,0.48,0.38,0.2
2003-07-28,0.48,0.38,0.19125
2003-07-29,0.48875,0.38875,0.19
2003-07-30,0.49875,0.39,0.18125
2003-07-31,0.49125,0.39,0.18
2003-08-01,0.49,0.39875,0.18
2003-08-02,0.49,0.3825,0.18
2003-08-03,0.48125,0.38,0.18
2003-08-04,0.48,0.38,0.18
2003-08-05,0.41875,0.3625,0.18
2003-08-06,0.4625,0.3425,0.18
2003-08-07,0.4875,0.375,0.17125
2003-08-08,0.49,0.38875,0.17
2003-08-09,0.49875,0.39,0.17
2003-08-10,0.5,0.39,0.16125
2003-08-11,0.5,0.39,0.16
2003-08-12,0.50874996,0.39875,0.16
2003-08-13,0.50125,0.39124998,0.16
2003-08-14,0.5,0.39,0.16
2003-08-15,0.5,0.39,0.16
2003-08-16,0.50874996,0.39,0.16
2003-08-17,0.5275,0.4075,0.16
2003-08-18,0.565,0.4275,0.16
2003-08-19,0.57875,0.43875,0.16
2003-08-20,0.50125,0.41375,0.16
2003-08-21,0.48125,0.375,0.16
2003-08-22,0.48,0.37,0.16
2003-08-23,0.48,0.37,0.16
2003-08-24,0.47125,0.37,0.16
2003-08-25,0.46125,0.3525,0.16
2003-08-26,0.5475,0.37625,0.16
2003-08-27,0.5075,0.415,0.16
2003-08-28,0.47375,0.37625,0.16
2003-08-29,0.4875,0.36125,0.16875
2003-08-30,0.49,0.3775,0.17
2003-08-31,0.48125,0.38,0.17
2003-09-01,0.50624996,0.38,0.17
2003-09-02,0.6325,0.45000002,0.17875
2003-09-03,0.58,0.45125,0.1975
2003-09-04,0.5175,0.415,0.20875
2003-09-05,0.50125,0.40125,0.21875
2003-09-06,0.49125,0.4,0.21125
2003-09-07,0.49,0.39124998,0.20125
2003-09-08,0.4725,0.3725,0.2
2003-09-09,0.42624998,0.3525,0.2
2003-09-10,0.455,0.34125,0.19125
2003-09-11,0.4775,0.35750002,0.18125
2003-09-12,0.48875,0.36875,0.15375
2003-09-13,0.49875,0.37875,0.14125
2003-09-14,0.4825,0.37125,0.14
2003-09-15,0.48875,0.37,0.14
2003-09-16,0.525,0.3875,0.14
2003-09-17,0.495,0.39,0.14
2003-09-18,0.4725,0.36375,0.14
2003-09-19,0.47,0.35125,0.14
2003-09-20,0.47875,0.35875002,0.14
2003-09-21,0.48875,0.36,0.13125
2003-09-22,0.49,0.36875,0.13
2003-09-23,0.525,0.37875,0.13
2003-09-24,0.495,0.38,0.13
2003-09-25,0.49,0.37125,0.13
2003-09-26,0.49,0.37,0.13
2003-09-27,0.49,0.37,0.13
2003-09-28,0.49,0.37,0.13
2003-09-29,0.49,0.37,0.13
2003-09-30,0.42874998,0.3525,0.13
2003-10-01,0.46375,0.3325,0.12125
2003-10-02,0.4875,0.3475,0.12
2003-10-03,0.49875,0.35875002,0.12
2003-10-04,0.5,0.36875,0.12
2003-10-05,0.5,0.37,0.12
2003-10-06,0.50874996,0.37875,0.12
2003-10-07,0.51874995,0.38,0.12
2003-10-08,0.51125,0.38,0.12
2003-10-09,0.50125,0.37125,0.12
2003-10-10,0.52625,0.37875,0.12
2003-10-11,0.53,0.38875,0.11125
2003-10-12,0.5475,0.39875,0.11
2003-10-13,0.54125,0.4,0.11875
2003-10-14,0.505,0.3825,0.2075
2003-10-15,0.49125,0.37125,0.1675
2003-10-16,0.525,0.3875,0.1425
2003-10-17,0.5125,0.39,0.14
2003-10-18,0.51874995,0.38125,0.14
2003-10-19,0.5375,0.3975,0.14
2003-10-20,0.51375,0.39124998,0.14
2003-10-21,0.46625,0.36375,0.13125
2003-10-22,0.4425,0.33375,0.13
2003-10-23,0.44,0.33,0.13
2003-10-24,0.4575,0.33875,0.13
2003-10-25,0.4775,0.34875,0.13
2003-10-26,0.5325,0.37625,0.1475
2003-10-27,0.53125,0.38875,0.15875
2003-10-28,0.565,0.41625,0.16875
2003-10-29,0.52625,0.42,0.16125
2003-10-30,0.5025,0.385,0.16
2003-10-31,0.49125,0.38,0.16
2003-11-01,0.4725,0.37125,0.15125
2003-11-02,0.47875,0.36125,0.21125
2003-11-03,0.50624996,0.36,0.2025
2003-11-04,0.53625,0.40375,0.15625
2003-11-05,0.53125,0.41,0.15875
2003-11-06,0.5475,0.41,0.335
2003-11-07,0.55875003,0.45375,0.325
2003-11-08,0.56,0.46875,0.31125
2003-11-09,0.56,0.47,0.2575
2003-11-10,0.5425,0.4525,0.215
2003-11-11,0.53125,0.42374998,0.20125
2003-11-12,0.5125,0.41125,0.2175
2003-11-13,0.51874995,0.39249998,0.21125
2003-11-14,0.5375,0.4075,0.1925
2003-11-15,0.54875004,0.4275,0.19
2003-11-16,0.54125,0.42125,0.19
2003-11-17,0.53125,0.41125,0.18125
2003-11-18,0.50374997,0.39249998,0.20625
2003-11-19,0.5,0.38125,0.21875
2003-11-20,0.50874996,0.38,0.29
2003-11-21,0.51874995,0.415,0.335
2003-11-22,0.52874994,0.42875,0.5325
2003-11-23,0.6,0.47375,0.6125
2003-11-24,0.68,0.57624996,0.50625
2003-11-25,0.66375005,0.59875,0.385
2003-11-26,0.625,0.5475,0.32625
2003-11-27,0.585,0.505,0.2675
2003-11-28,0.53625,0.45624998,0.23375
2003-11-29,0.53875,0.4325,0.22125
2003-11-30,0.54875004,0.43,0.26375
2003-12-01,0.5675,0.43875,0.3575
2003-12-02,0.57875,0.46625,0.39625
2003-12-03,0.67625,0.54,0.4875
2003-12-04,0.71625,0.61125,0.61375
2003-12-05,0.755,0.66375,0.58625
2003-12-06,0.8475,0.705,0.545
2003-12-07,0.9125,0.78875,0.6275
2003-12-08,0.9375,0.82624996,0.7975
2003-12-09,1.2462499,1.0400001,1.03
2003-12-10,1.2375,1.21875,1.08625
2003-12-11,1.08125,1.0912501,1.13375
2003-12-12,1.06,1.02625,1.02625
2003-12-13,1.01625,0.97625005,0.91375
2003-12-14,0.86125,0.84749997,0.7775
2003-12-15,0.7525,0.71625,0.5675
2003-12-16,0.6875,0.62125003,0.44375
2003-12-17,0.6275,0.5575,0.33375
2003-12-18,0.59375,0.48874998,0.3025
2003-12-19,0.56375,0.4625,0.23875
2003-12-20,0.56,0.4425,0.22125
2003-12-21,0.5425,0.43125,0.21125
2003-12-22,0.53125,0.4125,0.1925
2003-12-23,0.52125,0.40125,0.18125
2003-12-24,0.52,0.39124998,0.18
2003-12-25,0.54625,0.39875,0.24125
2003-12-26,0.57624996,0.42625,0.3025
2003-12-27,0.74625,0.52625,0.35375
2003-12-28,0.805,0.65375,0.36
2003-12-29,0.7575,0.64375,0.5525
2003-12-30,0.82874995,0.6925,0.81625
2003-12-31,0.88374996,0.79625,0.59625
2004-01-01,0.82,0.74875003,0.39375
2004-01-02,0.7575,0.66125,0.36125
2004-01-03,0.79375,0.65,0.42125
2004-01-04,0.80875003,0.67625,0.5175
2004-01-05,1.02875,0.72375,0.635
2004-01-06,1.1125,0.98375,0.8775
2004-01-07,1.1812501,1.0725,0.91
2004-01-08,1.225,1.14125,0.8225
2004-01-09,1.15125,1.0975001,0.565
2004-01-10,1.00875,0.97625,0.67
2004-01-11,0.92875004,0.88125,0.92625
2004-01-12,1.095,0.96625,1.63375
2004-01-13,1.54875,1.3825,1.485
2004-01-14,1.77625,1.62375,1.135
2004-01-15,1.61625,1.5625,1.41375
2004-01-16,1.5025,1.4975,1.74
2004-01-17,1.51625,1.56875,2.10375
2004-01-18,1.63375,1.615,1.73
2004-01-19,1.58,1.59375,1.46
2004-01-20,1.47375,1.47625,1.22875
2004-01-21,1.29375,1.3375001,1.0075
2004-01-22,1.0687499,1.145,0.805
2004-01-23,0.91749996,0.91875,0.84125
2004-01-24,0.96125,0.8725,1.01625
2004-01-25,1.18875,1.115,1.24125
2004-01-26,1.1675,1.19375,1.0775
2004-01-27,1.09,1.1125001,1.18125
2004-01-28,1.0537499,1.0912501,1.515
2004-01-29,1.0762501,1.125,1.735
2004-01-30,1.08,1.1825,1.9875
2004-01-31,1.01,1.1637499,2.09875
2004-02-01,0.93,1.1424999,2.27625
2004-02-02,0.85875005,1.0,2.2825
2004-02-03,0.85875,0.95375,1.74625
2004-02-04,0.92125,1.04625,1.64375
2004-02-05,0.95624995,1.1125,1.66625
2004-02-06,0.89,1.0675,1.6875
2004-02-07,0.83625,1.0074999,1.90875
2004-02-08,0.80375004,0.965,1.98375
2004-02-09,0.84375,0.9775,2.03375
2004-02-10,1.19125,1.225,3.20375
2004-02-11,2.08,2.02125,3.34375
2004-02-12,2.165,2.27875,3.71625
2004-02-13,2.5362499,2.55375,4.18125
2004-02-14,2.5725,2.68625,4.0475
2004-02-15,2.38625,2.56875,3.80125
2004-02-16,2.17625,2.41875,4.18125
2004-02-17,2.15875,2.4175,4.40625
2004-02-18,1.94125,2.30625,4.35125
2004-02-19,1.9275,2.24625,4.27
2004-02-20,2.07,2.31,4.19
2004-02-21,2.1512501,2.3812501,4.13625
2004-02-22,2.16875,2.4250002,4.17375
2004-02-23,2.05625,2.36,4.3375
2004-02-24,2.10125,2.3674998,4.77125
2004-02-25,2.215,2.4837499,4.83
2004-02-26,2.16,2.49125,4.68125
2004-02-27,2.08875,2.42875,4.56375
2004-02-28,2.0362499,2.3674998,4.50625
2004-02-29,2.0825,2.33375,4.54375
2004-03-01,2.1074998,2.4175,4.62
2004-03-02,1.9875,2.36,4.63
2004-03-03,1.9,2.28,4.6475
2004-03-04,1.84625,2.2350001,4.64125
2004-03-05,1.77875,2.16875,4.6925
2004-03-06,1.7525,2.125,4.98
2004-03-07,1.96,2.25125,4.7925
2004-03-08,1.885,2.31375,4.41875
2004-03-09,1.77375,2.18,4.13375
2004-03-10,1.5849999,1.95875,3.84625
2004-03-11,1.42,1.755,3.64375
2004-03-12,1.295,1.625,3.52375
2004-03-13,1.21,1.53125,3.265
2004-03-14,1.15625,1.44125,3.1775
2004-03-15,1.1324999,1.38625,2.98625
2004-03-16,1.10375,1.3362501,2.9775
2004-03-17,1.205,1.3824999,2.88375
2004-03-18,1.255,1.46,2.8175
2004-03-19,1.26,1.47,2.73125
2004-03-20,1.3125,1.53125,3.14
2004-03-21,1.8625001,1.9075,3.24375
2004-03-22,1.87875,2.09125,3.11
2004-03-23,1.66,1.89125,2.9325
2004-03-24,1.5775001,1.79,2.84
2004-03-25,1.47375,1.7012501,2.62
2004-03-26,1.31125,1.55,2.38
2004-03-27,1.2025001,1.41625,2.34125
2004-03-28,1.18125,1.3824999,2.45375
2004-03-29,1.18,1.38875,2.61875
2004-03-30,1.145,1.3725,2.64875
2004-03-31,1.105,1.3087499,2.2825
2004-04-01,1.05625,1.23875,2.0375
2004-04-02,1.04125,1.18625,1.9925
2004-04-03,1.04,1.17125,1.85875
2004-04-04,1.04,1.17,1.7525
2004-04-05,1.0225,1.135,1.69625
2004-04-06,1.04625,1.13875,1.8125
2004-04-07,1.155,1.2275,2.145
2004-04-08,1.26625,1.3625,2.28625
2004-04-09,1.2887499,1.4325,2.16
2004-04-10,1.29,1.4225,2.2625
2004-04-11,1.5962499,1.6650001,2.9625
2004-04-12,1.7624999,1.86625,2.96375
2004-04-13,1.91125,1.995,3.265
2004-04-14,1.9124999,2.08,3.345
2004-04-15,1.84,2.0375,3.315
2004-04-16,1.655,1.88125,3.24875
2004-04-17,1.5075,1.7375001,3.12625
2004-04-18,1.42,1.64125,3.0575
2004-04-19,1.3924999,1.60375,2.98
2004-04-20,1.32875,1.5475,2.9
2004-04-21,1.2062501,1.4437499,2.715
2004-04-22,1.085,1.31625,2.48875
2004-04-23,1.0,1.20375,2.215
2004-04-24,0.9375,1.09375,1.83
2004-04-25,0.8775,1.00125,1.63125
2004-04-26,0.82625,0.9375,1.54
2004-04-27,0.79375005,0.88625,1.46875
2004-04-28,0.78125,0.85375,1.4075
2004-04-29,0.78,0.8325,1.39125
2004-04-30,0.815,0.865,1.36375
2004-05-01,0.81125,0.87,1.31625
2004-05-02,0.80125,0.8525,1.24
2004-05-03,0.86125,0.85875,1.1775
2004-05-04,0.87,0.86875,1.1525
2004-05-05,0.77375,0.8175,1.10625
2004-05-06,0.7075,0.74,1.0475
2004-05-07,0.6825,0.70375,1.01375
2004-05-08,0.67125,0.69124997,0.98375
2004-05-09,0.67,0.68125,0.95375
2004-05-10,0.6525,0.67125,0.94125
2004-05-11,0.64125,0.66125,0.9225
2004-05-12,0.64874995,0.65125,0.92
2004-05-13,0.685,0.6675,0.91125
2004-05-14,0.69,0.6875,0.88375
2004-05-15,0.64625,0.66375005,0.88
2004-05-16,0.6225,0.625,0.87125
2004-05-17,0.62,0.61125004,0.87
2004-05-18,0.61125004,0.61875,0.87
2004-05-19,0.6275,0.62,0.86125
2004-05-20,0.70875,0.6725,0.85125
2004-05-21,0.7375,0.70624995,0.84125
2004-05-22,0.74,0.71,0.83125
2004-05-23,0.73125005,0.70124996,0.82125
2004-05-24,0.6425,0.6475,0.8025
2004-05-25,0.62125003,0.61375,0.79125
2004-05-26,0.61125004,0.61875,0.78125
2004-05-27,0.5925,0.6025,0.77125
2004-05-28,0.58124995,0.5825,0.76125
2004-05-29,0.5625,0.5625,0.73375
2004-05-30,0.55125,0.5425,0.7125
2004-05-31,0.55875003,0.54,0.70125
2004-06-01,0.55125,0.54,0.7
2004-06-02,0.55,0.53125,0.7
2004-06-03,0.54125,0.53,0.69125
2004-06-04,0.5575,0.53875,0.655
2004-06-05,0.56875,0.54,0.60625
2004-06-06,0.56125,0.54,0.59125
2004-06-07,0.56,0.54,0.59
2004-06-08,0.55125,0.54,0.59
2004-06-09,0.55,0.54,0.58125
2004-06-10,0.55875003,0.54,0.58
2004-06-11,0.56,0.54,0.58
2004-06-12,0.5425,0.53125,0.58
2004-06-13,0.54,0.52125,0.58
2004-06-14,0.53125,0.51125,0.58
2004-06-15,0.53,0.51,0.58
2004-06-16,0.52125,0.51,0.57125
2004-06-17,0.5375,0.51,0.56125
2004-06-18,0.56624997,0.5275,0.56
2004-06-19,0.57875,0.53875,0.56
2004-06-20,0.58,0.54,0.56
2004-06-21,0.58,0.54,0.55125
2004-06-22,0.58,0.54,0.55
2004-06-23,0.58,0.54,0.55
2004-06-24,0.545,0.53125,0.55
2004-06-25,0.5225,0.50374997,0.55
2004-06-26,0.54625,0.5,0.54125
2004-06-27,0.55875003,0.5175,0.54
2004-06-28,0.56,0.52,0.54
2004-06-29,0.56,0.52,0.53125
2004-06-30,0.56,0.52,0.53
2004-07-01,0.56,0.52,0.53
2004-07-02,0.56,0.51125,0.53
2004-07-03,0.55125,0.51,0.53
2004-07-04,0.55,0.51,0.52125
2004-07-05,0.55,0.50125,0.52
2004-07-06,0.55,0.5,0.52
2004-07-07,0.55,0.5,0.51125
2004-07-08,0.54125,0.5,0.50125
2004-07-09,0.54,0.49125,0.49125
2004-07-10,0.54,0.49,0.48125
2004-07-11,0.54,0.49,0.48
2004-07-12,0.54875004,0.49,0.4975
2004-07-13,0.5675,0.5075,0.5525
2004-07-14,0.59625,0.53625,0.53375
2004-07-15,0.59125,0.54,0.53
2004-07-16,0.58124995,0.53125,0.53
2004-07-17,0.58875,0.53,0.52125
2004-07-18,0.58124995,0.53,0.52
2004-07-19,0.545,0.5125,0.52
2004-07-20,0.54875004,0.50125,0.51125
2004-07-21,0.55,0.5,0.51
2004-07-22,0.55,0.49125,0.51
2004-07-23,0.55875003,0.5075,0.51
2004-07-24,0.55125,0.50125,0.51
2004-07-25,0.59375,0.50874996,0.50125
2004-07-26,0.64374995,0.55375,0.49125
2004-07-27,0.65875,0.5775,0.48125
2004-07-28,0.66,0.57124996,0.48
2004-07-29,0.6425,0.56125,0.47125
2004-07-30,0.63125,0.55125,0.47
2004-07-31,0.63,0.55875003,0.47
2004-08-01,0.63874996,0.55125,0.47
2004-08-02,0.64,0.55875003,0.4525
2004-08-03,0.64,0.56,0.42375
2004-08-04,0.64,0.56,0.39375
2004-08-05,0.64,0.55125,0.4075
2004-08-06,0.63125,0.55,0.41
2004-08-07,0.63,0.55,0.40125
2004-08-08,0.63,0.55,0.4
2004-08-09,0.63,0.55,0.39125
2004-08-10,0.6125,0.54125,0.39
2004-08-11,0.6275,0.53125,0.39
2004-08-12,0.65625,0.5475,0.39
2004-08-13,0.6425,0.55875003,0.39
2004-08-14,0.63125,0.5425,0.39
2004-08-15,0.62125003,0.54,0.38125
2004-08-16,0.62,0.53125,0.38
2004-08-17,0.6025,0.52125,0.38
2004-08-18,0.6175,0.52,0.38
2004-08-19,0.62,0.52874994,0.37125
2004-08-20,0.62874997,0.53,0.37
2004-08-21,0.62125003,0.53,0.37
2004-08-22,0.62,0.53,0.37
2004-08-23,0.62,0.53,0.37
2004-08-24,0.62,0.53,0.37
2004-08-25,0.61125004,0.52125,0.37
2004-08-26,0.61875,0.52,0.36125
2004-08-27,0.62,0.52,0.35125
2004-08-28,0.62,0.52,0.35
2004-08-29,0.62,0.52,0.35
2004-08-30,0.61125004,0.52,0.35
2004-08-31,0.61,0.51125,0.35
2004-09-01,0.61875,0.51,0.35
2004-09-02,0.61125004,0.51,0.35
2004-09-03,0.61,0.51,0.35
2004-09-04,0.61,0.51,0.34125
2004-09-05,0.61,0.51,0.34
2004-09-06,0.61,0.51,0.34
2004-09-07,0.61,0.51,0.33125
2004-09-08,0.61,0.50125,0.33
2004-09-09,0.61,0.5,0.32125
2004-09-10,0.61875,0.5,0.32
2004-09-11,0.6025,0.5,0.32
2004-09-12,0.60875,0.5,0.32
2004-09-13,0.61,0.5,0.32
2004-09-14,0.61,0.5,0.32
2004-09-15,0.6275,0.5175,0.3375
2004-09-16,0.62125003,0.51125,0.3225
2004-09-17,0.62874997,0.51,0.32
2004-09-18,0.63,0.51874995,0.31125
2004-09-19,0.63,0.52,0.30125
2004-09-20,0.63,0.52,0.2825
2004-09-21,0.62125003,0.52,0.27125
2004-09-22,0.62,0.51125,0.26125
2004-09-23,0.62,0.51,0.25125
2004-09-24,0.62,0.51,0.25
2004-09-25,0.62,0.50125,0.24125
2004-09-26,0.62874997,0.5,0.24
2004-09-27,0.62125003,0.5,0.24
2004-09-28,0.62,0.5,0.24
2004-09-29,0.62874997,0.5,0.24
2004-09-30,0.63,0.5,0.24
2004-10-01,0.6125,0.4825,0.26625
2004-10-02,0.61,0.48,0.27
2004-10-03,0.61,0.48875,0.27
2004-10-04,0.61,0.49,0.27
2004-10-05,0.60125005,0.49,0.26125
2004-10-06,0.6,0.48125,0.26875
2004-10-07,0.6,0.48,0.27
2004-10-08,0.60875,0.48875,0.27
2004-10-09,0.61,0.49,0.27
2004-10-10,0.61875,0.49,0.27
2004-10-11,0.6375,0.5075,0.27
2004-10-12,0.63125,0.51,0.27
2004-10-13,0.63,0.51,0.27
2004-10-14,0.63,0.51,0.2875
2004-10-15,0.62125003,0.50125,0.29
2004-10-16,0.62,0.50874996,0.3075
2004-10-17,0.62,0.51,0.2925
2004-10-18,0.62,0.50125,0.28125
2004-10-19,0.62,0.5,0.28
2004-10-20,0.62,0.5,0.27125
2004-10-21,0.6025,0.49125,0.27
2004-10-22,0.59125,0.4725,0.27
2004-10-23,0.59,0.47,0.27875
2004-10-24,0.6075,0.47875,0.28
2004-10-25,0.6275,0.50624996,0.28875
2004-10-26,0.63,0.51,0.29
2004-10-27,0.63,0.51,0.29
2004-10-28,0.6475,0.5275,0.29875
2004-10-29,0.6325,0.53,0.34375
2004-10-30,0.63874996,0.53,0.385
2004-10-31,0.64,0.53875,0.46
2004-11-01,0.63125,0.5575,0.5575
2004-11-02,0.62125003,0.56,0.57875
2004-11-03,0.59375,0.5425,0.5625
2004-11-04,0.58124995,0.5225,0.46375
2004-11-05,0.5625,0.49375,0.3975
2004-11-06,0.525,0.45499998,0.32875
2004-11-07,0.5025,0.42374998,0.285
2004-11-08,0.49125,0.41125,0.28875
2004-11-09,0.49,0.41,0.28125
2004-11-10,0.49,0.41,0.28
2004-11-11,0.49,0.41,0.27125
2004-11-12,0.49,0.41,0.27
2004-11-13,0.525,0.4275,0.2875
2004-11-14,0.64375,0.5,0.31625
2004-11-15,0.6775,0.55375,0.32875
2004-11-16,0.575,0.51625,0.3475
2004-11-17,0.5075,0.44875,0.3325
2004-11-18,0.49125,0.42249998,0.365
2004-11-19,0.51625,0.4375,0.41375
2004-11-20,0.5375,0.46625,0.455
2004-11-21,0.575,0.49625,0.5125
2004-11-22,0.62375,0.535,0.47625
2004-11-23,0.69124997,0.59250003,0.435
2004-11-24,0.6825,0.60875,0.50875
2004-11-25,0.63625,0.58375,0.38875
2004-11-26,0.59499997,0.53625,0.3525
2004-11-27,0.56375,0.495,0.32375
2004-11-28,0.5425,0.46375,0.3025
2004-11-29,0.54,0.45125,0.3175
2004-11-30,0.5575,0.4675,0.5475
2004-12-01,0.62125,0.54875,0.32625
2004-12-02,0.84875,0.70875,0.325
2004-12-03,1.06375,0.9575,0.35625
2004-12-04,0.97625,1.0425,0.36
2004-12-05,0.86375004,0.8925,0.31625
2004-12-06,0.78,0.77375,0.2575
2004-12-07,0.7175,0.7075,0.32875
2004-12-08,0.66625,0.65625,0.34
2004-12-09,0.6075,0.58875,0.3225
2004-12-10,0.5825,0.53625,0.25
2004-12-11,0.58875,0.53875,0.205
2004-12-12,0.7825,0.6625,0.13875
2004-12-13,1.0725,0.96,0.08625
2004-12-14,1.25875,1.2012501,0.08
2004-12-15,1.245,1.2825,0.185
2004-12-16,1.23125,1.3074999,0.29625
2004-12-17,1.23875,1.31,0.3625
2004-12-18,1.1787499,1.24,0.2125
2004-12-19,1.0912501,1.1687499,0.225
2004-12-20,1.10625,1.09875,0.195
2004-12-21,1.08375,1.1075001,0.295
2004-12-22,1.2112501,1.04,0.3275
2004-12-23,1.125,1.0825,0.32125
2004-12-24,1.67,1.37,0.25875
2004-12-25,2.16125,1.9525,0.31125
2004-12-26,2.22875,2.1437502,0.1975
2004-12-27,2.0725,2.08125,0.1275
2004-12-28,1.875,1.8775,0.1025
2004-12-29,1.63125,1.66625,0.1
2004-12-30,1.3987501,1.43875,0.09125
2004-12-31,1.23,1.27,0.1075
2005-01-01,1.1225001,1.1625,1.265
2005-01-02,1.08375,1.10625,1.35125
2005-01-03,1.10625,1.0912501,1.2525
2005-01-04,1.0487499,1.15125,1.1875
2005-01-05,1.03125,1.22125,1.6525
2005-01-06,1.28375,1.2825,2.175
2005-01-07,1.43375,1.49125,2.3625
2005-01-08,1.3362501,1.47625,2.625
2005-01-09,1.2937499,1.44375,2.555
2005-01-10,1.26375,1.39625,2.18125
2005-01-11,1.23375,1.32875,2.0075
2005-01-12,1.2125001,1.285,1.89375
2005-01-13,1.1837499,1.2625,1.81875
2005-01-14,1.215,1.26,1.8975
2005-01-15,1.465,1.4350001,2.16375
2005-01-16,1.6225,1.6612501,2.3225
2005-01-17,1.63125,1.7075,2.50625
2005-01-18,1.665,1.77125,3.265
2005-01-19,1.705,1.85,3.22125
2005-01-20,1.82375,1.9124999,3.1125
2005-01-21,2.0849998,2.0949998,3.10875
2005-01-22,2.19,2.19875,2.725
2005-01-23,2.06,2.105,2.3375
2005-01-24,1.9,1.9499999,2.045
2005-01-25,1.76625,1.7987499,2.01
2005-01-26,1.6887499,1.71,2.01875
2005-01-27,1.645,1.65625,1.8975
2005-01-28,1.57875,1.5975001,1.81875
2005-01-29,1.605,1.59,1.73125
2005-01-30,1.68875,1.625,1.8425
2005-01-31,1.79625,1.735,2.1925
2005-02-01,1.90625,1.8375,3.22
2005-02-02,2.48,2.2437499,3.5
2005-02-03,3.05,2.83375,4.2375
2005-02-04,3.1375,3.0674999,4.17375
2005-02-05,3.00875,3.0375,3.96625
2005-02-06,2.71,2.8725,3.7475
2005-02-07,2.4162502,2.57875,3.76375
2005-02-08,2.3274999,2.4437501,4.1375
2005-02-09,2.32875,2.4475,4.33875
2005-02-10,2.26875,2.40625,4.325
2005-02-11,2.18125,2.33875,4.1975
2005-02-12,1.98625,2.19,3.9
2005-02-13,1.77625,1.995,4.60375
2005-02-14,1.6625,1.9087499,3.52875
2005-02-15,1.58875,1.76875,
2005-02-16,1.4399999,1.645,2.39
2005-02-17,1.3237499,1.48125,2.0225
2005-02-18,1.2574999,1.36375,1.7425
2005-02-19,1.27625,1.3149999,1.6925
2005-02-20,1.315,1.345,1.795
2005-02-21,1.36375,1.385,1.95
2005-02-22,1.4575,1.46875,1.85625
2005-02-23,1.39125,1.45375,1.76125
2005-02-24,1.21375,1.31,1.60125
2005-02-25,1.14625,1.2025001,1.4225
2005-02-26,1.06125,1.1025001,1.28625
2005-02-27,0.98,1.0025,1.17375
2005-02-28,0.935,0.955,1.1425
2005-03-01,0.93875,0.915,1.1925
2005-03-02,0.9575,0.96250004,1.55
2005-03-03,1.4325,1.27625,2.85125
2005-03-04,2.13875,2.04625,3.3625
2005-03-05,2.39625,2.36875,3.8125
2005-03-06,2.875,2.75,4.3075
2005-03-07,3.15,3.0625,4.2125
2005-03-08,3.17125,3.1437502,4.155
2005-03-09,3.1262498,3.12375,4.0975
2005-03-10,3.05875,3.0762498,4.1775
2005-03-11,2.91875,3.0,4.32125
2005-03-12,2.6637502,2.85,4.43625
2005-03-13,2.4550002,2.6725001,4.4675
2005-03-14,2.28125,2.51875,4.3475
2005-03-15,2.1287498,2.38625,4.1375
2005-03-16,1.99625,2.23,3.78625
2005-03-17,1.90125,2.09625,3.41625
2005-03-18,1.9075,2.045,3.16875
2005-03-19,1.9275,2.04875,3.20125
2005-03-20,2.0349998,2.11125,3.0525
2005-03-21,2.09375,2.1725001,3.17875
2005-03-22,2.16125,2.2150002,3.33125
2005-03-23,2.2225,2.29,3.525
2005-03-24,2.125,2.25625,
2005-03-25,1.9875,2.13625,3.07
2005-03-26,1.8125,1.98,
2005-03-27,1.6937499,1.8287499,2.77
2005-03-28,1.6624999,1.775,2.7175
2005-03-29,1.695,1.79625,
2005-03-30,1.6737499,1.79125,3.53
2005-03-31,1.5649999,1.7025001,3.43375
2005-04-01,1.43625,1.59375,2.51875
2005-04-02,1.35875,1.50125,2.20625
2005-04-03,1.27125,1.41125,2.005
2005-04-04,1.2075,1.32125,1.84875
2005-04-05,1.1737499,1.26625,
2005-04-06,1.14375,1.23375,1.73
2005-04-07,1.0699999,1.1687499,1.65125
2005-04-08,1.025,1.11625,
2005-04-09,0.95,1.0487499,
2005-04-10,0.91375005,0.99625003,1.49
2005-04-11,0.875,0.94625,
2005-04-12,0.80875003,0.8875,1.17
2005-04-13,0.80875003,0.83625,1.10875
2005-04-14,0.81,0.83,1.065
2005-04-15,0.78375,0.8125,1.03375
2005-04-16,0.77125,0.7925,1.00375
2005-04-17,0.76125,0.78125,0.9825
2005-04-18,0.76,0.77125,0.9625
2005-04-19,0.7425,0.7525,0.9425
2005-04-20,0.74,0.74125004,0.9225
2005-04-21,0.74,0.74,0.89375
2005-04-22,0.74,0.74,0.89
2005-04-23,0.73125005,0.74,0.88125
2005-04-24,0.72125006,0.73125005,0.8625
2005-04-25,0.72,0.73,0.86875
2005-04-26,0.71125,0.72125006,0.84375
2005-04-27,0.71,0.71125,0.84
2005-04-28,0.71875,0.71,0.84
2005-04-29,0.72875,0.71875,0.91
2005-04-30,0.83500004,0.79,0.92
2005-05-01,0.78875,0.8,0.87625
2005-05-02,0.815,0.78249997,0.835
2005-05-03,0.8375,0.80625,0.85625
2005-05-04,0.81375,0.80125,0.81625
2005-05-05,0.78375,0.77375,0.775
2005-05-06,0.75374997,0.74375,0.7525
2005-05-07,0.72375,0.71375,0.715
2005-05-08,0.7025,0.6925,0.70125
2005-05-09,0.69124997,0.6725,0.6825
2005-05-10,0.68125,0.66125,0.68
2005-05-11,0.67125,0.65125,0.68
2005-05-12,0.67,0.65,0.67125
2005-05-13,0.69624996,0.67625,0.66125
2005-05-14,0.67375004,0.6625,0.6425
2005-05-15,0.6525,0.6425,0.63125
2005-05-16,0.64125,0.63125,0.63
2005-05-17,0.64,0.63,0.63
2005-05-18,0.64,0.62125003,0.62125
2005-05-19,0.64,0.62,0.61125
2005-05-20,0.63125,0.62,0.60125
2005-05-21,0.6825,0.6375,0.6
2005-05-22,0.655,0.64,0.5825
2005-05-23,0.6325,0.61375,0.58
2005-05-24,0.63,0.60125005,0.58
2005-05-25,0.62125003,0.6,0.57125
2005-05-26,0.62874997,0.6,0.57875
2005-05-27,0.6475,0.6175,0.685
2005-05-28,0.72875,0.68125,0.69125
2005-05-29,0.7575,0.71625,0.655
2005-05-30,0.76,0.71125,0.69375
2005-05-31,0.76,0.71,0.63875
2005-06-01,0.75125,0.71875,0.62125
2005-06-02,0.68,0.6675,0.6025
2005-06-03,0.64375,0.625,0.59125
2005-06-04,0.63125,0.61125004,0.58125
2005-06-05,0.62125003,0.60125005,0.55375
2005-06-06,0.62,0.6,0.5325
2005-06-07,0.62,0.59125,0.50375
2005-06-08,0.61125004,0.58124995,0.49125
2005-06-09,0.61,0.57124996,0.48125
2005-06-10,0.60125005,0.57,0.48
2005-06-11,0.6,0.57,0.48
2005-06-12,0.6,0.57,0.48875
2005-06-13,0.59125,0.56125,0.48125
2005-06-14,0.59875,0.56875,0.4975
2005-06-15,0.6175,0.57875,0.5
2005-06-16,0.59375,0.57124996,0.5
2005-06-17,0.6075,0.57875,0.5
2005-06-18,0.68,0.615,0.5
2005-06-19,0.68125,0.62874997,0.5
2005-06-20,0.61,0.59499997,0.4825
2005-06-21,0.5825,0.56375,0.48
2005-06-22,0.58,0.55125,0.47125
2005-06-23,0.58,0.55,0.47
2005-06-24,0.58,0.54125,0.46125
2005-06-25,0.57124996,0.54,0.46
2005-06-26,0.57875,0.54,0.45125
2005-06-27,0.60625,0.54875004,0.45
2005-06-28,0.58375,0.55,0.45
2005-06-29,0.58,0.54125,0.45
2005-06-30,0.57124996,0.54,0.44125
2005-07-01,0.57,0.53125,0.44
2005-07-02,0.57,0.53875,0.43125
2005-07-03,0.605,0.54,0.43
2005-07-04,0.6275,0.56624997,0.43
2005-07-05,0.60375,0.56125,0.43
2005-07-06,0.60875,0.55125,0.4475
2005-07-07,0.60125005,0.55875003,0.45
2005-07-08,0.5825,0.55125,0.44125
2005-07-09,0.615,0.55,0.43125
2005-07-10,0.6025,0.55875003,0.43
2005-07-11,0.5825,0.5425,0.42125
2005-07-12,0.5975,0.54875004,0.42
2005-07-13,0.60875,0.55,0.42
2005-07-14,0.60125005,0.55,0.39375
2005-07-15,0.60875,0.55,0.39
2005-07-16,0.61,0.55875003,0.38125
2005-07-17,0.61,0.55125,0.40625
2005-07-18,0.61,0.55875003,0.41
2005-07-19,0.61,0.56,0.41
2005-07-20,0.61,0.56,0.41
2005-07-21,0.61,0.56,0.40125
2005-07-22,0.61,0.55125,0.4
2005-07-23,0.61,0.55,0.4
2005-07-24,0.60125005,0.55,0.39125
2005-07-25,0.6,0.55,0.39
2005-07-26,0.6,0.54125,0.39
2005-07-27,0.6,0.54,0.4075
2005-07-28,0.60875,0.54875004,0.40125
2005-07-29,0.60125005,0.55,0.4
2005-07-30,0.6,0.55,0.4
2005-07-31,0.6,0.55,0.4175
2005-08-01,0.6,0.55,0.41125
2005-08-02,0.59125,0.54125,0.41
2005-08-03,0.59,0.54,0.41
2005-08-04,0.63374996,0.5575,0.40125
2005-08-05,0.6225,0.56,0.40875
2005-08-06,0.6025,0.55125,0.38375
2005-08-07,0.59125,0.55,0.3625
2005-08-08,0.59,0.53249997,0.35125
2005-08-09,0.59,0.53,0.35875
2005-08-10,0.59,0.53,0.3775
2005-08-11,0.59875,0.53,0.38
2005-08-12,0.6,0.53875,0.38875
2005-08-13,0.59125,0.53125,0.3725
2005-08-14,0.59,0.53,0.3525
2005-08-15,0.59,0.53,0.35
2005-08-16,0.59,0.53,0.34125
2005-08-17,0.59875,0.53,0.34875
2005-08-18,0.6,0.53,0.35
2005-08-19,0.6,0.53,0.34125
2005-08-20,0.6175,0.53875,0.34
2005-08-21,0.6025,0.54,0.33125
2005-08-22,0.59125,0.53125,0.33
2005-08-23,0.59,0.52125,0.3475
2005-08-24,0.59,0.52874994,0.3325
2005-08-25,0.59,0.53,0.33
2005-08-26,0.59,0.52125,0.3475
2005-08-27,0.59,0.52,0.35875
2005-08-28,0.59,0.52874994,0.35125
2005-08-29,0.59,0.53,0.35
2005-08-30,0.59,0.53,0.35
2005-08-31,0.59,0.53,0.35
2005-09-01,0.59,0.53,0.35
2005-09-02,0.59,0.53,0.35875
2005-09-03,0.59,0.52125,0.35125
2005-09-04,0.58124995,0.52,0.34125
2005-09-05,0.58,0.52,0.34
2005-09-06,0.57124996,0.51125,0.34
2005-09-07,0.5875,0.51874995,0.34
2005-09-08,0.59,0.52874994,0.34
2005-09-09,0.58124995,0.52125,0.34
2005-09-10,0.5975,0.52,0.34
2005-09-11,0.60875,0.52874994,0.34
2005-09-12,0.5925,0.53,0.34
2005-09-13,0.59,0.52125,0.34
2005-09-14,0.58124995,0.5025,0.33125
2005-09-15,0.53625,0.465,0.33
2005-09-16,0.50374997,0.45125,0.32125
2005-09-17,0.5,0.44125,0.31125
2005-09-18,0.49125,0.43125,0.28375
2005-09-19,0.49,0.43875,0.27125
2005-09-20,0.5075,0.46625,0.27
2005-09-21,0.55375,0.4875,0.27
2005-09-22,0.5775,0.49875,0.27
2005-09-23,0.58,0.50874996,0.27
2005-09-24,0.615,0.5275,0.27
2005-09-25,0.62,0.53875,0.27875
2005-09-26,0.61125004,0.53125,0.28
2005-09-27,0.61875,0.53,0.28875
2005-09-28,0.64625,0.5475,0.29
2005-09-29,0.65875,0.55875003,0.3425
2005-09-30,0.65125,0.56,0.34125
2005-10-01,0.685,0.5775,0.3575
2005-10-02,0.7075,0.60625,0.36
2005-10-03,0.675,0.58375,0.33375
2005-10-04,0.635,0.5625,0.32125
2005-10-05,0.60375,0.53375,0.31125
2005-10-06,0.59125,0.5125,0.30125
2005-10-07,0.59875,0.50125,0.29125
2005-10-08,0.6,0.50874996,0.28125
2005-10-09,0.59125,0.51,0.27125
2005-10-10,0.59,0.50125,0.26125
2005-10-11,0.58124995,0.5,0.26
2005-10-12,0.58,0.5,0.25125
2005-10-13,0.58,0.49125,0.25
2005-10-14,0.58,0.49,0.25
2005-10-15,0.58,0.49,0.25
2005-10-16,0.58,0.49,0.24125
2005-10-17,0.58,0.49,0.23125
2005-10-18,0.58,0.49,0.23
2005-10-19,0.58,0.49,0.23
2005-10-20,0.55375004,0.4725,0.23
2005-10-21,0.55875003,0.47,0.23
2005-10-22,0.56875,0.47875,0.22125
2005-10-23,0.57875,0.48,0.22
2005-10-24,0.58,0.48875,0.22
2005-10-25,0.58,0.49,0.22
2005-10-26,0.58,0.49,0.22
2005-10-27,0.58,0.48125,0.22
2005-10-28,0.58,0.48,0.22
2005-10-29,0.58,0.48875,0.22
2005-10-30,0.58,0.49,0.2375
2005-10-31,0.58875,0.49,0.205
2005-11-01,0.6075,0.49875,
2005-11-02,0.6625,0.535,0.26
2005-11-03,0.82750005,0.68,0.2075
2005-11-04,0.9725,0.88375,0.20875
2005-11-05,0.94625,0.8575,0.1575
2005-11-06,0.9925,0.85875,0.14125
2005-11-07,0.90375,0.83375,0.14
2005-11-08,0.81125003,0.7425,0.49875
2005-11-09,0.765,0.6775,0.41
2005-11-10,0.76874995,0.66125,0.3725
2005-11-11,0.79625,0.66875005,0.37
2005-11-12,0.78249997,0.67,0.41375
2005-11-13,0.84125,0.71375,0.62125
2005-11-14,0.87625,0.79,0.685
2005-11-15,0.88,0.8175,0.725
2005-11-16,0.88874996,0.82875,0.6775
2005-11-17,0.84625,0.78625,0.53875
2005-11-18,0.78749996,0.73625004,0.52
2005-11-19,0.77125,0.695,0.52875
2005-11-20,0.8575,0.73375,0.7575
2005-11-21,0.93125,0.8625,0.71125
2005-11-22,0.9225,0.85375,0.79625
2005-11-23,1.025,0.92875,0.88875
2005-11-24,1.11875,1.045,0.9175
2005-11-25,1.15625,1.10375,1.26125
2005-11-26,1.2125,1.215,1.5025
2005-11-27,1.54375,1.44,2.5975
2005-11-28,2.0449998,1.9775,2.84625
2005-11-29,2.46,2.3475,3.16625
2005-11-30,2.4575,2.50375,3.27125
2005-12-01,2.2662501,2.3799999,3.035
2005-12-02,1.9775001,2.1325,2.69375
2005-12-03,1.72125,1.81125,2.72
2005-12-04,1.6025001,1.77875,3.28125
2005-12-05,1.6424999,1.82375,3.465
2005-12-06,1.7112501,1.89125,3.4275
2005-12-07,1.69375,1.9,3.77875
2005-12-08,1.78625,1.9875,3.9875
2005-12-09,2.0887501,2.1837502,4.045
2005-12-10,2.4625,2.51625,4.05875
2005-12-11,2.4137502,2.56875,3.99
2005-12-12,2.3474998,2.5962498,4.26
2005-12-13,2.48,2.6174998,4.57125
2005-12-14,2.4825,2.6637502,4.4875
2005-12-15,2.50625,2.6525002,4.505
2005-12-16,2.74625,2.76375,4.79875
2005-12-17,3.1125002,3.1125002,4.84
2005-12-18,3.23,3.23875,4.76125
2005-12-19,3.24875,3.27625,4.6625
2005-12-20,3.10125,3.21,4.51875
2005-12-21,2.9050002,3.095,4.43
2005-12-22,2.7050002,2.93125,4.30625
2005-12-23,2.5575,2.7875,4.12375
2005-12-24,2.435,2.65625,3.96
2005-12-25,2.3325,2.54375,3.77375
2005-12-26,2.1625001,2.3899999,3.72375
2005-12-27,1.99125,2.2037501,3.545
2005-12-28,2.08375,2.1975,3.40625
2005-12-29,2.12625,2.2175,3.25875
2005-12-30,1.9637501,2.0974998,3.00375
2005-12-31,1.8,1.93125,2.865
2006-01-01,1.6837499,1.805,0.70625
2006-01-02,1.5125,1.6587499,0.39125
2006-01-03,1.3325,1.4825001,0.4425
2006-01-04,1.2837499,1.41625,0.42375
2006-01-05,1.1925,1.3137499,0.42875
2006-01-06,1.2325,1.3087499,0.4475
2006-01-07,1.625,1.6600001,0.4325
2006-01-08,1.7674999,1.9024999,0.43875
2006-01-09,1.66625,1.85125,0.58875
2006-01-10,1.5975001,1.76125,0.54875
2006-01-11,1.5025,1.6887499,0.42625
2006-01-12,1.35875,1.47,0.41
2006-01-13,1.27,1.4662501,0.34875
2006-01-14,1.2075,1.39125,0.19125
2006-01-15,1.1475,1.30125,0.17875
2006-01-16,1.09625,1.22,0.1975
2006-01-17,1.09,1.16625,0.2
2006-01-18,1.055,1.11625,0.165
2006-01-19,1.00625,1.06625,0.18625
2006-01-20,0.93875,0.99875,0.155
2006-01-21,0.8075,0.9025,0.17625
2006-01-22,0.74625003,0.84625,0.17125
2006-01-23,0.7225,0.77875,0.12625
2006-01-24,0.71125,0.7525,0.1725
2006-01-25,0.71,0.74125004,0.18
2006-01-26,0.70124996,0.73125005,0.17125
2006-01-27,0.63875,0.695,0.16125
2006-01-28,0.60375,0.655,0.1075
2006-01-29,0.635,0.65,0.09125
2006-01-30,0.71875,0.685,0.1075
2006-01-31,0.765,0.7425,0.1275
2006-02-01,0.8225,0.79375,0.10375
2006-02-02,0.83875,0.8175,0.12625
2006-02-03,0.805,0.82875,0.1475
2006-02-04,0.78249997,0.83875,0.10625
2006-02-05,0.7975,0.84,0.1
2006-02-06,0.79125,0.83124995,0.09125
2006-02-07,0.79,0.83875,0.09
2006-02-08,0.72875005,0.79625,0.09875
2006-02-09,0.64125,0.71999997,0.1
2006-02-10,0.65625,0.68375003,0.10875
2006-02-11,0.68625,0.6975,0.11
2006-02-12,0.725,0.735,0.10125
2006-02-13,0.73875,0.7575,0.1
2006-02-14,0.7925,0.795,0.1
2006-02-15,0.82624996,0.835,0.1
2006-02-16,0.8475,0.8575,0.135
2006-02-17,0.84125,0.86,0.14875
2006-02-18,0.83124995,0.8425,0.10625
2006-02-19,0.76875,0.79625,0.1
2006-02-20,0.71625,0.74625003,0.1
2006-02-21,0.68375003,0.705,0.1
2006-02-22,0.67125,0.6825,0.1
2006-02-23,0.67,0.67125,0.12625
2006-02-24,0.6875,0.67,0.15625
2006-02-25,0.73375,0.69624996,0.15125
2006-02-26,0.80125,0.76124996,0.185
2006-02-27,0.8275,0.81374997,0.14625
2006-02-28,0.83875,0.84625,0.30625
2006-03-01,0.95375,0.94624996,0.18125
2006-03-02,1.0487499,1.10875,0.16
2006-03-03,1.0425,1.10375,0.16
2006-03-04,1.01375,1.0649999,0.30875
2006-03-05,1.03625,1.06875,0.3825
2006-03-06,1.1624999,1.14,0.25
2006-03-07,1.0575,1.14125,0.265
2006-03-08,1.005,1.0699999,0.55875
2006-03-09,1.0875,1.1125,0.29375
2006-03-10,1.1175001,1.155,0.215
2006-03-11,1.12875,1.1775,0.2275
2006-03-12,1.13875,1.22375,0.34375
2006-03-13,1.4025,1.39625,0.54375
2006-03-14,1.69375,1.63875,0.36875
2006-03-15,1.9225,1.85375,0.4975
2006-03-16,2.2649999,2.2475,0.73
2006-03-17,2.625,2.5887501,0.6725
2006-03-18,2.4775,2.65625,0.625
2006-03-19,2.4325001,2.56375,0.36625
2006-03-20,2.4475,2.55875,0.5925
2006-03-21,2.3274999,2.48125,0.5075
2006-03-22,2.135,2.3474998,0.34125
2006-03-23,1.935,2.1462498,0.25875
2006-03-24,1.6999999,1.9449999,0.20625
2006-03-25,1.4075,1.7099999,0.1825
2006-03-26,1.22125,1.5225,0.18
2006-03-27,1.13,1.395,0.18875
2006-03-28,1.12875,1.345,0.1725
2006-03-29,1.12125,1.34875,0.3625
2006-03-30,1.11125,1.3149999,0.45125
2006-03-31,1.3025,1.38875,0.495
2006-04-01,1.33875,1.4875,0.50875
2006-04-02,1.19125,1.38625,0.51875
2006-04-03,1.0825,1.27375,0.5375
2006-04-04,1.00875,1.19875,0.5225
2006-04-05,0.97375,1.14625,0.4675
2006-04-06,0.9525,1.11375,0.38125
2006-04-07,0.915,1.06625,0.37875
2006-04-08,0.88375,1.025,0.42375
2006-04-09,0.85375,0.99375,0.43
2006-04-10,0.91125,1.025,0.40375
2006-04-11,0.99,1.1175,0.295
2006-04-12,1.09625,1.2175,0.245
2006-04-13,1.0575,1.23,0.24
2006-04-14,1.05,1.18625,0.2575
2006-04-15,1.1025,1.18875,0.23375
2006-04-16,1.0225,1.1375,0.22125
2006-04-17,0.94,1.0425,0.22
2006-04-18,0.92125,0.995,0.21125
2006-04-19,0.9375,1.01625,0.42875
2006-04-20,0.98375,1.125,0.29375
2006-04-21,1.0425,1.16625,0.17375
2006-04-22,0.9975,1.14375,0.16875
2006-04-23,0.94625,1.0875001,0.17875
2006-04-24,0.87875,1.00125,0.20625
2006-04-25,0.82625,0.92,0.21875
2006-04-26,0.79375005,0.86625004,0.185
2006-04-27,0.7725,0.83375,0.20625
2006-04-28,0.7525,0.8125,0.18375
2006-04-29,0.74125004,0.80125,0.20625
2006-04-30,0.73125005,0.78249997,0.23625
2006-05-01,0.7125,0.7625,0.24
2006-05-02,0.71,0.75125,0.24
2006-05-03,0.70124996,0.74125004,0.24
2006-05-04,0.69124997,0.73125005,0.24
2006-05-05,0.69,0.72125006,0.23125
2006-05-06,0.68125,0.71125,0.23
2006-05-07,0.67125,0.70124996,0.23875
2006-05-08,0.66125,0.7,0.24
2006-05-09,0.66,0.6825,0.24
2006-05-10,0.6425,0.67125,0.24
2006-05-11,0.64,0.67,0.19625
2006-05-12,0.64,0.67,0.19875
2006-05-13,0.64,0.67,0.19125
2006-05-14,0.64,0.67,0.2075
2006-05-15,0.63125,0.67,0.20125
2006-05-16,0.63874996,0.66125,0.2
2006-05-17,0.63125,0.65125,0.20875
2006-05-18,0.63,0.65,0.21
2006-05-19,0.62125003,0.64125,0.21
2006-05-20,0.61125004,0.63125,0.21
2006-05-21,0.61,0.62125003,0.20125
2006-05-22,0.61875,0.62,0.19125
2006-05-23,0.59375,0.61125004,0.1725
2006-05-24,0.59,0.61,0.17875
2006-05-25,0.58124995,0.61,0.1975
2006-05-26,0.5975,0.61,0.20875
2006-05-27,0.6,0.61875,0.21
2006-05-28,0.6175,0.64625,0.20125
2006-05-29,0.69,0.6675,0.19125
2006-05-30,0.7,0.67,0.1375
2006-05-31,0.63,0.6525,0.1125
2006-06-01,0.585,0.60625005,0.11875
2006-06-02,0.58,0.60875,0.12
2006-06-03,0.58,0.60125005,0.12875
2006-06-04,0.57124996,0.57375,0.13
2006-06-05,0.57,0.57,0.13
2006-06-06,0.57,0.57,0.13
2006-06-07,0.56125,0.57,0.13
2006-06-08,0.56,0.57,0.13875
2006-06-09,0.56,0.56125,0.18375
2006-06-10,0.56,0.56,0.18125
2006-06-11,0.55125,0.56,0.18
2006-06-12,0.57624996,0.56,0.18
2006-06-13,0.60625,0.58624995,0.18
2006-06-14,0.61,0.59875,0.18
2006-06-15,0.60125005,0.6,0.18
2006-06-16,0.59125,0.59125,0.18
2006-06-17,0.59,0.58124995,0.18
2006-06-18,0.59,0.58,0.18
2006-06-19,0.59,0.58,0.1625
2006-06-20,0.59,0.58,0.1775
2006-06-21,0.59,0.58,0.1975
2006-06-22,0.59,0.58,0.20875
2006-06-23,0.56375,0.5625,0.18375
2006-06-24,0.525,0.53375,0.17125
2006-06-25,0.52,0.52125,0.17875
2006-06-26,0.51125,0.51125,0.18875
2006-06-27,0.51,0.51,0.18125
2006-06-28,0.5275,0.5275,0.17125
2006-06-29,0.57374996,0.55625,0.1525
2006-06-30,0.58875,0.56875,0.12375
2006-07-01,0.58124995,0.57,0.4175
2006-07-02,0.58,0.57,0.45125
2006-07-03,0.58,0.57,0.45
2006-07-04,0.58,0.56125,0.44125
2006-07-05,0.58,0.56,0.44
2006-07-06,0.58,0.56,0.44
2006-07-07,0.58,0.56,0.44
2006-07-08,0.58,0.56,0.44
2006-07-09,0.58,0.56,0.44875
2006-07-10,0.58,0.56,0.45
2006-07-11,0.58,0.56,0.45
2006-07-12,0.58,0.55125,0.4325
2006-07-13,0.57124996,0.55,0.43
2006-07-14,0.57,0.54125,0.4475
2006-07-15,0.57,0.54,0.45
2006-07-16,0.57,0.54,0.45
2006-07-17,0.57,0.54,0.45
2006-07-18,0.57,0.54,0.45
2006-07-19,0.57875,0.54875004,0.45
2006-07-20,0.58,0.55875003,0.44125
2006-07-21,0.58,0.56,0.44
2006-07-22,0.58,0.55125,0.44
2006-07-23,0.58,0.55875003,0.44
2006-07-24,0.58875,0.56,0.44
2006-07-25,0.58124995,0.56,0.44
2006-07-26,0.58,0.55125,0.43125
2006-07-27,0.57124996,0.55,0.42125
2006-07-28,0.57875,0.55,0.42
2006-07-29,0.62375,0.55875003,0.41125
2006-07-30,0.63874996,0.58624995,0.41
2006-07-31,0.63125,0.59,0.41
2006-08-01,0.63874996,0.59,0.41
2006-08-02,0.6225,0.59,0.4275
2006-08-03,0.62,0.58124995,0.43875
2006-08-04,0.62874997,0.58,0.43125
2006-08-05,0.63,0.58875,0.43875
2006-08-06,0.6125,0.58124995,0.44875
2006-08-07,0.645,0.5975,0.44125
2006-08-08,0.65,0.60875,0.43125
2006-08-09,0.64125,0.60125005,0.42125
2006-08-10,0.6225,0.5825,0.41125
2006-08-11,0.585,0.5625,0.40125
2006-08-12,0.58875,0.5425,0.4
2006-08-13,0.6075,0.5575,0.39125
2006-08-14,0.58375,0.56,0.39
2006-08-15,0.57124996,0.5425,0.39
2006-08-16,0.56125,0.53125,0.39
2006-08-17,0.56875,0.53,0.39
2006-08-18,0.57875,0.53875,0.38125
2006-08-19,0.58875,0.54,0.38
2006-08-20,0.59,0.54875004,0.38
2006-08-21,0.61625,0.55875003,0.37125
2006-08-22,0.62874997,0.56875,0.37
2006-08-23,0.60375,0.57,0.36125
2006-08-24,0.57375,0.54375005,0.35125
2006-08-25,0.56125,0.5225,0.35
2006-08-26,0.56,0.52,0.34125
2006-08-27,0.56,0.51125,0.34
2006-08-28,0.55125,0.51,0.33125
2006-08-29,0.55,0.50125,0.3475
2006-08-30,0.5675,0.50874996,0.35
2006-08-31,0.5525,0.51874995,0.35
2006-09-01,0.55,0.51125,0.35
2006-09-02,0.55,0.51,0.35
2006-09-03,0.53249997,0.50125,0.35875
2006-09-04,0.53,0.49125,0.36875
2006-09-05,0.53,0.49,0.37875
2006-09-06,0.52125,0.49,0.38
2006-09-07,0.52,0.49,0.38
2006-09-08,0.52874994,0.49875,0.38
2006-09-09,0.53,0.5,0.37125
2006-09-10,0.5125,0.49125,0.37
2006-09-11,0.51,0.49,0.36125
2006-09-12,0.51,0.48125,0.35125
2006-09-13,0.51874995,0.48,0.35
2006-09-14,0.52,0.48,0.35
2006-09-15,0.51125,0.47125,0.35
2006-09-16,0.50125,0.46125,0.32375
2006-09-17,0.50874996,0.46,0.3025
2006-09-18,0.51874995,0.46,0.265
2006-09-19,0.52,0.46,0.25125
2006-09-20,0.52,0.46,0.25
2006-09-21,0.5375,0.46875,0.25
2006-09-22,0.575,0.49625,0.285
2006-09-23,0.615,0.535,0.33375
2006-09-24,0.6725,0.575,0.375
2006-09-25,0.71500003,0.615,0.3975
2006-09-26,0.72,0.64625,0.3825
2006-09-27,0.71125,0.64125,0.38
2006-09-28,0.68375003,0.6225,0.37125
2006-09-29,0.645,0.59375,0.3525
2006-09-30,0.6225,0.56375,0.34125
2006-10-01,0.59375,0.5425,0.305
2006-10-02,0.58124995,0.5225,0.29125
2006-10-03,0.57124996,0.51125,0.28125
2006-10-04,0.56125,0.50125,0.27125
2006-10-05,0.56875,0.5,0.27
2006-10-06,0.57875,0.50874996,0.26125
2006-10-07,0.58875,0.51874995,0.26875
2006-10-08,0.59,0.52,0.29625
2006-10-09,0.59,0.52874994,0.30875
2006-10-10,0.61625,0.5475,0.31875
2006-10-11,0.62874997,0.55875003,0.39875
2006-10-12,0.63874996,0.58624995,0.43625
2006-10-13,0.63125,0.59875,0.44875
2006-10-14,0.63874996,0.6,
2006-10-15,0.6925,0.635,
2006-10-16,0.6825,0.6575,
2006-10-17,0.68,0.65125,0.53
2006-10-18,0.70624995,0.65875,
2006-10-19,0.71875,0.6775,0.54
2006-10-20,0.7725,0.71500003,0.7325
2006-10-21,0.8675,0.81624997,0.9
2006-10-22,0.97625,0.9175,
2006-10-23,1.0600001,1.0612501,
2006-10-24,0.9825,1.03625,0.89
2006-10-25,0.9525,0.9425,
2006-10-26,0.90625,0.9125,0.7
2006-10-27,0.83875,0.83125,
2006-10-28,0.78625,0.7675,0.53
2006-10-29,0.7625,0.725,0.5125
2006-10-30,0.75125,0.7025,0.50125
2006-10-31,0.74125004,0.7,0.49125
2006-11-01,0.74875,0.7,0.49
2006-11-02,0.75,0.7,0.48125
2006-11-03,0.79375,0.70875,0.585
2006-11-04,0.87874997,0.78875,
2006-11-05,0.9775,0.8875,
2006-11-06,1.0337499,0.97875,
2006-11-07,1.215,1.1474999,
2006-11-08,1.2574999,1.205,1.04
2006-11-09,1.23375,1.25375,1.32875
2006-11-10,1.4575,1.4,1.405
2006-11-11,1.6125,1.5600001,2.01375
2006-11-12,1.875,1.8162501,1.995
2006-11-13,1.72625,1.7887499,
2006-11-14,1.525,1.5875,
2006-11-15,1.36875,1.4375,1.27
2006-11-16,1.21,1.28,
2006-11-17,1.11125,1.1375,
2006-11-18,1.05625,1.05,
2006-11-19,0.98875,0.96999997,
2006-11-20,0.945,0.90749997,0.6
2006-11-21,0.94875,0.87375,
2006-11-22,0.99375,0.9225,0.77
2006-11-23,1.07,1.0,0.7175
2006-11-24,1.115,1.0625,0.75375
2006-11-25,1.12875,1.07875,0.69875
2006-11-26,1.10375,1.0537499,
2006-11-27,1.02125,0.98875,0.71
2006-11-28,1.12375,0.98875,0.94625
2006-11-29,1.13125,1.0862501,
2006-11-30,1.0862501,1.0912501,2.65
2006-12-01,1.2375,1.23875,2.36125
2006-12-02,1.4,1.4175,2.34625
2006-12-03,1.8050001,1.6850001,2.105
2006-12-04,2.06125,1.93875,2.04375
2006-12-05,1.83625,1.82125,1.97
2006-12-06,1.52875,1.66,1.925
2006-12-07,1.28,1.4475,1.84125
2006-12-08,1.1975,1.3325,1.87375
2006-12-09,1.19875,1.32875,1.85375
2006-12-10,1.43625,1.4350001,2.55875
2006-12-11,2.17875,2.01,3.19375
2006-12-12,2.875,2.685,4.27625
2006-12-13,3.16125,3.0762498,4.28
2006-12-14,3.365,3.2425,4.505
2006-12-15,3.565,3.4175,4.74125
2006-12-16,3.7737498,3.57125,4.95375
2006-12-17,3.835,3.6775,4.86625
2006-12-18,3.875,3.7425,4.6925
2006-12-19,3.8625,3.75,4.60875
2006-12-20,3.9475,3.77625,4.57375
2006-12-21,4.0299997,3.82375,4.6225
2006-12-22,3.935,3.83,4.51625
2006-12-23,3.7450001,3.75125,4.35125
2006-12-24,3.51875,3.6174998,4.2075
2006-12-25,3.32375,3.46,4.0675
2006-12-26,3.16,3.2825,3.8225
2006-12-27,3.0175,3.14625,3.51875
2006-12-28,2.93,3.03375,3.29625
2006-12-29,2.92875,2.9237502,3.0075
2006-12-30,3.0962498,2.97125,2.73375
2006-12-31,3.26,3.1025,3.0675
2007-01-01,3.46375,3.2425,3.0675
2007-01-02,3.4025002,3.2775,2.605
2007-01-03,3.25,3.1925,2.40875
2007-01-04,3.16,3.0925,2.565
2007-01-05,3.22,3.1062498,3.0275
2007-01-06,3.2649999,3.15375,3.1775
2007-01-07,3.2962499,3.2037501,4.19625
2007-01-08,3.3875,3.28875,3.92
2007-01-09,3.37375,3.30875,3.57125
2007-01-10,3.3525,3.28375,3.32875
2007-01-11,3.35,3.27125,3.5975
2007-01-12,3.21875,3.22625,3.43
2007-01-13,3.095,3.115,3.25125
2007-01-14,3.1412501,3.09125,3.8775
2007-01-15,3.33375,3.2125,4.50375
2007-01-16,3.56125,3.405,4.74625
2007-01-17,3.72125,3.54375,4.875
2007-01-18,3.78375,3.6475,4.4175
2007-01-19,3.5974998,3.625,3.95625
2007-01-20,3.1937501,3.36625,3.55
2007-01-21,2.88625,3.05875,3.84125
2007-01-22,2.7275,2.8362498,3.4
2007-01-23,2.85875,2.8274999,3.225
2007-01-24,2.94125,2.9,3.56
2007-01-25,3.16,3.0325,4.16125
2007-01-26,3.23375,3.1725001,3.47875
2007-01-27,3.19625,3.1637502,3.37875
2007-01-28,3.2862499,3.1775,3.3275
2007-01-29,3.3875,3.25,3.32875
2007-01-30,3.435,3.3125,3.645
2007-01-31,3.5275,3.4075,4.1625
2007-02-01,3.5662498,3.49875,4.195
2007-02-02,3.52625,3.51,4.18125
2007-02-03,3.5549998,3.51875,4.25875
2007-02-04,3.63,3.5725,4.655
2007-02-05,3.8325,3.72875,4.85875
2007-02-06,3.9125001,3.81125,5.20375
2007-02-07,3.8587499,3.855,5.25
2007-02-08,3.815,3.85125,
2007-02-09,3.80125,3.84125,5.23
2007-02-10,3.7649999,3.83125,5.13375
2007-02-11,3.4625,3.76,4.91875
2007-02-12,3.11375,3.4875,4.84625
2007-02-13,3.11375,3.35375,4.3675
2007-02-14,3.7324998,3.59375,
2007-02-15,4.3537498,4.0412498,
2007-02-16,4.3424997,4.275,6.4
2007-02-17,4.07625,4.25625,6.2775
2007-02-18,3.795,4.11875,
2007-02-19,3.6025,3.98625,
2007-02-20,3.4925,3.865,
2007-02-21,3.3925002,3.745,
2007-02-22,3.275,3.63375,
2007-02-23,3.14625,3.50625,
2007-02-24,2.98125,3.3587499,
2007-02-25,2.645,3.10375,
2007-02-26,2.46,2.8687499,
2007-02-27,2.36125,2.7,
2007-02-28,2.09625,2.4875,
2007-03-01,1.7625,2.2062502,3.95
2007-03-02,1.5275,1.9599999,4.125
2007-03-03,1.4475,1.83375,2.89
2007-03-04,1.4575,1.81125,2.45625
2007-03-05,1.425,1.74,2.32375
2007-03-06,1.35,1.65125,2.4675
2007-03-07,1.235,1.5,2.3675
2007-03-08,1.19375,1.3925,2.245
2007-03-09,1.18125,1.345,
2007-03-10,1.18875,1.34,2.01
2007-03-11,1.14625,1.2875,
2007-03-12,1.105,1.21,
2007-03-13,1.07375,1.1737499,1.65
2007-03-14,1.0525,1.135,1.615
2007-03-15,1.015,1.12125,1.56625
2007-03-16,0.96625,1.1025,1.525
2007-03-17,0.96875,1.03,1.5025
2007-03-18,0.97875,1.02,1.43875
2007-03-19,1.00625,1.04625,1.42125
2007-03-20,1.01875,1.0587499,1.42875
2007-03-21,0.99375,1.0425,1.4475
2007-03-22,0.99875,1.0487499,1.45875
2007-03-23,1.02625,1.0762501,1.53875
2007-03-24,1.0474999,1.08875,1.4975
2007-03-25,1.04125,1.09,1.41125
2007-03-26,1.01375,1.055,1.4525
2007-03-27,0.975,1.015,1.3025
2007-03-28,0.935,0.96625,1.21875
2007-03-29,0.93,0.95124996,
2007-03-30,0.8775,0.915,1.14
2007-03-31,0.8525,0.86625004,1.09625
2007-04-01,0.7975,0.825,1.08125
2007-04-02,0.79,0.81125,1.03625
2007-04-03,0.8075,0.81875,1.00375
2007-04-04,0.8275,0.82875,0.965
2007-04-05,0.83,0.82124996,
2007-04-06,0.82124996,0.82,0.93
2007-04-07,0.81125,0.81125,
2007-04-08,0.7925,0.80125,0.96
2007-04-09,0.76375,0.79125,1.1
2007-04-10,0.7775,0.81624997,1.225
2007-04-11,0.82374996,0.855,1.21375
2007-04-12,0.80375004,0.85125005,
2007-04-13,0.8,0.84125,
2007-04-14,0.8,0.83124995,1.04
2007-04-15,0.78249997,0.82124996,
2007-04-16,0.77125,0.78499997,
2007-04-17,0.74375,0.77125,0.91
2007-04-18,0.74,0.76125,0.91
2007-04-19,0.74875,0.76874995,0.98875
2007-04-20,0.7675,0.7875,1.00875
2007-04-21,0.77,0.79,0.96625
2007-04-22,0.76125,0.78125,0.96
2007-04-23,0.7425,0.7625,0.9425
2007-04-24,0.7575,0.76,0.93125
2007-04-25,0.78625,0.76,1.07875
2007-04-26,0.78125,0.795,0.95125
2007-04-27,0.77125,0.78249997,0.92125
2007-04-28,0.76125,0.77125,0.92
2007-04-29,0.76,0.76125,0.85875
2007-04-30,0.75125,0.75125,0.82375
2007-05-01,0.72375,0.7325,0.8025
2007-05-02,0.71125,0.72125006,0.79125
2007-05-03,0.70124996,0.7025,0.78125
2007-05-04,0.7,0.7,0.77125
2007-05-05,0.69124997,0.69124997,0.7525
2007-05-06,0.69,0.69,0.7325
2007-05-07,0.69,0.68125,0.73
2007-05-08,0.68125,0.67125,0.72125
2007-05-09,0.67125,0.67,0.71125
2007-05-10,0.67,0.67,0.6925
2007-05-11,0.66125,0.66125,0.69
2007-05-12,0.66,0.66,0.69875
2007-05-13,0.66,0.65125,0.6825
2007-05-14,0.65125,0.65,0.68
2007-05-15,0.65,0.65,0.6975
2007-05-16,0.65,0.65,0.70875
2007-05-17,0.65,0.65,0.70125
2007-05-18,0.64125,0.65,0.69125
2007-05-19,0.64,0.64125,0.69
2007-05-20,0.64,0.64,0.69
2007-05-21,0.64,0.64,0.6375
2007-05-22,0.64,0.64,0.62125
2007-05-23,0.64,0.64,0.62
2007-05-24,0.64,0.64,0.6375
2007-05-25,0.63125,0.63125,0.6575
2007-05-26,0.63,0.62125003,0.66
2007-05-27,0.63,0.62,0.66
2007-05-28,0.63,0.62,0.66
2007-05-29,0.63,0.62874997,0.66
2007-05-30,0.63,0.63,0.66
2007-05-31,0.63,0.63,0.65125
2007-06-01,0.63,0.63,0.64125
2007-06-02,0.63,0.62125003,0.64
2007-06-03,0.63,0.62,0.64
2007-06-04,0.63,0.62,0.605
2007-06-05,0.63,0.62,0.5825
2007-06-06,0.62125003,0.6025,0.55375
2007-06-07,0.62,0.6,0.5675
2007-06-08,0.61125004,0.59125,0.56125
2007-06-09,0.61,0.59,0.56
2007-06-10,0.61,0.59,0.56
2007-06-11,0.60125005,0.59,0.56
2007-06-12,0.60875,0.58124995,0.55125
2007-06-13,0.645,0.5975,0.55
2007-06-14,0.7025,0.64374995,0.54125
2007-06-15,0.6925,0.65875,0.54
2007-06-16,0.62875,0.61625004,0.53125
2007-06-17,0.61125004,0.58375,0.53
2007-06-18,0.60125005,0.58,0.53
2007-06-19,0.6,0.58,0.52125
2007-06-20,0.6,0.58,0.52
2007-06-21,0.59125,0.57124996,0.49375
2007-06-22,0.59,0.56125,0.49
2007-06-23,0.59,0.56,0.49875
2007-06-24,0.59,0.56875,0.5
2007-06-25,0.59,0.56125,0.5
2007-06-26,0.59,0.56,0.5
2007-06-27,0.59,0.56,0.5
2007-06-28,0.59,0.56,0.47375
2007-06-29,0.59,0.56,0.47
2007-06-30,0.58124995,0.55125,0.46125
2007-07-01,0.58875,0.55875003,0.48625
2007-07-02,0.58124995,0.56,0.49
2007-07-03,0.58,0.56,0.49
2007-07-04,0.58,0.55125,0.48125
2007-07-05,0.58,0.55,0.48
2007-07-06,0.58,0.55,0.48
2007-07-07,0.58,0.55,0.48
2007-07-08,0.58,0.55,0.48
2007-07-09,0.57124996,0.55,0.48
2007-07-10,0.57,0.55,0.47125
2007-07-11,0.57,0.54125,0.47
2007-07-12,0.57875,0.54,0.46125
2007-07-13,0.57124996,0.54,0.46
2007-07-14,0.57,0.54,0.46
2007-07-15,0.57,0.54,0.46
2007-07-16,0.57,0.54,0.45125
2007-07-17,0.57,0.54,0.45
2007-07-18,0.57,0.53125,0.45
2007-07-19,0.56125,0.53,0.44125
2007-07-20,0.56,0.53,0.44
2007-07-21,0.56,0.53,0.44
2007-07-22,0.56,0.52125,0.44
2007-07-23,0.56,0.52,0.43125
2007-07-24,0.56,0.52,0.43
2007-07-25,0.56,0.52,0.43
2007-07-26,0.56,0.52,0.43
2007-07-27,0.55125,0.52,0.43
2007-07-28,0.55,0.52,0.42125
2007-07-29,0.55,0.52,0.42
2007-07-30,0.55,0.52,0.42875
2007-07-31,0.55,0.51125,0.42125
2007-08-01,0.55,0.51,0.42
2007-08-02,0.55,0.51874995,0.42
2007-08-03,0.57624996,0.52874994,0.42
2007-08-04,0.57124996,0.53875,0.42
2007-08-05,0.56125,0.53125,0.42
2007-08-06,0.56,0.52125,0.41125
2007-08-07,0.56,0.52,0.41
2007-08-08,0.55125,0.51125,0.41
2007-08-09,0.55875003,0.51,0.40125
2007-08-10,0.55125,0.51,0.4
2007-08-11,0.55,0.51,0.39125
2007-08-12,0.55,0.51,0.39
2007-08-13,0.55,0.50125,0.39
2007-08-14,0.55,0.5,0.39
2007-08-15,0.55,0.5,0.39
2007-08-16,0.55875003,0.50874996,0.38125
2007-08-17,0.5425,0.50125,0.38
2007-08-18,0.54,0.5,0.38
2007-08-19,0.53125,0.49125,0.38
2007-08-20,0.53,0.49,0.37125
2007-08-21,0.53,0.49,0.37
2007-08-22,0.53,0.49,0.37
2007-08-23,0.53,0.49,0.37
2007-08-24,0.53,0.49,0.36125
2007-08-25,0.53,0.49,0.36
2007-08-26,0.53,0.49,0.36
2007-08-27,0.53,0.49,0.36
2007-08-28,0.53,0.49,0.35125
2007-08-29,0.53,0.48125,0.35
2007-08-30,0.52125,0.48,0.35
2007-08-31,0.52,0.47125,0.34125
2007-09-01,0.52,0.47,0.3225
2007-09-02,0.52,0.47,0.3375
2007-09-03,0.75625,0.51374996,0.34
2007-09-04,0.72875005,0.65125,0.34
2007-09-05,0.58,0.54749995,0.34
2007-09-06,0.5425,0.495,0.34
2007-09-07,0.53125,0.48125,0.34
2007-09-08,0.53,0.48,0.33125
2007-09-09,0.53,0.48,0.33
2007-09-10,0.53,0.4625,0.33
2007-09-11,0.53,0.46,0.32125
2007-09-12,0.53875,0.46,0.32
2007-09-13,0.54,0.45125,0.32
2007-09-14,0.54,0.45,0.31125
2007-09-15,0.54,0.45875,0.3275
2007-09-16,0.54,0.46,0.33
2007-09-17,0.53125,0.46,0.33
2007-09-18,0.53,0.45125,0.33
2007-09-19,0.53,0.45,0.33
2007-09-20,0.53,0.45,0.33
2007-09-21,0.53,0.45,0.32125
2007-09-22,0.53,0.45,0.31125
2007-09-23,0.53,0.44125,0.31
2007-09-24,0.53,0.44,0.31
2007-09-25,0.53,0.44,0.28375
2007-09-26,0.53,0.44,0.27125
2007-09-27,0.53,0.43125,0.26125
2007-09-28,0.53,0.43,0.26
2007-09-29,0.53,0.43,0.25125
2007-09-30,0.53,0.43,0.25875
2007-10-01,0.52125,0.43,0.12875
2007-10-02,0.52874994,0.43,0.11
2007-10-03,0.52125,0.42125,0.11875
2007-10-04,0.52874994,0.42,0.12
2007-10-05,0.53,0.42,0.12
2007-10-06,0.53,0.42,0.12
2007-10-07,0.53,0.42,0.11125
2007-10-08,0.53,0.42,0.11
2007-10-09,0.52125,0.42,0.11
2007-10-10,0.52,0.42,0.11
2007-10-11,0.51125,0.42,0.11
2007-10-12,0.51874995,0.42,0.11
2007-10-13,0.52,0.42,0.11
2007-10-14,0.52,0.41125,0.11
2007-10-15,0.52,0.41,0.10125
2007-10-16,0.52,0.41,0.1
2007-10-17,0.51125,0.41,0.1
2007-10-18,0.51874995,0.41,0.1
2007-10-19,0.51125,0.41,0.1
2007-10-20,0.51874995,0.40125,0.1
2007-10-21,0.52,0.4,0.1
2007-10-22,0.52874994,0.40875,0.10875
2007-10-23,0.53,0.41,0.11875
2007-10-24,0.53875,0.41,0.26875
2007-10-25,0.575,0.41,0.26375
2007-10-26,0.65000004,0.41875,0.21625
2007-10-27,0.70375,0.46375,0.175
2007-10-28,0.71,0.575,0.19625
2007-10-29,0.71,0.58124995,0.15625
2007-10-30,0.71,0.58,0.15
2007-10-31,0.70124996,0.57124996,0.14125
2007-11-01,0.69124997,0.56125,0.21
2007-11-02,0.69,0.56,0.22
2007-11-03,0.71625,0.5775,0.22
2007-11-04,0.71125,0.58,0.21125
2007-11-05,0.71,0.57124996,0.2625
2007-11-06,0.71875,0.5875,0.2875
2007-11-07,0.7375,0.6075,0.38625
2007-11-08,0.76625,0.63625,0.4175
2007-11-09,0.79625,0.6575,0.42
2007-11-10,0.78249997,0.66875005,0.42
2007-11-11,0.7625,0.6525,0.37625
2007-11-12,0.7425,0.6325,0.32625
2007-11-13,0.73125005,0.6125,0.29375
2007-11-14,0.72125006,0.60125005,0.29
2007-11-15,0.72,0.6,0.33375
2007-11-16,0.7375,0.6,0.33125
2007-11-17,0.73125005,0.60875,0.30375
2007-11-18,0.72125006,0.60125005,0.32625
2007-11-19,0.72,0.6,0.295
2007-11-20,0.71125,0.59125,0.255
2007-11-21,0.71,0.58124995,0.2325
2007-11-22,0.71,0.57124996,0.23
2007-11-23,0.71,0.57875,0.265
2007-11-24,0.71875,0.58875,0.305
2007-11-25,0.7375,0.59875,0.3275
2007-11-26,0.76625,0.62625,0.33
2007-11-27,0.7875,0.65625,0.4
2007-11-28,0.8075,0.6775,0.36625
2007-11-29,0.845,0.6975,0.4475
2007-11-30,0.8675,0.74375,0.55625
2007-12-01,0.87874997,0.77625,0.71
2007-12-02,0.9325,0.84125,0.80875
2007-12-03,0.9225,0.84125,0.6275
2007-12-04,0.8675,0.78749996,0.6525
2007-12-05,0.8425,0.7625,0.56375
2007-12-06,0.84875,0.75125,0.52375
2007-12-07,0.8325,0.715,0.42375
2007-12-08,0.795,0.65749997,0.34875
2007-12-09,0.78125,0.65875,0.41875
2007-12-10,0.87624997,0.68625,0.395
2007-12-11,0.88125,0.7425,0.46
2007-12-12,0.915,0.77625,0.77625
2007-12-13,0.92,0.82374996,0.75
2007-12-14,0.9375,0.8475,0.67875
2007-12-15,1.19375,0.9375,0.62625
2007-12-16,1.195,1.0812501,0.76875
2007-12-17,1.19875,1.0912501,1.04375
2007-12-18,1.2874999,1.1862501,0.87875
2007-12-19,1.20375,1.1475,0.6925
2007-12-20,1.07625,1.0,0.6525
2007-12-21,1.025,0.91875005,0.64125
2007-12-22,1.055,0.98,0.815
2007-12-23,1.27875,1.10375,1.09375
2007-12-24,1.31875,1.26,1.3575
2007-12-25,1.4425,1.3412501,1.1625
2007-12-26,1.4337499,1.35875,0.9025
2007-12-27,1.33375,1.255,0.72125
2007-12-28,1.1975,1.1175001,0.6125
2007-12-29,1.145,1.02125,0.53875
2007-12-30,1.07875,0.9575,0.495
2007-12-31,1.00875,0.88875,0.46375
2008-01-01,0.9475,0.8275,0.4075
2008-01-02,0.93125,0.79375005,0.37375
2008-01-03,0.90375,0.755,0.34375
2008-01-04,0.8825,0.75,0.34
2008-01-05,0.87125003,0.7325,0.29625
2008-01-06,0.86125004,0.7125,0.28125
2008-01-07,0.8425,0.70124996,0.2625
2008-01-08,0.84875,0.7,0.19
2008-01-09,0.8675,0.72625,0.4075
2008-01-10,0.8875,0.765,0.53625
2008-01-11,0.96000004,0.83124995,0.515
2008-01-12,1.01375,0.8925,0.58875
2008-01-13,1.11625,0.97,0.69625
2008-01-14,1.0775001,0.98,0.6225
2008-01-15,1.07,0.95375,0.70625
2008-01-16,0.965,0.95,0.65875
2008-01-17,0.90625,0.88875,0.545
2008-01-18,0.9,0.83625,0.48625
2008-01-19,0.89125,0.78625,0.45375
2008-01-20,0.88125,0.78,0.3975
2008-01-21,0.90625,0.77125,0.39
2008-01-22,0.98,0.81374997,0.55625
2008-01-23,0.99875,0.89,0.9475
2008-01-24,1.0,0.96125,1.2625
2008-01-25,1.0875,1.075,1.53625
2008-01-26,1.23125,1.22125,1.5175
2008-01-27,1.25,1.26625,1.65
2008-01-28,1.3025,1.375,2.3
2008-01-29,1.63375,1.62625,2.32
2008-01-30,1.60125,1.70375,2.1875
2008-01-31,1.52,1.64,2.17875
2008-02-01,,1.6125,2.36375
2008-02-02,,1.67125,2.18875
2008-02-03,,1.6275,1.9675
2008-02-04,,1.6637499,1.7475
2008-02-05,,1.705,1.65875
2008-02-06,,1.815,2.27125
2008-02-07,2.21,2.0749998,2.47375
2008-02-08,2.14,2.145,2.58625
2008-02-09,2.025,2.05375,2.6175
2008-02-10,1.84375,1.92625,2.41875
2008-02-11,1.5225,1.6475,2.18875
2008-02-12,1.26125,1.4175,2.02
2008-02-13,1.11625,1.25,1.83375
2008-02-14,1.0125,1.11625,1.5825
2008-02-15,0.77250004,1.00375,1.305
2008-02-16,0.83625,0.9025,1.0425
2008-02-17,0.7975,0.82,0.8875
2008-02-18,0.755,0.7575,0.75625
2008-02-19,0.7325,0.72375,0.87125
2008-02-20,0.8,0.76374996,0.95125
2008-02-21,0.845,0.84875,0.88125
2008-02-22,0.78875,0.8075,0.87
2008-02-23,0.815,0.8,1.08
2008-02-24,0.81125,0.835,1.11875
2008-02-25,0.7575,0.805,1.21625
2008-02-26,0.785,0.8175,1.27375
2008-02-27,0.79,0.84625,1.06125
2008-02-28,0.93874997,0.87625,1.0475
2008-02-29,1.02125,0.99375,1.2425
2008-03-01,0.995,1.00125,1.26125
2008-03-02,1.0775,1.105,2.47625
2008-03-03,1.2824999,1.4000001,2.4575
2008-03-04,1.35375,1.48375,2.14125
2008-03-05,1.325,1.455,2.3625
2008-03-06,1.3725,1.485,2.6975
2008-03-07,1.3275001,1.51625,2.85375
2008-03-08,1.31125,1.51125,2.765
2008-03-09,1.4325,1.545,3.02125
2008-03-10,1.6775,1.7950001,3.03375
2008-03-11,1.52625,1.76,3.12625
2008-03-12,1.4387499,1.645,2.90375
2008-03-13,1.3775,1.5775001,3.19375
2008-03-14,1.6500001,1.7975,3.555
2008-03-15,1.61125,1.865,3.145
2008-03-16,1.4775001,1.73,2.87875
2008-03-17,1.5562501,1.7012501,3.025
2008-03-18,1.7275,1.8575,2.7875
2008-03-19,1.5487499,1.73125,2.47
2008-03-20,1.33625,1.52625,2.22
2008-03-21,,1.36875,2.02375
2008-03-22,1.27,1.245,1.86875
2008-03-23,1.0075,1.1075001,1.68375
2008-03-24,0.90875,1.02,1.52
2008-03-25,0.8825,0.9575,1.52625
2008-03-26,0.92375,0.97625,1.53
2008-03-27,1.1225,1.085,2.01125
2008-03-28,1.3425,1.3712499,1.79125
2008-03-29,1.1075001,1.22625,1.40875
2008-03-30,1.0,1.0425,1.24625
2008-03-31,1.01625,1.01125,1.1425
2008-04-01,0.95,0.94875,1.0075
2008-04-02,0.87,0.86125004,0.91125
2008-04-03,0.825,0.82375,0.83875
2008-04-04,0.79375005,0.78499997,0.8125
2008-04-05,0.79,0.77125,0.81
2008-04-06,0.83375,0.79625,1.0375
2008-04-07,0.93625,0.90500003,1.44625
2008-04-08,1.11625,1.10375,1.7275
2008-04-09,1.18375,1.22625,1.865
2008-04-10,1.12,1.21375,1.78375
2008-04-11,1.0925,1.1575,1.53375
2008-04-12,1.02875,1.07125,1.3075
2008-04-13,0.91499996,0.955,1.2625
2008-04-14,0.8825,0.905,1.05875
2008-04-15,0.85375,0.865,0.96875
2008-04-16,0.82375,0.8075,0.995
2008-04-17,0.84625,0.835,0.93
2008-04-18,0.84125,0.84,0.99875
2008-04-19,0.8575,0.8575,0.975
2008-04-20,0.895,0.88625,0.9
2008-04-21,0.87375,0.86375,0.93375
2008-04-22,0.8525,0.8425,0.82625
2008-04-23,0.82375,0.805,0.78375
2008-04-24,0.8025,0.78249997,0.78875
2008-04-25,0.8,0.77125,0.85125
2008-04-26,0.79125,0.77874994,0.97375
2008-04-27,0.79,0.78875,0.885
2008-04-28,0.7725,0.76375,0.765
2008-04-29,0.76125,0.73375,0.6975
2008-04-30,0.7425,0.7125,0.68125
2008-05-01,0.6875,0.68375003,0.645
2008-05-02,0.645,0.63625,0.6225
2008-05-03,0.64874995,0.62125003,0.6725
2008-05-04,0.65875,0.6375,0.68
2008-05-05,0.66875005,0.6575,0.6975
2008-05-06,0.6525,0.65125,0.72625
2008-05-07,0.64125,0.64125,0.66875
2008-05-08,0.63125,0.6225,0.6075
2008-05-09,0.62125003,0.6025,0.5825
2008-05-10,0.61125004,0.59125,0.57125
2008-05-11,0.60125005,0.59,0.57
2008-05-12,0.59125,0.58124995,0.57
2008-05-13,0.58124995,0.57124996,0.5525
2008-05-14,0.58,0.56125,0.54125
2008-05-15,0.5625,0.55125,0.53125
2008-05-16,0.55125,0.54125,0.53
2008-05-17,0.55,0.54,0.53
2008-05-18,0.55,0.54,0.52125
2008-05-19,0.55,0.54,0.52
2008-05-20,0.55,0.54,0.5025
2008-05-21,0.55,0.53125,0.5
2008-05-22,0.54125,0.53,0.4825
2008-05-23,0.54,0.53,0.48
2008-05-24,0.54,0.52125,0.47125
2008-05-25,0.54,0.52,0.47
2008-05-26,0.54,0.51125,0.46125
2008-05-27,0.53125,0.51,0.46
2008-05-28,0.53,0.51,0.45125
2008-05-29,0.52125,0.51,0.45
2008-05-30,0.52874994,0.50125,0.44125
2008-05-31,0.53875,0.5,0.44
2008-06-01,0.5225,0.5,0.43125
2008-06-02,0.52874994,0.5,0.43
2008-06-03,0.52125,0.49125,0.43
2008-06-04,0.52,0.49,0.42125
2008-06-05,0.51125,0.49,0.42
2008-06-06,0.51874995,0.49,0.42
2008-06-07,0.52,0.49,0.42
2008-06-08,0.51125,0.49,0.42
2008-06-09,0.51,0.49,0.42
2008-06-10,0.51,0.48125,0.41125
2008-06-11,0.51,0.48,0.41
2008-06-12,0.51,0.48,0.40125
2008-06-13,0.51,0.48,0.40875
2008-06-14,0.51,0.48875,0.43625
2008-06-15,0.51,0.49,0.44
2008-06-16,0.51,0.49,0.44
2008-06-17,0.51,0.49,0.44
2008-06-18,0.51,0.49,0.44
2008-06-19,0.51,0.48125,0.3875
2008-06-20,0.51,0.47125,0.3625
2008-06-21,0.4925,0.46125,0.36875
2008-06-22,0.49875,0.46,0.37875
2008-06-23,0.5,0.46,0.37125
2008-06-24,0.5,0.46,0.37
2008-06-25,0.5,0.46,0.37
2008-06-26,0.5,0.46,0.36125
2008-06-27,0.5,0.46,0.36
2008-06-28,0.5,0.46,0.36
2008-06-29,0.5,0.46,0.36
2008-06-30,0.5,0.46,0.36
2008-07-01,0.5,0.46,0.35125
2008-07-02,0.5,0.46,0.35
2008-07-03,0.5,0.46,0.35
2008-07-04,0.5,0.46,0.35
2008-07-05,0.49125,0.46,0.35
2008-07-06,0.49,0.45125,0.35
2008-07-07,0.49,0.45,0.35
2008-07-08,0.49,0.45,0.34125
2008-07-09,0.49,0.45,0.34
2008-07-10,0.49,0.45,0.33125
2008-07-11,0.49,0.45,0.33
2008-07-12,0.49,0.45,0.33
2008-07-13,0.48125,0.45,0.33
2008-07-14,0.48,0.44125,0.33
2008-07-15,0.48,0.44,0.33
2008-07-16,0.48,0.44,0.33
2008-07-17,0.48,0.44,0.33
2008-07-18,0.48,0.44,0.33
2008-07-19,0.48,0.43125,0.33
2008-07-20,0.47125,0.43,0.32125
2008-07-21,0.47,0.43875,0.32
2008-07-22,0.47875,0.44,0.32
2008-07-23,0.48,0.44,0.31125
2008-07-24,0.48,0.44,0.31
2008-07-25,0.48,0.44,0.31
2008-07-26,0.48,0.44,0.31
2008-07-27,0.48875,0.44,0.31
2008-07-28,0.49875,0.44,0.31
2008-07-29,0.4825,0.44,0.31
2008-07-30,0.48,0.44875,0.30125
2008-07-31,0.48875,0.45,0.3
2008-08-01,0.49,0.45,0.3
2008-08-02,0.49875,0.45,0.3
2008-08-03,0.4825,0.44125,0.3
2008-08-04,0.48,0.44,0.29125
2008-08-05,0.48875,0.44,0.29
2008-08-06,0.48125,0.44,0.29
2008-08-07,0.48,0.44,0.29
2008-08-08,0.4975,0.44,0.29875
2008-08-09,0.5,0.44875,0.3175
2008-08-10,0.5,0.45875,0.32
2008-08-11,0.5,0.46,0.32
2008-08-12,0.5,0.46,0.285
2008-08-13,0.5,0.45125,0.28
2008-08-14,0.50874996,0.45,0.28
2008-08-15,0.51,0.45,0.28
2008-08-16,0.51,0.45875,0.27125
2008-08-17,0.51,0.45125,0.27
2008-08-18,0.50125,0.44125,0.27
2008-08-19,0.5,0.44,0.26125
2008-08-20,0.5,0.43125,0.25125
2008-08-21,0.5,0.43,0.25
2008-08-22,0.5,0.43875,0.25
2008-08-23,0.5,0.44875,0.25
2008-08-24,0.50874996,0.45875,0.25
2008-08-25,0.51,0.4425,0.25
2008-08-26,0.50125,0.44,0.25
2008-08-27,0.5,0.4575,0.24125
2008-08-28,0.50874996,0.4775,0.24
2008-08-29,0.51874995,0.45374998,0.23125
2008-08-30,0.52,0.45,0.23
2008-08-31,0.52,0.45,0.22125
2008-09-01,0.52874994,0.4675,0.22
2008-09-02,0.52125,0.47875,0.22
2008-09-03,0.52,0.48875,0.24625
2008-09-04,0.52,0.46375,0.24125
2008-09-05,0.52,0.39,0.2225
2008-09-06,0.54625,0.40625,0.22875
2008-09-07,0.55,0.4275,0.22125
2008-09-08,0.55,0.43875,0.22
2008-09-09,0.55,0.44875,0.21125
2008-09-10,0.55,0.45875,0.20125
2008-09-11,0.57624996,0.4775,0.2
2008-09-12,0.5625,0.4625,0.20875
2008-09-13,0.56,0.43375,0.18375
2008-09-14,0.56,0.42125,0.18875
2008-09-15,0.56,0.42,0.19875
2008-09-16,0.56,0.42,0.2
2008-09-17,0.56,0.455,0.2
2008-09-18,0.5775,0.4775,0.19125
2008-09-19,0.57124996,0.47125,0.19
2008-09-20,0.54375005,0.46125,0.2075
2008-09-21,0.54,0.4775,0.245
2008-09-22,0.5575,0.4975,0.22375
2008-09-23,0.595,0.4825,0.22
2008-09-24,0.6,0.48875,0.24625
2008-09-25,0.6175,0.49875,0.24125
2008-09-26,0.61125004,0.5,0.23125
2008-09-27,0.60125005,0.5,0.23
2008-09-28,0.6,0.50874996,0.25625
2008-09-29,0.60875,0.51874995,0.3125
2008-09-30,0.645,0.5375,0.34625
2008-10-01,0.6675,0.56624997,0.3675
2008-10-02,0.67,0.57875,0.3525
2008-10-03,0.67,0.57124996,0.2975
2008-10-04,0.6525,0.56125,0.26375
2008-10-05,0.64125,0.5425,0.26
2008-10-06,0.6225,0.53125,0.25125
2008-10-07,0.62,0.52125,0.25
2008-10-08,0.61125004,0.52,0.24125
2008-10-09,0.60125005,0.51125,0.24
2008-10-10,0.60875,0.50125,0.23125
2008-10-11,0.68,0.52625,0.22125
2008-10-12,0.76874995,0.6,0.22
2008-10-13,0.78875,0.6275,0.21125
2008-10-14,0.79875004,0.63,0.21
2008-10-15,0.8,0.63874996,0.21
2008-10-16,0.8,0.64,0.21
2008-10-17,0.8,0.64,0.20125
2008-10-18,0.79125,0.63125,0.2
2008-10-19,0.71125,0.60375,0.2
2008-10-20,0.62125003,0.53875,0.2
2008-10-21,0.61,0.50374997,0.2
2008-10-22,0.5925,0.49125,0.2
2008-10-23,0.56375,0.46375,0.19125
2008-10-24,0.60375,0.46875,0.18125
2008-10-25,0.6625,0.5225,0.18
2008-10-26,0.67875004,0.53875,0.18
2008-10-27,0.65375,0.54,0.17125
2008-10-28,0.64125,0.5225,0.17
2008-10-29,0.63125,0.51125,0.17
2008-10-30,0.62125003,0.50125,0.17
2008-10-31,0.61125004,0.5,0.16125
2008-11-01,0.61875,0.5,0.16
2008-11-02,0.61125004,0.47375,0.16
2008-11-03,0.5575,0.47,0.16
2008-11-04,0.59375,0.4875,0.1425
2008-11-05,0.6175,0.49875,0.13125
2008-11-06,0.62874997,0.5,0.13
2008-11-07,0.60375,0.49125,0.13
2008-11-08,0.6,0.4725,0.2175
2008-11-09,0.635,0.4875,0.23
2008-11-10,0.66625,0.525,0.22125
2008-11-11,0.64375,0.53,0.22875
2008-11-12,0.70124996,0.565,0.3525
2008-11-13,0.70124996,0.605,0.51875
2008-11-14,0.805,0.67125,0.46125
2008-11-15,0.9425,0.75874996,0.5025
2008-11-16,1.0387499,0.8575,0.46625
2008-11-17,1.14625,0.94,0.495
2008-11-18,1.1862501,1.01125,0.40375
2008-11-19,1.1637499,1.0025,0.38125
2008-11-20,1.1424999,0.95625,0.37125
2008-11-21,1.0875001,0.915,0.37875
2008-11-22,1.0625,0.88375,0.51125
2008-11-23,0.98125005,0.8625,0.60875
2008-11-24,0.8825,0.825,0.80375
2008-11-25,0.78249997,0.78499997,0.68125
2008-11-26,0.735,0.7275,0.54625
2008-11-27,0.7125,0.6675,0.53
2008-11-28,0.7275,0.66875005,0.565
2008-11-29,0.79125,0.6875,0.5175
2008-11-30,0.8525,0.7425,0.57125
2008-12-01,0.9475,0.81125,0.51875
2008-12-02,0.95124996,0.8375,0.5275
2008-12-03,0.985,0.84875,0.5125
2008-12-04,1.0074999,0.885,0.57125
2008-12-05,0.9575,0.88125,0.5975
2008-12-06,0.985,0.88,0.46875
2008-12-07,0.9725,0.8625,0.38875
2008-12-08,0.85625,0.78999996,0.35375
2008-12-09,1.0675,0.6925,0.525
2008-12-10,0.97749996,0.6625,0.48875
2008-12-11,0.67125,0.63375,0.375
2008-12-12,0.6475,0.5775,0.325
2008-12-13,0.65,0.5525,0.32
2008-12-14,0.6675,0.55,0.36375
2008-12-15,0.74875,0.62,0.37
2008-12-16,0.795,0.71750003,0.41375
2008-12-17,1.01875,0.84375,0.84875
2008-12-18,1.2950001,1.0875,1.04125
2008-12-19,1.5400001,1.35625,1.1125
2008-12-20,1.64875,1.5475,1.14625
2008-12-21,1.625,1.59625,1.29
2008-12-22,1.6025,1.5825,1.2225
2008-12-23,1.52125,1.51875,1.3325
2008-12-24,1.5274999,1.51,1.67375
2008-12-25,1.565,1.53625,1.57125
2008-12-26,1.605,1.51375,1.75125
2008-12-27,1.65375,1.6587499,2.095
2008-12-28,2.325,2.0562499,2.23625
2008-12-29,2.65625,2.46,1.99625
2008-12-30,2.8474998,2.6412501,2.26625
2008-12-31,2.9137502,2.73875,2.51125
2009-01-01,2.82375,2.74125,2.365
2009-01-02,2.67875,2.6437502,2.06875
2009-01-03,2.5375,2.4725,2.1875
2009-01-04,2.40625,2.3799999,2.07
2009-01-05,2.53,2.44,2.37375
2009-01-06,2.725,2.625,2.32375
2009-01-07,2.9775,2.79875,2.09125
2009-01-08,2.96625,2.8025,1.99
2009-01-09,2.9075,2.77375,1.875
2009-01-10,2.9,2.70875,1.85125
2009-01-11,2.87375,2.53375,1.80625
2009-01-12,2.80875,2.29125,1.555
2009-01-13,2.58125,1.9975001,1.345
2009-01-14,2.095,1.75875,1.15375
2009-01-15,1.81125,1.45875,0.98125
2009-01-16,1.2637501,1.2275001,0.855
2009-01-17,1.09375,1.1125001,0.7875
2009-01-18,1.1587499,1.1,0.80625
2009-01-19,1.1787499,1.10875,0.78375
2009-01-20,1.18,1.11,0.8325
2009-01-21,1.24125,1.18875,0.97125
2009-01-22,1.32875,1.26125,1.0775
2009-01-23,1.55875,1.445,1.3
2009-01-24,1.8175,1.72375,2.1525
2009-01-25,2.1212502,2.20625,2.50625
2009-01-26,2.7987502,2.6200001,3.6075
2009-01-27,2.91625,2.8712502,4.2675
2009-01-28,2.8762498,2.92625,4.19125
2009-01-29,2.86125,2.9125001,3.75
2009-01-30,2.93,2.81375,3.27
2009-01-31,2.8875,2.61625,2.8075
2009-02-01,2.7050002,2.3887498,2.4175
2009-02-02,2.6537502,2.1675,2.16
2009-02-03,2.57125,2.0175,2.03375
2009-02-04,2.27125,1.97375,2.0025
2009-02-05,2.16,1.9087499,1.81625
2009-02-06,2.1325002,1.8037499,1.60625
2009-02-07,2.13875,1.74625,1.43125
2009-02-08,2.1750002,1.8275,1.4625
2009-02-09,2.18875,2.0149999,1.68875
2009-02-10,2.225,2.1275,1.6675
2009-02-11,2.23,2.1312501,
2009-02-12,2.2649999,2.15625,
2009-02-13,2.2962499,2.1425002,
2009-02-14,2.3,2.1837502,
2009-02-15,2.36125,2.25125,
2009-02-16,2.4137502,2.2775,
2009-02-17,2.455,2.315,
2009-02-18,2.39875,2.2849998,
2009-02-19,2.3374999,2.1750002,
2009-02-20,2.3125,2.08125,
2009-02-21,2.28375,1.83375,
2009-02-22,2.1925,1.66,
2009-02-23,2.0925,1.5175,
2009-02-24,2.0362499,1.4825001,
2009-02-25,1.96,1.5325,
2009-02-26,1.88875,1.49625,
2009-02-27,1.8362501,1.48125,
2009-02-28,1.8212501,1.4625001,
2009-03-01,1.7937499,1.355,0.12
2009-03-02,1.7375,1.22625,0.11125
2009-03-03,1.65125,1.14875,0.11
2009-03-04,1.61375,1.1225,0.11
2009-03-05,1.5925,1.02375,0.11
2009-03-06,1.5725,0.9225,0.11
2009-03-07,1.47375,0.88375,0.06625
2009-03-08,1.425,0.87125003,0.095
2009-03-09,1.385,0.9225,0.12625
2009-03-10,1.38,1.00875,0.13875
2009-03-11,1.3975,0.99375,0.14
2009-03-12,1.39125,0.955,0.1225
2009-03-13,1.39,0.95,0.11125
2009-03-14,1.03125,0.92375004,0.11
2009-03-15,0.9275,0.87625,0.11
2009-03-16,0.7625,0.765,0.11
2009-03-17,0.71375,0.6975,0.11
2009-03-18,0.7275,0.69,0.1275
2009-03-19,0.83500004,0.76,0.1125
2009-03-20,0.8675,0.8225,0.11
2009-03-21,0.87874997,0.76,0.11
2009-03-22,0.9325,0.88124996,0.10125
2009-03-23,0.9575,0.9175,0.10875
2009-03-24,1.00375,0.94624996,0.11875
2009-03-25,1.2724999,1.13375,0.12
2009-03-26,1.5375,1.46625,0.11125
2009-03-27,1.71,1.78125,0.1275
2009-03-28,2.325,2.12625,0.1125
2009-03-29,2.41,2.24875,0.1275
2009-03-30,2.48875,2.3125,0.10375
2009-03-31,2.5525,2.4075,0.10875
2009-04-01,2.48125,2.41125,0.17125
2009-04-02,2.4437501,2.3837502,0.13625
2009-04-03,2.6237502,2.45,0.27875
2009-04-04,2.65,2.53,0.18625
2009-04-05,2.5974998,2.47875,0.275
2009-04-06,2.44125,2.3825,0.2375
2009-04-07,2.21,2.2649999,0.65
2009-04-08,2.22375,2.24125,0.36875
2009-04-09,2.16875,2.2137501,0.25
2009-04-10,2.22125,2.21,0.24
2009-04-11,2.1512501,2.1575,0.23125
2009-04-12,2.06125,2.0625,0.3525
2009-04-13,1.98,1.9975,0.335
2009-04-14,1.97,1.96375,0.3125
2009-04-15,1.8825,1.91625,0.275
2009-04-16,1.6949999,1.77,0.22625
2009-04-17,1.6175001,1.6625,0.21125
2009-04-18,1.58375,1.60625,0.20125
2009-04-19,1.5625,1.53,0.19125
2009-04-20,1.4725001,1.44125,0.19
2009-04-21,1.3025,1.3075,0.18125
2009-04-22,1.1575,1.1325,0.17125
2009-04-23,1.105,1.0575,0.1525
2009-04-24,1.0649999,1.02375,0.14125
2009-04-25,1.025,0.97625005,0.1575
2009-04-26,0.99375,0.94375,0.18625
2009-04-27,0.92,0.87875,0.19
2009-04-28,0.945,0.89625,0.19
2009-04-29,0.97625,0.94374996,0.2075
2009-04-30,0.9625,0.9325,0.21
2009-05-01,0.925,0.895,0.315
2009-05-02,0.885,0.86375,0.39125
2009-05-03,0.8625,0.83375,0.365
2009-05-04,0.825,0.8125,0.3425
2009-05-05,0.855,0.85375,0.33125
2009-05-06,0.93,0.895,0.33
2009-05-07,0.87,0.85625005,0.2425
2009-05-08,0.8775,0.84125,0.18625
2009-05-09,0.84499997,0.81375,0.17125
2009-05-10,0.83124995,0.7925,0.17
2009-05-11,0.80375004,0.7725,0.17
2009-05-12,0.78249997,0.74375,0.17
2009-05-13,0.78,0.73125005,0.16125
2009-05-14,0.78,0.72125006,0.15125
2009-05-15,0.745,0.7025,0.12375
2009-05-16,0.74,0.69124997,0.12
2009-05-17,0.74875,0.69,0.11125
2009-05-18,0.715,0.69,0.11875
2009-05-19,0.68375003,0.64625,0.12
2009-05-20,0.67125,0.63125,0.12
2009-05-21,0.66125,0.63,0.12
2009-05-22,0.65125,0.62125003,0.12
2009-05-23,0.65,0.61125004,0.12
2009-05-24,0.6325,0.60125005,0.12
2009-05-25,0.62125003,0.5825,0.11125
2009-05-26,0.61125004,0.58,0.11
2009-05-27,0.61,0.57124996,0.11
2009-05-28,0.5925,0.56125,0.11
2009-05-29,0.59875,0.56,0.11875
2009-05-30,0.59125,0.56,0.12
2009-05-31,0.58124995,0.56,0.12
2009-06-01,0.58875,0.56,0.12
2009-06-02,0.59,0.56,0.12
2009-06-03,0.58124995,0.55125,0.12
2009-06-04,0.58875,0.55875003,0.11125
2009-06-05,0.59,0.56,0.11875
2009-06-06,0.58124995,0.56,0.11125
2009-06-07,0.58875,0.56,0.11
2009-06-08,0.7475,0.63874996,0.11
2009-06-09,0.9625,0.8075,0.11
2009-06-10,0.99,0.85625,0.11
2009-06-11,0.99,0.86,0.11
2009-06-12,0.9725,0.86,0.11
2009-06-13,0.96125,0.8425,0.11
2009-06-14,0.89,0.735,0.11
2009-06-15,0.81875,0.59749997,0.11
2009-06-16,0.6525,0.55375004,0.10125
2009-06-17,0.59499997,0.54125,0.1
2009-06-18,0.5725,0.54,0.1
2009-06-19,0.57,0.53125,0.09125
2009-06-20,0.57,0.52125,0.1075
2009-06-21,0.56125,0.52,0.1275
2009-06-22,0.56,0.52,0.10375
2009-06-23,0.55125,0.52,0.1
2009-06-24,0.55,0.52,0.1
2009-06-25,0.54125,0.52,0.1
2009-06-26,0.54875004,0.51125,0.1
2009-06-27,0.54125,0.51,0.1
2009-06-28,0.54,0.50125,0.10875
2009-06-29,0.54875004,0.5,0.11
2009-06-30,0.55875003,0.50874996,0.10125
2009-07-01,0.5775,0.51874995,0.1
2009-07-02,0.58,0.52,0.1
2009-07-03,0.57124996,0.52874994,0.1
2009-07-04,0.56125,0.52125,0.10875
2009-07-05,0.56,0.52874994,0.10125
2009-07-06,0.55125,0.5125,0.1
2009-07-07,0.54125,0.50125,0.10875
2009-07-08,0.54,0.5,0.11
2009-07-09,0.54,0.5,0.11
2009-07-10,0.5225,0.5,0.11
2009-07-11,0.52874994,0.49125,0.11
2009-07-12,0.52125,0.49,0.10125
2009-07-13,0.52874994,0.49,0.10875
2009-07-14,0.53875,0.49,0.10125
2009-07-15,0.54,0.49,0.1
2009-07-16,0.5225,0.49,0.1
2009-07-17,0.52,0.49,0.1
2009-07-18,0.56374997,0.49875,0.10875
2009-07-19,0.57,0.50874996,0.10125
2009-07-20,0.5875,0.51874995,0.1
2009-07-21,0.6075,0.5375,0.1
2009-07-22,0.6625,0.59250003,0.10875
2009-07-23,0.83625,0.66125,0.11875
2009-07-24,0.93874997,0.76624995,0.12
2009-07-25,0.96750003,0.7975,0.12875
2009-07-26,0.99625003,0.78249997,0.13
2009-07-27,0.93,0.78,0.12125
2009-07-28,0.885,0.7625,0.12
2009-07-29,0.8625,0.69875,0.12
2009-07-30,0.65,0.59375,0.12
2009-07-31,0.66375,0.58875,0.12
2009-08-01,0.71375,0.6075,
2009-08-02,0.72875,0.61875,
2009-08-03,0.73,0.61125004,
2009-08-04,0.7125,0.61,
2009-08-05,0.71875,0.61875,
2009-08-06,0.72,0.61125004,
2009-08-07,0.72,0.61,
2009-08-08,0.71125,0.61,
2009-08-09,0.71,0.60125005,
2009-08-10,0.71,0.6,
2009-08-11,0.71,0.6,
2009-08-12,0.71,0.6,
2009-08-13,0.66625,0.5825,
2009-08-14,0.625,0.55375004,
2009-08-15,0.62,0.54125,
2009-08-16,0.6375,0.54875004,0.31
2009-08-17,0.68375,0.57624996,0.31
2009-08-18,0.6375,0.57124996,0.31
2009-08-19,0.6825,0.57,0.31
2009-08-20,0.7075,0.59625,0.30125
2009-08-21,0.71,0.6,0.3
2009-08-22,0.71,0.6,0.3
2009-08-23,0.71,0.60875,0.30875
2009-08-24,0.7275,0.61,0.3275
2009-08-25,0.73,0.6275,0.3475
2009-08-26,0.765,0.63874996,0.39375
2009-08-27,0.70875,0.64,0.4
2009-08-28,0.6475,0.59625,0.4
2009-08-29,0.675,0.59,0.40875
2009-08-30,0.74125,0.63374996,0.40125
2009-08-31,0.75874996,0.6575,0.3825
2009-09-01,0.75125,0.65125,0.3625
2009-09-02,0.75,0.64125,0.35125
2009-09-03,0.75,0.64,0.3325
2009-09-04,0.74125004,0.63125,0.33
2009-09-05,0.74,0.62125003,0.32125
2009-09-06,0.73125005,0.62,0.31125
2009-09-07,0.73875,0.62,0.3275
2009-09-08,0.74,0.62874997,0.33
2009-09-09,0.74875,0.63,0.33875
2009-09-10,0.75,0.63874996,0.36625
2009-09-11,0.75874996,0.64,0.36125
2009-09-12,0.75125,0.64,0.3425
2009-09-13,0.75,0.64,0.3225
2009-09-14,0.75,0.64,0.31125
2009-09-15,0.75,0.63125,0.30125
2009-09-16,0.75,0.62125003,0.3
2009-09-17,0.74125004,0.62,0.29125
2009-09-18,0.74,0.61125004,0.29
2009-09-19,0.705,0.60125005,0.29
2009-09-20,0.71750003,0.6,0.28125
2009-09-21,0.72875,0.60875,0.28
2009-09-22,0.7475,0.61875,0.28
2009-09-23,0.7675,0.6375,0.32375
2009-09-24,0.91,0.71000004,0.51375
2009-09-25,0.895,0.79875,0.47875
2009-09-26,0.88125,0.7925,0.44375
2009-09-27,0.8975,0.76375,0.405
2009-09-28,0.9,0.7775,0.40875
2009-09-29,0.85625005,0.73625004,0.38375
2009-09-30,0.82375,0.70375,
2009-10-01,0.8025,0.6825,0.32
2009-10-02,0.79125,0.67125,0.3025
2009-10-03,0.79,0.66125,0.30875
2009-10-04,0.78125,0.65125,0.31875
2009-10-05,0.78,0.65,0.29375
2009-10-06,0.7975,0.65,0.29875
2009-10-07,0.80875003,0.6675,0.30875
2009-10-08,0.80125,0.67,0.31
2009-10-09,0.80875003,0.67875004,0.31875
2009-10-10,0.83624995,0.6975,0.41625
2009-10-11,0.86625,0.735,0.5525
2009-10-12,0.87874997,0.76625,0.49125
2009-10-13,0.88874996,0.77,0.48
2009-10-14,0.89,0.76125,0.48
2009-10-15,0.8725,0.73375,0.43625
2009-10-16,0.82625,0.72125006,0.38625
2009-10-17,0.75875,0.67625004,0.3625
2009-10-18,0.72375,0.62625,0.395
2009-10-19,0.71125,0.62,0.39125
2009-10-20,0.78000003,0.66375,0.41625
2009-10-21,0.94750005,0.76624995,0.525
2009-10-22,0.99625003,0.85,0.4875
2009-10-23,0.9825,0.86,0.515
2009-10-24,0.9625,0.85125005,0.58125
2009-10-25,1.0474999,0.87625,0.5375
2009-10-26,1.0862501,0.9325,0.4775
2009-10-27,1.11625,0.94875,0.65375
2009-10-28,1.1637499,1.01125,0.8375
2009-10-29,1.2225,1.11625,1.18375
2009-10-30,1.29125,1.24375,1.3175
2009-10-31,1.88625,1.6975,1.26
2009-11-01,2.18875,1.87375,1.0575
2009-11-02,1.82625,1.7325001,0.855
2009-11-03,1.665,1.535,0.69
2009-11-04,1.51875,1.3875,0.705
2009-11-05,1.465,1.3262501,0.68375
2009-11-06,1.39,1.24125,0.58375
2009-11-07,1.3187499,1.1775,0.52625
2009-11-08,1.2225001,1.1,0.52875
2009-11-09,1.16625,1.02875,0.55625
2009-11-10,1.09875,0.97625005,0.55125
2009-11-11,1.04625,0.935,0.5675
2009-11-12,1.145,0.96500003,0.6575
2009-11-13,1.3262501,1.11875,0.8625
2009-11-14,1.25375,1.1925,1.1175
2009-11-15,1.17,1.1125001,1.1675
2009-11-16,1.0637499,1.03,0.9425
2009-11-17,0.91875,0.91499996,0.7175
2009-11-18,0.9175,0.83,0.585
2009-11-19,0.96375,0.8375,0.52625
2009-11-20,0.96125,0.83124995,0.485
2009-11-21,0.91625,0.795,0.41875
2009-11-22,0.90125,0.755,0.4275
2009-11-23,0.87375,0.75,0.45625
2009-11-24,0.84375,0.7325,0.4075
2009-11-25,0.81375,0.695,0.365
2009-11-26,0.7925,0.6725,0.35125
2009-11-27,0.78125,0.6525,0.3325
2009-11-28,0.77125,0.6325,0.32125
2009-11-29,0.74375,0.6125,0.32875
2009-11-30,0.67,0.58375,0.33875
2009-12-01,0.9575,0.57124996,0.3575
2009-12-02,1.0437499,0.61375,0.42125
2009-12-03,1.2950001,0.73375,0.50875
2009-12-04,1.3824999,0.855,0.6425
2009-12-05,1.32875,0.87874997,0.8175
2009-12-06,1.2325001,0.985,1.21625
2009-12-07,1.36875,1.34125,1.64625
2009-12-08,1.74875,1.66125,1.63875
2009-12-09,1.7475,1.74375,1.84
2009-12-10,1.80125,1.785,1.77375
2009-12-11,1.69625,1.72875,1.515
2009-12-12,1.46125,1.4837501,1.3925
2009-12-13,1.2987499,1.30125,1.30125
2009-12-14,1.2887499,1.16625,1.2375
2009-12-15,1.115,1.08875,1.405
2009-12-16,1.125,1.115,1.59625
2009-12-17,1.15625,1.1637499,1.7775
2009-12-18,1.0812501,1.1875,1.77375
2009-12-19,1.0,1.09375,1.4375
2009-12-20,1.05125,1.0275,1.29375
2009-12-21,0.94625,0.985,1.11375
2009-12-22,0.9125,0.90999997,0.985
2009-12-23,0.98875,0.935,1.18
2009-12-24,1.0174999,0.98375,1.14
2009-12-25,1.02875,0.99875,1.0425
2009-12-26,1.00375,0.9825,1.03
2009-12-27,1.0437499,1.00625,1.03
2009-12-28,1.1725,1.08875,1.42375
2009-12-29,1.2162501,1.1875,1.99625
2009-12-30,1.3774999,1.40125,2.53375
2009-12-31,1.6274999,1.6925,2.73125
2010-01-01,1.77375,1.89625,3.00375
2010-01-02,2.0525,2.0949998,3.27625
2010-01-03,2.125,2.19,3.0825
2010-01-04,2.0774999,2.13875,2.735
2010-01-05,1.965,2.025,2.3575
2010-01-06,1.8187499,1.86125,2.1
2010-01-07,1.5375,1.6737499,1.93
2010-01-08,1.35125,1.44875,1.95375
2010-01-09,1.39125,1.4024999,1.8375
2010-01-10,1.3824999,1.365,1.79375
2010-01-11,1.2925,1.33375,1.72875
2010-01-12,1.1925,1.2425001,1.58
2010-01-13,1.0925,1.125,1.4025
2010-01-14,1.01875,1.03125,1.19625
2010-01-15,1.08,1.0025,1.05625
2010-01-16,1.0375,0.99125004,0.97
2010-01-17,0.9775,0.94625,0.9425
2010-01-18,0.935,0.905,0.975
2010-01-19,0.92125,0.87375,0.91875
2010-01-20,0.92,0.86125004,0.84875
2010-01-21,0.87625,0.825,0.77875
2010-01-22,0.82625,0.78499997,0.74375
2010-01-23,0.82875,0.7625,0.71375
2010-01-24,0.85625,0.78625,0.8325
2010-01-25,0.9475,0.86875,1.0425
2010-01-26,1.12625,1.01125,1.245
2010-01-27,1.14125,1.1,1.2525
2010-01-28,1.0875001,1.06625,1.1625
2010-01-29,1.0712501,1.0425,1.325
2010-01-30,1.02625,1.0225,1.34125
2010-01-31,0.95875,0.95875,1.15625
2010-02-01,0.84499997,0.87125003,0.96375
2010-02-02,0.7775,0.78999996,0.835
2010-02-03,0.79625,0.75374997,0.75875
2010-02-04,0.77375,0.75874996,0.70625
2010-02-05,0.79625,0.73375,0.6475
2010-02-06,0.79125,0.72125006,0.605
2010-02-07,0.79,0.69375,0.60875
2010-02-08,0.7375,0.655,0.60125
2010-02-09,0.7125,0.65875,0.6175
2010-02-10,0.7625,0.6775,0.62875
2010-02-11,0.77874994,0.70624995,0.665
2010-02-12,0.80625,0.7275,0.705
2010-02-13,0.80125,0.73,0.6575
2010-02-14,0.79125,0.72125006,0.62375
2010-02-15,0.78125,0.69375,0.6025
2010-02-16,0.7625,0.69,0.55625
2010-02-17,0.7425,0.66375005,0.52375
2010-02-18,0.73125005,0.65125,0.52
2010-02-19,0.73,0.64125,0.52
2010-02-20,0.72125006,0.64,0.52
2010-02-21,0.7025,0.6225,0.52
2010-02-22,0.67375004,0.61125004,0.51125
2010-02-23,0.67,0.60125005,0.51875
2010-02-24,0.705,0.60875,0.5375
2010-02-25,0.70124996,0.6275,0.5225
2010-02-26,0.67375004,0.6125,0.485
2010-02-27,0.64375,0.5925,0.47125
2010-02-28,0.64,0.5725,0.49625
2010-03-01,0.66625,0.5875,0.605
2010-03-02,0.73125,0.65125,0.725
2010-03-03,0.88,0.75624996,1.09
2010-03-04,0.9875,0.9275,1.3325
2010-03-05,1.0174999,1.01125,1.38625
2010-03-06,1.1075,1.0812501,1.45125
2010-03-07,1.32125,1.25625,1.60875
2010-03-08,1.5337499,1.4375,1.6475
2010-03-09,1.55125,1.57375,2.34125
2010-03-10,1.45375,1.5375,2.2125
2010-03-11,1.25625,1.36375,1.7775
2010-03-12,1.08125,1.165,1.34375
2010-03-13,1.025,1.0437499,1.22
2010-03-14,1.01125,0.9775,1.1575
2010-03-15,0.96625,0.96125,1.325
2010-03-16,0.93375003,0.95124996,1.53375
2010-03-17,0.96500003,0.97625,1.525
2010-03-18,0.9525,0.98875,1.345
2010-03-19,0.95875,0.955,1.25
2010-03-20,0.9425,0.915,1.14375
2010-03-21,0.85249996,0.86625004,1.05125
2010-03-22,0.78749996,0.81625,1.06625
2010-03-23,0.80625,0.80125,1.14
2010-03-24,0.915,0.89625,1.40375
2010-03-25,0.9475,0.96250004,1.2825
2010-03-26,1.0374999,0.99625003,1.18125
2010-03-27,0.945,0.95625,1.12625
2010-03-28,0.8775,0.88875,1.0675
2010-03-29,0.80875003,0.8275,0.98125
2010-03-30,0.72125,0.75,0.8475
2010-03-31,0.675,0.67875004,0.75125
2010-04-01,0.705,0.67,0.74
2010-04-02,0.83250004,0.76624995,0.775
2010-04-03,0.9725,0.92,1.1825
2010-04-04,1.0425,1.08,1.93125
2010-04-05,1.0587499,1.16125,2.23125
2010-04-06,1.12125,1.2225,2.12
2010-04-07,1.10375,1.22125,2.2925
2010-04-08,1.12625,1.24625,2.1975
2010-04-09,1.0862501,1.2062501,2.31125
2010-04-10,1.01875,1.1125001,2.21625
2010-04-11,0.94,1.0125,1.7275
2010-04-12,0.86875004,0.91249996,1.24
2010-04-13,0.78999996,0.82125,1.13625
2010-04-14,0.7275,0.7575,0.98125
2010-04-15,0.69375,0.715,0.9075
2010-04-16,0.6725,0.68375003,0.8475
2010-04-17,0.64375,0.645,0.77
2010-04-18,0.61375,0.605,0.75125
2010-04-19,0.61,0.6,0.715
2010-04-20,0.60125005,0.59125,0.675
2010-04-21,0.60875,0.58124995,0.6525
2010-04-22,0.5925,0.57124996,0.62375
2010-04-23,0.58124995,0.56125,0.61125
2010-04-24,0.58,0.55125,0.60125
2010-04-25,0.58875,0.52375,0.5825
2010-04-26,0.5725,0.52874994,0.58875
2010-04-27,0.59625,0.53875,0.555
2010-04-28,0.62625,0.54,0.54125
2010-04-29,0.62125003,0.56624997,0.5225
2010-04-30,0.59375,0.56125,0.51125
2010-05-01,0.61625,0.55125,0.50125
2010-05-02,0.62,0.5675,0.52625
2010-05-03,0.62874997,0.57,0.52125
2010-05-04,0.60375,0.57,0.5025
2010-05-05,0.6175,0.56125,0.5
2010-05-06,0.59375,0.55125,0.49125
2010-05-07,0.5725,0.53249997,0.48125
2010-05-08,0.5525,0.5125,0.47125
2010-05-09,0.585,0.51,0.46125
2010-05-10,0.6425,0.53625,0.45125
2010-05-11,0.71125,0.61,0.45875
2010-05-12,0.72875,0.6375,0.46875
2010-05-13,0.73,0.64,0.4875
2010-05-14,0.75625,0.64,0.4725
2010-05-15,0.75125,0.66625,0.47875
2010-05-16,0.7675,0.67,0.47125
2010-05-17,0.77,0.66125,0.4525
2010-05-18,0.76125,0.66,0.42375
2010-05-19,0.73375,0.6425,0.41125
2010-05-20,0.7475,0.64,0.4275
2010-05-21,0.75,0.64,0.54375
2010-05-22,0.785,0.6925,0.53375
2010-05-23,0.79,0.7,0.48625
2010-05-24,0.7725,0.6825,0.47125
2010-05-25,0.74375,0.6625,0.4525
2010-05-26,0.74,0.66,0.4325
2010-05-27,0.74,0.65125,0.42125
2010-05-28,0.73125005,0.64125,0.4025
2010-05-29,0.73875,0.63125,0.4
2010-05-30,0.73125005,0.62125003,0.39125
2010-05-31,0.73,0.62,0.39
2010-06-01,0.73,0.57625,0.0575
2010-06-02,0.6425,0.50875,0.01
2010-06-03,0.55125004,0.4825,0.01
2010-06-04,0.53125,0.4625,0.01
2010-06-05,0.52125,0.46,0.01
2010-06-06,0.52,0.46,0.01
2010-06-07,0.52874994,0.46875,0.01
2010-06-08,0.52125,0.46125,0.01
2010-06-09,0.51125,0.46,0.01
2010-06-10,0.51,0.45125,0.01
2010-06-11,0.51,0.45,0.01
2010-06-12,0.5625,0.44125,0.01
2010-06-13,0.66625,0.4925,0.01
2010-06-14,0.70624995,0.57874995,0.01
2010-06-15,0.675,0.59,0.01
2010-06-16,0.57375,0.54625,0.01
2010-06-17,0.5075,0.4525,0.01
2010-06-18,0.49125,0.43125,0.01
2010-06-19,0.49,0.43875,0.01
2010-06-20,0.49,0.42249998,0.01
2010-06-21,0.48125,0.42,0.01
2010-06-22,0.47125,0.42,0.01
2010-06-23,0.47,0.42,0.01
2010-06-24,0.47,0.42,0.01
2010-06-25,0.47,0.42,0.01
2010-06-26,0.47,0.41125,0.01
2010-06-27,0.47,0.41,0.01
2010-06-28,0.47,0.40125,0.01
2010-06-29,0.46125,0.4,0.01
2010-06-30,0.46,0.4,0.01
2010-07-01,0.46,0.4,0.01
2010-07-02,0.46,0.4,0.01
2010-07-03,0.46,0.4,0.01
2010-07-04,0.46,0.4,0.01
2010-07-05,0.46,0.4,0.01
2010-07-06,0.46,0.4,0.01
2010-07-07,0.46,0.4,0.01
2010-07-08,0.46,0.4,0.01
2010-07-09,0.46,0.4,0.01
2010-07-10,0.46,0.4,0.01
2010-07-11,0.46,0.4,0.01
2010-07-12,0.46,0.4,0.01
2010-07-13,0.46,0.4,0.01
2010-07-14,0.46,0.4,0.01
2010-07-15,0.46,0.4,0.01
2010-07-16,0.46,0.4,0.01
2010-07-17,0.46,0.39124998,0.01
2010-07-18,0.46,0.39,0.01
2010-07-19,0.46,0.39,0.01
2010-07-20,0.45125,0.38125,0.01
2010-07-21,0.45,0.38,0.01
2010-07-22,0.45875,0.38,0.01
2010-07-23,0.48625,0.38,0.01
2010-07-24,0.53375,0.415,0.01
2010-07-25,0.54875004,0.4375,0.01
2010-07-26,0.55,0.44875,0.01
2010-07-27,0.55,0.45,0.01
2010-07-28,0.55,0.44125,0.01
2010-07-29,0.48874998,0.44,0.01
2010-07-30,0.4625,0.43125,0.01
2010-07-31,0.45125,0.38625,0.01
2010-08-01,0.45,0.38,0.01
2010-08-02,0.45,0.38,0.01
2010-08-03,0.45,0.37125,0.01
2010-08-04,0.45,0.37,0.01
2010-08-05,0.45,0.37,0.01
2010-08-06,0.45,0.37,0.01
2010-08-07,0.45,0.3525,0.01
2010-08-08,0.45,0.3675,0.01
2010-08-09,0.44125,0.37,0.01
2010-08-10,0.44,0.37,0.01
2010-08-11,0.44,0.37,0.01
2010-08-12,0.44,0.37,0.01
2010-08-13,0.44,0.37,0.01
2010-08-14,0.44,0.36125,0.01
2010-08-15,0.44,0.36,0.01
2010-08-16,0.44875,0.36,0.01
2010-08-17,0.45875,0.36,0.01
2010-08-18,0.46,0.36875,0.01
2010-08-19,0.46,0.37,0.01
2010-08-20,0.5125,0.37875,0.01
2010-08-21,0.51125,0.42375,0.01
2010-08-22,0.475,0.42125,0.01
2010-08-23,0.44375,0.37625,0.01
2010-08-24,0.44,0.3525,0.01
2010-08-25,0.44,0.35,0.01
2010-08-26,0.4575,0.35,0.01
2010-08-27,0.4775,0.3675,0.01
2010-08-28,0.4975,0.4225,0.01
2010-08-29,0.5525,0.4475,0.01
2010-08-30,0.56875,0.45,0.01
2010-08-31,0.57,0.45,0.01
2010-09-01,0.57,0.44125,
2010-09-02,0.54375005,0.43125,
2010-09-03,0.505,0.3775,
2010-09-04,,0.3525,
2010-09-05,,0.35,
2010-09-06,,0.34125,
2010-09-07,,0.34,
2010-09-08,,0.34,
2010-09-09,,0.34,
2010-09-10,,0.34,
2010-09-11,0.47,0.34,
2010-09-12,0.49625,0.34875,
2010-09-13,0.535,0.4025,
2010-09-14,0.5575,0.4275,
2010-09-15,0.5425,0.43,
2010-09-16,0.49625,0.42125,
2010-09-17,0.46375,0.385,
2010-09-18,,0.345,
2010-09-19,,0.33125,
2010-09-20,,0.33,
2010-09-21,,0.33,
2010-09-22,,0.33,
2010-09-23,,0.33,
2010-09-24,,0.32125,
2010-09-25,,0.32,
2010-09-26,,0.32,
2010-09-27,,0.32875,
2010-09-28,,0.33875,
2010-09-29,,0.34,
2010-09-30,,0.34,
2010-10-01,,0.34,
2010-10-02,,0.34,
2010-10-03,,0.34,
2010-10-04,,0.34875,
2010-10-05,,0.35875002,
2010-10-06,,0.36875,
2010-10-07,,0.37,
2010-10-08,,0.37,
2010-10-09,,0.37,
2010-10-10,,0.37,
2010-10-11,0.48,0.3875,
2010-10-12,0.52374995,0.41625,
2010-10-13,,0.455,
2010-10-14,,0.52124995,
2010-10-15,0.67,0.53875,
2010-10-16,0.6175,0.53125,
2010-10-17,0.575,0.495,
2010-10-18,0.57875,0.4725,
2010-10-19,0.545,0.47,
2010-10-20,0.48749998,0.4525,
2010-10-21,0.5325,0.45,
2010-10-22,0.54875004,0.47625,
2010-10-23,0.55,0.4625,
2010-10-24,0.54125,0.43375,
2010-10-25,0.53125,0.42125,
2010-10-26,0.50374997,0.49875,
2010-10-27,0.49125,0.53625,
2010-10-28,0.56,0.51375,
2010-10-29,0.5875,0.51874995,
2010-10-30,0.54625,0.555,
2010-10-31,0.54875004,0.5075,
2010-11-01,0.5675,0.5175,
2010-11-02,0.6225,0.5725,
2010-11-03,0.77875,0.67625,
2010-11-04,0.9225,0.795,
2010-11-05,0.87,0.78375,
2010-11-06,0.8425,0.75374997,
2010-11-07,0.8225,0.74125004,
2010-11-08,0.98625,0.80125,
2010-11-09,0.96625,0.89750004,
2010-11-10,0.925,0.86625004,
2010-11-11,0.89375,0.83375,
2010-11-12,0.8725,0.80375004,
2010-11-13,0.8,0.765,
2010-11-14,0.755,0.69,
2010-11-15,0.7325,0.6625,
2010-11-16,0.8175,0.695,
2010-11-17,0.90000004,0.77,
2010-11-18,0.91875005,0.815,
2010-11-19,0.955,0.82875,
2010-11-20,0.91625,0.8125,
2010-11-21,0.875,0.73125005,
2010-11-22,0.79125,0.7025,
2010-11-23,0.78,0.71750003,
2010-11-24,0.8325,0.7725,
2010-11-25,0.86625,0.82374996,
2010-11-26,0.94,0.83,
2010-11-27,1.0024999,0.90875,
2010-11-28,1.19375,1.0424999,
2010-11-29,1.19375,1.095,
2010-11-30,1.0325,0.97749996,
2010-12-01,0.8875,0.89,
2010-12-02,0.9925,0.985,
2010-12-03,1.28125,1.21875,
2010-12-04,1.145,1.13625,
2010-12-05,1.1375,1.0587499,
2010-12-06,1.14,1.0675,
2010-12-07,1.16625,1.1225,
2010-12-08,1.14375,1.13875,
2010-12-09,1.175,1.14875,
2010-12-10,1.215,1.22,
2010-12-11,1.185,1.3175,
2010-12-12,1.04,1.23375,
2010-12-13,0.97625005,1.0799999,
2010-12-14,0.84749997,0.96375,
2010-12-15,0.795,0.87125003,
2010-12-16,0.79,0.79875004,
2010-12-17,0.96500003,0.76375,
2010-12-18,1.01625,0.865,
2010-12-19,0.99375,0.97625,
2010-12-20,0.84999996,0.84125,
2010-12-21,0.76,0.75,
2010-12-22,0.77625,0.705,
2010-12-23,0.7275,0.6825,
2010-12-24,0.6325,0.61,
2010-12-25,0.585,0.53875,
2010-12-26,0.5975,0.5475,
2010-12-27,0.69624996,0.585,
2010-12-28,0.745,0.66875,
2010-12-29,0.855,0.75,
2010-12-30,1.07125,0.98749995,
2010-12-31,1.49375,1.3875,
2011-01-01,1.75125,1.7025,
2011-01-02,1.8325,1.87125,
2011-01-03,2.47875,2.24,
2011-01-04,2.7275,2.6575,
2011-01-05,2.4437501,2.63125,
2011-01-06,2.3562498,2.48,
2011-01-07,2.1750002,2.32,
2011-01-08,1.86125,2.08125,
2011-01-09,1.75,1.9275,
2011-01-10,1.62625,1.79625,
2011-01-11,1.435,1.675,
2011-01-12,1.2875,1.52,
2011-01-13,1.27,1.52625,
2011-01-14,1.3312501,1.69625,
2011-01-15,1.6725,1.86875,
2011-01-16,1.895,2.0562499,
2011-01-17,,2.1675,
2011-01-18,,2.17125,
2011-01-19,1.75,2.03875,
2011-01-20,1.6275,1.8625001,
2011-01-21,1.5225,1.7175001,
2011-01-22,1.4399999,1.6125001,
2011-01-23,1.31625,1.495,
2011-01-24,1.22125,1.34,
2011-01-25,1.04375,1.1975,
2011-01-26,0.97625005,1.0749999,
2011-01-27,0.94375,1.025,
2011-01-28,0.905,0.97625005,
2011-01-29,0.87375,0.92625004,
2011-01-30,0.8525,0.8675,
2011-01-31,0.78875,0.81625,
2011-02-01,0.7625,0.7575,
2011-02-02,0.73375,0.74125004,
2011-02-03,0.73,0.73125005,
2011-02-04,0.7475,0.72125006,
2011-02-05,0.715,0.7025,
2011-02-06,0.68375003,0.67375004,
2011-02-07,0.67125,0.6525,
2011-02-08,0.66125,0.64125,
2011-02-09,0.66,0.63125,
2011-02-10,0.6425,0.62125003,
2011-02-11,0.6225,0.6025,
2011-02-12,0.6025,0.5825,
2011-02-13,0.59125,0.57124996,
2011-02-14,0.58124995,0.56125,
2011-02-15,0.57124996,0.56,
2011-02-16,0.63124996,0.5775,
2011-02-17,0.6225,0.5975,
2011-02-18,0.6025,0.57375,
2011-02-19,0.5825,0.56125,
2011-02-20,0.57124996,0.55125,
2011-02-21,0.5525,0.53249997,
2011-02-22,0.53249997,0.52125,
2011-02-23,0.53,0.51125,
2011-02-24,0.5825,0.51874995,
2011-02-25,0.625,0.56374997,
2011-02-26,0.70875,0.64875,
2011-02-27,0.81624997,0.75624996,
2011-02-28,0.90875,0.84875,
2011-03-01,0.84125,0.825,
2011-03-02,0.80375004,0.7675,
2011-03-03,0.86125,0.75125,
2011-03-04,1.00125,0.9075,
2011-03-05,1.0725,0.97375,
2011-03-06,1.4037501,1.2775,
2011-03-07,1.65125,1.67875,
2011-03-08,1.995,1.94875,
2011-03-09,2.1275,2.14625,
2011-03-10,1.9825001,2.07375,
2011-03-11,2.02125,2.0949998,
2011-03-12,2.0475,2.1525002,
2011-03-13,2.02375,2.16,
2011-03-14,2.18625,2.27375,
2011-03-15,2.35875,2.38625,
2011-03-16,2.31,2.4437501,
2011-03-17,2.23,2.415,
2011-03-18,2.28125,2.4450002,
2011-03-19,2.6575,2.6775,
2011-03-20,2.70125,2.815,
2011-03-21,2.88375,2.9,
2011-03-22,3.44375,3.19,
2011-03-23,3.4850001,3.39625,
2011-03-24,3.31375,3.315,
2011-03-25,3.045,3.16875,
2011-03-26,2.79125,2.98375,
2011-03-27,2.48,2.74125,
2011-03-28,2.13375,2.4825,
2011-03-29,1.94125,2.275,
2011-03-30,1.96375,2.2150002,
2011-03-31,2.005,2.245,
2011-04-01,2.05375,2.25,
2011-04-02,2.0774999,2.2675,
2011-04-03,1.9575,2.2175,
2011-04-04,1.8875,2.07,
2011-04-05,1.8975,2.02375,
2011-04-06,1.83,1.985,
2011-04-07,1.81125,1.945,
2011-04-08,1.88,1.94875,
2011-04-09,1.8199999,1.90625,
2011-04-10,1.69625,1.795,
2011-04-11,1.65375,1.71,
2011-04-12,1.5975001,1.665,
2011-04-13,1.54625,1.63375,
2011-04-14,1.505,1.5862501,
2011-04-15,1.4562501,1.50125,
2011-04-16,1.38,1.42,
2011-04-17,1.265,1.305,
2011-04-18,1.1625,1.17625,
2011-04-19,1.12375,1.1075001,
2011-04-20,1.02375,1.03,
2011-04-21,0.905,0.9325,
2011-04-22,0.89,0.9025,
2011-04-23,0.89,0.8825,
2011-04-24,0.8725,0.8625,
2011-04-25,0.86125004,0.83375,
2011-04-26,0.85125005,0.83,
2011-04-27,0.84125,0.82124996,
2011-04-28,0.83124995,0.82,
2011-04-29,0.82124996,0.8025,
2011-04-30,0.81125,0.79125,
2011-05-01,0.76625,0.78125,
2011-05-02,0.73375,0.7275,
2011-05-03,0.72125006,0.72,
2011-05-04,0.72,0.7025,
2011-05-05,0.71125,0.67375004,
2011-05-06,0.70124996,0.67875004,
2011-05-07,0.7,0.68875,
2011-05-08,0.69124997,0.69,
2011-05-09,0.68125,0.69,
2011-05-10,0.68,0.69,
2011-05-11,0.68,0.6725,
2011-05-12,0.68,0.67,
2011-05-13,0.67125,0.6525,
2011-05-14,0.66125,0.64125,
2011-05-15,0.65125,0.64,
2011-05-16,0.6325,0.63125,
2011-05-17,0.56875,0.59499997,
2011-05-18,0.55125,0.56375,
2011-05-19,0.55,0.56,
2011-05-20,0.55875003,0.56,
2011-05-21,0.56875,0.56,
2011-05-22,0.57,0.56875,
2011-05-23,0.57,0.57875,
2011-05-24,0.57,0.58,
2011-05-25,0.56125,0.5625,
2011-05-26,0.55125,0.56,
2011-05-27,0.55,0.56,
2011-05-28,0.55,0.56,
2011-05-29,0.55,0.55125,
2011-05-30,0.54125,0.54125,
2011-05-31,0.54,0.54,
2011-06-01,0.54,0.54,
2011-06-02,0.54,0.54,
2011-06-03,0.59250003,0.5575,
2011-06-04,0.66125,0.6125,
2011-06-05,0.67875004,0.6375,
2011-06-06,0.67125,0.63125,
2011-06-07,0.67,0.63,
2011-06-08,0.67,0.63,
2011-06-09,0.67,0.63,
2011-06-10,0.67,0.63,
2011-06-11,0.67875004,0.63,
2011-06-12,0.68,0.63,
2011-06-13,0.68,0.63,
2011-06-14,0.68,0.63,
2011-06-15,0.68,0.63,
2011-06-16,0.68,0.63,
2011-06-17,0.68,0.63,
2011-06-18,0.68,0.62125003,
2011-06-19,0.67125,0.62,
2011-06-20,0.67,0.61125004,
2011-06-21,0.67,0.61,
2011-06-22,0.67,0.61,
2011-06-23,0.67,0.61,
2011-06-24,0.67,0.61,
2011-06-25,0.67,0.61,
2011-06-26,0.67,0.61,
2011-06-27,0.66125,0.60125005,
2011-06-28,0.65125,0.6,
2011-06-29,0.6675,0.6,
2011-06-30,0.67,0.6,
2011-07-01,0.67,0.6,
2011-07-02,0.67,0.6,
2011-07-03,0.67,0.6,
2011-07-04,0.67,0.6,
2011-07-05,0.67,0.6,
2011-07-06,0.67,0.6,
2011-07-07,0.67,0.59125,
2011-07-08,0.66125,0.59,
2011-07-09,0.66,0.59,
2011-07-10,0.66,0.58124995,
2011-07-11,0.6075,0.55375004,
2011-07-12,0.55625004,0.52375,
2011-07-13,0.54125,0.5025,
2011-07-14,0.5225,0.49125,
2011-07-15,0.5025,0.48125,
2011-07-16,0.5,0.47125,
2011-07-17,0.5,0.47,
2011-07-18,0.5,0.46125,
2011-07-19,0.49125,0.46,
2011-07-20,0.48125,0.46,
2011-07-21,0.47125,0.45125,
2011-07-22,0.47,0.45,
2011-07-23,0.47,0.44125,
2011-07-24,0.47,0.44,
2011-07-25,0.47,0.44,
2011-07-26,0.47,0.44,
2011-07-27,0.46125,0.43125,
2011-07-28,0.48625,0.43875,
2011-07-29,0.5425,0.48375002,
2011-07-30,0.55,0.51625,
2011-07-31,0.59375,0.54625,
2011-08-01,0.635,0.55875003,
2011-08-02,0.64,0.56,
2011-08-03,0.64,0.5425,
2011-08-04,0.64,0.54,
2011-08-05,0.64,0.54,
2011-08-06,0.64,0.54,
2011-08-07,0.64,0.54,
2011-08-08,0.64,0.53125,
2011-08-09,0.64,0.53,
2011-08-10,0.64,0.53,
2011-08-11,0.64,0.53,
2011-08-12,0.64,0.53,
2011-08-13,0.64,0.53,
2011-08-14,0.64,0.53,
2011-08-15,0.64,0.53,
2011-08-16,0.63125,0.53,
2011-08-17,0.63,0.52125,
2011-08-18,0.63,0.52,
2011-08-19,0.63,0.52,
2011-08-20,0.63,0.51125,
2011-08-21,0.63,0.51,
2011-08-22,0.63,0.51,
2011-08-23,0.63,0.51,
2011-08-24,0.63,0.51,
2011-08-25,0.56875,0.51,
2011-08-26,0.55125,0.50125,
2011-08-27,0.585,0.4825,
2011-08-28,0.6075,0.47125,
2011-08-29,0.61875,0.4875,
2011-08-30,0.62,0.49875,
2011-08-31,0.62,0.5,
2011-09-01,0.585,0.49125,
2011-09-02,0.5625,0.4725,
2011-09-03,0.5775,0.46125,
2011-09-04,0.58,0.46,
2011-09-05,0.5975,0.46875,
2011-09-06,0.60875,0.47,
2011-09-07,0.61,0.4875,
2011-09-08,0.61,0.49875,
2011-09-09,0.61875,0.49125,
2011-09-10,0.62,0.49,
2011-09-11,0.62,0.49,
2011-09-12,0.62,0.49,
2011-09-13,0.62,0.49,
2011-09-14,0.62,0.49,
2011-09-15,0.62,0.49,
2011-09-16,0.62,0.48125,
2011-09-17,0.62,0.48,
2011-09-18,0.62,0.48,
2011-09-19,0.62,0.48,
2011-09-20,0.62,0.48,
2011-09-21,0.62,0.48,
2011-09-22,0.62,0.48,
2011-09-23,0.62874997,0.48875,
2011-09-24,0.63,0.49,
2011-09-25,0.6125,0.49,
2011-09-26,0.61875,0.49,
2011-09-27,0.62874997,0.49,
2011-09-28,0.62125003,0.49,
2011-09-29,0.61125004,0.49,
2011-09-30,0.61,0.48125,
2011-10-01,0.61875,0.48,
2011-10-02,0.62874997,0.48,
2011-10-03,0.63,0.48875,
2011-10-04,0.63,0.49,
2011-10-05,0.63874996,0.49875,
2011-10-06,0.6575,0.5,
2011-10-07,0.66875005,0.5175,
2011-10-08,0.67,0.54625,
2011-10-09,0.67,0.5675,
2011-10-10,0.67,0.57,
2011-10-11,0.67,0.57,
2011-10-12,0.64375,0.57,
2011-10-13,0.6225,0.56125,
2011-10-14,0.62,0.55125,
2011-10-15,0.6375,0.55875003,
2011-10-16,0.675,0.58624995,
2011-10-17,0.75,0.6425,
2011-10-18,0.83,0.74625,
2011-10-19,0.875,0.76,
2011-10-20,0.8625,0.7775,
2011-10-21,0.83375,0.78,
2011-10-22,0.76,0.73625004,
2011-10-23,0.6975,0.6775,
2011-10-24,0.6725,0.635,
2011-10-25,0.6525,0.60375,
2011-10-26,0.64125,0.5825,
2011-10-27,0.57,0.545,
2011-10-28,0.5775,0.51375,
2011-10-29,0.5975,0.5275,
2011-10-30,0.62625,0.5475,
2011-10-31,0.67375,0.57624996,
2011-11-01,0.67125,0.57124996,
2011-11-02,0.67,0.57875,
2011-11-03,0.6875,0.5975,
2011-11-04,0.69875,0.60875,
2011-11-05,0.6825,0.61875,
2011-11-06,0.65375,0.6025,
2011-11-07,0.62375,0.5475,
2011-11-08,0.585,0.51375,
2011-11-09,0.58875,0.50125,
2011-11-10,0.59,0.50874996,
2011-11-11,0.58124995,0.50125,
2011-11-12,0.58,0.5,
2011-11-13,0.58875,0.5,
2011-11-14,0.59,0.5,
2011-11-15,0.59,0.5,
2011-11-16,0.59,0.50874996,
2011-11-17,0.6425,0.5275,
2011-11-18,0.71125,0.59125,
2011-11-19,0.86875,0.6875,
2011-11-20,0.96000004,0.81374997,
2011-11-21,0.90875,0.82124996,
2011-11-22,0.78625,0.66249996,
2011-11-23,0.74375,0.64,
2011-11-24,0.76625,0.68375,
2011-11-25,0.8575,0.88250005,
2011-11-26,1.115,1.1374999,
2011-11-27,1.3075,1.345,
2011-11-28,1.4525,1.5450001,
2011-11-29,1.68875,1.6575,
2011-11-30,1.7725,1.6524999,
2011-12-01,1.745,1.64125,
2011-12-02,1.7837499,1.7275,
2011-12-03,1.72,1.705,
2011-12-04,1.5787499,1.55125,
2011-12-05,1.4375,1.4075,
2011-12-06,1.35875,1.31125,
2011-12-07,1.3675001,1.2825,
2011-12-08,1.265,1.2012501,
2011-12-09,1.15375,1.07625,
2011-12-10,1.0875001,0.99875,
2011-12-11,1.045,0.96375,
2011-12-12,1.1624999,1.1,
2011-12-13,1.34625,1.44375,
2011-12-14,1.3087499,1.3325,
2011-12-15,1.3175,1.2574999,
2011-12-16,1.4512501,1.4512501,
2011-12-17,1.93375,2.0137498,
2011-12-18,2.3149998,2.41375,
2011-12-19,2.71875,2.635,
2011-12-20,2.88375,2.72125,
2011-12-21,2.90875,2.89625,
2011-12-22,2.8925002,2.955,
2011-12-23,2.82875,2.88125,
2011-12-24,2.74125,2.835,
2011-12-25,2.68625,2.7862499,
2011-12-26,2.5575,2.6837502,
2011-12-27,2.30375,2.45125,
2011-12-28,2.0862498,2.23625,
2011-12-29,2.1212502,2.1837502,
2011-12-30,2.19125,2.25,
2011-12-31,2.43625,2.44375,
2012-01-01,2.8287501,2.7325,
2012-01-02,3.08125,2.945,
2012-01-03,3.24125,3.22375,
2012-01-04,3.3737502,3.26,
2012-01-05,3.48625,3.32125,
2012-01-06,3.5525,3.3649998,
2012-01-07,3.6825001,3.43125,
2012-01-08,3.8225,3.5362499,
2012-01-09,3.9537501,3.64625,
2012-01-10,4.0925,3.8,
2012-01-11,4.2062497,4.0125,
2012-01-12,4.3250003,4.04875,
2012-01-13,4.41,4.0675,
2012-01-14,4.44625,4.13125,
2012-01-15,4.42375,4.1487503,
2012-01-16,4.2275,4.07125,
2012-01-17,3.955,3.9375,
2012-01-18,3.70125,3.73625,
2012-01-19,3.4775,3.57875,
2012-01-20,3.3362498,3.3674998,
2012-01-21,3.20625,3.24375,
2012-01-22,3.02375,3.0725,
2012-01-23,2.8425,2.875,
2012-01-24,2.7150002,2.7275,
2012-01-25,2.62125,2.5874999,
2012-01-26,2.53125,2.4650002,
2012-01-27,2.2137501,2.24,
2012-01-28,2.03,2.0175,
2012-01-29,1.98375,1.955,
2012-01-30,2.0325,2.01125,
2012-01-31,2.13625,2.1074998,
2012-02-01,2.3075,2.25125,
2012-02-02,2.435,2.375,
2012-02-03,2.3625,2.39,
2012-02-04,2.21875,2.25875,
2012-02-05,1.98125,2.09125,
2012-02-06,1.71375,1.895,
2012-02-07,1.56625,1.7125001,
2012-02-08,1.3575001,1.5325,
2012-02-09,1.19875,1.29125,
2012-02-10,1.13625,1.1899999,
2012-02-11,1.10375,1.145,
2012-02-12,1.12625,1.14,
2012-02-13,1.1737499,1.16625,
2012-02-14,1.285,1.2225,
2012-02-15,1.3,1.3175,
2012-02-16,1.1949999,1.28625,
2012-02-17,1.11875,1.1837499,
2012-02-18,1.075,1.10875,
2012-02-19,1.035,1.07375,
2012-02-20,0.995,1.02625,
2012-02-21,0.955,0.985,
2012-02-22,0.915,0.93625003,
2012-02-23,0.91875005,0.93,
2012-02-24,0.92,0.9475,
2012-02-25,0.92,0.95,
2012-02-26,0.92875004,0.95,
2012-02-27,0.92125,0.94124997,
2012-02-28,0.9025,0.905,
2012-02-29,0.865,0.87375,
2012-03-01,0.85125005,0.835,
2012-03-02,0.82375,0.80375004,
2012-03-03,0.78499997,0.77375,
2012-03-04,0.78875,0.76125,
2012-03-05,0.79875004,0.7425,
2012-03-06,0.7475,0.73125005,
2012-03-07,0.7925,0.73,
2012-03-08,0.78249997,0.7125,
2012-03-09,0.745,0.70124996,
2012-03-10,0.7225,0.6825,
2012-03-11,0.71125,0.67125,
2012-03-12,0.7625,0.6875,
2012-03-13,0.7875,0.71625,
2012-03-14,0.825,0.74625003,
2012-03-15,0.83875,0.77625,
2012-03-16,0.84875,0.78875,
2012-03-17,0.87625,0.825,
2012-03-18,1.02875,0.935,
2012-03-19,1.14625,1.04625,
2012-03-20,1.29125,1.165,
2012-03-21,1.3362501,1.2674999,
2012-03-22,1.305,1.2887499,
2012-03-23,1.265,1.29,
2012-03-24,1.1899999,1.2375,
2012-03-25,1.145,1.1687499,
2012-03-26,1.13125,1.1075001,
2012-03-27,1.0687499,1.0387499,
2012-03-28,0.94625,0.95125,
2012-03-29,0.895,0.89625,
2012-03-30,0.8725,0.8725,
2012-03-31,0.9225,0.87874997,
2012-04-01,0.88625,0.8625,
2012-04-02,0.84499997,0.825,
2012-04-03,0.86625,0.82,
2012-04-04,0.87,0.82875,
2012-04-05,0.835,0.73375005,
2012-04-06,0.76,0.72,
2012-04-07,0.72375,0.7025,
2012-04-08,0.72875,0.7,
2012-04-09,0.7475,0.7,
2012-04-10,0.785,0.71750003,
2012-04-11,0.79875004,0.7375,
2012-04-12,0.79125,0.74875,
2012-04-13,0.7725,0.74125004,
2012-04-14,0.72625005,0.73125005,
2012-04-15,0.71125,0.72125006,
2012-04-16,0.6925,0.69375,
2012-04-17,0.68125,0.68125,
2012-04-18,0.67125,0.67125,
2012-04-19,0.66125,0.66125,
2012-04-20,0.66875005,0.66875005,
2012-04-21,0.7225,0.67875004,
2012-04-22,0.765,0.6975,
2012-04-23,0.735,0.6825,
2012-04-24,0.65999997,0.63625,
2012-04-25,0.64125,0.6125,
2012-04-26,0.6225,0.60125005,
2012-04-27,0.64625,0.6,
2012-04-28,0.71125,0.635,
2012-04-29,0.79,0.71000004,
2012-04-30,0.82624996,0.7375,
2012-05-01,0.80375004,0.7575,
2012-05-02,0.79125,0.75125,
2012-05-03,0.78125,0.7325,
2012-05-04,0.7275,0.70375,
2012-05-05,0.65,0.6475,
2012-05-06,0.6575,0.605,
2012-05-07,0.70375,0.635,
2012-05-08,0.7275,0.66625,
2012-05-09,0.695,0.66125,
2012-05-10,0.62,0.59875,
2012-05-11,0.5925,0.54625,
2012-05-12,0.58124995,0.5575,
2012-05-13,0.58875,0.56,
2012-05-14,0.59,0.56,
2012-05-15,0.59,0.56,
2012-05-16,0.6075,0.56,
2012-05-17,0.63625,0.5775,
2012-05-18,0.6925,0.615,
2012-05-19,0.72625,0.66375,
2012-05-20,0.73,0.67,
2012-05-21,0.695,0.6525,
2012-05-22,0.66375005,0.62375,
2012-05-23,0.63375,0.59375,
2012-05-24,0.6125,0.54625,
2012-05-25,0.61,0.56624997,
2012-05-26,0.61875,0.57,
2012-05-27,0.6375,0.5875,
2012-05-28,0.675,0.6075,
2012-05-29,0.6975,0.63625,
2012-05-30,0.69124997,0.64,
2012-05-31,0.6725,0.6225,
2012-06-01,0.6875,0.62,
2012-06-02,0.69875,0.62,
2012-06-03,0.7,0.6375,
2012-06-04,0.69124997,0.63125,
2012-06-05,0.69,0.62125003,
2012-06-06,0.69875,0.62874997,
2012-06-07,0.70875,0.63,
2012-06-08,0.71,0.62125003,
2012-06-09,0.7275,0.62874997,
2012-06-10,0.72125006,0.63874996,
2012-06-11,0.7025,0.64,
2012-06-12,0.72625,0.64874995,
2012-06-13,0.7125,0.65,
2012-06-14,0.64875,0.6325,
2012-06-15,0.64,0.6125,
2012-06-16,0.64,0.58375,
2012-06-17,0.63125,0.57124996,
2012-06-18,0.6125,0.56125,
2012-06-19,0.61,0.56,
2012-06-20,0.63625,0.56,
2012-06-21,0.6575,0.5775,
2012-06-22,0.6775,0.5975,
2012-06-23,0.68875,0.60875,
2012-06-24,0.69,0.61,
2012-06-25,0.69,0.61875,
2012-06-26,0.69,0.62,
2012-06-27,0.69,0.61125004,
2012-06-28,0.68125,0.61,
2012-06-29,0.67125,0.61,
2012-06-30,0.6525,0.5925,
2012-07-01,0.65,0.59,
2012-07-02,0.6675,0.59875,
2012-07-03,0.67,0.6,
2012-07-04,0.67875004,0.6,
2012-07-05,0.68,0.59125,
2012-07-06,0.6275,0.5725,
2012-07-07,0.57625,0.52625,
2012-07-08,0.57,0.5025,
2012-07-09,0.57,0.5,
2012-07-10,0.57,0.5,
2012-07-11,0.56125,0.5,
2012-07-12,0.56,0.5,
2012-07-13,0.55125,0.5,
2012-07-14,0.54125,0.49125,
2012-07-15,0.54875004,0.49,
2012-07-16,0.5675,0.49875,
2012-07-17,0.57,0.5,
2012-07-18,0.57,0.5,
2012-07-19,0.57,0.5,
2012-07-20,0.56125,0.49125,
2012-07-21,0.53375,0.48125,
2012-07-22,0.5475,0.47125,
2012-07-23,0.5675,0.49625,
2012-07-24,0.56125,0.5,
2012-07-25,0.56875,0.5,
2012-07-26,0.57875,0.50874996,
2012-07-27,0.58875,0.51874995,
2012-07-28,0.58124995,0.52,
2012-07-29,0.58,0.51125,
2012-07-30,0.58,0.51874995,
2012-07-31,0.60625,0.5375,
2012-08-01,0.61875,0.54,
2012-08-02,0.61125004,0.5225,
2012-08-03,0.58375,0.5025,
2012-08-04,0.60625,0.49125,
2012-08-05,0.67125,0.55125,
2012-08-06,0.65375,0.58624995,
2012-08-07,0.5625,0.52875,
2012-08-08,0.55875003,0.51125,
2012-08-09,0.55125,0.51,
2012-08-10,0.55,0.51,
2012-08-11,0.55,0.51,
2012-08-12,0.55,0.48375,
2012-08-13,0.55,0.47125,
2012-08-14,0.55,0.47875,
2012-08-15,0.55,0.4975,
2012-08-16,0.55,0.5,
2012-08-17,0.55,0.47375,
2012-08-18,0.54125,0.47,
2012-08-19,0.54875004,0.47,
2012-08-20,0.55,0.47,
2012-08-21,0.55,0.47,
2012-08-22,0.55,0.47,
2012-08-23,0.55,0.47,
2012-08-24,0.55,0.47,
2012-08-25,0.55,0.47,
2012-08-26,0.55,0.47,
2012-08-27,0.55,0.47,
2012-08-28,0.55,0.47,
2012-08-29,0.55,0.47875,
2012-08-30,0.55875003,0.48,
2012-08-31,0.55125,0.48,
2012-09-01,0.55,0.48,
2012-09-02,0.55,0.48,
2012-09-03,0.55,0.47125,
2012-09-04,0.5675,0.47,
2012-09-05,0.59625,0.4875,
2012-09-06,0.66125,0.53375,
2012-09-07,0.66125,0.54,
2012-09-08,0.66,0.54,
2012-09-09,0.66,0.54,
2012-09-10,0.66,0.54,
2012-09-11,0.66,0.54,
2012-09-12,0.66,0.54,
2012-09-13,0.66,0.54,
2012-09-14,0.66,0.54875004,
2012-09-15,0.66,0.55,
2012-09-16,0.66,0.54125,
2012-09-17,0.66,0.54,
2012-09-18,0.66875005,0.54875004,
2012-09-19,0.6875,0.55875003,
2012-09-20,0.68125,0.56875,
2012-09-21,0.67125,0.56125,
2012-09-22,0.67,0.56,
2012-09-23,0.66125,0.56,
2012-09-24,0.66875005,0.55125,
2012-09-25,0.67,0.55,
2012-09-26,0.67,0.55875003,
2012-09-27,0.67,0.56,
2012-09-28,0.67,0.56,
2012-09-29,0.67,0.56875,
2012-09-30,0.67,0.56125,
2012-10-01,0.67,0.56,
2012-10-02,0.67,0.56,
2012-10-03,0.67875004,0.56,
2012-10-04,0.67125,0.55125,
2012-10-05,0.67,0.55875003,
2012-10-06,0.67,0.56,
2012-10-07,0.67,0.56,
2012-10-08,0.6525,0.55125,
2012-10-09,0.65,0.53249997,
2012-10-10,0.65875,0.53875,
2012-10-11,0.66,0.54,
2012-10-12,0.65125,0.54,
2012-10-13,0.65875,0.54,
2012-10-14,0.66,0.54,
2012-10-15,0.66,0.54,
2012-10-16,0.66,0.54,
2012-10-17,0.66875005,0.54,
2012-10-18,0.67,0.54,
2012-10-19,0.67,0.54,
2012-10-20,0.67,0.54875004,
2012-10-21,0.67,0.55,
2012-10-22,0.67,0.55,
2012-10-23,0.67,0.55,
2012-10-24,0.67,0.55,
2012-10-25,0.67,0.55,
2012-10-26,0.66125,0.54125,
2012-10-27,0.66,0.54,
2012-10-28,0.65125,0.54,
2012-10-29,0.65,0.54,
2012-10-30,0.64125,0.54,
2012-10-31,0.64,0.53125,
2012-11-01,0.64,0.5475,
2012-11-02,0.64,0.53249997,
2012-11-03,0.64,0.53,
2012-11-04,0.675,0.5475,
2012-11-05,0.74125,0.62,
2012-11-06,0.83750004,0.72625,
2012-11-07,0.89374995,0.74875,
2012-11-08,0.9175,0.75874996,
2012-11-09,0.92875004,0.78625,
2012-11-10,0.9825,0.86,
2012-11-11,1.0862501,1.01875,
2012-11-12,1.10875,1.13625,
2012-11-13,1.10125,1.12375,
2012-11-14,1.02125,1.0762501,
2012-11-15,1.0537499,1.035,
2012-11-16,0.98125005,1.07375,
2012-11-17,1.04,1.0712501,
2012-11-18,1.225,1.1575,
2012-11-19,1.2325001,1.24,
2012-11-20,1.11625,1.1275,
2012-11-21,1.0125,1.03125,
2012-11-22,0.92125005,0.94125,
2012-11-23,0.84,0.9475,
2012-11-24,0.76,0.80125,
2012-11-25,0.7325,0.7275,
2012-11-26,0.79125,0.72875,
2012-11-27,0.89625,0.7825,
2012-11-28,1.26,1.1925,
2012-11-29,1.40625,1.39875,
2012-11-30,1.35875,1.39375,
2012-12-01,1.2625,1.355,
2012-12-02,1.1625,1.32375,
2012-12-03,1.0275,1.15375,
2012-12-04,0.9575,0.99875003,
2012-12-05,0.88,0.91875005,
2012-12-06,0.82625,0.86625004,
2012-12-07,0.7675,0.81625,
2012-12-08,0.73375,0.7575,
2012-12-09,0.695,0.72375,
2012-12-10,0.6725,0.71125,
2012-12-11,0.66125,0.65749997,
2012-12-12,0.66,0.62375,
2012-12-13,0.695,0.62874997,
2012-12-14,0.79625,0.665,
2012-12-15,1.01125,0.73125,
2012-12-16,1.1800001,0.6875,
2012-12-17,1.10375,0.70624995,
2012-12-18,1.01125,0.90250003,
2012-12-19,0.85125,0.86875004,
2012-12-20,0.795,0.78999996,
2012-12-21,0.825,0.75374997,
2012-12-22,0.865,0.77625,
2012-12-23,0.9225,0.78,
2012-12-24,0.85125,0.82374996,
2012-12-25,0.79625,0.75125,
2012-12-26,0.76375,0.705,
2012-12-27,0.725,0.6825,
2012-12-28,0.72,0.645,
2012-12-29,0.72875,0.64874995,
2012-12-30,0.73875,0.65,
2012-12-31,0.775,0.6675,
2013-01-01,0.7275,0.67,
2013-01-02,0.72875,0.64375,
2013-01-03,0.7125,0.64874995,
2013-01-04,0.68375003,0.64125,
2013-01-05,0.67125,0.57,
2013-01-06,0.62625,0.51625,
2013-01-07,0.515,0.44875,
2013-01-08,0.5,0.405,
2013-01-09,0.5,0.4175,
2013-01-10,0.50874996,0.455,
2013-01-11,0.55375,0.48625,
2013-01-12,0.63,0.51625,
2013-01-13,0.66625,0.63374996,
2013-01-14,0.66125,0.64125,
2013-01-15,0.72125,0.68375,
2013-01-16,0.8525,0.82124996,
2013-01-17,0.975,0.9975,
2013-01-18,0.9025,0.95875,
2013-01-19,0.82,0.8975,
2013-01-20,0.81875,0.84625,
2013-01-21,0.88124996,0.84875,
2013-01-22,1.0475,0.94624996,
2013-01-23,1.245,1.14375,
2013-01-24,1.31375,1.30125,
2013-01-25,1.22375,1.27625,
2013-01-26,1.105,1.2175,
2013-01-27,1.02,1.175,
2013-01-28,0.96625,1.17,
2013-01-29,1.0474999,1.24,
2013-01-30,1.34,1.46,
2013-01-31,1.59,1.67375,
2013-02-01,1.64625,1.8050001,
2013-02-02,1.58,1.82,
2013-02-03,1.5175,1.7675,
2013-02-04,1.43125,1.62875,
2013-02-05,1.3149999,1.61,
2013-02-06,1.25625,1.54,
2013-02-07,1.25,1.34625,
2013-02-08,1.355,1.32,
2013-02-09,1.335,1.4425,
2013-02-10,1.18125,1.41625,
2013-02-11,1.055,1.1387501,
2013-02-12,0.9,1.03,
2013-02-13,0.80125004,0.88875,
2013-02-14,0.7375,0.8175,
2013-02-15,0.68625003,0.74875003,
2013-02-16,0.6625,0.705,
2013-02-17,0.6425,0.7,
2013-02-18,0.64,0.6475,
2013-02-19,0.63125,0.6225,
2013-02-20,0.60375,0.59375,
2013-02-21,0.59125,0.58124995,
2013-02-22,0.5725,0.5625,
2013-02-23,0.56125,0.56,
2013-02-24,0.56,0.5425,
2013-02-25,0.55125,0.53125,
2013-02-26,0.55,0.52125,
2013-02-27,0.55,0.52,
2013-02-28,0.54125,0.5375,
2013-03-01,0.5575,0.54,
2013-03-02,0.6125,0.54,
2013-03-03,0.85625,0.58375,
2013-03-04,0.86375,0.7825,
2013-03-05,0.755,0.78375,
2013-03-06,0.74,0.73625004,
2013-03-07,0.705,0.68625003,
2013-03-08,0.67375004,0.645,
2013-03-09,0.6525,0.61375,
2013-03-10,0.64125,0.60125005,
2013-03-11,0.61375,0.59125,
2013-03-12,0.61875,0.58124995,
2013-03-13,0.65500003,0.5975,
2013-03-14,0.6425,0.6175,
2013-03-15,0.6225,0.59375,
2013-03-16,0.61125004,0.59,
2013-03-17,0.61875,0.59,
2013-03-18,0.62,0.59,
2013-03-19,0.6025,0.58124995,
2013-03-20,0.57375,0.5625,
2013-03-21,0.56125,0.55125,
2013-03-22,0.56,0.53249997,
2013-03-23,0.5775,0.565,
2013-03-24,0.62375,0.605,
2013-03-25,0.72625,0.67125,
2013-03-26,0.7925,0.75,
2013-03-27,0.8525,0.85625,
2013-03-28,1.02625,1.07125,
2013-03-29,1.04125,1.1175001,
2013-03-30,1.04,1.19875,
2013-03-31,1.18875,1.27125,
2013-04-01,1.1925001,1.30625,
2013-04-02,1.09375,1.1787499,
2013-04-03,0.97499996,1.0725,
2013-04-04,0.88125,0.96375,
2013-04-05,0.8175,0.88875,
2013-04-06,0.78375,0.84499997,
2013-04-07,0.77125,0.81375,
2013-04-08,0.7875,0.81875,
2013-04-09,0.86,0.855,
2013-04-10,0.95750004,0.85125005,
2013-04-11,1.10125,1.13,
2013-04-12,1.2425,1.38,
2013-04-13,1.26,1.48875,
2013-04-14,1.28625,1.42125,
2013-04-15,1.3074999,1.375,
2013-04-16,1.2225001,1.34375,
2013-04-17,1.105,1.24375,
2013-04-18,1.04625,1.11625,
2013-04-19,0.99625003,1.0825,
2013-04-20,0.92,1.0625,
2013-04-21,0.84875,0.91999996,
2013-04-22,0.805,0.865,
2013-04-23,0.7475,0.78999996,
2013-04-24,0.705,0.745,
2013-04-25,0.6825,0.73125005,
2013-04-26,0.67125,0.72125006,
2013-04-27,0.6525,0.6675,
2013-04-28,0.64125,0.625,
2013-04-29,0.6225,0.61125004,
2013-04-30,0.61125004,0.60125005,
2013-05-01,0.61,0.6,
2013-05-02,0.61,0.6,
2013-05-03,0.61,0.59125,
2013-05-04,0.5925,0.555,
2013-05-05,0.58124995,0.53249997,
2013-05-06,0.58,0.53,
2013-05-07,0.57124996,0.52125,
2013-05-08,0.56125,0.52,
2013-05-09,0.55125,0.52,
2013-05-10,0.55,0.52874994,
2013-05-11,0.55,0.53,
2013-05-12,0.55,0.53,
2013-05-13,0.55,0.52125,
2013-05-14,0.54125,0.52,
2013-05-15,0.53125,0.52,
2013-05-16,0.53,0.51125,
2013-05-17,0.53,0.51,
2013-05-18,0.53,0.51,
2013-05-19,0.52125,0.50125,
2013-05-20,0.52,0.5,
2013-05-21,0.52,0.49125,
2013-05-22,0.52,0.49,
2013-05-23,0.52874994,0.49,
2013-05-24,0.5475,0.49,
2013-05-25,0.52375,0.49,
2013-05-26,0.52,0.49,
2013-05-27,0.52,0.49,
2013-05-28,0.52,0.49,
2013-05-29,0.52,0.49,
2013-05-30,0.52874994,0.48125,
2013-05-31,0.5475,0.48,
2013-06-01,0.5675,0.48875,
2013-06-02,0.57875,0.525,
2013-06-03,0.58875,0.53,
2013-06-04,0.6075,0.5475,
2013-06-05,0.60125005,0.55,
2013-06-06,0.59125,0.55875003,
2013-06-07,0.6075,0.55125,
2013-06-08,0.61875,0.55,
2013-06-09,0.59375,0.54125,
2013-06-10,0.58124995,0.54,
2013-06-11,0.5625,0.54,
2013-06-12,0.55125,0.54,
2013-06-13,0.52375,0.53125,
2013-06-14,0.52,0.50374997,
2013-06-15,0.52,0.49125,
2013-06-16,0.51125,0.48125,
2013-06-17,0.51,0.47125,
2013-06-18,0.51,0.47,
2013-06-19,0.50125,0.47,
2013-06-20,0.5,0.46125,
2013-06-21,0.5,0.46,
2013-06-22,0.50874996,0.46,
2013-06-23,0.51,0.46,
2013-06-24,0.50125,0.46,
2013-06-25,0.5,0.46,
2013-06-26,0.5,0.45125,
2013-06-27,0.5,0.45,
2013-06-28,0.5,0.45,
2013-06-29,0.5,0.44125,
2013-06-30,0.5,0.44,
2013-07-01,0.49125,0.44,
2013-07-02,0.49875,0.44,
2013-07-03,0.5,0.44,
2013-07-04,0.5,0.44,
2013-07-05,0.49125,0.44,
2013-07-06,0.49,0.43125,
2013-07-07,0.48125,0.43,
2013-07-08,0.48,0.43,
2013-07-09,0.48,0.42125,
2013-07-10,0.48,0.42,
2013-07-11,0.48,0.42,
2013-07-12,0.48,0.42,
2013-07-13,0.48,0.42,
2013-07-14,0.48875,0.42875,
2013-07-15,0.49875,0.43,
2013-07-16,0.5,0.43,
2013-07-17,0.4825,0.42125,
2013-07-18,0.48,0.42,
2013-07-19,0.47125,0.41125,
2013-07-20,0.47,0.41,
2013-07-21,0.47,0.41,
2013-07-22,0.47,0.40125,
2013-07-23,0.47,0.40875,
2013-07-24,0.47875,0.41875,
2013-07-25,0.48875,0.42875,
2013-07-26,0.49,0.43,
2013-07-27,0.48125,0.4125,
2013-07-28,0.47125,0.40125,
2013-07-29,0.47,0.4,
2013-07-30,0.47,0.4,
2013-07-31,0.47,0.4,
2013-08-01,0.47,0.4,
2013-08-02,0.46125,0.4,
2013-08-03,0.46,0.4,
2013-08-04,0.46,0.4,
2013-08-05,0.46,0.4,
2013-08-06,0.46,0.4,
2013-08-07,0.46,0.4,
2013-08-08,0.46,0.39124998,
2013-08-09,0.46,0.39,
2013-08-10,0.46,0.39,
2013-08-11,0.46,0.39,
2013-08-12,0.46,0.38125,
2013-08-13,0.46875,0.38,
2013-08-14,0.47,0.38875,
2013-08-15,0.46125,0.39875,
2013-08-16,0.46,0.39124998,
2013-08-17,0.46,0.39,
2013-08-18,0.46,0.38125,
2013-08-19,0.46,0.38,
2013-08-20,0.45125,0.38875,
2013-08-21,0.45,0.39,
2013-08-22,0.45875,0.39,
2013-08-23,0.46,0.3725,
2013-08-24,0.45125,0.36125,
2013-08-25,0.44125,0.35125,
2013-08-26,0.44,0.35875002,
2013-08-27,0.44,0.36,
2013-08-28,0.44,0.36875,
2013-08-29,0.44,0.37,
2013-08-30,0.44,0.37,
2013-08-31,0.44,0.36125,
2013-09-01,0.44,0.36875,
2013-09-02,0.44,0.37,
2013-09-03,0.44,0.36125,
2013-09-04,0.44,0.36,
2013-09-05,0.44,0.36,
2013-09-06,0.44,0.36,
2013-09-07,0.44,0.36875,
2013-09-08,0.44,0.37875,
2013-09-09,0.44,0.38,
2013-09-10,0.44,0.38,
2013-09-11,0.44,0.38,
2013-09-12,0.44,0.38875,
2013-09-13,0.44,0.39875,
2013-09-14,0.44,0.39124998,
2013-09-15,0.44,0.39,
2013-09-16,0.44,0.39,
2013-09-17,0.44,0.38125,
2013-09-18,0.44,0.38,
2013-09-19,0.44875,0.38,
2013-09-20,0.45,0.38875,
2013-09-21,0.45,0.38125,
2013-09-22,0.45,0.38,
2013-09-23,0.45,0.38,
2013-09-24,0.45,0.38,
2013-09-25,0.45,0.38,
2013-09-26,0.44125,0.37125,
2013-09-27,0.44,0.37,
2013-09-28,0.44,0.37,
2013-09-29,0.44,0.37,
2013-09-30,0.44875,0.37,
2013-10-01,0.45,0.37875,
2013-10-02,0.45,0.37125,
2013-10-03,0.44125,0.37875,
2013-10-04,0.44,0.38,
2013-10-05,0.44875,0.38875,
2013-10-06,0.45,0.39875,
2013-10-07,0.45875,0.4,
2013-10-08,0.46875,0.40875,
2013-10-09,0.47,0.41,
2013-10-10,0.47,0.41875,
2013-10-11,0.47,0.42875,
2013-10-12,0.47875,0.43,
2013-10-13,0.48,0.43,
2013-10-14,0.4625,0.43,
2013-10-15,0.46,0.43,
2013-10-16,0.46,0.42125,
2013-10-17,0.46,0.42,
2013-10-18,0.45125,0.42,
2013-10-19,0.45,0.41125,
2013-10-20,0.45,0.38375,
2013-10-21,0.45875,0.38875,
2013-10-22,0.495,0.39875,
2013-10-23,0.5,0.4,
2013-10-24,0.5,0.42625,
2013-10-25,0.50874996,0.43,
2013-10-26,0.50125,0.42125,
2013-10-27,0.5,0.42,
2013-10-28,0.5,0.4025,
2013-10-29,0.5,0.4,
2013-10-30,0.47375,0.4,
2013-10-31,0.47,0.39124998,
2013-11-01,0.47,0.39,
2013-11-02,0.47,0.39,
2013-11-03,0.46125,0.39,
2013-11-04,0.45125,0.39,
2013-11-05,0.45,0.39,
2013-11-06,0.45,0.38125,
2013-11-07,0.45,0.38,
2013-11-08,0.45,0.38,
2013-11-09,0.45,0.38875,
2013-11-10,0.45875,0.39,
2013-11-11,0.48625,0.39875,
2013-11-12,0.49,0.4175,
2013-11-13,0.49875,0.42,
2013-11-14,0.535,0.42,
2013-11-15,0.54875004,0.42,
2013-11-16,0.55,0.42,
2013-11-17,0.515,0.42,
2013-11-18,0.50125,0.42,
2013-11-19,0.49125,0.42,
2013-11-20,0.46375,0.4025,
2013-11-21,0.45125,0.4,
2013-11-22,0.45,0.4,
2013-11-23,0.45,0.3825,
2013-11-24,0.45,0.38,
2013-11-25,0.45875,0.38875,
2013-11-26,0.4775,0.39875,
2013-11-27,0.57624996,0.44375,
2013-11-28,0.77375,0.65125,
2013-11-29,0.87,0.83750004,
2013-11-30,0.81,0.81625,
2013-12-01,0.80875003,0.5125,
2013-12-02,0.83624995,0.46125,
2013-12-03,0.84,0.43375,
2013-12-04,0.805,0.42125,
2013-12-05,0.73875004,0.41125,
2013-12-06,0.695,0.4275,
2013-12-07,0.71625,0.63125,
2013-12-08,0.99125,0.80875,
2013-12-09,1.1,0.9175,
2013-12-10,1.1275,1.00875,
2013-12-11,1.1912501,1.09,
2013-12-12,1.29625,1.23125,
2013-12-13,1.4412501,1.3725,
2013-12-14,1.60875,1.5475,
2013-12-15,1.62125,1.57875,
2013-12-16,1.7075,1.58,
2013-12-17,2.0437498,1.755,
2013-12-18,2.39625,2.2,
2013-12-19,2.43125,2.68,
2013-12-20,2.14125,2.2675,
2013-12-21,1.89,2.03375,
2013-12-22,1.92125,2.0275,
2013-12-23,2.06125,2.1525002,
2013-12-24,2.50875,2.4675,
2013-12-25,2.57,2.57125,
2013-12-26,2.45625,2.5275,
2013-12-27,2.43125,2.415,
2013-12-28,2.47375,2.4175,
2013-12-29,2.3487499,2.2975,
2013-12-30,2.1025,2.0874999,
2013-12-31,1.90375,1.7625,
2014-01-01,1.7049999,1.69375,
2014-01-02,1.40875,1.585,
2014-01-03,1.22125,1.43875,
2014-01-04,1.1125001,1.35875,
2014-01-05,0.995,1.07875,
2014-01-06,0.88375,0.91749996,
2014-01-07,0.8,0.80375004,
2014-01-08,0.74625003,0.755,
2014-01-09,0.69625,0.715,
2014-01-10,0.6725,0.64875,
2014-01-11,0.6525,0.6225,
2014-01-12,0.65,0.59375,
2014-01-13,0.65,0.59,
2014-01-14,0.6325,0.58124995,
2014-01-15,0.62125003,0.58,
2014-01-16,0.61125004,0.5275,
2014-01-17,0.60125005,0.5025,
2014-01-18,0.59125,0.4825,
2014-01-19,0.59,0.4975,
2014-01-20,0.59875,0.56125,
2014-01-21,0.64374995,0.57875,
2014-01-22,0.77250004,0.65000004,
2014-01-23,0.90375,0.79125,
2014-01-24,0.96375,0.81875,
2014-01-25,0.935,0.8375,
2014-01-26,0.825,0.84,
2014-01-27,0.73125005,0.8225,
2014-01-28,0.71125,0.72375,
2014-01-29,0.68375003,0.675,
2014-01-30,0.65375,0.64375,
2014-01-31,0.615,0.59625,
2014-02-01,0.5925,0.5725,
2014-02-02,0.5725,0.54375005,
2014-02-03,0.5525,0.5225,
2014-02-04,0.54125,0.52,
2014-02-05,0.54,0.51125,
2014-02-06,0.54,0.51,
2014-02-07,0.5575,0.50125,
2014-02-08,0.56875,0.49125,
2014-02-09,0.57875,0.49875,
2014-02-10,0.55375004,0.49125,
2014-02-11,0.54125,0.4725,
2014-02-12,0.54,0.47,
2014-02-13,0.58375,0.4875,
2014-02-14,0.59,0.49875,
2014-02-15,0.555,0.4825,
2014-02-16,0.53249997,0.4625,
2014-02-17,0.53,0.46,
2014-02-18,0.53,0.46875,
2014-02-19,0.53875,0.4875,
2014-02-20,0.5575,0.48125,
2014-02-21,0.58624995,0.48,
2014-02-22,0.59,0.4975,
2014-02-23,0.56375,0.52625,
2014-02-24,0.525,0.52125,
2014-02-25,0.52,0.51125,
2014-02-26,0.5025,0.4925,
2014-02-27,0.47375,0.41125,
2014-02-28,0.4525,0.4,
2014-03-01,0.45,0.4,
2014-03-02,0.45,0.4,
2014-03-03,0.45875,0.4,
2014-03-04,0.46,0.4175,
2014-03-05,0.4775,0.42875,
2014-03-06,0.48875,0.45625,
2014-03-07,0.48125,0.46,
2014-03-08,0.48,0.46,
2014-03-09,0.515,0.46875,
2014-03-10,0.51125,0.47875,
2014-03-11,0.51,0.48,
2014-03-12,0.545,0.48,
2014-03-13,0.6025,0.48,
2014-03-14,0.575,0.48,
2014-03-15,0.53499997,0.48,
2014-03-16,0.48624998,0.47125,
2014-03-17,0.4625,0.435,
2014-03-18,0.45125,0.39499998,
2014-03-19,0.4325,0.38125,
2014-03-20,0.38625,0.3625,
2014-03-21,0.38,0.36,
2014-03-22,0.37125,0.35125,
2014-03-23,0.37,0.35,
2014-03-24,0.37875,0.35,
2014-03-25,0.42375,0.4025,
2014-03-26,0.5175,0.61125,
2014-03-27,0.52125,0.49125,
2014-03-28,0.47625,0.47,
2014-03-29,0.4525,0.47875,
2014-03-30,0.42374998,0.4975,
2014-03-31,0.4025,0.49125,
2014-04-01,0.3825,0.4725,
2014-04-02,0.38,0.4875,
2014-04-03,0.38,0.49,
2014-04-04,0.45000002,0.46375,
2014-04-05,0.4775,0.46875,
2014-04-06,0.4975,0.47,
2014-04-07,0.49125,0.5225,
2014-04-08,0.49,0.53,
2014-04-09,0.46375,0.5125,
2014-04-10,0.4425,0.46625,
2014-04-11,0.39624998,0.42499998,
2014-04-12,0.3725,0.41125,
2014-04-13,0.37,0.39249998,
2014-04-14,0.37875,0.41625,
2014-04-15,0.3975,0.4375,
2014-04-16,0.365,0.42249998,
2014-04-17,0.35125,0.4025,
2014-04-18,0.35,0.3825,
2014-04-19,0.35,0.37125,
2014-04-20,0.34125,0.3525,
2014-04-21,0.34,0.34125,
2014-04-22,0.34,0.34,
2014-04-23,0.34,0.34,
2014-04-24,0.35750002,0.34875,
2014-04-25,0.36,0.35,
2014-04-26,0.36,0.35,
2014-04-27,0.36,0.35875002,
2014-04-28,0.36875,0.3775,
2014-04-29,0.36125,0.37125,
2014-04-30,0.35125,0.36125,
2014-05-01,0.34125,0.36,
2014-05-02,0.34,0.3425,
2014-05-03,0.33125,0.34,
2014-05-04,0.32125,0.3225,
2014-05-05,0.31125,0.31125,
2014-05-06,0.31,0.30125,
2014-05-07,0.31,0.3,
2014-05-08,0.30125,0.3,
2014-05-09,0.3,0.29125,
2014-05-10,0.3,0.29,
2014-05-11,0.3,0.29,
2014-05-12,0.3,0.29,
2014-05-13,0.3,0.29,
2014-05-14,0.3,0.29,
2014-05-15,0.3,0.28125,
2014-05-16,0.3,0.28,
2014-05-17,0.3,0.28,
2014-05-18,0.3,0.28,
2014-05-19,0.3,0.28,
2014-05-20,0.3,0.28,
2014-05-21,0.3,0.28,
2014-05-22,0.3,0.27125,
2014-05-23,0.29125,0.26125,
2014-05-24,0.29,0.26875,
2014-05-25,0.29,0.27,
2014-05-26,0.29,0.27,
2014-05-27,0.29,0.27,
2014-05-28,0.29,0.27,
2014-05-29,0.29,0.27,
2014-05-30,0.29,0.26125,
2014-05-31,0.29,0.26,
2014-06-01,0.29,0.26875,
2014-06-02,0.29,0.27,
2014-06-03,0.29,0.27,
2014-06-04,0.29,0.27,
2014-06-05,0.29,0.27,
2014-06-06,0.29,0.27,
2014-06-07,0.29,0.27,
2014-06-08,0.29,0.27,
2014-06-09,0.29,0.26125,
2014-06-10,0.29,0.26,
2014-06-11,0.29,0.25125,
2014-06-12,0.29,0.25,
2014-06-13,0.28125,0.25,
2014-06-14,0.28,0.25,
2014-06-15,0.28,0.25,
2014-06-16,0.28,0.25,
2014-06-17,0.28,0.25,
2014-06-18,0.28,0.25,
2014-06-19,0.28,0.25,
2014-06-20,0.28,0.25,
2014-06-21,0.28,0.25,
2014-06-22,0.28,0.25,
2014-06-23,0.28,0.25,
2014-06-24,0.28,0.25,
2014-06-25,0.28,0.25,
2014-06-26,0.28,0.25,
2014-06-27,0.28,0.25,
2014-06-28,0.28,0.25,
2014-06-29,0.28,0.25,
2014-06-30,0.28,0.25,
2014-07-01,0.28,0.24125,
2014-07-02,0.28,0.24,
2014-07-03,0.28,0.24,
2014-07-04,0.28,0.24,
2014-07-05,0.27125,0.24,
2014-07-06,0.27,0.24,
2014-07-07,0.27,0.24,
2014-07-08,0.26125,0.23125,
2014-07-09,0.26,0.23,
2014-07-10,0.25125,0.23,
2014-07-11,0.24125,0.23,
2014-07-12,0.24,0.23,
2014-07-13,0.23125,0.20375,
2014-07-14,0.23,0.2,
2014-07-15,0.22125,0.2,
2014-07-16,0.22,0.2,
2014-07-17,0.22,0.2,
2014-07-18,0.22,0.2,
2014-07-19,0.22,0.20875,
2014-07-20,0.22875,0.21,
2014-07-21,0.23,0.21,
2014-07-22,0.23875,0.21,
2014-07-23,0.24,0.21,
2014-07-24,0.24,0.21,
2014-07-25,0.24,0.21,
2014-07-26,0.24875,0.21,
2014-07-27,0.25,0.21,
2014-07-28,0.24125,0.21,
2014-07-29,0.24875,0.21875,
2014-07-30,0.25,0.22,
2014-07-31,0.25,0.22,
2014-08-01,0.2675,0.22875,
2014-08-02,0.27,0.23,
2014-08-03,0.27,0.23875,
2014-08-04,0.27,0.24875,
2014-08-05,0.26125,0.2325,
2014-08-06,0.24249999,0.22125,
2014-08-07,0.23125,0.21124999,
2014-08-08,0.22125,0.20125,
2014-08-09,0.22,0.2,
2014-08-10,0.22875,0.2,
2014-08-11,0.22125,0.2,
2014-08-12,0.22,0.2,
2014-08-13,0.22,0.2,
2014-08-14,0.22,0.19125,
2014-08-15,0.22,0.19,
2014-08-16,0.21124999,0.19,
2014-08-17,0.21,0.19,
2014-08-18,0.21,0.19,
2014-08-19,0.21,0.19,
2014-08-20,0.21875,0.19,
2014-08-21,0.22,0.19,
2014-08-22,0.22,0.18125,
2014-08-23,0.21124999,0.18,
2014-08-24,0.21,0.18,
2014-08-25,0.21,0.18,
2014-08-26,,0.17125,
2014-08-27,,0.17,
2014-08-28,,0.17,
2014-08-29,,0.17,
2014-08-30,,0.17,
2014-08-31,,0.17,
2014-09-01,,0.17,
2014-09-02,,0.17,
2014-09-03,,0.17,
2014-09-04,,0.17,
2014-09-05,,0.16125,
2014-09-06,,0.16,
2014-09-07,,0.16,
2014-09-08,,0.16,
2014-09-09,,0.16,
2014-09-10,,0.15125,
2014-09-11,,0.15875,
2014-09-12,,0.16,
2014-09-13,,0.16,
2014-09-14,,0.16,
2014-09-15,,0.16,
2014-09-16,,0.16,
2014-09-17,,0.15125,
2014-09-18,,0.15,
2014-09-19,,0.15,
2014-09-20,,0.15,
2014-09-21,,0.15,
2014-09-22,,0.15,
2014-09-23,,0.15,
2014-09-24,0.18,0.15,
2014-09-25,0.18875,0.15,
2014-09-26,0.19,0.15,
2014-09-27,0.18125,0.15,
2014-09-28,0.18,0.15,
2014-09-29,0.18,0.15,
2014-09-30,0.18,0.15,
2014-10-01,0.18,0.15,
2014-10-02,0.18,0.15,
2014-10-03,0.18,0.15,
2014-10-04,0.18,0.15,
2014-10-05,0.18,0.15,
2014-10-06,0.17125,0.14125,
2014-10-07,0.17,0.14,
2014-10-08,0.17,0.14,
2014-10-09,0.17875001,,
2014-10-10,0.18,,
2014-10-11,0.18,,
2014-10-12,0.17125,,
2014-10-13,0.17,,
2014-10-14,0.17,,
2014-10-15,0.17,,
2014-10-16,0.17,,
2014-10-17,0.17,,
2014-10-18,0.17,,
2014-10-19,0.17,,
2014-10-20,0.17,,
2014-10-21,0.17,,
2014-10-22,0.17,,
2014-10-23,0.17,,
2014-10-24,0.17,,
2014-10-25,0.17,,
2014-10-26,0.17875001,,
2014-10-27,0.18875,,
2014-10-28,0.19875,0.15,
2014-10-29,0.2,0.15875,
2014-10-30,0.20875,0.16875,
2014-10-31,0.21,0.17875001,
2014-11-01,0.21875,0.18875,
2014-11-02,0.22,0.19875,
2014-11-03,0.22,0.20875,
2014-11-04,0.22,0.21,
2014-11-05,0.21124999,0.21,
2014-11-06,0.20125,0.1925,
2014-11-07,0.2,0.19,
2014-11-08,0.2,0.18125,
2014-11-09,0.2,0.18,
2014-11-10,0.19125,0.17125,
2014-11-11,0.19875,0.17,
2014-11-12,0.20875,0.17875001,
2014-11-13,0.21875,0.1975,
2014-11-14,0.2725,0.2525,
2014-11-15,0.4375,0.365,
2014-11-16,0.50374997,0.49374998,
2014-11-17,0.5625,0.615,
2014-11-18,0.5175,0.59499997,
2014-11-19,0.475,0.45875,
2014-11-20,0.39999998,0.42249998,
2014-11-21,0.355,0.34125,
2014-11-22,0.28875,0.30375,
2014-11-23,0.25375,0.2825,
2014-11-24,0.34625,0.2975,
2014-11-25,0.395,0.34375,
2014-11-26,0.505,0.37625,
2014-11-27,0.52874994,0.38,
2014-11-28,0.55625,0.3625,
2014-11-29,0.5775,0.54375,
2014-11-30,0.5975,0.64,
2014-12-01,0.6175,0.71125,
2014-12-02,0.76875,0.8775,
2014-12-03,0.90375,0.97875,
2014-12-04,0.82375,0.92875004,
2014-12-05,0.635,0.73625,
2014-12-06,0.53125,0.59625,
2014-12-07,0.4675,0.53625,
2014-12-08,0.45125,0.55625,
2014-12-09,0.45875,0.71750003,
2014-12-10,0.45125,0.53875,
2014-12-11,0.44125,0.50125,
2014-12-12,0.39624998,0.49125,
2014-12-13,0.39875,0.4725,
2014-12-14,0.42625,0.4875,
2014-12-15,0.465,0.595,
2014-12-16,0.6275,0.70625,
2014-12-17,0.72875,0.83375,
2014-12-18,0.7575,0.85,
2014-12-19,0.73375,0.7975,
2014-12-20,0.65999997,0.71125,
2014-12-21,0.5625,0.65625,
2014-12-22,0.46249998,0.71125,
2014-12-23,0.4325,0.6325,
2014-12-24,0.45625,0.48000002,
2014-12-25,0.4775,0.53000003,
2014-12-26,0.48,0.5575,
2014-12-27,0.4625,0.5075,
2014-12-28,0.39874998,0.40375,
2014-12-29,0.34625,0.32,
2014-12-30,0.29625,0.30125,
2014-12-31,0.2375,0.3,
2015-01-01,0.20375,0.3,
2015-01-02,0.19125,0.25625,
2015-01-03,0.19875,0.25,
2015-01-04,0.2,0.24125,
2015-01-05,0.2,0.24,
2015-01-06,0.20875,0.24,
2015-01-07,0.25375,0.24,
2015-01-08,0.2075,0.24,
2015-01-09,0.19125,0.24,
2015-01-10,0.19,0.23125,
2015-01-11,0.19,0.23,
2015-01-12,0.19,0.22125,
2015-01-13,0.18125,0.22,
2015-01-14,0.18,0.21124999,
2015-01-15,0.18,0.18375,
2015-01-16,0.17125,0.1625,
2015-01-17,0.17,0.1425,
2015-01-18,0.16125,0.122499995,
2015-01-19,0.16,0.11125,
2015-01-20,0.16,0.11,
2015-01-21,0.16,0.13625,
2015-01-22,0.18625,0.17500001,
2015-01-23,0.2075,0.20625,
2015-01-24,0.175,0.21,
2015-01-25,0.16125,0.21,
2015-01-26,0.16,0.1925,
2015-01-27,0.17750001,0.1725,
2015-01-28,0.1975,0.17,
2015-01-29,0.2,0.205,
2015-01-30,0.19125,0.21875,
2015-01-31,0.21625,0.2375,
2015-02-01,0.24625,0.26625,
2015-02-02,0.25875,0.27875,
2015-02-03,0.26875,0.28,
2015-02-04,0.26125,0.25375,
2015-02-05,0.225,0.2325,
2015-02-06,0.21124999,0.22125,
2015-02-07,0.28,0.22,
2015-02-08,0.56125003,0.35999998,
2015-02-09,0.6,0.89625,
2015-02-10,0.6875,1.0487499,
2015-02-11,0.95375,1.2262499,
2015-02-12,0.92875004,1.3375,
2015-02-13,0.92875004,1.175,
2015-02-14,0.7725,1.00125,
2015-02-15,0.68,0.91875005,
2015-02-16,0.5825,0.48125,
2015-02-17,0.57875,0.41125,
2015-02-18,0.38750002,0.43625,
2015-02-19,0.36875,0.44875,
2015-02-20,0.41375,0.49375,
2015-02-21,0.5425,0.57874995,
2015-02-22,0.49875,0.5725,
2015-02-23,0.42,0.49124998,
2015-02-24,0.3575,0.42749998,
2015-02-25,0.2625,0.41125,
2015-02-26,0.21499999,0.375,
2015-02-27,0.21875,0.34375,
2015-02-28,0.22,0.3225,
2015-03-01,0.22,0.3725,
2015-03-02,0.26375002,0.47625,
2015-03-03,0.39249998,0.40249997,
2015-03-04,0.43625,0.4075,
2015-03-05,0.42249998,0.40125,
2015-03-06,0.4025,0.40875,
2015-03-07,0.39124998,0.4275,
2015-03-08,0.3725,0.43,
2015-03-09,0.3525,0.4125,
2015-03-10,0.34125,0.41875,
2015-03-11,0.36625,0.42875,
2015-03-12,0.47500002,0.49125,
2015-03-13,0.525,0.56125,
2015-03-14,0.5825,0.61375,
2015-03-15,0.63374996,0.62,
2015-03-16,0.61375,0.62,
2015-03-17,0.56625,0.59375,
2015-03-18,0.525,0.5725,
2015-03-19,0.48499998,0.56125,
2015-03-20,0.5325,0.56875,
2015-03-21,0.56624997,0.675,
2015-03-22,0.605,0.76,
2015-03-23,0.65375,0.77,
2015-03-24,0.6425,0.76125,
2015-03-25,0.6225,0.73375,
2015-03-26,0.61125004,0.73,
2015-03-27,0.5925,0.72125006,
2015-03-28,0.59,0.71125,
2015-03-29,0.58124995,0.6925,
2015-03-30,0.57124996,0.57625,
2015-03-31,0.49124998,0.51625,
2015-04-01,0.40124997,0.51,
2015-04-02,0.34625,0.41375,
2015-04-03,0.3225,0.4,
2015-04-04,0.32,0.35625,
2015-04-05,0.32875,0.3675,
2015-04-06,0.3825,0.37875,
2015-04-07,0.3725,0.38,
2015-04-08,0.37,0.44125,
2015-04-09,0.36125,0.4325,
2015-04-10,0.36875,0.43875,
2015-04-11,0.37,0.4925,
2015-04-12,0.37,0.49125,
2015-04-13,0.37,0.4725,
2015-04-14,0.36125,0.435,
2015-04-15,0.36,0.4125,
2015-04-16,0.3425,0.36625,
2015-04-17,0.33125,0.3075,
2015-04-18,0.30375,0.2825,
2015-04-19,0.265,0.28875,
2015-04-20,0.23375,0.29875,
2015-04-21,0.20375,0.29125,
2015-04-22,0.2,0.2725,
2015-04-23,0.2,0.31375,
2015-04-24,0.2,0.32,
2015-04-25,0.22625001,0.3375,
2015-04-26,0.2475,0.3925,
2015-04-27,0.27625,0.4,
2015-04-28,0.30625,0.40875,
2015-04-29,0.33625,0.39249998,
2015-04-30,0.33125,0.355,
2015-05-01,0.32125,0.3325,
2015-05-02,0.31125,0.32125,
2015-05-03,0.30125,0.32875,
2015-05-04,0.3,0.33,
2015-05-05,0.3,0.33,
2015-05-06,0.3,0.32125,
2015-05-07,0.29125,0.32,
2015-05-08,0.3075,0.3375,
2015-05-09,0.33625,0.35750002,
2015-05-10,0.36625,0.3775,
2015-05-11,0.3875,0.38875,
2015-05-12,0.4075,0.41625,
2015-05-13,0.41,0.42,
2015-05-14,0.41875,0.455,
2015-05-15,0.39374998,0.4425,
2015-05-16,0.3725,0.39624998,
2015-05-17,0.3525,0.38125,
2015-05-18,0.34125,0.3625,
2015-05-19,0.34,0.3425,
2015-05-20,0.34875,0.34,
2015-05-21,0.35,0.31375,
2015-05-22,0.35,0.30125,
2015-05-23,0.35,0.3,
2015-05-24,0.34125,0.30875,
2015-05-25,0.34,0.31875,
2015-05-26,0.33125,0.32875,
2015-05-27,0.33,0.32125,
2015-05-28,0.33875,0.32,
2015-05-29,0.34875,0.32,
2015-05-30,0.35,0.31125,
2015-05-31,0.35,0.31,
2015-06-01,0.35,0.31,
2015-06-02,0.35,0.31,
2015-06-03,0.35,0.31,
2015-06-04,0.35,0.31,
2015-06-05,0.35,0.32750002,
2015-06-06,0.35,0.33,
2015-06-07,0.35,0.33875,
2015-06-08,0.35875002,0.3225,
2015-06-09,0.36,0.31125,
2015-06-10,0.36,0.31,
2015-06-11,0.36,0.31,
2015-06-12,0.35125,0.30125,
2015-06-13,0.35,0.3,
2015-06-14,0.34125,0.3,
2015-06-15,0.34,0.3,
2015-06-16,0.34,0.29125,
2015-06-17,0.33125,0.29,
2015-06-18,0.33,0.29,
2015-06-19,0.32125,0.29,
2015-06-20,0.32,0.29,
2015-06-21,0.32,0.29,
2015-06-22,0.32,0.28125,
2015-06-23,0.32,0.28,
2015-06-24,0.32,0.28,
2015-06-25,0.32,0.28,
2015-06-26,0.31125,0.28,
2015-06-27,0.31,0.27125,
2015-06-28,0.31,0.27,
2015-06-29,0.31,0.27,
2015-06-30,0.31,0.27,
2015-07-01,0.30125,0.235,
2015-07-02,0.29125,0.23,
2015-07-03,0.28125,0.23,
2015-07-04,0.27125,0.23,
2015-07-05,0.2525,0.23,
2015-07-06,0.2325,0.23,
2015-07-07,0.22125,0.2475,
2015-07-08,0.22875,0.2675,
2015-07-09,0.23875,0.27,
2015-07-10,0.24875,0.27,
2015-07-11,0.24125,0.27,
2015-07-12,0.24,0.27,
2015-07-13,0.24875,0.27,
2015-07-14,0.25875,0.27,
2015-07-15,0.26,0.27,
2015-07-16,0.26,0.27,
2015-07-17,0.26,0.27,
2015-07-18,0.26875,0.27,
2015-07-19,0.27,0.27,
2015-07-20,0.27875,0.26125,
2015-07-21,0.28,0.26,
2015-07-22,0.28,0.26,
2015-07-23,0.28875,0.25125,
2015-07-24,0.29,0.25,
2015-07-25,0.29,0.25,
2015-07-26,0.29875,0.25,
2015-07-27,0.3,0.25,
2015-07-28,0.30875,0.25,
2015-07-29,0.31,0.25,
2015-07-30,0.31,0.25,
2015-07-31,0.31,0.25,
2015-08-01,0.31,0.285,
2015-08-02,0.30125,0.29,
2015-08-03,0.3,0.29,
2015-08-04,0.3,0.26375,
2015-08-05,0.3,0.21624999,
2015-08-06,0.3,0.21,
2015-08-07,0.30875,0.21,
2015-08-08,0.30125,0.21,
2015-08-09,0.3,0.21,
2015-08-10,0.29125,0.21,
2015-08-11,0.29,0.21,
2015-08-12,0.29,0.21875,
2015-08-13,0.29,0.2375,
2015-08-14,0.29875,0.24,
2015-08-15,0.3,0.24,
2015-08-16,0.29125,0.24,
2015-08-17,0.29,0.24,
2015-08-18,0.29,0.24,
2015-08-19,0.29,0.24,
2015-08-20,0.29875,0.24,
2015-08-21,0.3,0.24,
2015-08-22,0.3,0.23125,
2015-08-23,0.3,0.23,
2015-08-24,0.3,0.23875,
2015-08-25,0.3,0.24875,
2015-08-26,0.32625002,0.25,
2015-08-27,0.33,0.25,
2015-08-28,0.33,0.25,
2015-08-29,0.33,0.25,
2015-08-30,0.33875,0.25875,
2015-08-31,0.35750002,0.2775,
2015-09-01,0.36,0.27125,
2015-09-02,0.36,0.27875,
2015-09-03,0.36875,0.28,
2015-09-04,0.37,0.28,
2015-09-05,0.37,0.28,
2015-09-06,0.37,0.28,
2015-09-07,0.37,0.28,
2015-09-08,0.37,0.28,
2015-09-09,0.37,0.28,
2015-09-10,0.37,0.28,
2015-09-11,0.37,0.28,
2015-09-12,0.37,0.28875,
2015-09-13,0.37,0.29,
2015-09-14,0.37875,0.2725,
2015-09-15,0.38,0.26125,
2015-09-16,0.38875,0.29500002,
2015-09-17,0.39875,0.30875,
2015-09-18,0.4,0.30125,
2015-09-19,0.4,0.3,
2015-09-20,0.4,0.3,
2015-09-21,0.39124998,0.3,
2015-09-22,0.39,0.29125,
2015-09-23,0.39875,0.29,
2015-09-24,0.40875,0.29,
2015-09-25,0.41,0.28125,
2015-09-26,0.41,0.28,
2015-09-27,0.41,0.28,
2015-09-28,0.41,0.28,
2015-09-29,0.41,0.27125,
2015-09-30,0.41,0.27,
2015-10-01,0.41,0.27875,
2015-10-02,0.41,0.2975,
2015-10-03,0.40125,0.3,
2015-10-04,0.4,0.3,
2015-10-05,0.4,0.30875,
2015-10-06,0.4,0.31,
2015-10-07,0.4,0.31,
2015-10-08,0.4,0.31,
2015-10-09,0.4,0.31,
2015-10-10,0.4,0.31,
2015-10-11,0.4,0.31875,
2015-10-12,0.4,0.31125,
2015-10-13,0.4,0.2925,
2015-10-14,0.40875,0.28125,
2015-10-15,0.41,0.28,
2015-10-16,0.41,0.315,
2015-10-17,0.41,0.3375,
2015-10-18,0.41,0.34,
2015-10-19,0.41,0.3225,
2015-10-20,0.41875,0.31125,
2015-10-21,0.42875,0.31,
2015-10-22,0.43,0.30125,
2015-10-23,0.43,0.3,
2015-10-24,0.43875,0.3,
2015-10-25,0.44875,0.3,
2015-10-26,0.45,0.3,
2015-10-27,0.47625,0.3,
2015-10-28,0.48875,0.30875,
2015-10-29,0.49875,0.31,
2015-10-30,0.50874996,0.33625,
2015-10-31,0.51874995,0.3925,
2015-11-01,0.5375,0.39124998,
2015-11-02,0.54875004,0.39,
2015-11-03,0.55875003,0.38125,
2015-11-04,0.56875,0.38,
2015-11-05,0.57875,0.37125,
2015-11-06,0.5975,0.3525,
2015-11-07,0.62625,0.35,
2015-11-08,0.65625,0.34125,
2015-11-09,0.68625,0.34,
2015-11-10,0.69,0.34,
2015-11-11,0.69875,0.33125,
2015-11-12,0.7,0.33,
2015-11-13,0.7,0.32125,
2015-11-14,0.70875,0.32,
2015-11-15,0.71,0.32,
2015-11-16,0.71875,0.32,
2015-11-17,0.74625003,0.31125,
2015-11-18,0.75,0.31875,
2015-11-19,0.74125004,0.36375,
2015-11-20,0.74875,0.43125,
2015-11-21,0.7675,0.52750003,
2015-11-22,0.77874994,0.575,
2015-11-23,0.78875,0.5275,
2015-11-24,0.825,0.555,
2015-11-25,0.83875,0.595,
2015-11-26,0.84875,0.635,
2015-11-27,0.8675,0.66625,
2015-11-28,0.8875,0.67875004,
2015-11-29,0.925,0.70624995,
2015-11-30,0.9475,0.85,
2015-12-01,0.94124997,0.87874997,
2015-12-02,0.94,0.88,
2015-12-03,0.93125,0.69625,
2015-12-04,0.9125,0.53875,
2015-12-05,0.91875005,0.54625,
2015-12-06,0.92875004,0.55,
2015-12-07,0.95624995,0.54125,
2015-12-08,0.96,0.51375,
2015-12-09,0.995,0.51874995,
2015-12-10,1.02625,0.54625,
2015-12-11,1.0474999,0.57624996,
2015-12-12,0.9975,0.58,
2015-12-13,0.99,0.58,
2015-12-14,1.0074999,0.57124996,
2015-12-15,1.00125,0.54375005,
2015-12-16,0.9825,0.54,
2015-12-17,0.90999997,0.51375,
2015-12-18,0.85625005,0.45749998,
2015-12-19,0.82375,0.40625,
2015-12-20,0.8025,0.3825,
2015-12-21,0.80875003,0.38,
2015-12-22,0.7925,0.37125,
2015-12-23,0.79,0.36125,
2015-12-24,0.79875004,0.36,
2015-12-25,0.79125,0.36,
2015-12-26,0.7725,0.36,
2015-12-27,0.7525,0.35125,
2015-12-28,0.74125004,0.34125,
2015-12-29,0.73125005,0.34,
2015-12-30,0.73875,0.33125,
2015-12-31,0.74875,0.33,
2016-01-01,0.7675,0.33875,
2016-01-02,0.7525,0.34,
2016-01-03,0.77625,0.34,
2016-01-04,0.7625,0.36625,
2016-01-05,0.78625,0.37,
2016-01-06,0.8075,0.37875,
2016-01-07,0.83624995,0.3975,
2016-01-08,0.84875,0.44375,
2016-01-09,0.815,0.4675,
2016-01-10,0.8275,0.4875,
2016-01-11,0.85625,0.49875,
2016-01-12,0.8075,0.5,
2016-01-13,0.765,0.5,
2016-01-14,0.8125,0.54375,
2016-01-15,0.93375,0.59375,
2016-01-16,1.1075,0.71375,
2016-01-17,1.26125,0.87874997,
2016-01-18,1.56875,1.25875,
2016-01-19,2.0037498,1.6949999,
2016-01-20,2.4975,2.3187501,
2016-01-21,2.7962499,2.42625,
2016-01-22,3.0049999,2.49125,
2016-01-23,2.9425,2.49125,
2016-01-24,2.79875,2.41125,
2016-01-25,2.71875,2.4,
2016-01-26,2.745,2.3562498,
2016-01-27,2.67125,2.35,
2016-01-28,2.37125,2.2975,
2016-01-29,2.2075,2.2375,
2016-01-30,2.295,1.985,
2016-01-31,2.1875,1.85375,
2016-02-01,2.02125,1.69125,
2016-02-02,1.7637501,1.5737499,
2016-02-03,1.4937501,1.70875,
2016-02-04,1.2675,1.10875,
2016-02-05,1.1,0.9325,
2016-02-06,0.9925,0.77125,
2016-02-07,0.90125,0.74125004,
2016-02-08,0.84625,0.69625,
2016-02-09,0.79625,0.5675,
2016-02-10,0.755,0.50625,
2016-02-11,0.70625,0.465,
2016-02-12,0.735,0.43375,
2016-02-13,0.71375,0.4125,
2016-02-14,0.675,0.41,
2016-02-15,0.66125,0.39249998,
2016-02-16,0.6775,0.3725,
2016-02-17,0.8025,0.37,
2016-02-18,0.68875,0.41375,
2016-02-19,0.565,0.5425,
2016-02-20,0.47125,0.5425,
2016-02-21,0.39874998,0.44375002,
2016-02-22,0.355,0.3775,
2016-02-23,0.32375,0.3175,
2016-02-24,0.31125,0.31,
2016-02-25,0.31875,0.31875,
2016-02-26,0.31125,0.32,
2016-02-27,0.2925,0.31125,
2016-02-28,0.28125,0.30125,
2016-02-29,0.28875,0.3,
2016-03-01,0.29875,0.30875,
2016-03-02,0.3175,0.31875,
2016-03-03,0.35500002,0.32875,
2016-03-04,0.36,0.33875,
2016-03-05,0.3775,0.34875,
2016-03-06,0.3975,0.35875002,
2016-03-07,0.47875002,0.42125002,
2016-03-08,0.525,0.465,
2016-03-09,0.53875,0.47875,
2016-03-10,0.575,0.5325,
2016-03-11,0.51875,0.54,
2016-03-12,0.4925,0.56624997,
2016-03-13,0.48125,0.5525,
2016-03-14,0.5325,0.52375,
2016-03-15,0.61875,0.5725,
2016-03-16,0.60375,0.5975,
2016-03-17,0.53,0.59125,
2016-03-18,0.45874998,0.5725,
2016-03-19,0.40625,0.57,
2016-03-20,0.3475,0.56125,
2016-03-21,0.305,0.5425,
2016-03-22,0.27375,0.54,
2016-03-23,0.26125,0.53125,
2016-03-24,0.25125,0.53,
2016-03-25,0.24125,0.52125,
2016-03-26,0.23125,0.52,
2016-03-27,0.23,0.38,
2016-03-28,0.23875,0.255,
2016-03-29,0.24,0.23125,
2016-03-30,0.28375,0.26500002,
2016-03-31,0.29875,0.29625002,
2016-04-01,0.2825,0.2825,
2016-04-02,0.28,0.2625,
2016-04-03,0.25375,0.25125,
2016-04-04,0.2325,0.24125,
2016-04-05,0.21249999,0.23125,
2016-04-06,0.21,0.22125,
2016-04-07,0.21,0.22,
2016-04-08,0.21,0.22,
2016-04-09,0.21875,0.22,
2016-04-10,0.22,0.21124999,
2016-04-11,0.22,0.21,
2016-04-12,0.21124999,0.21,
2016-04-13,0.21875,0.21,
2016-04-14,0.21124999,0.21,
2016-04-15,0.21,0.21,
2016-04-16,0.20125,0.21,
2016-04-17,0.2,0.21,
2016-04-18,0.2,0.21,
2016-04-19,0.2,0.21,
2016-04-20,0.2,0.21,
2016-04-21,0.19125,0.21,
2016-04-22,0.19,0.21,
2016-04-23,0.19,0.20125,
2016-04-24,0.19875,0.2,
2016-04-25,0.19125,0.2,
2016-04-26,0.18125,0.2,
2016-04-27,0.18,0.2,
2016-04-28,0.18,0.19125,
2016-04-29,0.18875,0.19,
2016-04-30,0.19,0.19,
2016-05-01,0.22500001,0.19,
2016-05-02,0.32625002,0.19,
2016-05-03,0.34875,0.19,
2016-05-04,0.34125,0.19,
2016-05-05,0.3225,0.19875,
2016-05-06,0.31125,0.26125002,
2016-05-07,0.2925,0.2525,
2016-05-08,0.26375,0.24125,
2016-05-09,0.25125,0.2225,
2016-05-10,0.24125,0.22875,
2016-05-11,0.24,0.23,
2016-05-12,0.24,0.22125,
2016-05-13,0.23125,0.21124999,
2016-05-14,0.23,0.21,
2016-05-15,0.23,0.21,
2016-05-16,0.23,0.21875,
2016-05-17,0.23,0.21124999,
2016-05-18,0.2475,0.21,
2016-05-19,0.2325,0.21,
2016-05-20,0.23,0.21,
2016-05-21,0.23,0.21,
2016-05-22,0.23,0.20125,
2016-05-23,0.23,0.20875,
2016-05-24,0.23,0.21,
2016-05-25,0.23,0.21,
2016-05-26,0.23,0.21,
2016-05-27,0.23,0.20125,
2016-05-28,0.22125,0.2175,
2016-05-29,0.22,0.21124999,
2016-05-30,0.22875,0.21,
2016-05-31,0.23,0.21,
2016-06-01,0.23,0.21,
2016-06-02,0.23,0.21,
2016-06-03,0.23,0.21,
2016-06-04,0.23,0.21875,
2016-06-05,0.22125,0.21124999,
2016-06-06,0.22875,0.21,
2016-06-07,0.23875,0.21,
2016-06-08,0.23125,0.21,
2016-06-09,0.23,0.21,
2016-06-10,0.25625,0.21,
2016-06-11,0.26875,0.2275,
2016-06-12,0.26125,0.23,
2016-06-13,0.26,0.23,
2016-06-14,0.25125,0.23,
2016-06-15,0.31125,0.23,
2016-06-16,0.32,0.21249999,
2016-06-17,0.32,0.1925,
2016-06-18,0.24125001,0.19,
2016-06-19,0.23,0.19,
2016-06-20,0.23,0.19,
2016-06-21,0.23,0.19,
2016-06-22,0.23,0.19,
2016-06-23,0.23,0.19,
2016-06-24,0.23,0.19,
2016-06-25,0.23,0.19,
2016-06-26,0.23,0.19,
2016-06-27,0.23,0.19,
2016-06-28,0.23,0.19,
2016-06-29,0.23,0.19,
2016-06-30,0.23,0.19,
2016-07-01,0.23,0.19,
2016-07-02,0.23,0.19,
2016-07-03,0.23875,0.1725,
2016-07-04,0.2575,0.17875001,
2016-07-05,0.26875,0.215,
2016-07-06,0.27,0.22875,
2016-07-07,0.27875,0.23,
2016-07-08,0.28,0.22125,
2016-07-09,0.28,0.22,
2016-07-10,0.27125,0.22,
2016-07-11,0.27,0.22,
2016-07-12,0.27,0.22,
2016-07-13,0.27,0.22,
2016-07-14,0.27,0.22,
2016-07-15,0.27,0.22,
2016-07-16,0.27,0.22,
2016-07-17,0.27,0.21124999,
2016-07-18,0.27,0.21,
2016-07-19,0.27,0.21,
2016-07-20,0.27,0.21,
2016-07-21,0.27,0.21,
2016-07-22,0.27,0.21,
2016-07-23,0.27,0.21,
2016-07-24,0.27,0.21,
2016-07-25,0.27,0.21,
2016-07-26,0.27,0.21,
2016-07-27,0.27,0.21,
2016-07-28,0.27,0.21875,
2016-07-29,0.27,0.22,
2016-07-30,0.27,0.22,
2016-07-31,0.27,0.22,
2016-08-01,0.27,0.22,
2016-08-02,0.26125,0.22,
2016-08-03,0.26875,0.22875,
2016-08-04,0.2875,0.23,
2016-08-05,0.29875,0.23,
2016-08-06,0.3,0.23,
2016-08-07,0.3,0.23,
2016-08-08,0.3,0.23,
2016-08-09,0.30875,0.23,
2016-08-10,0.31,0.23,
2016-08-11,0.31,0.23,
2016-08-12,0.31,0.23,
2016-08-13,0.31,0.23,
2016-08-14,0.31,0.23,
2016-08-15,0.31,0.23,
2016-08-16,0.30125,0.23,
2016-08-17,0.30875,0.23,
2016-08-18,0.31,0.23,
2016-08-19,0.31,0.23,
2016-08-20,0.31,0.22125,
2016-08-21,0.31,0.22,
2016-08-22,0.31,0.22,
2016-08-23,0.31,0.22875,
2016-08-24,0.31,0.23,
2016-08-25,0.30125,0.23,
2016-08-26,0.3,0.23,
2016-08-27,0.30875,0.23,
2016-08-28,0.31,0.23,
2016-08-29,0.31,0.23,
2016-08-30,0.31,0.23,
2016-08-31,0.31,0.23,
2016-09-01,0.31,0.22125,
2016-09-02,0.31,0.21124999,
2016-09-03,0.31,0.21,
2016-09-04,0.31875,0.21,
2016-09-05,0.32875,0.21875,
2016-09-06,0.33,0.22875,
2016-09-07,0.33,0.23,
2016-09-08,0.33,0.23,
2016-09-09,0.33,0.23,
2016-09-10,0.3475,0.23,
2016-09-11,0.34125,0.23,
2016-09-12,0.34,0.23,
2016-09-13,0.34,0.23875,
2016-09-14,0.34,0.24,
2016-09-15,0.34,0.23125,
2016-09-16,0.34,0.21249999,
2016-09-17,0.34,0.21,
2016-09-18,0.34,0.21,
2016-09-19,0.34,0.21,
2016-09-20,0.33125,0.21,
2016-09-21,0.33,0.21,
2016-09-22,0.33,0.21,
2016-09-23,0.33,0.21,
2016-09-24,0.33,0.21875,
2016-09-25,0.33,0.22875,
2016-09-26,0.33875,0.23,
2016-09-27,0.34,0.23,
2016-09-28,0.34875,0.23875,
2016-09-29,0.35,0.24,
2016-09-30,0.34125,0.24,
2016-10-01,0.34,0.24875,
2016-10-02,0.34,0.25,
2016-10-03,0.38375,0.2675,
2016-10-04,0.4075,0.2875,
2016-10-05,0.41,0.29,
2016-10-06,0.43625,0.29875,
2016-10-07,0.51,0.3175,
2016-10-08,0.51125,0.32875,
2016-10-09,0.45749998,0.33,
2016-10-10,0.44125,0.33,
2016-10-11,0.44,0.33,
2016-10-12,0.43125,0.33,
2016-10-13,0.43,0.32125,
2016-10-14,0.4125,0.31125,
2016-10-15,0.40125,0.30125,
2016-10-16,0.4,0.29125,
2016-10-17,0.39124998,0.29,
2016-10-18,0.39,0.28125,
2016-10-19,0.39,0.28,
2016-10-20,0.39,0.28,
2016-10-21,0.39,0.28,
2016-10-22,0.39,0.28,
2016-10-23,0.39,0.28,
2016-10-24,0.39,0.28,
2016-10-25,0.38125,0.27125,
2016-10-26,0.38,0.26125,
2016-10-27,0.38,0.26,
2016-10-28,0.37125,0.26,
2016-10-29,0.37,0.26875,
2016-10-30,0.37875,0.27,
2016-10-31,0.38875,0.27,
2016-11-01,0.39,0.27,
2016-11-02,0.39,0.2875,
2016-11-03,0.3725,0.29875,
2016-11-04,0.34375,0.29125,
2016-11-05,0.305,0.24624999,
2016-11-06,0.2825,0.19624999,
2016-11-07,0.28,0.1725,
2016-11-08,0.28,0.17,
2016-11-09,0.28875,0.17875001,
2016-11-10,0.29,0.1975,
2016-11-11,0.29,0.20875,
2016-11-12,0.29875,0.21,
2016-11-13,0.335,0.21,
2016-11-14,0.36625,0.245,
2016-11-15,0.46625,0.31125,
2016-11-16,0.58500004,0.41625,
2016-11-17,0.71375,0.54375,
2016-11-18,0.79125,0.665,
2016-11-19,0.79125,0.6975,
2016-11-20,0.79875004,0.69124997,
2016-11-21,0.79125,0.69,
2016-11-22,0.7025,0.62,
2016-11-23,0.64625,0.53999996,
2016-11-24,0.63125,0.5475,
2016-11-25,0.81374997,0.6025,
2016-11-26,0.96250004,0.76750004,
2016-11-27,0.86625004,0.7725,
2016-11-28,0.77125,0.67375004,
2016-11-29,0.69875,0.625,
2016-11-30,0.61125004,0.43625,
2016-12-01,0.52125,0.4975,
2016-12-02,0.44,0.41375,
2016-12-03,0.4125,0.365,
2016-12-04,0.47125,0.36,
2016-12-05,0.445,0.38625,
2016-12-06,0.44,0.4075,
2016-12-07,0.44875,0.41,
2016-12-08,0.4675,0.41,
2016-12-09,0.5225,0.41,
2016-12-10,0.60875,0.4625,
2016-12-11,0.71625,0.5575,
2016-12-12,0.68625003,0.57875,
2016-12-13,0.7325,0.58875,
2016-12-14,0.89750004,0.77375,
2016-12-15,1.17375,1.14125,
2016-12-16,1.49,1.2075,
2016-12-17,1.565,0.96500003,
2016-12-18,1.535,0.895,
2016-12-19,1.46875,0.6275,
2016-12-20,1.24125,0.5725,
2016-12-21,0.95625,0.54375005,
2016-12-22,0.72749996,0.47,
2016-12-23,0.5775,0.42499998,
2016-12-24,0.48999998,0.4375,
2016-12-25,0.43625,0.39624998,
2016-12-26,0.39499998,0.26749998,
2016-12-27,0.355,0.2675,
2016-12-28,0.3325,0.2525,
2016-12-29,0.33,0.25,
2016-12-30,0.33,0.24125,
2016-12-31,0.33875,0.24,
2017-01-01,0.36625,0.275,
2017-01-02,0.3525,0.28,
2017-01-03,0.32375,0.2625,
2017-01-04,0.3025,0.25125,
2017-01-05,0.2825,0.2325,
2017-01-06,0.2625,0.22125,
2017-01-07,0.25125,0.21124999,
2017-01-08,0.24125,0.20125,
2017-01-09,0.23125,0.19125,
2017-01-10,0.23,0.19,
2017-01-11,0.23,0.19,
2017-01-12,0.23,0.19,
2017-01-13,0.23875,0.19,
2017-01-14,0.24875,0.19,
2017-01-15,0.29375002,0.2075,
2017-01-16,0.475,0.2975,
2017-01-17,0.675,0.4675,
2017-01-18,0.86625,0.63,
2017-01-19,0.89,0.71125,
2017-01-20,0.8025,0.6675,
2017-01-21,0.685,0.58125,
2017-01-22,0.55625004,0.49124998,
2017-01-23,0.435,0.41,
2017-01-24,0.385,0.3475,
2017-01-25,0.33625,0.29625,
2017-01-26,0.30375,0.26375,
2017-01-27,0.265,0.24249999,
2017-01-28,0.23375,0.23125,
2017-01-29,0.22125,0.22125,
2017-01-30,0.21124999,0.2025,
2017-01-31,0.1925,0.1825,
2017-02-01,0.19,0.17125,
2017-02-02,0.18125,0.17,
2017-02-03,0.18875,0.17,
2017-02-04,0.2075,0.17875001,
2017-02-05,0.23625,0.18875,
2017-02-06,0.29250002,0.23375,
2017-02-07,0.43124998,0.32750002,
2017-02-08,0.63375,0.50624996,
2017-02-09,0.68625,0.59125,
2017-02-10,0.76874995,0.635,
2017-02-11,0.90250003,0.78875,
2017-02-12,0.84125,0.81,
2017-02-13,0.7425,0.705,
2017-02-14,0.6425,0.61125004,
2017-02-15,0.5075,0.50375,
2017-02-16,0.42,0.44625,
2017-02-17,0.36625,0.41375,
2017-02-18,0.31625,0.36625,
2017-02-19,0.28375,0.3075,
2017-02-20,0.2625,0.265,
2017-02-21,0.25125,0.23375,
2017-02-22,0.24125,0.22125,
2017-02-23,0.24,0.21124999,
2017-02-24,0.24,0.21,
2017-02-25,0.23125,0.21,
2017-02-26,0.23,0.21,
2017-02-27,0.23,0.20125,
2017-02-28,0.25625,0.20875,
2017-03-01,0.29500002,0.25375,
2017-03-02,0.39625,0.34750003,
2017-03-03,0.47125,0.42125002,
2017-03-04,0.50624996,0.43,
2017-03-05,0.50125,0.43875,
2017-03-06,0.45624998,0.41375,
2017-03-07,0.39749998,0.36625,
2017-03-08,0.34625,0.31625,
2017-03-09,0.31375,0.2925,
2017-03-10,0.2925,0.26375,
2017-03-11,0.29875,0.25125,
2017-03-12,0.30875,0.25875,
2017-03-13,0.2925,0.25125,
2017-03-14,0.28125,0.2325,
2017-03-15,0.28875,0.23,
2017-03-16,0.2725,0.23,
2017-03-17,0.26125,0.22125,
2017-03-18,0.25125,0.21124999,
2017-03-19,0.25,0.20125,
2017-03-20,0.25875,0.20875,
2017-03-21,0.39999998,0.26250002,
2017-03-22,0.4375,0.32250002,
2017-03-23,0.44,0.35625002,
2017-03-24,0.4575,0.36875,
2017-03-25,0.46,0.37875,
2017-03-26,0.39874998,0.345,
2017-03-27,0.3375,0.305,
2017-03-28,0.295,0.27375,
2017-03-29,0.29875,0.24374999,
2017-03-30,0.32625002,0.275,
2017-03-31,0.3475,0.2975,
2017-04-01,0.35875002,0.30875,
2017-04-02,0.3425,0.31,
2017-04-03,0.34,0.30125,
2017-04-04,0.33125,0.2825,
2017-04-05,0.30375,0.2625,
2017-04-06,0.2825,0.24249999,
2017-04-07,0.2625,0.23125,
2017-04-08,0.26,0.21249999,
2017-04-09,0.25125,0.21,
2017-04-10,0.25,0.20125,
2017-04-11,0.24125,0.2,
2017-04-12,0.24875,0.19125,
2017-04-13,0.24125,0.19,
2017-04-14,0.24,0.2075,
2017-04-15,0.24,0.18375,
2017-04-16,0.24,0.18,
2017-04-17,0.24,0.18875,
2017-04-18,0.23125,0.18125,
2017-04-19,0.23,0.18,
2017-04-20,0.23,0.18,
2017-04-21,0.23,0.18,
2017-04-22,0.23,0.18,
2017-04-23,0.23875,0.18,
2017-04-24,0.24875,0.18875,
2017-04-25,0.25,0.19,
2017-04-26,0.25,0.19,
2017-04-27,0.25,0.19,
2017-04-28,0.25875,0.19,
2017-04-29,0.26,0.19,
2017-04-30,0.26875,0.19875,
2017-05-01,0.2875,0.2,
2017-05-02,0.28125,0.20875,
2017-05-03,0.27125,0.21,
2017-05-04,0.27,0.21,
2017-05-05,0.27875,0.21,
2017-05-06,0.27125,0.20125,
2017-05-07,0.26125,0.19125,
2017-05-08,0.25125,0.19,
2017-05-09,0.25,0.19875,
2017-05-10,0.25,0.1825,
2017-05-11,0.24125,0.18,
2017-05-12,0.24,0.18,
2017-05-13,0.24,0.18,
2017-05-14,0.24875,0.18,
2017-05-15,0.25,0.18,
2017-05-16,0.25,0.18,
2017-05-17,0.25,0.18,
2017-05-18,0.25875,0.18,
2017-05-19,0.26,0.18875,
2017-05-20,0.26,0.19875,
2017-05-21,0.26,0.20875,
2017-05-22,0.29500002,0.25375,
2017-05-23,0.30875,0.26875,
2017-05-24,0.31875,0.27,
2017-05-25,0.3375,0.27,
2017-05-26,0.31375,0.26125,
2017-05-27,0.30125,0.25125,
2017-05-28,0.29125,0.24125,
2017-05-29,0.28125,0.23125,
2017-05-30,0.27125,0.22125,
2017-05-31,0.27,0.21124999,
2017-06-01,0.27,0.21,
2017-06-02,0.27,0.20125,
2017-06-03,0.26125,0.2,
2017-06-04,0.26,0.19125,
2017-06-05,0.25125,0.19,
2017-06-06,0.25,0.19,
2017-06-07,0.25,0.19,
2017-06-08,0.25,0.19,
2017-06-09,0.25,0.19,
2017-06-10,0.25,0.19,
2017-06-11,0.25,0.18125,
2017-06-12,0.25,0.18875,
2017-06-13,0.25,0.19,
2017-06-14,0.2675,0.19875,
2017-06-15,0.27875,0.2,
2017-06-16,0.28,0.2,
2017-06-17,0.28,0.2,
2017-06-18,0.28,0.2,
2017-06-19,0.28,0.2,
2017-06-20,0.2975,0.20875,
2017-06-21,0.30875,0.21,
2017-06-22,0.31,0.21,
2017-06-23,0.30125,0.21,
2017-06-24,0.27375,0.20125,
2017-06-25,0.27,0.19125,
2017-06-26,0.27,0.19,
2017-06-27,0.26125,0.19,
2017-06-28,0.26,0.18125,
2017-06-29,0.26,0.18875,
2017-06-30,0.26,0.19,
2017-07-01,0.26,0.19,
2017-07-02,0.26,0.19,
2017-07-03,0.26,0.19,
2017-07-04,0.26,0.19,
2017-07-05,0.26,0.19,
2017-07-06,0.26,0.19,
2017-07-07,0.26875,0.19,
2017-07-08,0.27,0.19,
2017-07-09,0.27,0.19,
2017-07-10,0.27,0.19,
2017-07-11,0.27,0.19,
2017-07-12,0.27,0.19,
2017-07-13,0.27,0.19,
2017-07-14,0.27,0.19,
2017-07-15,0.27,0.19,
2017-07-16,0.26125,0.19,
2017-07-17,0.26,0.19,
2017-07-18,0.26875,0.19,
2017-07-19,0.27,0.19,
2017-07-20,0.27,0.19,
2017-07-21,0.27,0.19,
2017-07-22,0.27,0.19,
2017-07-23,0.27,0.19,
2017-07-24,0.27,0.19,
2017-07-25,0.26125,0.19,
2017-07-26,0.26,0.19,
2017-07-27,0.26,0.19,
2017-07-28,0.26875,0.19,
2017-07-29,0.27,0.19,
2017-07-30,0.26125,0.19,
2017-07-31,0.26,0.19,
2017-08-01,0.26,0.19,
2017-08-02,0.26875,0.19,
2017-08-03,0.27,0.19,
2017-08-04,0.27,0.19,
2017-08-05,0.27,0.19,
2017-08-06,0.27,0.19,
2017-08-07,0.27,0.19,
2017-08-08,0.27,0.19,
2017-08-09,0.26125,0.19,
2017-08-10,0.26,0.19,
2017-08-11,0.26875,0.19,
2017-08-12,0.27,0.19,
2017-08-13,0.27,0.19,
2017-08-14,0.27,0.19,
2017-08-15,0.26125,0.19,
2017-08-16,0.26,0.19,
2017-08-17,0.26875,0.19,
2017-08-18,0.27,0.19,
2017-08-19,0.27,0.19,
2017-08-20,0.26125,0.19,
2017-08-21,0.26,0.18125,
2017-08-22,0.26,0.18,
2017-08-23,0.26,0.18,
2017-08-24,0.26,0.18,
2017-08-25,0.26,0.18,
2017-08-26,0.26,0.18,
2017-08-27,0.26,0.18,
2017-08-28,0.26,0.18,
2017-08-29,0.26875,0.18875,
2017-08-30,0.27,0.18125,
2017-08-31,0.27,0.18,
2017-09-01,0.27,0.18,
2017-09-02,0.26125,0.18,
2017-09-03,0.26,0.18,
2017-09-04,0.26875,0.18,
2017-09-05,0.27,0.18,
2017-09-06,0.27,0.18,
2017-09-07,0.27,0.18875,
2017-09-08,0.27,0.19,
2017-09-09,0.27,0.19,
2017-09-10,0.27,0.19,
2017-09-11,0.27,0.19,
2017-09-12,0.27,0.19,
2017-09-13,0.27,0.19,
2017-09-14,0.27,0.18125,
2017-09-15,0.27,0.18875,
2017-09-16,0.27,0.19,
2017-09-17,0.27,0.19,
2017-09-18,0.27,0.19,
2017-09-19,0.27,0.19,
2017-09-20,0.27,0.19,
2017-09-21,0.27,0.19,
2017-09-22,0.27,0.18125,
2017-09-23,0.27,0.18,
2017-09-24,0.27,0.18875,
2017-09-25,0.27,0.19,
2017-09-26,0.27,0.19,
2017-09-27,0.27,0.19,
2017-09-28,0.27875,0.19,
2017-09-29,0.28,0.19,
2017-09-30,0.28,0.19,
2017-10-01,0.28,0.19,
2017-10-02,0.28875,0.19,
2017-10-03,0.29,0.19,
2017-10-04,0.29,0.19,
2017-10-05,0.29,0.19875,
2017-10-06,0.29,0.2,
2017-10-07,0.29,0.19125,
2017-10-08,0.29875,0.19,
2017-10-09,0.30875,0.2075,
2017-10-10,0.31,0.21,
2017-10-11,0.31,0.21,
2017-10-12,0.31,0.21,
2017-10-13,0.30125,0.21,
2017-10-14,0.3,0.21,
2017-10-15,0.29125,0.20125,
2017-10-16,0.29,0.2,
2017-10-17,0.28125,0.2,
2017-10-18,0.28,0.19125,
2017-10-19,0.28,0.19,
2017-10-20,0.28,0.19,
2017-10-21,0.28,0.19,
2017-10-22,0.28,0.19,
2017-10-23,0.28,0.19,
2017-10-24,0.28,0.19,
2017-10-25,0.27125,0.19,
2017-10-26,0.27875,0.19,
2017-10-27,0.28,0.19,
2017-10-28,0.28875,0.19,
2017-10-29,0.29,0.19,
2017-10-30,0.29,0.19,
2017-10-31,0.29,0.19,
2017-11-01,0.29875,0.19875,
2017-11-02,0.32625002,0.2175,
2017-11-03,0.33875,0.22875,
2017-11-04,0.33125,0.23875,
2017-11-05,0.39125,0.24875,
2017-11-06,0.40875,0.29375002,
2017-11-07,0.38375,0.27375,
2017-11-08,0.35375,0.26125,
2017-11-09,0.35,0.25125,
2017-11-10,0.35,0.25,
2017-11-11,0.35,0.2675,
2017-11-12,0.35875002,0.27875,
2017-11-13,0.3775,0.28875,
2017-11-14,0.38875,0.3075,
2017-11-15,0.39875,0.33625,
2017-11-16,0.39124998,0.34,
2017-11-17,0.34625,0.305,
2017-11-18,0.2875,0.25625,
2017-11-19,0.24499999,0.22375,
2017-11-20,0.205,0.19375,
2017-11-21,0.19125,0.1725,
2017-11-22,0.19875,0.17,
2017-11-23,0.22625001,0.1875,
2017-11-24,0.27375,0.26000002,
2017-11-25,0.32375002,0.2875,
2017-11-26,0.44375002,0.33375,
2017-11-27,0.495,0.3925,
2017-11-28,0.45624998,0.39124998,
2017-11-29,0.37125,0.355,
2017-11-30,0.325,0.315,
2017-12-01,0.285,0.30125,
2017-12-02,0.28,0.27375,
2017-12-03,0.32375002,0.27875,
2017-12-04,0.42625,0.35000002,
2017-12-05,0.5975,0.45625,
2017-12-06,0.7425,0.61,
2017-12-07,0.7775,0.665,
2017-12-08,0.90250003,0.74,
2017-12-09,0.89375,0.81125,
2017-12-10,0.9425,0.93375,
2017-12-11,1.0024999,0.985,
2017-12-12,0.96625,0.99875,
2017-12-13,0.90749997,0.965,
2017-12-14,0.9175,0.96,
2017-12-15,0.89375,0.96,
2017-12-16,0.86375,0.96,
2017-12-17,0.895,0.96,
2017-12-18,0.84749997,0.96,
2017-12-19,0.7175,0.89875,
2017-12-20,0.60375,0.78499997,
2017-12-21,0.52,0.70875,
2017-12-22,0.44875,0.59499997,
2017-12-23,0.37,0.46625,
2017-12-24,0.31625,0.36249998,
2017-12-25,0.26624998,0.29749998,
2017-12-26,0.24249999,0.2725,
2017-12-27,0.2225,0.2175,
2017-12-28,0.21124999,0.21875,
2017-12-29,0.21,0.21124999,
2017-12-30,0.21,0.21,
2017-12-31,0.20125,0.20125,
2018-01-01,0.20875,0.19125,
2018-01-02,0.21,0.19,
2018-01-03,0.21875,0.19875,
2018-01-04,0.22,0.22625001,
2018-01-05,0.22875,0.23,
2018-01-06,0.36999997,0.26500002,
2018-01-07,0.53000003,0.42749998,
2018-01-08,0.59375,0.555,
2018-01-09,0.6175,0.57875,
2018-01-10,0.61125004,0.58,
2018-01-11,0.53125,0.5625,
2018-01-12,0.45874998,0.5075,
2018-01-13,0.37125,0.43875,
2018-01-14,0.3075,0.33375,
2018-01-15,0.265,0.285,
2018-01-16,0.25125,0.2625,
2018-01-17,0.24125,0.25125,
2018-01-18,0.24,0.2325,
2018-01-19,0.24875,0.23,
2018-01-20,0.2325,0.22125,
2018-01-21,0.21249999,0.2025,
2018-01-22,0.21,0.19125,
2018-01-23,0.20125,0.18125,
2018-01-24,0.19125,0.17125,
2018-01-25,0.18125,0.16125,
2018-01-26,0.18,0.15125,
2018-01-27,0.18,0.15,
2018-01-28,0.18,0.15,
2018-01-29,0.18,0.15,
2018-01-30,0.18,0.15,
2018-01-31,0.18875,0.15875,
2018-02-01,0.19875,0.18625,
2018-02-02,0.20875,0.19,
2018-02-03,0.39374998,0.2425,
2018-02-04,0.56874996,0.49499997,
2018-02-05,1.0012499,0.81875,
2018-02-06,1.4712499,1.32375,
2018-02-07,1.62625,1.53,
2018-02-08,1.73625,1.69,
2018-02-09,1.65375,1.885,
2018-02-10,1.4125,1.77875,
2018-02-11,1.19625,1.19125,
2018-02-12,0.96,0.92625,
2018-02-13,0.78999996,0.76,
2018-02-14,0.6475,0.62625,
2018-02-15,0.51625,0.53125,
2018-02-16,0.42999998,0.42374998,
2018-02-17,0.37625,0.375,
2018-02-18,0.335,0.32625,
2018-02-19,0.30375,0.29375,
2018-02-20,0.29125,0.26375,
2018-02-21,0.28125,0.26,
2018-02-22,0.2975,0.2775,
2018-02-23,0.32625002,0.28875,
2018-02-24,0.40875,0.32500002,
2018-02-25,0.5425,0.435,
2018-02-26,0.64750004,0.54625,
2018-02-27,0.66875005,0.62125,
2018-02-28,0.6525,0.63,
2018-03-01,0.5625,0.5775,
2018-03-02,0.48,0.49124998,
2018-03-03,0.44375,0.45374998,
2018-03-04,0.43125,0.42374998,
2018-03-05,0.465,0.42875,
2018-03-06,0.4875,0.43,
2018-03-07,0.51625,0.4475,
2018-03-08,0.58124995,0.51124996,
2018-03-09,0.59875,0.51125,
2018-03-10,0.76625,0.5625,
2018-03-11,0.92125,0.71875,
2018-03-12,1.1850001,0.90625,
2018-03-13,1.52625,1.3675,
2018-03-14,1.43,1.38625,
2018-03-15,1.19125,1.17,
2018-03-16,0.99375004,0.9475,
2018-03-17,0.82125,0.78875,
2018-03-18,0.66875,0.6475,
2018-03-19,0.59749997,0.55125004,
2018-03-20,0.68625,0.58375,
2018-03-21,0.63,0.58124995,
2018-03-22,0.55875003,0.51,
2018-03-23,0.52375,0.47375,
2018-03-24,0.54625,0.46125,
2018-03-25,0.48874998,0.4425,
2018-03-26,0.45374998,0.41375,
2018-03-27,0.45875,0.41,
2018-03-28,0.46875,0.41875,
2018-03-29,0.4175,0.385,
2018-03-30,0.3575,0.31,
2018-03-31,0.315,0.29125,
2018-04-01,0.2925,0.26375,
2018-04-02,0.2725,0.25125,
2018-04-03,0.27,0.2325,
2018-04-04,0.2525,0.23,
2018-04-05,0.25,0.22125,
2018-04-06,0.25,0.22,
2018-04-07,0.31125,0.24625,
2018-04-08,0.4425,0.3375,
2018-04-09,0.52124995,0.42000002,
2018-04-10,0.53,0.48250002,
2018-04-11,0.4775,0.45499998,
2018-04-12,0.40875,0.40625,
2018-04-13,0.35625,0.365,
2018-04-14,0.30625,0.29874998,
2018-04-15,0.2825,0.28125,
2018-04-16,0.27125,0.2625,
2018-04-17,0.26125,0.26,
2018-04-18,0.26875,0.25125,
2018-04-19,0.26125,0.25,
2018-04-20,0.25125,0.24125,
2018-04-21,0.25,0.23125,
2018-04-22,0.24125,0.23,
2018-04-23,0.2225,0.21249999,
2018-04-24,0.22,0.21,
2018-04-25,0.21124999,0.20125,
2018-04-26,0.21,0.2,
2018-04-27,0.20125,0.19125,
2018-04-28,0.2,0.19,
2018-04-29,0.2,0.19,
2018-04-30,0.2,0.18125,
2018-05-01,0.2,0.18,
2018-05-02,0.19125,0.18,
2018-05-03,0.19,0.17125,
2018-05-04,0.19,0.17,
2018-05-05,0.19,0.17,
2018-05-06,0.18125,0.16125,
2018-05-07,0.18,0.16,
2018-05-08,0.18,0.16,
2018-05-09,0.18,0.16,
2018-05-10,0.18,0.15125,
2018-05-11,0.18875,0.15875,
2018-05-12,0.19,0.16,
2018-05-13,0.19875,0.16875,
2018-05-14,0.2,0.17,
2018-05-15,0.2,0.17,
2018-05-16,0.2,0.17,
2018-05-17,0.2,0.17,
2018-05-18,0.2,0.1525,
2018-05-19,0.2,0.15875,
2018-05-20,0.20875,0.16875,
2018-05-21,0.21875,0.17875001,
2018-05-22,0.22875,0.18875,
2018-05-23,0.23,0.19,
2018-05-24,0.23,0.19,
2018-05-25,0.23,0.19,
2018-05-26,0.23875,0.19,
2018-05-27,0.24,0.19875,
2018-05-28,0.23125,0.2,
2018-05-29,0.23,0.19125,
2018-05-30,0.22125,0.19,
2018-05-31,0.22875,0.19,
2018-06-01,0.23875,0.19,
2018-06-02,0.23125,0.19,
2018-06-03,0.23,0.19,
2018-06-04,0.23,0.19,
2018-06-05,0.23875,0.19,
2018-06-06,0.24875,0.19,
2018-06-07,0.24125,0.19,
2018-06-08,0.24,0.19,
2018-06-09,0.24875,0.19,
2018-06-10,0.24125,0.19,
2018-06-11,0.24,0.19,
2018-06-12,0.24,0.19,
2018-06-13,0.24,0.19,
2018-06-14,0.24,0.19,
2018-06-15,0.24,0.19,
2018-06-16,0.24,0.19,
2018-06-17,0.24,0.19,
2018-06-18,0.24,0.18125,
2018-06-19,0.24,0.18,
2018-06-20,0.23125,0.18,
2018-06-21,0.23,0.18,
2018-06-22,0.23,0.18,
2018-06-23,0.23,0.18,
2018-06-24,0.23,0.18,
2018-06-25,0.23875,0.18,
2018-06-26,0.24,0.18,
2018-06-27,0.24,0.18875,
2018-06-28,0.24875,0.18125,
2018-06-29,0.24125,0.18875,
2018-06-30,0.24,0.19,
2018-07-01,0.24,0.19,
2018-07-02,0.24,0.18125,
2018-07-03,0.24,0.18,
2018-07-04,0.24,0.18,
2018-07-05,0.24,0.18,
2018-07-06,0.24,0.18,
2018-07-07,0.24,0.18,
2018-07-08,0.24,0.18,
2018-07-09,0.24,0.18,
2018-07-10,0.24,0.18,
2018-07-11,0.24,0.18,
2018-07-12,0.24,0.18,
2018-07-13,0.24875,0.18,
2018-07-14,0.25,0.18,
2018-07-15,0.25,0.18875,
2018-07-16,0.25,0.19,
2018-07-17,0.25,0.19,
2018-07-18,0.25,0.19,
2018-07-19,0.25,0.19,
2018-07-20,0.25,0.19,
2018-07-21,0.25,0.19,
2018-07-22,0.25,0.19,
2018-07-23,0.25,0.19,
2018-07-24,0.25,0.19,
2018-07-25,0.25,0.19,
2018-07-26,0.25,0.19,
2018-07-27,0.25,0.19,
2018-07-28,0.25,0.19,
2018-07-29,0.25875,0.19,
2018-07-30,0.26,0.19,
2018-07-31,0.26,0.19,
2018-08-01,0.26,0.19,
2018-08-02,0.26,0.19,
2018-08-03,0.26,0.19,
2018-08-04,0.26,0.19,
2018-08-05,0.26875,0.19,
2018-08-06,0.26125,0.19,
2018-08-07,0.26,0.19,
2018-08-08,0.26,0.19,
2018-08-09,0.26875,0.19,
2018-08-10,0.27,0.19,
2018-08-11,0.27,0.19,
2018-08-12,0.2875,0.19875,
2018-08-13,0.28125,0.20875,
2018-08-14,0.28,0.20125,
2018-08-15,0.28,0.20875,
2018-08-16,0.27125,0.20125,
2018-08-17,0.27875,0.2,
2018-08-18,0.27125,0.2,
2018-08-19,0.27,0.2,
2018-08-20,0.27,0.2,
2018-08-21,0.26125,0.19125,
2018-08-22,0.26,0.19,
2018-08-23,0.26,0.19,
2018-08-24,0.26875,0.19875,
2018-08-25,0.27,0.2,
2018-08-26,0.27,0.2,
2018-08-27,0.27,0.2,
2018-08-28,0.27,0.2,
2018-08-29,0.26125,0.19125,
2018-08-30,0.26,0.19,
2018-08-31,0.26,0.19,
2018-09-01,0.26,0.19,
2018-09-02,0.26,0.19,
2018-09-03,0.26,0.19,
2018-09-04,0.26,0.19,
2018-09-05,0.26,0.19,
2018-09-06,0.26,0.19,
2018-09-07,0.26,0.19,
2018-09-08,0.26,0.18125,
2018-09-09,0.26,0.18,
2018-09-10,0.26,0.18,
2018-09-11,0.26,0.18,
2018-09-12,0.26,0.18,
2018-09-13,0.26,0.18,
2018-09-14,0.26,0.18,
2018-09-15,0.26,0.18,
2018-09-16,0.26,0.18,
2018-09-17,0.26,0.18875,
2018-09-18,0.26,0.19,
2018-09-19,0.26875,0.19,
2018-09-20,0.27,0.19,
2018-09-21,0.27875,0.19,
2018-09-22,0.28875,0.19875,
2018-09-23,0.3075,0.20875,
2018-09-24,0.32750002,0.21875,
2018-09-25,0.32125,0.22875,
2018-09-26,0.3025,0.23,
2018-09-27,0.29125,0.22125,
2018-09-28,0.29,0.21124999,
2018-09-29,0.28125,0.1925,
2018-09-30,0.28,0.19875,
2018-10-01,0.28,0.2,
2018-10-02,0.27125,0.2,
2018-10-03,0.27,0.19125,
2018-10-04,0.27,0.19,
2018-10-05,0.27875,0.19,
2018-10-06,0.28,0.19875,
2018-10-07,0.28,0.2,
2018-10-08,0.28,0.2,
2018-10-09,0.28,0.2,
2018-10-10,0.28875,0.20875,
2018-10-11,0.29,0.21,
2018-10-12,0.29,0.20125,
2018-10-13,0.28125,0.2,
2018-10-14,0.28,0.2,
2018-10-15,0.28,0.2,
2018-10-16,0.28,0.2,
2018-10-17,0.28875,0.2,
2018-10-18,0.29,0.20875,
2018-10-19,0.29,0.21,
2018-10-20,0.3075,0.21875,
2018-10-21,0.31875,0.22875,
2018-10-22,0.32,0.2475,
2018-10-23,0.32875,0.25,
2018-10-24,0.33,0.2675,
2018-10-25,0.33,0.2875,
2018-10-26,0.35625002,0.29,
2018-10-27,0.395,0.3425,
2018-10-28,0.4,0.3675,
2018-10-29,0.4175,0.37,
2018-10-30,0.42875,0.37875,
2018-10-31,0.48250002,0.38,
2018-11-01,,0.40625,
2018-11-02,,0.38375,
2018-11-03,,0.33625,
2018-11-04,,0.295,
2018-11-05,,0.29,
2018-11-06,,0.29,
2018-11-07,,0.29875,
2018-11-08,,0.35250002,
2018-11-09,,0.43,
2018-11-10,,0.44,
2018-11-11,,0.51874995,
2018-11-12,,0.69625,
2018-11-13,,0.86,
2018-11-14,,0.96750003,
2018-11-15,,0.8925,
2018-11-16,,0.80125004,
2018-11-17,,0.71999997,
2018-11-18,,0.63125,
2018-11-19,,0.65500003,
2018-11-20,,0.66,
2018-11-21,,0.59,
2018-11-22,,0.51875,
2018-11-23,,0.51,
2018-11-24,,0.51874995,
2018-11-25,,0.52,
2018-11-26,,0.52,
2018-11-27,,0.74749994,
2018-11-28,,0.8675,
2018-11-29,,0.81,
2018-11-30,,0.73,
2018-12-01,,0.69375,
2018-12-02,,0.59375,
2018-12-03,,0.49249998,
2018-12-04,,0.62874997,
2018-12-05,,0.93875,
2018-12-06,,1.11125,
2018-12-07,,1.1125,
2018-12-08,,1.0225,
2018-12-09,,1.00125,
2018-12-10,,1.14,
2018-12-11,,1.0637499,
2018-12-12,,0.90125,
2018-12-13,,0.81,
2018-12-14,,0.73875004,
2018-12-15,,0.7125,
2018-12-16,,0.61375004,
2018-12-17,,0.495,
2018-12-18,,0.42749998,
2018-12-19,,0.37625,
2018-12-20,,0.34375,
2018-12-21,,0.305,
2018-12-22,,0.29125,
2018-12-23,,0.28125,
2018-12-24,,0.28,
2018-12-25,,0.2625,
2018-12-26,,0.26875,
2018-12-27,,0.27875,
2018-12-28,,0.3325,
2018-12-29,,0.43625,
2018-12-30,,0.51124996,
2018-12-31,,0.64250004,
2019-01-01,,,
2019-01-02,,,
2019-01-03,,,
2019-01-04,,,
2019-01-05,,,
2019-01-06,,,
2019-01-07,,,
2019-01-08,,,
2019-01-09,,,
2019-01-10,,,
2019-01-11,,,
2019-01-12,,,
2019-01-13,,,
2019-01-14,,,
2019-01-15,,,
2019-01-16,,,
2019-01-17,,,
2019-01-18,,,
2019-01-19,,,
2019-01-20,,,
2019-01-21,,,
2019-01-22,,,
2019-01-23,,,
2019-01-24,,,
2019-01-25,,,
2019-01-26,,,
2019-01-27,,,
2019-01-28,,,
2019-01-29,,,
2019-01-30,,,
2019-01-31,,,
2019-02-01,,,
2019-02-02,,,
2019-02-03,,,
2019-02-04,,,
2019-02-05,,,
2019-02-06,,,
2019-02-07,,,
2019-02-08,,,
2019-02-09,,,
2019-02-10,,,
2019-02-11,,,
2019-02-12,,,
2019-02-13,,,
2019-02-14,,,
2019-02-15,,,
2019-02-16,,,
2019-02-17,,,
2019-02-18,,,
2019-02-19,,,
2019-02-20,,,
2019-02-21,,,
2019-02-22,,,
2019-02-23,,,
2019-02-24,,,
2019-02-25,,,
2019-02-26,,,
2019-02-27,,,
2019-02-28,,,
2019-03-01,,,
2019-03-02,,,
2019-03-03,,,
2019-03-04,,,
2019-03-05,,,
2019-03-06,,,
2019-03-07,,,
2019-03-08,,,
2019-03-09,,,
2019-03-10,,,
2019-03-11,,,
2019-03-12,,,
2019-03-13,,,
2019-03-14,,,
2019-03-15,,,
2019-03-16,,,
2019-03-17,,,
2019-03-18,,,
2019-03-19,,,
2019-03-20,,,
2019-03-21,,,
2019-03-22,,,
2019-03-23,,,
2019-03-24,,,
2019-03-25,,,
2019-03-26,,,
2019-03-27,,,
2019-03-28,,,
2019-03-29,,,
2019-03-30,,,
2019-03-31,,,
2019-04-01,,,
2019-04-02,,,
2019-04-03,,,
2019-04-04,,,
2019-04-05,,,
2019-04-06,,,
2019-04-07,,,
2019-04-08,,,
2019-04-09,,,
2019-04-10,,,
2019-04-11,,,
2019-04-12,,,
2019-04-13,,,
2019-04-14,,,
2019-04-15,,,
2019-04-16,,,
2019-04-17,,,
2019-04-18,,,
2019-04-19,,,
2019-04-20,,,
2019-04-21,,,
2019-04-22,,,
2019-04-23,,,
2019-04-24,,,
2019-04-25,,,
2019-04-26,,,
2019-04-27,,,
2019-04-28,,,
2019-04-29,,,
2019-04-30,,,
2019-05-01,,,
2019-05-02,,,
2019-05-03,,,
2019-05-04,,,
2019-05-05,,,
2019-05-06,,,
2019-05-07,,,
2019-05-08,,,
2019-05-09,,,
2019-05-10,,,
2019-05-11,,,
2019-05-12,,,
2019-05-13,,,
2019-05-14,,,
2019-05-15,,,
2019-05-16,,,
2019-05-17,,,
2019-05-18,,,
2019-05-19,,,
2019-05-20,,,
2019-05-21,,,
2019-05-22,,,
2019-05-23,,,
2019-05-24,,,
2019-05-25,,,
2019-05-26,,,
2019-05-27,,,
2019-05-28,,,
2019-05-29,,,
2019-05-30,,,
2019-05-31,,,
2019-06-01,,,
2019-06-02,,,
2019-06-03,,,
2019-06-04,,,
2019-06-05,,,
2019-06-06,,,
2019-06-07,,,
2019-06-08,,,
2019-06-09,,,
2019-06-10,,,
2019-06-11,,,
2019-06-12,,,
2019-06-13,,,
2019-06-14,,,
2019-06-15,,,
2019-06-16,,,
2019-06-17,,,
2019-06-18,,,
2019-06-19,,,
2019-06-20,,,
2019-06-21,,,
2019-06-22,,,
2019-06-23,,,
2019-06-24,,,
2019-06-25,,,
2019-06-26,,,
2019-06-27,,,
2019-06-28,,,
2019-06-29,,,
2019-06-30,,,
2019-07-01,,,
2019-07-02,,,
2019-07-03,,,
2019-07-04,,,
2019-07-05,,,
2019-07-06,,,
2019-07-07,,,
2019-07-08,,,
2019-07-09,,,
2019-07-10,,,
2019-07-11,,,
2019-07-12,,,
2019-07-13,,,
2019-07-14,,,
2019-07-15,,,
2019-07-16,,,
2019-07-17,,,
2019-07-18,,,
2019-07-19,,,
2019-07-20,,,
2019-07-21,,,
2019-07-22,,,
2019-07-23,,,
2019-07-24,,,
2019-07-25,,,
2019-07-26,,,
2019-07-27,,,
2019-07-28,,,
2019-07-29,,,
2019-07-30,,,
2019-07-31,,,
2019-08-01,,,
2019-08-02,,,
2019-08-03,,,
2019-08-04,,,
2019-08-05,,,
2019-08-06,,,
2019-08-07,,,
2019-08-08,,,
2019-08-09,,,
2019-08-10,,,
2019-08-11,,,
2019-08-12,,,
2019-08-13,,,
2019-08-14,,,
2019-08-15,,,
2019-08-16,,,
2019-08-17,,,
2019-08-18,,,
2019-08-19,,,
2019-08-20,,,
2019-08-21,,,
2019-08-22,,,
2019-08-23,,,
2019-08-24,,,
2019-08-25,,,
2019-08-26,,,
2019-08-27,,,
2019-08-28,,,
2019-08-29,,,
2019-08-30,,,
2019-08-31,,,
2019-09-01,,,
2019-09-02,,,
2019-09-03,,,
2019-09-04,,,
2019-09-05,,,
2019-09-06,,,
2019-09-07,,,
2019-09-08,,,
2019-09-09,,,
2019-09-10,,,
2019-09-11,,,
2019-09-12,,,
2019-09-13,,,
2019-09-14,,,
2019-09-15,,,
2019-09-16,,,
2019-09-17,,,
2019-09-18,,,
2019-09-19,,,
2019-09-20,,,
2019-09-21,,,
2019-09-22,,,
2019-09-23,,,
2019-09-24,,,
2019-09-25,,,
2019-09-26,,,
2019-09-27,,,
2019-09-28,,,
2019-09-29,,,
2019-09-30,,,
2019-10-01,,,
2019-10-02,,,
2019-10-03,,,
2019-10-04,,,
2019-10-05,,,
2019-10-06,,,
2019-10-07,,,
2019-10-08,,,
2019-10-09,,,
2019-10-10,,,
2019-10-11,,,
2019-10-12,,,
2019-10-13,,,
2019-10-14,,,
2019-10-15,,,
2019-10-16,,,
2019-10-17,,,
2019-10-18,,,
2019-10-19,,,
2019-10-20,,,
2019-10-21,,,
2019-10-22,,,
2019-10-23,,,
2019-10-24,,,
2019-10-25,,,
2019-10-26,,,
2019-10-27,,,
2019-10-28,,,
2019-10-29,,,
2019-10-30,,,
2019-10-31,,,
2019-11-01,,,
2019-11-02,,,
2019-11-03,,,
2019-11-04,,,
2019-11-05,,,
2019-11-06,,,
2019-11-07,,,
2019-11-08,,,
2019-11-09,,,
2019-11-10,,,
2019-11-11,,,
2019-11-12,,,
2019-11-13,,,
2019-11-14,,,
2019-11-15,,,
2019-11-16,,,
2019-11-17,,,
2019-11-18,,,
2019-11-19,,,
2019-11-20,,,
2019-11-21,,,
2019-11-22,,,
2019-11-23,,,
2019-11-24,,,
2019-11-25,,,
2019-11-26,,,
2019-11-27,,,
2019-11-28,,,
2019-11-29,,,
2019-11-30,,,
2019-12-01,,,
2019-12-02,,,
2019-12-03,,,
2019-12-04,,,
2019-12-05,,,
2019-12-06,,,
2019-12-07,,,
2019-12-08,,,
2019-12-09,,,
2019-12-10,,,
2019-12-11,,,
2019-12-12,,,
2019-12-13,,,
2019-12-14,,,
2019-12-15,,,
2019-12-16,,,
2019-12-17,,,
2019-12-18,,,
2019-12-19,,,
2019-12-20,,,
2019-12-21,,,
2019-12-22,,,
2019-12-23,,,
2019-12-24,,,
2019-12-25,,,
2019-12-26,,,
2019-12-27,,,
2019-12-28,,,
2019-12-29,,,
2019-12-30,,,
2019-12-31,,,
2020-01-01,,,
2020-01-02,,,
2020-01-03,,,
2020-01-04,,,
2020-01-05,,,
2020-01-06,,,
2020-01-07,,,
2020-01-08,,,
2020-01-09,,,
2020-01-10,,,
2020-01-11,,,
2020-01-12,,,
2020-01-13,,,
2020-01-14,,,
2020-01-15,,,
2020-01-16,,,
2020-01-17,,,
2020-01-18,,,
2020-01-19,,,
2020-01-20,,,
2020-01-21,,,
2020-01-22,,,
2020-01-23,,,
2020-01-24,,,
2020-01-25,,,
2020-01-26,,,
2020-01-27,,,
2020-01-28,,,
2020-01-29,,,
2020-01-30,,,
2020-01-31,,,
2020-02-01,,,
2020-02-02,,,
2020-02-03,,,
2020-02-04,,,
2020-02-05,,,
2020-02-06,,,
2020-02-07,,,
2020-02-08,,,
2020-02-09,,,
2020-02-10,,,
2020-02-11,,,
2020-02-12,,,
2020-02-13,,,
2020-02-14,,,
2020-02-15,,,
2020-02-16,,,
2020-02-17,,,
2020-02-18,,,
2020-02-19,,,
2020-02-20,,,
2020-02-21,,,
2020-02-22,,,
2020-02-23,,,
2020-02-24,,,
2020-02-25,,,
2020-02-26,,,
2020-02-27,,,
2020-02-28,,,
2020-02-29,,,
2020-03-01,,,
2020-03-02,,,
2020-03-03,,,
2020-03-04,,,
2020-03-05,,,
2020-03-06,,,
2020-03-07,,,
2020-03-08,,,
2020-03-09,,,
2020-03-10,,,
2020-03-11,,,
2020-03-12,,,
2020-03-13,,,
2020-03-14,,,
2020-03-15,,,
2020-03-16,,,
2020-03-17,,,
2020-03-18,,,
2020-03-19,,,
2020-03-20,,,
2020-03-21,,,
2020-03-22,,,
2020-03-23,,,
2020-03-24,,,
2020-03-25,,,
2020-03-26,,,
2020-03-27,,,
2020-03-28,,,
2020-03-29,,,
2020-03-30,,,
2020-03-31,,,
2020-04-01,,,
2020-04-02,,,
2020-04-03,,,
2020-04-04,,,
2020-04-05,,,
2020-04-06,,,
2020-04-07,,,
2020-04-08,,,
2020-04-09,,,
2020-04-10,,,
2020-04-11,,,
2020-04-12,,,
2020-04-13,,,
2020-04-14,,,
2020-04-15,,,
2020-04-16,,,
2020-04-17,,,
2020-04-18,,,
2020-04-19,,,
2020-04-20,,,
2020-04-21,,,
2020-04-22,,,
2020-04-23,,,
2020-04-24,,,
2020-04-25,,,
2020-04-26,,,
2020-04-27,,,
2020-04-28,,,
2020-04-29,,,
2020-04-30,,,
2020-05-01,,,
2020-05-02,,,
2020-05-03,,,
2020-05-04,,,
2020-05-05,,,
2020-05-06,,,
2020-05-07,,,
2020-05-08,,,
2020-05-09,,,
2020-05-10,,,
2020-05-11,,,
2020-05-12,,,
2020-05-13,,,
2020-05-14,,,
2020-05-15,,,
2020-05-16,,,
2020-05-17,,,
2020-05-18,,,
2020-05-19,,,
2020-05-20,,,
2020-05-21,,,
2020-05-22,,,
2020-05-23,,,
2020-05-24,,,
2020-05-25,,,
2020-05-26,,,
2020-05-27,,,
2020-05-28,,,
2020-05-29,,,
2020-05-30,,,
2020-05-31,,,
2020-06-01,,,
2020-06-02,,,
2020-06-03,,,
2020-06-04,,,
2020-06-05,,,
2020-06-06,,,
2020-06-07,,,
2020-06-08,,,
2020-06-09,,,
2020-06-10,,,
2020-06-11,,,
2020-06-12,,,
2020-06-13,,,
2020-06-14,,,
2020-06-15,,,
2020-06-16,,,
2020-06-17,,,
2020-06-18,,,
2020-06-19,,,
2020-06-20,,,
2020-06-21,,,
2020-06-22,,,
2020-06-23,,,
2020-06-24,,,
2020-06-25,,,
2020-06-26,,,
2020-06-27,,,
2020-06-28,,,
2020-06-29,,,
2020-06-30,,,
2020-07-01,,,
2020-07-02,,,
2020-07-03,,,
2020-07-04,,,
2020-07-05,,,
2020-07-06,,,
2020-07-07,,,
2020-07-08,,,
2020-07-09,,,
2020-07-10,,,
2020-07-11,,,
2020-07-12,,,
2020-07-13,,,
2020-07-14,,,
2020-07-15,,,
2020-07-16,,,
2020-07-17,,,
2020-07-18,,,
2020-07-19,,,
2020-07-20,,,
2020-07-21,,,
2020-07-22,,,
2020-07-23,,,
2020-07-24,,,
2020-07-25,,,
2020-07-26,,,
2020-07-27,,,
2020-07-28,,,
2020-07-29,,,
2020-07-30,,,
2020-07-31,,,
2020-08-01,,,
2020-08-02,,,
2020-08-03,,,
2020-08-04,,,
2020-08-05,,,
2020-08-06,,,
2020-08-07,,,
2020-08-08,,,
2020-08-09,,,
2020-08-10,,,
2020-08-11,,,
2020-08-12,,,
2020-08-13,,,
2020-08-14,,,
2020-08-15,,,
2020-08-16,,,
2020-08-17,,,
2020-08-18,,,
2020-08-19,,,
2020-08-20,,,
2020-08-21,,,
2020-08-22,,,
2020-08-23,,,
2020-08-24,,,
2020-08-25,,,
2020-08-26,,,
2020-08-27,,,
2020-08-28,,,
2020-08-29,,,
2020-08-30,,,
2020-08-31,,,
2020-09-01,,,
2020-09-02,,,
2020-09-03,,,
2020-09-04,,,
2020-09-05,,,
2020-09-06,,,
2020-09-07,,,
2020-09-08,,,
2020-09-09,,,
2020-09-10,,,
2020-09-11,,,
2020-09-12,,,
2020-09-13,,,
2020-09-14,,,
2020-09-15,,,
2020-09-16,,,
2020-09-17,,,
2020-09-18,,,
2020-09-19,,,
2020-09-20,,,
2020-09-21,,,
2020-09-22,,,
2020-09-23,,,
2020-09-24,,,
2020-09-25,,,
2020-09-26,,,
2020-09-27,,,
2020-09-28,,,
2020-09-29,,,
2020-09-30,,,
2020-10-01,,,
2020-10-02,,,
2020-10-03,,,
2020-10-04,,,
2020-10-05,,,
2020-10-06,,,
2020-10-07,,,
2020-10-08,,,
2020-10-09,,,
2020-10-10,,,
2020-10-11,,,
2020-10-12,,,
2020-10-13,,,
2020-10-14,,,
2020-10-15,,,
2020-10-16,,,
2020-10-17,,,
2020-10-18,,,
2020-10-19,,,
2020-10-20,,,
2020-10-21,,,
2020-10-22,,,
2020-10-23,,,
2020-10-24,,,
2020-10-25,,,
2020-10-26,,,
2020-10-27,,,
2020-10-28,,,
2020-10-29,,,
2020-10-30,,,
2020-10-31,,,
2020-11-01,,,
2020-11-02,,,
2020-11-03,,,
2020-11-04,,,
2020-11-05,,,
2020-11-06,,,
2020-11-07,,,
2020-11-08,,,
2020-11-09,,,
2020-11-10,,,
2020-11-11,,,
2020-11-12,,,
2020-11-13,,,
2020-11-14,,,
2020-11-15,,,
2020-11-16,,,
2020-11-17,,,
2020-11-18,,,
2020-11-19,,,
2020-11-20,,,
2020-11-21,,,
2020-11-22,,,
2020-11-23,,,
2020-11-24,,,
2020-11-25,,,
2020-11-26,,,
2020-11-27,,,
2020-11-28,,,
2020-11-29,,,
2020-11-30,,,
2020-12-01,,,
2020-12-02,,,
2020-12-03,,,
2020-12-04,,,
2020-12-05,,,
2020-12-06,,,
2020-12-07,,,
2020-12-08,,,
2020-12-09,,,
2020-12-10,,,
2020-12-11,,,
2020-12-12,,,
2020-12-13,,,
2020-12-14,,,
2020-12-15,,,
2020-12-16,,,
2020-12-17,,,
2020-12-18,,,
2020-12-19,,,
2020-12-20,,,
2020-12-21,,,
2020-12-22,,,
2020-12-23,,,
2020-12-24,,,
2020-12-25,,,
2020-12-26,,,
2020-12-27,,,
2020-12-28,,,
2020-12-29,,,
2020-12-30,,,
2020-12-31,,,
2021-01-01,,,
2021-01-02,,,
2021-01-03,,,
2021-01-04,,,
2021-01-05,,,
2021-01-06,,,
2021-01-07,,,
2021-01-08,,,
2021-01-09,,,
2021-01-10,,,
2021-01-11,,,
2021-01-12,,,
2021-01-13,,,
2021-01-14,,,
2021-01-15,,,
2021-01-16,,,
2021-01-17,,,
2021-01-18,,,
2021-01-19,,,
2021-01-20,,,
2021-01-21,,,
2021-01-22,,,
2021-01-23,,,
2021-01-24,,,
2021-01-25,,,
2021-01-26,,,
2021-01-27,,,
2021-01-28,,,
2021-01-29,,,
2021-01-30,,,
2021-01-31,,,
2021-02-01,,,
2021-02-02,,,
2021-02-03,,,
2021-02-04,,,
2021-02-05,,,
2021-02-06,,,
2021-02-07,,,
2021-02-08,,,
2021-02-09,,,
2021-02-10,,,
2021-02-11,,,
2021-02-12,,,
2021-02-13,,,
2021-02-14,,,
2021-02-15,,,
2021-02-16,,,
2021-02-17,,,
2021-02-18,,,
2021-02-19,,,
2021-02-20,,,
2021-02-21,,,
2021-02-22,,,
2021-02-23,,,
2021-02-24,,,
2021-02-25,,,
2021-02-26,,,
2021-02-27,,,
2021-02-28,,,
2021-03-01,,,
2021-03-02,,,
2021-03-03,,,
2021-03-04,,,
2021-03-05,,,
2021-03-06,,,
2021-03-07,,,
2021-03-08,,,
2021-03-09,,,
2021-03-10,,,
2021-03-11,,,
2021-03-12,,,
2021-03-13,,,
2021-03-14,,,
2021-03-15,,,
2021-03-16,,,
2021-03-17,,,
2021-03-18,,,
2021-03-19,,,
2021-03-20,,,
2021-03-21,,,
2021-03-22,,,
2021-03-23,,,
2021-03-24,,,
2021-03-25,,,
2021-03-26,,,
2021-03-27,,,
2021-03-28,,,
2021-03-29,,,
2021-03-30,,,
2021-03-31,,,
2021-04-01,,,
2021-04-02,,,
2021-04-03,,,
2021-04-04,,,
2021-04-05,,,
2021-04-06,,,
2021-04-07,,,
2021-04-08,,,
2021-04-09,,,
2021-04-10,,,
2021-04-11,,,
2021-04-12,,,
2021-04-13,,,
2021-04-14,,,
2021-04-15,,,
2021-04-16,,,
2021-04-17,,,
2021-04-18,,,
2021-04-19,,,
2021-04-20,,,
2021-04-21,,,
2021-04-22,,,
2021-04-23,,,
2021-04-24,,,
2021-04-25,,,
2021-04-26,,,
2021-04-27,,,
2021-04-28,,,
2021-04-29,,,
2021-04-30,,,
2021-05-01,,,
2021-05-02,,,
2021-05-03,,,
2021-05-04,,,
2021-05-05,,,
2021-05-06,,,
2021-05-07,,,
2021-05-08,,,
2021-05-09,,,
2021-05-10,,,
2021-05-11,,,
2021-05-12,,,
2021-05-13,,,
2021-05-14,,,
2021-05-15,,,
2021-05-16,,,
2021-05-17,,,
2021-05-18,,,
2021-05-19,,,
2021-05-20,,,
2021-05-21,,,
2021-05-22,,,
2021-05-23,,,
2021-05-24,,,
2021-05-25,,,
2021-05-26,,,
2021-05-27,,,
2021-05-28,,,
2021-05-29,,,
2021-05-30,,,
2021-05-31,,,
2021-06-01,,,
2021-06-02,,,
2021-06-03,,,
2021-06-04,,,
2021-06-05,,,
2021-06-06,,,
2021-06-07,,,
2021-06-08,,,
2021-06-09,,,
2021-06-10,,,
2021-06-11,,,
2021-06-12,,,
2021-06-13,,,
2021-06-14,,,
2021-06-15,,,
2021-06-16,,,
2021-06-17,,,
2021-06-18,,,
2021-06-19,,,
2021-06-20,,,
2021-06-21,,,
2021-06-22,,,
2021-06-23,,,
2021-06-24,,,
2021-06-25,,,
2021-06-26,,,
2021-06-27,,,
2021-06-28,,,
2021-06-29,,,
2021-06-30,,,
2021-07-01,,,
2021-07-02,,,
2021-07-03,,,
2021-07-04,,,
2021-07-05,,,
2021-07-06,,,
2021-07-07,,,
2021-07-08,,,
2021-07-09,,,
2021-07-10,,,
2021-07-11,,,
2021-07-12,,,
2021-07-13,,,
2021-07-14,,,
2021-07-15,,,
2021-07-16,,,
2021-07-17,,,
2021-07-18,,,
2021-07-19,,,
2021-07-20,,,
2021-07-21,,,
2021-07-22,,,
2021-07-23,,,
2021-07-24,,,
2021-07-25,,,
2021-07-26,,,
2021-07-27,,,
2021-07-28,,,
2021-07-29,,,
2021-07-30,,,
2021-07-31,,,
2021-08-01,,,
2021-08-02,,,
2021-08-03,,,
2021-08-04,,,
2021-08-05,,,
2021-08-06,,,
2021-08-07,,,
2021-08-08,,,
2021-08-09,,,
2021-08-10,,,
2021-08-11,,,
2021-08-12,,,
2021-08-13,,,
2021-08-14,,,
2021-08-15,,,
2021-08-16,,,
2021-08-17,,,
2021-08-18,,,
2021-08-19,,,
2021-08-20,,,
2021-08-21,,,
2021-08-22,,,
2021-08-23,,,
2021-08-24,,,
2021-08-25,,,
2021-08-26,,,
2021-08-27,,,
2021-08-28,,,
2021-08-29,,,
2021-08-30,,,
2021-08-31,,,
2021-09-01,,,
2021-09-02,,,
2021-09-03,,,
2021-09-04,,,
2021-09-05,,,
2021-09-06,,,
2021-09-07,,,
2021-09-08,,,
2021-09-09,,,
2021-09-10,,,
2021-09-11,,,
2021-09-12,,,
2021-09-13,,,
2021-09-14,,,
2021-09-15,,,
2021-09-16,,,
2021-09-17,,,
2021-09-18,,,
2021-09-19,,,
2021-09-20,,,
2021-09-21,,,
2021-09-22,,,
2021-09-23,,,
2021-09-24,,,
2021-09-25,,,
2021-09-26,,,
2021-09-27,,,
2021-09-28,,,
2021-09-29,,,
2021-09-30,,,
2021-10-01,,,
2021-10-02,,,
2021-10-03,,,
2021-10-04,,,
2021-10-05,,,
2021-10-06,,,
2021-10-07,,,
2021-10-08,,,
2021-10-09,,,
2021-10-10,,,
2021-10-11,,,
2021-10-12,,,
2021-10-13,,,
2021-10-14,,,
2021-10-15,,,
2021-10-16,,,
2021-10-17,,,
2021-10-18,,,
2021-10-19,,,
2021-10-20,,,
2021-10-21,,,
2021-10-22,,,
2021-10-23,,,
2021-10-24,,,
2021-10-25,,,
2021-10-26,,,
2021-10-27,,,
2021-10-28,,,
2021-10-29,,,
2021-10-30,,,
2021-10-31,,,
2021-11-01,,,
2021-11-02,,,
2021-11-03,,,
2021-11-04,,,
2021-11-05,,,
2021-11-06,,,
2021-11-07,,,
2021-11-08,,,
2021-11-09,,,
2021-11-10,,,
2021-11-11,,,
2021-11-12,,,
2021-11-13,,,
2021-11-14,,,
2021-11-15,,,
2021-11-16,,,
2021-11-17,,,
2021-11-18,,,
2021-11-19,,,
2021-11-20,,,
2021-11-21,,,
2021-11-22,,,
2021-11-23,,,
2021-11-24,,,
2021-11-25,,,
2021-11-26,,,
2021-11-27,,,
2021-11-28,,,
2021-11-29,,,
2021-11-30,,,
2021-12-01,,,
2021-12-02,,,
2021-12-03,,,
2021-12-04,,,
2021-12-05,,,
2021-12-06,,,
2021-12-07,,,
2021-12-08,,,
2021-12-09,,,
2021-12-10,,,
2021-12-11,,,
2021-12-12,,,
2021-12-13,,,
2021-12-14,,,
2021-12-15,,,
2021-12-16,,,
2021-12-17,,,
2021-12-18,,,
2021-12-19,,,
2021-12-20,,,
2021-12-21,,,
2021-12-22,,,
2021-12-23,,,
2021-12-24,,,
2021-12-25,,,
2021-12-26,,,
2021-12-27,,,
2021-12-28,,,
2021-12-29,,,
2021-12-30,,,
2021-12-31,,,
2022-01-01,,,
2022-01-02,,,
2022-01-03,,,
2022-01-04,,,
2022-01-05,,,
2022-01-06,,,
2022-01-07,,,
2022-01-08,,,
2022-01-09,,,
2022-01-10,,,
2022-01-11,,,
2022-01-12,,,
2022-01-13,,,
2022-01-14,,,
2022-01-15,,,
2022-01-16,,,
2022-01-17,,,
2022-01-18,,,
2022-01-19,,,
2022-01-20,,,
2022-01-21,,,
2022-01-22,,,
2022-01-23,,,
2022-01-24,,,
2022-01-25,,,
2022-01-26,,,
2022-01-27,,,
2022-01-28,,,
2022-01-29,,,
2022-01-30,,,
2022-01-31,,,
2022-02-01,,,
2022-02-02,,,
2022-02-03,,,
2022-02-04,,,
2022-02-05,,,
2022-02-06,,,
2022-02-07,,,
2022-02-08,,,
2022-02-09,,,
2022-02-10,,,
2022-02-11,,,
2022-02-12,,,
2022-02-13,,,
2022-02-14,,,
2022-02-15,,,
2022-02-16,,,
2022-02-17,,,
2022-02-18,,,
2022-02-19,,,
2022-02-20,,,
2022-02-21,,,
2022-02-22,,,
2022-02-23,,,
2022-02-24,,,
2022-02-25,,,
2022-02-26,,,
2022-02-27,,,
2022-02-28,,,
2022-03-01,,,
2022-03-02,,,
2022-03-03,,,
2022-03-04,,,
2022-03-05,,,
2022-03-06,,,
2022-03-07,,,
2022-03-08,,,
2022-03-09,,,
2022-03-10,,,
2022-03-11,,,
2022-03-12,,,
2022-03-13,,,
2022-03-14,,,
2022-03-15,,,
2022-03-16,,,
2022-03-17,,,
2022-03-18,,,
2022-03-19,,,
2022-03-20,,,
2022-03-21,,,
2022-03-22,,,
2022-03-23,,,
2022-03-24,,,
2022-03-25,,,
2022-03-26,,,
2022-03-27,,,
2022-03-28,,,
2022-03-29,,,
2022-03-30,,,
2022-03-31,,,
2022-04-01,,,
2022-04-02,,,
2022-04-03,,,
2022-04-04,,,
2022-04-05,,,
2022-04-06,,,
2022-04-07,,,
2022-04-08,,,
2022-04-09,,,
2022-04-10,,,
2022-04-11,,,
2022-04-12,,,
2022-04-13,,,
2022-04-14,,,
2022-04-15,,,
2022-04-16,,,
2022-04-17,,,
2022-04-18,,,
2022-04-19,,,
2022-04-20,,,
2022-04-21,,,
2022-04-22,,,
2022-04-23,,,
2022-04-24,,,
2022-04-25,,,
2022-04-26,,,
2022-04-27,,,
2022-04-28,,,
2022-04-29,,,
2022-04-30,,,
2022-05-01,,,
2022-05-02,,,
2022-05-03,,,
2022-05-04,,,
2022-05-05,,,
2022-05-06,,,
2022-05-07,,,
2022-05-08,,,
2022-05-09,,,
2022-05-10,,,
2022-05-11,,,
2022-05-12,,,
2022-05-13,,,
2022-05-14,,,
2022-05-15,,,
2022-05-16,,,
2022-05-17,,,
2022-05-18,,,
2022-05-19,,,
2022-05-20,,,
2022-05-21,,,
2022-05-22,,,
2022-05-23,,,
2022-05-24,,,
2022-05-25,,,
2022-05-26,,,
2022-05-27,,,
2022-05-28,,,
2022-05-29,,,
2022-05-30,,,
2022-05-31,,,
2022-06-01,,,
2022-06-02,,,
2022-06-03,,,
2022-06-04,,,
2022-06-05,,,
2022-06-06,,,
2022-06-07,,,
2022-06-08,,,
2022-06-09,,,
2022-06-10,,,
2022-06-11,,,
2022-06-12,,,
2022-06-13,,,
2022-06-14,,,
2022-06-15,,,
2022-06-16,,,
2022-06-17,,,
2022-06-18,,,
2022-06-19,,,
2022-06-20,,,
2022-06-21,,,
2022-06-22,,,
2022-06-23,,,
2022-06-24,,,
2022-06-25,,,
2022-06-26,,,
2022-06-27,,,
2022-06-28,,,
2022-06-29,,,
2022-06-30,,,
2022-07-01,,,
2022-07-02,,,
2022-07-03,,,
2022-07-04,,,
2022-07-05,,,
2022-07-06,,,
2022-07-07,,,
2022-07-08,,,
2022-07-09,,,
2022-07-10,,,
2022-07-11,,,
2022-07-12,,,
2022-07-13,,,
2022-07-14,,,
2022-07-15,,,
2022-07-16,,,
2022-07-17,,,
2022-07-18,,,
2022-07-19,,,
2022-07-20,,,
2022-07-21,,,
2022-07-22,,,
2022-07-23,,,
2022-07-24,,,
2022-07-25,,,
2022-07-26,,,
2022-07-27,,,
2022-07-28,,,
2022-07-29,,,
2022-07-30,,,
2022-07-31,,,
2022-08-01,,,
2022-08-02,,,
2022-08-03,,,
2022-08-04,,,
2022-08-05,,,
2022-08-06,,,
2022-08-07,,,
2022-08-08,,,
2022-08-09,,,
2022-08-10,,,
2022-08-11,,,
2022-08-12,,,
2022-08-13,,,
2022-08-14,,,
2022-08-15,,,
2022-08-16,,,
2022-08-17,,,
2022-08-18,,,
2022-08-19,,,
2022-08-20,,,
2022-08-21,,,
2022-08-22,,,
2022-08-23,,,
2022-08-24,,,
2022-08-25,,,
2022-08-26,,,
2022-08-27,,,
2022-08-28,,,
2022-08-29,,,
2022-08-30,,,
2022-08-31,,,
2022-09-01,,,
2022-09-02,,,
2022-09-03,,,
2022-09-04,,,
2022-09-05,,,
2022-09-06,,,
2022-09-07,,,
2022-09-08,,,
2022-09-09,,,
2022-09-10,,,
2022-09-11,,,
2022-09-12,,,
2022-09-13,,,
2022-09-14,,,
2022-09-15,,,
2022-09-16,,,
2022-09-17,,,
2022-09-18,,,
2022-09-19,,,
2022-09-20,,,
2022-09-21,,,
2022-09-22,,,
2022-09-23,,,
2022-09-24,,,
2022-09-25,,,
2022-09-26,,,
2022-09-27,,,
2022-09-28,,,
2022-09-29,,,
2022-09-30,,,
2022-10-01,,,
2022-10-02,,,
2022-10-03,,,
2022-10-04,,,
2022-10-05,,,
2022-10-06,,,
2022-10-07,,,
2022-10-08,,,
2022-10-09,,,
2022-10-10,,,
2022-10-11,,,
2022-10-12,,,
2022-10-13,,,
2022-10-14,,,
2022-10-15,,,
2022-10-16,,,
2022-10-17,,,
2022-10-18,,,
2022-10-19,,,
2022-10-20,,,
2022-10-21,,,
2022-10-22,,,
2022-10-23,,,
2022-10-24,,,
2022-10-25,,,
2022-10-26,,,
2022-10-27,,,
2022-10-28,,,
2022-10-29,,,
2022-10-30,,,
2022-10-31,,,
2022-11-01,,,
2022-11-02,,,
2022-11-03,,,
2022-11-04,,,
2022-11-05,,,
2022-11-06,,,
2022-11-07,,,
2022-11-08,,,
2022-11-09,,,
2022-11-10,,,
2022-11-11,,,
2022-11-12,,,
2022-11-13,,,
2022-11-14,,,
2022-11-15,,,
2022-11-16,,,
2022-11-17,,,
2022-11-18,,,
2022-11-19,,,
2022-11-20,,,
2022-11-21,,,
2022-11-22,,,
2022-11-23,,,
2022-11-24,,,
2022-11-25,,,
2022-11-26,,,
2022-11-27,,,
2022-11-28,,,
2022-11-29,,,
2022-11-30,,,
2022-12-01,,,
2022-12-02,,,
2022-12-03,,,
2022-12-04,,,
2022-12-05,,,
2022-12-06,,,
2022-12-07,,,
2022-12-08,,,
2022-12-09,,,
2022-12-10,,,
2022-12-11,,,
2022-12-12,,,
2022-12-13,,,
2022-12-14,,,
2022-12-15,,,
2022-12-16,,,
2022-12-17,,,
2022-12-18,,,
2022-12-19,,,
2022-12-20,,,
2022-12-21,,,
2022-12-22,,,
2022-12-23,,,
2022-12-24,,,
2022-12-25,,,
2022-12-26,,,
2022-12-27,,,
2022-12-28,,,
2022-12-29,,,
2022-12-30,,,
2022-12-31,,,
2023-01-01,,,
2023-01-02,,,
2023-01-03,,,
2023-01-04,,,
2023-01-05,,,
2023-01-06,,,
2023-01-07,,,
2023-01-08,,,
2023-01-09,,,
2023-01-10,,,
2023-01-11,,,
2023-01-12,,,
2023-01-13,,,
2023-01-14,,,
2023-01-15,,,
2023-01-16,,,
2023-01-17,,,
2023-01-18,,,
2023-01-19,,,
2023-01-20,,,
2023-01-21,,,
2023-01-22,,,
2023-01-23,,,
2023-01-24,,,
2023-01-25,,,
2023-01-26,,,
2023-01-27,,,
2023-01-28,,,
2023-01-29,,,
2023-01-30,,,
2023-01-31,,,
2023-02-01,,,
2023-02-02,,,
2023-02-03,,,
2023-02-04,,,
2023-02-05,,,
2023-02-06,,,
2023-02-07,,,
2023-02-08,,,
2023-02-09,,,
2023-02-10,,,
2023-02-11,,,
2023-02-12,,,
2023-02-13,,,
2023-02-14,,,
2023-02-15,,,
2023-02-16,,,
2023-02-17,,,
2023-02-18,,,
2023-02-19,,,
2023-02-20,,,
2023-02-21,,,
2023-02-22,,,
2023-02-23,,,
2023-02-24,,,
2023-02-25,,,
2023-02-26,,,
2023-02-27,,,
2023-02-28,,,
2023-03-01,,,
2023-03-02,,,
2023-03-03,,,
2023-03-04,,,
2023-03-05,,,
2023-03-06,,,
2023-03-07,,,
2023-03-08,,,
2023-03-09,,,
2023-03-10,,,
2023-03-11,,,
2023-03-12,,,
2023-03-13,,,
2023-03-14,,,
2023-03-15,,,
2023-03-16,,,
2023-03-17,,,
2023-03-18,,,
2023-03-19,,,
2023-03-20,,,
2023-03-21,,,
2023-03-22,,,
2023-03-23,,,
2023-03-24,,,
2023-03-25,,,
2023-03-26,,,
2023-03-27,,,
2023-03-28,,,
2023-03-29,,,
2023-03-30,,,
2023-03-31,,,
2023-04-01,,,
2023-04-02,,,
2023-04-03,,,
2023-04-04,,,
2023-04-05,,,
2023-04-06,,,
2023-04-07,,,
2023-04-08,,,
2023-04-09,,,
2023-04-10,,,
2023-04-11,,,
2023-04-12,,,
2023-04-13,,,
2023-04-14,,,
2023-04-15,,,
2023-04-16,,,
2023-04-17,,,
2023-04-18,,,
2023-04-19,,,
2023-04-20,,,
2023-04-21,,,
2023-04-22,,,
2023-04-23,,,
2023-04-24,,,
2023-04-25,,,
2023-04-26,,,
2023-04-27,,,
2023-04-28,,,
2023-04-29,,,
2023-04-30,,,
2023-05-01,,,
2023-05-02,,,
2023-05-03,,,
2023-05-04,,,
2023-05-05,,,
2023-05-06,,,
2023-05-07,,,
2023-05-08,,,
2023-05-09,,,
2023-05-10,,,
2023-05-11,,,
2023-05-12,,,
2023-05-13,,,
2023-05-14,,,
2023-05-15,,,
2023-05-16,,,
2023-05-17,,,
2023-05-18,,,
2023-05-19,,,
2023-05-20,,,
2023-05-21,,,
2023-05-22,,,
2023-05-23,,,
2023-05-24,,,
2023-05-25,,,
2023-05-26,,,
2023-05-27,,,
2023-05-28,,,
2023-05-29,,,
2023-05-30,,,
2023-05-31,,,
2023-06-01,,,
2023-06-02,,,
2023-06-03,,,
2023-06-04,,,
2023-06-05,,,
2023-06-06,,,
2023-06-07,,,
2023-06-08,,,
2023-06-09,,,
2023-06-10,,,
2023-06-11,,,
2023-06-12,,,
2023-06-13,,,
2023-06-14,,,
2023-06-15,,,
2023-06-16,,,
2023-06-17,,,
2023-06-18,,,
2023-06-19,,,
2023-06-20,,,
2023-06-21,,,
2023-06-22,,,
2023-06-23,,,
2023-06-24,,,
2023-06-25,,,
2023-06-26,,,
2023-06-27,,,
2023-06-28,,,
2023-06-29,,,
2023-06-30,,,
2023-07-01,,,
2023-07-02,,,
2023-07-03,,,
2023-07-04,,,
2023-07-05,,,
2023-07-06,,,
2023-07-07,,,
2023-07-08,,,
2023-07-09,,,
2023-07-10,,,
2023-07-11,,,
2023-07-12,,,
2023-07-13,,,
2023-07-14,,,
2023-07-15,,,
2023-07-16,,,
2023-07-17,,,
2023-07-18,,,
2023-07-19,,,
2023-07-20,,,
2023-07-21,,,
2023-07-22,,,
2023-07-23,,,
2023-07-24,,,
2023-07-25,,,
2023-07-26,,,
2023-07-27,,,
2023-07-28,,,
2023-07-29,,,
2023-07-30,,,
2023-07-31,,,
2023-08-01,,,
2023-08-02,,,
2023-08-03,,,
2023-08-04,,,
2023-08-05,,,
2023-08-06,,,
2023-08-07,,,
2023-08-08,,,
2023-08-09,,,
2023-08-10,,,
2023-08-11,,,
2023-08-12,,,
2023-08-13,,,
2023-08-14,,,
2023-08-15,,,
2023-08-16,,,
2023-08-17,,,
2023-08-18,,,
2023-08-19,,,
2023-08-20,,,
2023-08-21,,,
2023-08-22,,,
2023-08-23,,,
2023-08-24,,,
2023-08-25,,,
2023-08-26,,,
2023-08-27,,,
2023-08-28,,,
2023-08-29,,,
2023-08-30,,,
2023-08-31,,,
2023-09-01,,,
2023-09-02,,,
2023-09-03,,,
2023-09-04,,,
2023-09-05,,,
2023-09-06,,,
2023-09-07,,,
2023-09-08,,,
2023-09-09,,,
2023-09-10,,,
2023-09-11,,,
2023-09-12,,,
2023-09-13,,,
2023-09-14,,,
2023-09-15,,,
2023-09-16,,,
2023-09-17,,,
2023-09-18,,,
2023-09-19,,,
2023-09-20,,,
2023-09-21,,,
2023-09-22,,,
2023-09-23,,,
2023-09-24,,,
2023-09-25,,,
2023-09-26,,,
2023-09-27,,,
2023-09-28,,,
2023-09-29,,,
2023-09-30,,,
2023-10-01,,,
2023-10-02,,,
2023-10-03,,,
2023-10-04,,,
2023-10-05,,,
2023-10-06,,,
2023-10-07,,,
2023-10-08,,,
2023-10-09,,,
2023-10-10,,,
2023-10-11,,,
2023-10-12,,,
2023-10-13,,,
2023-10-14,,,
2023-10-15,,,
2023-10-16,,,
2023-10-17,,,
2023-10-18,,,
2023-10-19,,,
2023-10-20,,,
2023-10-21,,,
2023-10-22,,,
2023-10-23,,,
2023-10-24,,,
2023-10-25,,,
2023-10-26,,,
2023-10-27,,,
2023-10-28,,,
2023-10-29,,,
2023-10-30,,,
2023-10-31,,,
2023-11-01,,,
2023-11-02,,,
2023-11-03,,,
2023-11-04,,,
2023-11-05,,,
2023-11-06,,,
2023-11-07,,,
2023-11-08,,,
2023-11-09,,,
2023-11-10,,,
2023-11-11,,,
2023-11-12,,,
2023-11-13,,,
2023-11-14,,,
2023-11-15,,,
2023-11-16,,,
2023-11-17,,,
2023-11-18,,,
2023-11-19,,,
2023-11-20,,,
2023-11-21,,,
2023-11-22,,,
2023-11-23,,,
2023-11-24,,,
2023-11-25,,,
2023-11-26,,,
2023-11-27,,,
2023-11-28,,,
2023-11-29,,,
2023-11-30,,,
2023-12-01,,,
2023-12-02,,,
2023-12-03,,,
2023-12-04,,,
2023-12-05,,,
2023-12-06,,,
2023-12-07,,,
2023-12-08,,,
2023-12-09,,,
2023-12-10,,,
2023-12-11,,,
2023-12-12,,,
2023-12-13,,,
2023-12-14,,,
2023-12-15,,,
2023-12-16,,,
2023-12-17,,,
2023-12-18,,,
2023-12-19,,,
2023-12-20,,,
2023-12-21,,,
2023-12-22,,,
2023-12-23,,,
2023-12-24,,,
2023-12-25,,,
2023-12-26,,,
2023-12-27,,,
2023-12-28,,,
2023-12-29,,,
2023-12-30,,,
2023-12-31,,,
2024-01-01,,,
2024-01-02,,,
2024-01-03,,,
2024-01-04,,,
2024-01-05,,,
2024-01-06,,,
2024-01-07,,,
2024-01-08,,,
2024-01-09,,,
2024-01-10,,,
2024-01-11,,,
2024-01-12,,,
2024-01-13,,,
2024-01-14,,,
2024-01-15,,,
2024-01-16,,,
2024-01-17,,,
2024-01-18,,,
2024-01-19,,,
2024-01-20,,,
2024-01-21,,,
2024-01-22,,,
2024-01-23,,,
2024-01-24,,,
2024-01-25,,,
2024-01-26,,,
2024-01-27,,,
2024-01-28,,,
2024-01-29,,,
2024-01-30,,,
2024-01-31,,,
2024-02-01,,,
2024-02-02,,,
2024-02-03,,,
2024-02-04,,,
2024-02-05,,,
2024-02-06,,,
2024-02-07,,,
2024-02-08,,,
2024-02-09,,,
2024-02-10,,,
2024-02-11,,,
2024-02-12,,,
2024-02-13,,,
2024-02-14,,,
2024-02-15,,,
2024-02-16,,,
2024-02-17,,,
2024-02-18,,,
2024-02-19,,,
2024-02-20,,,
2024-02-21,,,
2024-02-22,,,
2024-02-23,,,
2024-02-24,,,
2024-02-25,,,
2024-02-26,,,
2024-02-27,,,
2024-02-28,,,
2024-02-29,,,
2024-03-01,,,
2024-03-02,,,
2024-03-03,,,
2024-03-04,,,
2024-03-05,,,
2024-03-06,,,
2024-03-07,,,
2024-03-08,,,
2024-03-09,,,
2024-03-10,,,
2024-03-11,,,
2024-03-12,,,
2024-03-13,,,
2024-03-14,,,
2024-03-15,,,
2024-03-16,,,
2024-03-17,,,
2024-03-18,,,
2024-03-19,,,
2024-03-20,,,
2024-03-21,,,
2024-03-22,,,
2024-03-23,,,
2024-03-24,,,
2024-03-25,,,
2024-03-26,,,
2024-03-27,,,
2024-03-28,,,
2024-03-29,,,
2024-03-30,,,
2024-03-31,,,
2024-04-01,,,
2024-04-02,,,
2024-04-03,,,
2024-04-04,,,
2024-04-05,,,
2024-04-06,,,
2024-04-07,,,
2024-04-08,,,
2024-04-09,,,
2024-04-10,,,
2024-04-11,,,
2024-04-12,,,
2024-04-13,,,
2024-04-14,,,
2024-04-15,,,
2024-04-16,,,
2024-04-17,,,
2024-04-18,,,
2024-04-19,,,
2024-04-20,,,
2024-04-21,,,
2024-04-22,,,
2024-04-23,,,
2024-04-24,,,
2024-04-25,,,
2024-04-26,,,
2024-04-27,,,
2024-04-28,,,
2024-04-29,,,
2024-04-30,,,
2024-05-01,,,
2024-05-02,,,
2024-05-03,,,
2024-05-04,,,
2024-05-05,,,
2024-05-06,,,
2024-05-07,,,
2024-05-08,,,
2024-05-09,,,
2024-05-10,,,
2024-05-11,,,
2024-05-12,,,
2024-05-13,,,
2024-05-14,,,
2024-05-15,,,
2024-05-16,,,
2024-05-17,,,
2024-05-18,,,
2024-05-19,,,
2024-05-20,,,
2024-05-21,,,
2024-05-22,,,
2024-05-23,,,
2024-05-24,,,
2024-05-25,,,
2024-05-26,,,
2024-05-27,,,
2024-05-28,,,
2024-05-29,,,
2024-05-30,,,
2024-05-31,,,
2024-06-01,,,
2024-06-02,,,
2024-06-03,,,
2024-06-04,,,
2024-06-05,,,
2024-06-06,,,
2024-06-07,,,
2024-06-08,,,
2024-06-09,,,
2024-06-10,,,
2024-06-11,,,
2024-06-12,,,
2024-06-13,,,
2024-06-14,,,
2024-06-15,,,
2024-06-16,,,
2024-06-17,,,
2024-06-18,,,
2024-06-19,,,
2024-06-20,,,
2024-06-21,,,
2024-06-22,,,
2024-06-23,,,
2024-06-24,,,
2024-06-25,,,
2024-06-26,,,
2024-06-27,,,
2024-06-28,,,
2024-06-29,,,
2024-06-30,,,
2024-07-01,,,
2024-07-02,,,
2024-07-03,,,
2024-07-04,,,
2024-07-05,,,
2024-07-06,,,
2024-07-07,,,
2024-07-08,,,
2024-07-09,,,
2024-07-10,,,
2024-07-11,,,
2024-07-12,,,
2024-07-13,,,
2024-07-14,,,
2024-07-15,,,
2024-07-16,,,
2024-07-17,,,
2024-07-18,,,
2024-07-19,,,
2024-07-20,,,
2024-07-21,,,
2024-07-22,,,
2024-07-23,,,
2024-07-24,,,
2024-07-25,,,
2024-07-26,,,
2024-07-27,,,
2024-07-28,,,
2024-07-29,,,
2024-07-30,,,
2024-07-31,,,
2024-08-01,,,
2024-08-02,,,
2024-08-03,,,
2024-08-04,,,
2024-08-05,,,
2024-08-06,,,
2024-08-07,,,
2024-08-08,,,
2024-08-09,,,
2024-08-10,,,
2024-08-11,,,
2024-08-12,,,
2024-08-13,,,
2024-08-14,,,
2024-08-15,,,
2024-08-16,,,
2024-08-17,,,
2024-08-18,,,
2024-08-19,,,
2024-08-20,,,
2024-08-21,,,
2024-08-22,,,
2024-08-23,,,
2024-08-24,,,
2024-08-25,,,
2024-08-26,,,
2024-08-27,,,
2024-08-28,,,
2024-08-29,,,
2024-08-30,,,
2024-08-31,,,
2024-09-01,,,
2024-09-02,,,
2024-09-03,,,
2024-09-04,,,
2024-09-05,,,
2024-09-06,,,
2024-09-07,,,
2024-09-08,,,
2024-09-09,,,
2024-09-10,,,
2024-09-11,,,
2024-09-12,,,
2024-09-13,,,
2024-09-14,,,
2024-09-15,,,
2024-09-16,,,
2024-09-17,,,
2024-09-18,,,
2024-09-19,,,
2024-09-20,,,
2024-09-21,,,
2024-09-22,,,
2024-09-23,,,
2024-09-24,,,
2024-09-25,,,
2024-09-26,,,
2024-09-27,,,
2024-09-28,,,
2024-09-29,,,
2024-09-30,,,
2024-10-01,,,
2024-10-02,,,
2024-10-03,,,
2024-10-04,,,
2024-10-05,,,
2024-10-06,,,
2024-10-07,,,
2024-10-08,,,
2024-10-09,,,
2024-10-10,,,
2024-10-11,,,
2024-10-12,,,
2024-10-13,,,
2024-10-14,,,
2024-10-15,,,
2024-10-16,,,
2024-10-17,,,
2024-10-18,,,
2024-10-19,,,
2024-10-20,,,
2024-10-21,,,
2024-10-22,,,
2024-10-23,,,
2024-10-24,,,
2024-10-25,,,
2024-10-26,,,
2024-10-27,,,
2024-10-28,,,
2024-10-29,,,
2024-10-30,,,
2024-10-31,,,
2024-11-01,,,
2024-11-02,,,
2024-11-03,,,
2024-11-04,,,
2024-11-05,,,
2024-11-06,,,
2024-11-07,,,
2024-11-08,,,
2024-11-09,,,
2024-11-10,,,
2024-11-11,,,
2024-11-12,,,
2024-11-13,,,
2024-11-14,,,
2024-11-15,,,
2024-11-16,,,
2024-11-17,,,
2024-11-18,,,
2024-11-19,,,
2024-11-20,,,
2024-11-21,,,
2024-11-22,,,
2024-11-23,,,
2024-11-24,,,
2024-11-25,,,
2024-11-26,,,
2024-11-27,,,
2024-11-28,,,
2024-11-29,,,
2024-11-30,,,
2024-12-01,,,
2024-12-02,,,
2024-12-03,,,
2024-12-04,,,
2024-12-05,,,
2024-12-06,,,
2024-12-07,,,
2024-12-08,,,
2024-12-09,,,
2024-12-10,,,
2024-12-11,,,
2024-12-12,,,
2024-12-13,,,
2024-12-14,,,
2024-12-15,,,
2024-12-16,,,
2024-12-17,,,
2024-12-18,,,
2024-12-19,,,
2024-12-20,,,
2024-12-21,,,
2024-12-22,,,
2024-12-23,,,
2024-12-24,,,
2024-12-25,,,
2024-12-26,,,
2024-12-27,,,
2024-12-28,,,
2024-12-29,,,
2024-12-30,,,
2024-12-31,,,
2025-01-01,,,
2025-01-02,,,
2025-01-03,,,
2025-01-04,,,
2025-01-05,,,
2025-01-06,,,
2025-01-07,,,
2025-01-08,,,
2025-01-09,,,
2025-01-10,,,
2025-01-11,,,
2025-01-12,,,
2025-01-13,,,
2025-01-14,,,
2025-01-15,,,
2025-01-16,,,
2025-01-17,,,
2025-01-18,,,
2025-01-19,,,
2025-01-20,,,
2025-01-21,,,
2025-01-22,,,
2025-01-23,,,
2025-01-24,,,
2025-01-25,,,
2025-01-26,,,
2025-01-27,,,
2025-01-28,,,
2025-01-29,,,
2025-01-30,,,
2025-01-31,,,
2025-02-01,,,
2025-02-02,,,
2025-02-03,,,
2025-02-04,,,
2025-02-05,,,
2025-02-06,,,
2025-02-07,,,
2025-02-08,,,
2025-02-09,,,
2025-02-10,,,
2025-02-11,,,
2025-02-12,,,
2025-02-13,,,
2025-02-14,,,
2025-02-15,,,
2025-02-16,,,
2025-02-17,,,
2025-02-18,,,
2025-02-19,,,
2025-02-20,,,
2025-02-21,,,
2025-02-22,,,
2025-02-23,,,
2025-02-24,,,
2025-02-25,,,
2025-02-26,,,
2025-02-27,,,
2025-02-28,,,
2025-03-01,,,
2025-03-02,,,
2025-03-03,,,
2025-03-04,,,
2025-03-05,,,
2025-03-06,,,
2025-03-07,,,
2025-03-08,,,
2025-03-09,,,
2025-03-10,,,
2025-03-11,,,
2025-03-12,,,
2025-03-13,,,
2025-03-14,,,
2025-03-15,,,
2025-03-16,,,
2025-03-17,,,
2025-03-18,,,
2025-03-19,,,
2025-03-20,,,
2025-03-21,,,
2025-03-22,,,
2025-03-23,,,
2025-03-24,,,
2025-03-25,,,
2025-03-26,,,
2025-03-27,,,
2025-03-28,,,
2025-03-29,,,
2025-03-30,,,
2025-03-31,,,
2025-04-01,,,
2025-04-02,,,
2025-04-03,,,
2025-04-04,,,
2025-04-05,,,
2025-04-06,,,
2025-04-07,,,
2025-04-08,,,
2025-04-09,,,
2025-04-10,,,
2025-04-11,,,
2025-04-12,,,
2025-04-13,,,
2025-04-14,,,
2025-04-15,,,
2025-04-16,,,
2025-04-17,,,
2025-04-18,,,
2025-04-19,,,
2025-04-20,,,
2025-04-21,,,
2025-04-22,,,
2025-04-23,,,
2025-04-24,,,
2025-04-25,,,
2025-04-26,,,
2025-04-27,,,
2025-04-28,,,
2025-04-29,,,
2025-04-30,,,
2025-05-01,,,
2025-05-02,,,
2025-05-03,,,
2025-05-04,,,
2025-05-05,,,
2025-05-06,,,
2025-05-07,,,
2025-05-08,,,
2025-05-09,,,
2025-05-10,,,
2025-05-11,,,
2025-05-12,,,
2025-05-13,,,
2025-05-14,,,
2025-05-15,,,
2025-05-16,,,
2025-05-17,,,
2025-05-18,,,
2025-05-19,,,
2025-05-20,,,
2025-05-21,,,
2025-05-22,,,
2025-05-23,,,
2025-05-24,,,
2025-05-25,,,
2025-05-26,,,
2025-05-27,,,
2025-05-28,,,
2025-05-29,,,
2025-05-30,,,
2025-05-31,,,
2025-06-01,,,
2025-06-02,,,
2025-06-03,,,
2025-06-04,,,
2025-06-05,,,
2025-06-06,,,
2025-06-07,,,
2025-06-08,,,
2025-06-09,,,
2025-06-10,,,
2025-06-11,,,
2025-06-12,,,
2025-06-13,,,
2025-06-14,,,
2025-06-15,,,
2025-06-16,,,
2025-06-17,,,
2025-06-18,,,
2025-06-19,,,
2025-06-20,,,
2025-06-21,,,
2025-06-22,,,
2025-06-23,,,
2025-06-24,,,
2025-06-25,,,
2025-06-26,,,
2025-06-27,,,
2025-06-28,,,
2025-06-29,,,
2025-06-30,,,
2025-07-01,,,
2025-07-02,,,
2025-07-03,,,
2025-07-04,,,
2025-07-05,,,
2025-07-06,,,
2025-07-07,,,
2025-07-08,,,
2025-07-09,,,
2025-07-10,,,
2025-07-11,,,
2025-07-12,,,
2025-07-13,,,
2025-07-14,,,
2025-07-15,,,
2025-07-16,,,
2025-07-17,,,
2025-07-18,,,
2025-07-19,,,
2025-07-20,,,
2025-07-21,,,
2025-07-22,,,
2025-07-23,,,
2025-07-24,,,
2025-07-25,,,
2025-07-26,,,
2025-07-27,,,
2025-07-28,,,
2025-07-29,,,
2025-07-30,,,
2025-07-31,,,
2025-08-01,,,
2025-08-02,,,
2025-08-03,,,
2025-08-04,,,
2025-08-05,,,
2025-08-06,,,
2025-08-07,,,
2025-08-08,,,
2025-08-09,,,
2025-08-10,,,
2025-08-11,,,
2025-08-12,,,
2025-08-13,,,
2025-08-14,,,
2025-08-15,,,
2025-08-16,,,
2025-08-17,,,
2025-08-18,,,
2025-08-19,,,
2025-08-20,,,
2025-08-21,,,
2025-08-22,,,
2025-08-23,,,
2025-08-24,,,
2025-08-25,,,
2025-08-26,,,
2025-08-27,,,
2025-08-28,,,
2025-08-29,,,
2025-08-30,,,
2025-08-31,,,
2025-09-01,,,
2025-09-02,,,
2025-09-03,,,
2025-09-04,,,
2025-09-05,,,
2025-09-06,,,
2025-09-07,,,
2025-09-08,,,
2025-09-09,,,
2025-09-10,,,
2025-09-11,,,
2025-09-12,,,
2025-09-13,,,
2025-09-14,,,
2025-09-15,,,
2025-09-16,,,
2025-09-17,,,
2025-09-18,,,
2025-09-19,,,
2025-09-20,,,
2025-09-21,,,
2025-09-22,,,
2025-09-23,,,
2025-09-24,,,
2025-09-25,,,
2025-09-26,,,
2025-09-27,,,
2025-09-28,,,
2025-09-29,,,
2025-09-30,,,
2025-10-01,,,
2025-10-02,,,
2025-10-03,,,
2025-10-04,,,
2025-10-05,,,
2025-10-06,,,
2025-10-07,,,
2025-10-08,,,
2025-10-09,,,
2025-10-10,,,
2025-10-11,,,
2025-10-12,,,
2025-10-13,,,
2025-10-14,,,
2025-10-15,,,
2025-10-16,,,
2025-10-17,,,
2025-10-18,,,
2025-10-19,,,
2025-10-20,,,
2025-10-21,,,
2025-10-22,,,
2025-10-23,,,
2025-10-24,,,
2025-10-25,,,
2025-10-26,,,
2025-10-27,,,
2025-10-28,,,
2025-10-29,,,
2025-10-30,,,
2025-10-31,,,
2025-11-01,,,
2025-11-02,,,
2025-11-03,,,
2025-11-04,,,
2025-11-05,,,
2025-11-06,,,
2025-11-07,,,
2025-11-08,,,
2025-11-09,,,
2025-11-10,,,
2025-11-11,,,
2025-11-12,,,
2025-11-13,,,
2025-11-14,,,
2025-11-15,,,
2025-11-16,,,
2025-11-17,,,
2025-11-18,,,
2025-11-19,,,
2025-11-20,,,
2025-11-21,,,
2025-11-22,,,
2025-11-23,,,
2025-11-24,,,
2025-11-25,,,
2025-11-26,,,
2025-11-27,,,
2025-11-28,,,
2025-11-29,,,
2025-11-30,,,
2025-12-01,,,
2025-12-02,,,
2025-12-03,,,
2025-12-04,,,
2025-12-05,,,
2025-12-06,,,
2025-12-07,,,
2025-12-08,,,
2025-12-09,,,
2025-12-10,,,
2025-12-11,,,
2025-12-12,,,
2025-12-13,,,
2025-12-14,,,
2025-12-15,,,
2025-12-16,,,
2025-12-17,,,
2025-12-18,,,
2025-12-19,,,
2025-12-20,,,
2025-12-21,,,
2025-12-22,,,
2025-12-23,,,
2025-12-24,,,
2025-12-25,,,
2025-12-26,,,
2025-12-27,,,
2025-12-28,,,
2025-12-29,,,
2025-12-30,,,
2025-12-31,,,
2026-01-01,,,
