date,EXAMPLE_001,EXAMPLE_002,EXAMPLE_003,EXAMPLE_004
2000-01-01,2.2000000000377806,2.3956018129631578,2.0642675816796636,2.2409266254826066
2000-01-02,2.2106249341424546,2.403461352273048,2.063040311870808,2.2383131654950024
2000-01-03,2.220703315778443,2.4095362004717353,2.06045549077611,2.2356055849199863
2000-01-04,2.229924685752409,2.413733774623916,2.056710659805759,2.2331264369741515
2000-01-05,2.2380062129607907,2.4160337052594945,2.0520445118615083,2.231179191243619
2000-01-06,2.2447049561733126,2.416488542897848,2.0467262654436214,2.2300347103608313
2000-01-07,2.2498283781241075,2.415221265334128,2.041043702845806,2.229919163031833
2000-01-08,2.2532426522722275,2.4124196977354777,2.035290400155135,2.2310039069012677
2000-01-09,2.254878402279562,2.4083280961574522,2.02975271476785,2.2333977909742
2000-01-10,2.2547336327941947,2.403236275923225,2.024697112064616,2.237142226915176
2000-01-11,2.2528737452519323,2.397466786836267,2.0203584087644506,2.2422092689545443
2000-01-12,2.2494286834337487,2.391360747798197,2.016929491308856,2.248502833575542
2000-01-13,2.244587422654518,2.3852630587739294,2.01455304239917,2.2558630965162196
2000-01-14,2.238590210207952,2.3795078186013643,2.0133157914455544,2.2640740443611493
2000-01-15,2.2317191947539223,2.3744049098553273,2.0132458145443826,2.2728741545859434
2000-01-16,2.224288364954936,2.370228889478219,2.0143134704961936,2.281970258649407
2000-01-17,2.216634069665025,2.367211569957345,2.016436695529143,2.2910548341681465
2000-01-18,2.2091078211626782,2.365540004793647,2.01949160624,2.299827289925351
2000-01-19,2.202073570856603,2.365361989862575,2.0233296682205846,2.308020237926762
2000-01-20,2.1959121235094163,2.3668015890128267,2.0278030186308973,2.31543222091912
2000-01-21,2.1910356697004745,2.369987429318576,2.032799749853113,2.3219687262961424
2000-01-22,2.1879153094685204,2.3750963151463997,2.038290834460989,2.3276933011602448
2000-01-23,2.187123548848621,2.3824136910670948,2.044389565456254,2.3328898094533246
2000-01-24,2.189391652537804,2.3924101874894608,2.0514225104744077,2.33813489869287
2000-01-25,2.1956780677420187,2.405829519583233,2.060007698562744,2.344376189366124
2000-01-26,2.2072387931077992,2.4237772681382754,2.071130974021158,2.353006448250497
2000-01-27,2.2256839617004465,2.4477929912206844,2.086205534411768,2.3659174683262556
2000-01-28,2.2529981941287343,2.47988094382265,2.1070936755956122,2.3855107314549753
2000-01-29,2.2914974533702983,2.5224695716596037,2.136065524102438,2.4146372199728203
2000-01-30,2.3436948435683136,2.5782697491770934,2.175669472860367,2.4564386847548976
2000-01-31,2.412054760235351,2.650009382300904,2.2284956430881016,2.5140700603904165
2000-02-01,2.498630853021607,2.7400394687046976,2.296828651626113,2.5902994228170138
2000-02-02,2.60460820950122,2.8498337859032596,2.3822090815537935,2.6870077028242365
2000-02-03,2.7298008396169755,2.9794376311386204,2.4849514111564233,2.80464203009928
2000-02-04,2.872185538518824,3.126953552412607,2.603693860806688,2.9417074949887363
2000-02-05,3.027573768599409,3.2881743190817527,2.735074603460778,3.0944032534587964
2000-02-06,3.189525297077418,3.4564757236411667,2.87363073935265,3.256510963215595
2000-02-07,3.3495846075816464,3.6230573265676913,3.011995519665128,3.4196199935092353
2000-02-08,3.4978728620164827,3.777567183232568,3.1414248641745743,3.5737239720510527
2000-02-09,3.6240011347483283,3.9090741738511845,3.2526224318395816,3.708153941628309
2000-02-10,3.7181985315958044,4.007273651482526,3.336766031470181,3.812738875745194
2000-02-11,3.7724895197555384,4.063748039240524,3.386583455969724,3.8790229728328884
2000-02-12,3.7817254290088527,4.073072213680077,3.397298624795867,3.9013386341711485
2000-02-13,3.7442865322151984,4.033565774562671,3.3672792547029653,3.87754556307793
2000-02-14,3.662324015592638,3.947551318992238,3.2982657472122128,3.809300674146199
2000-02-15,3.54149483376912,3.821068088705278,3.1951377724625347,3.7018094887805852
2000-02-16,3.3902374728598046,3.663092855487205,3.0652622687020967,3.563107404783062
2000-02-17,3.218720284569585,3.484410106271188,2.917543359147084,3.4030052563362374
2000-02-18,3.0376468693009153,3.2963305012251585,2.7613431392228245,3.2318879124002313
2000-02-19,2.857114307465564,3.109468688170288,2.605452597917787,3.059566310182242
2000-02-20,2.6856905125973185,2.932759568833671,2.4572647069155815,2.894352952844065
2000-02-21,2.5298175073455225,2.7728278030179063,2.322246971158307,2.742469741955796
2000-02-22,2.3935751095353037,2.6337471832284236,2.2037442227435555,2.6078226797811697
2000-02-23,2.278772247708813,2.5171538355310794,2.1030806123180987,2.4921088819176824
2000-02-24,2.1852846700483686,2.4226248710558416,2.0198852706733383,2.3951716578299336
2000-02-25,2.111534888906188,2.348209385896659,1.952545157634797,2.315496058695159
2000-02-26,2.0550121134513333,2.291000825894503,1.8986905340307725,2.250739524757008
2000-02-27,2.0127503274073466,2.247661849678063,1.8556374476773996,2.198213548486717
2000-02-28,1.9817125419697923,2.2148451872906767,1.8207393044037634,2.1552632972364933
2000-02-29,1.9590598393174203,2.189487141355628,1.7916279355849671,2.1195238792612785
2000-03-01,1.942308726455143,2.1689774031982973,1.7663476838279968,2.0890577945502535
2000-03-02,1.9293963746554232,2.151226330773593,1.7434009852839092,2.062394814962342
2000-03-03,1.9186803314381204,2.134658542069488,1.7217305429250294,2.0385028785024697
2000-03-04,1.9088990919139481,2.118161589606865,1.7006631382733939,2.016718442037312
2000-03-05,1.8991152196873062,2.1010135256008358,1.6798359115179071,1.996659909181222
2000-03-06,1.8886561557059798,2.082806190821394,1.659119977200354,1.9781409556231835
2000-03-07,1.8770614356349713,2.0633742071342547,1.6385503618754196,1.9610938636914965
2000-03-08,1.864039900199417,2.0427341601752356,1.618266506185262,1.9455075379742952
2000-03-09,1.8494370287048831,2.0210347544982468,1.598464335658045,1.9313811231355666
2000-03-10,1.8332106410204076,1.9985166860866916,1.5793590713131398,1.9186919762004633
2000-03-11,1.8154125260040541,1.9754802049748819,1.5611571852271977,1.9073757856745859
2000-03-12,1.7961736331055924,1.952258369120197,1.5440358164228067,1.8973164454775722
2000-03-13,1.7756909368738323,1.929194420519601,1.5281282138374837,1.8883435115004468
2000-03-14,1.7542146872770694,1.9066222642598107,1.5135141308630713,1.8802354324142592
2000-03-15,1.7320353355897466,1.8848495361528466,1.5002144246762645,1.8727271042566676
2000-03-16,1.7094699030139238,1.8641431310836967,1.4881893549385519,1.8655205853982642
2000-03-17,1.6868479177580111,1.8447173168711073,1.477340221244308,1.8582980137184637
2000-03-18,1.6644972948671433,1.8267246928187562,1.4675140432399405,1.8507359075574166
2000-03-19,1.6427306914821416,1.810250295479417,1.458510997046235,1.8425201317515603
2000-03-20,1.621832959194931,1.7953091345420937,1.450094301599933,1.833360894013239
2000-03-21,1.602050352037991,1.7818473829181007,1.4420022191546276,1.8230072232063572
2000-03-22,1.583582145704221,1.7697473646765507,1.433961809551967,1.811260480257186
2000-03-23,1.5665752881346726,1.7588363937334077,1.4257040656647932,1.7979865675427715
2000-03-24,1.5511226362218091,1.7488994202296806,1.416980059107309,1.783126629621393
2000-03-25,1.5372652362259769,1.7396953394814243,1.407577736502967,1.766706166685451
2000-03-26,1.5249989706589293,1.7309767037126322,1.3973390174205416,1.7488425959719638
2000-03-27,1.5142857124510867,1.7225124379800723,1.3861768409590214,1.729751374773026
2000-03-28,1.5050688867021582,1.7141129838263451,1.3740917711419456,1.7097508181380072
2000-03-29,1.49729303015605,1.7056570617093643,1.3611876834900993,1.6892656817179073
2000-03-30,1.490926551978752,1.6971189443472559,1.3476859014769833,1.6688294172211076
2000-03-31,1.485986439150794,1.688594765491857,1.3339369256426385,1.6490847370750537
2000-04-01,1.4825631338938254,1.6803259661395191,1.3204286079032759,1.6307817558143218
2000-04-02,1.4808432781171872,1.67271753909802,1.3077892969018277,1.6147725415668204
2000-04-03,1.4811275347277189,1.6663483362075056,1.2967841686558772,1.6020004725140955
2000-04-04,1.4838403463323124,1.6619704403874307,1.2883027358087338,1.593482438863598
2000-04-05,1.4895283858959232,1.6604945881113475,1.2833354929812741,1.5902817711943673
2000-04-06,1.4988447050719185,1.6629589754725331,1.2829379070183664,1.593469930430244
2000-04-07,1.5125162943786998,1.6704795975393267,1.2881805906026798,1.6040755709265606
2000-04-08,1.5312939964178658,1.6841816201132953,1.3000855631019022,1.6230206560698857
2000-04-09,1.555885454155505,1.7051131590914224,1.319550002033003,1.6510448690922692
2000-04-10,1.586873936882111,1.7341451440108053,1.3472607401382521,1.6886215337275723
2000-04-11,1.624628270842921,1.771863458765842,1.3836047924474957,1.7358704491610337
2000-04-12,1.669211416182791,1.8184619695263768,1.4285831420403925,1.792475160823673
2000-04-13,1.7202971117556791,1.8736469769641837,1.4817365448352118,1.8576138687187442
2000-04-14,1.7771050662086991,1.9365646521860052,1.542092884076981,1.929914029444898
2000-04-15,1.8383650619706442,2.0057627652665966,1.6081453052048373,2.0074403912238243
2000-04-16,1.9023188292812325,2.079196250277736,1.6778687893613302,2.087724485966335
2000-04-17,1.9667655950483018,2.1542828283861666,1.7487799455053188,2.1678404492760492
2000-04-18,2.0291529998983426,2.2280102353085467,1.8180407931091693,2.2445276425205294
2000-04-19,2.0867100273732384,2.2970910315111635,1.8826025630202388,2.3143553470031493
2000-04-20,2.136613323453204,2.3581551894197794,1.939380639493362,2.373919429264991
2000-04-21,2.1761735430688325,2.407965455691672,1.9854473856611026,2.420056099151922
2000-04-22,2.2030248867516864,2.443636684857322,2.0182264228646973,2.4500544598844023
2000-04-23,2.2152994014927057,2.4628386013195205,2.0356705373909705,2.4618481100644205
2000-04-24,2.211768284643353,2.463962169784071,2.0364061032492513,2.4541669731646953
2000-04-25,2.1919353873686425,2.4462329816506925,2.0198297680674044,2.4266338306591275
2000-04-26,2.156073046357896,2.409760451400856,1.9861478520358462,2.379795381463157
2000-04-27,2.1051966415300645,2.3555184712533097,1.9363548631498808,2.315084374236704
2000-04-28,2.04098102512089,2.285260563769103,1.8721539380719228,2.2347165646774045
2000-04-29,1.965628256644836,2.2013794839713188,1.7958280058550735,2.141532960692841
2000-04-30,1.8817010496886948,2.1067267218186765,1.710075242295998,2.038803139180763
2000-05-01,1.7919393509025896,2.0044107462540697,1.6178253389114678,1.9300086816721322
2000-05-02,1.6990782080287699,1.8975937610658826,1.5220539492114082,1.8186266448256614
2000-05-03,1.605683578261166,1.7893052433654093,1.4256114220313116,1.7079314878531588
2000-05-04,1.5140193464014207,1.682286997038816,1.331078917863158,1.6008303966211674
2000-05-05,1.425954176571047,1.5788795324642295,1.2406607885132401,1.4997421041475456
2000-05-06,1.3429116511927635,1.4809540745638885,1.1561173608251136,1.4065238736304215
2000-05-07,1.2658621929767917,1.3898891959403596,1.0787376783928533,1.3224460462780898
2000-05-08,1.1953511373530243,1.3065866352806546,1.0093478904771704,1.24820910509815
2000-05-09,1.1315544416069503,1.2315177432602809,0.9483482216897569,1.1839950061472413
2000-05-10,1.0743520635619044,1.1647903942247027,0.8957699802444536,1.129542776809858
2000-05-11,1.0234089693966564,1.1062260620596682,0.8513438289810552,1.0842380386324346
2000-05-12,0.9782548063292599,1.0554378363259704,0.8145713469461543,1.047206954111265
2000-05-13,0.9383551549942936,1.0119020794879494,0.7847934395328602,1.0174067774975222
2000-05-14,0.9031695701269618,0.9750187831820323,0.7612510635583574,0.9937073204230656
2000-05-15,0.8721939625385479,0.9441580829981208,0.7431356940895357,0.9749598591258383
2000-05-16,0.8449869785746247,0.9186925278233389,0.7296287125324245,0.9600520194938598
2000-05-17,0.8211817018266682,0.898016368410442,0.7199302705019452,0.9479487866769467
2000-05-18,0.8004851449561597,0.8815542382137032,0.7132791047246145,0.9377209087962812
2000-05-19,0.7826686160165558,0.8687621520691545,0.7089652494644082,0.9285626006093799
2000-05-20,0.7675521989232076,0.8591238204872412,0.7063376789941332,0.9198006700640978
2000-05-21,0.754986386119608,0.8521449861167626,0.7048087120010849,0.9108970935158271
2000-05-22,0.744833460996061,0.8473479649720002,0.7038566317204139,0.9014467706474529
2000-05-23,0.7369506597581725,0.8442679408555237,0.7030275214413907,0.8911718057067333
2000-05-24,0.7311765393886999,0.8424519175194476,0.701936866628084,0.8799132736888191
2000-05-25,0.727321407031057,0.8414606514507652,0.7002710891406115,0.8676210972397499
2000-05-26,0.7251621680590817,0.8408734120220769,0.6977888879830518,0.8543424138676448
2000-05-27,0.724441545012673,0.8402950637089383,0.6943220754436211,0.8402086621173961
2000-05-28,0.7248713109517732,0.8393647371422238,0.6897755124110844,0.8254215515745863
2000-05-29,0.7261389617048174,0.8377652398481431,0.6841257469567031,0.8102380866361604
2000-05-30,0.7279171097823772,0.8352323351730243,0.6774180258887216,0.7949548652365699
2000-05-31,0.7298748047574818,0.8315630686268976,0.6697614587611682,0.7798919484397685
2000-06-01,0.7316899579941563,0.8266224250783261,0.6613222481036015,0.7653766751204387
2000-06-02,0.733062063155642,0.82034774061134,0.6523150417118813,0.751727862306106
2000-06-03,0.7337244497061212,0.8127504549922803,0.6429925994289386,0.7392408753487903
2000-06-04,0.7334553783993883,0.8039149629044392,0.6336340880617014,0.728174066674713
2000-06-05,0.7320873806865051,0.7939944950057627,0.6245324170500408,0.7187370650477167
2000-06-06,0.7295143539881449,0.7832041258524488,0.6159810998770372,0.7110813498148791
2000-06-07,0.7256960479996967,0.7718111585605908,0.6082611696970126,0.705293469563325
2000-06-08,0.7206597096151157,0.7601232705472097,0.6016286916369127,0.7013911667456554
2000-06-09,0.714498791330356,0.7484749164906359,0.5963033994446707,0.6993225549519526
2000-06-10,0.7073687654395673,0.7372125703264342,0.5924589425087069,0.6989683700593288
2000-06-11,0.6994802190570186,0.7266794451040793,0.5902151636246512,0.700147187150598
2000-06-12,0.6910895280368252,0.7172003563205832,0.5896327419359024,0.7026233684546579
2000-06-13,0.6824875164709404,0.7090673904516255,0.5907104336037835,0.7061173898625734
2000-06-14,0.6739865983177602,0.7025270064932024,0.5933850298758159,0.7103180904669452
2000-06-15,0.6659069652193375,0.6977691362418018,0.5975340335706146,0.7148963059167852
2000-06-16,0.6585624269493681,0.6949187617342498,0.602980935992335,0.7195192860686912
2000-06-17,0.6522465264695638,0.6940303397215937,0.609502862279616,0.7238652632366726
2000-06-18,0.6472195396601442,0.6950853181247598,0.6168402492701249,0.7276375308857388
2000-06-19,0.6436969310051286,0.6979928536571006,0.6247081307350582,0.730577414214372
2000-06-20,0.641839772588946,0.7025936991978352,0.6328085342562695,0.7324755628100049
2000-06-21,0.6417475475235016,0.7086670902570659,0.6408434451991232,0.7331810693157802
2000-06-22,0.6434536541729837,0.7159403281160422,0.6485277683306185,0.7326080135855257
2000-06-23,0.6469238088852338,0.7241006387504801,0.6556017177438351,0.73073914493461
2000-06-24,0.6520574175899002,0.7328087866586821,0.6618420908740471,0.7276265408493364
2000-06-25,0.6586918561817731,0.7417138456147525,0.6670719314263448,0.723389213372845
2000-06-26,0.6666094718048071,0.7504684775388591,0.6711681568255212,0.7182077685044631
2000-06-27,0.6755469976041484,0.7587440483549663,0.6740668152362499,0.7123163534395486
2000-06-28,0.6852069674729426,0.7662449168727229,0.6757657413556309,0.7059922456486958
2000-06-29,0.6952706294470864,0.7727212690694615,0.6763244944748031,0.6995435414126688
2000-06-30,0.7054117905554795,0.7779799340638903,0.6758615817196045,0.6932954849397984
2000-07-01,0.7153109850088575,0.7818927067567452,0.6745490886654726,0.6875760389266281
2000-07-02,0.7246693434051177,0.784401811668806,0.6726049534376957,0.6827013307556528
2000-07-03,0.7332215537673262,0.7855222681196192,0.670283223949554,0.678961613991516
2000-07-04,0.740747345135047,0.7853410530418325,0.667862726548367,0.6766083621987607
2000-07-05,0.7470809893469437,0.7840130984339244,0.6656346441393072,0.6758430623548423
2000-07-06,0.7521184037304077,0.7817542995359361,0.6638895497722087,0.6768082004575378
2000-07-07,0.7558215428262349,0.7788318411575064,0.6629044656021258,0.6795808356071363
2000-07-08,0.7582198863914895,0.7755522674240773,0.6629305160188783,0.6841690451129804
2000-07-09,0.7594089585079279,0.7722478193580317,0.6641817176332617,0.6905113970281538
2000-07-10,0.7595459430709504,0.7692616408202405,0.6668253988551199,0.6984794734979844
2000-07-11,0.7588425885132934,0.7669325030599664,0.6709746701958859,0.7078833342621363
2000-07-12,0.7575557137230642,0.765579719272557,0.6766832763216152,0.7184796804661245
2000-07-13,0.7559757325138943,0.765488912215541,0.6839430562310479,0.7299823602922102
2000-07-14,0.7544137010650237,0.7668992604514135,0.6926841233350634,0.7420747550249027
2000-07-15,0.7531874576457072,0.7699927838164912,0.7027777577042669,0.7544235015437191
2000-07-16,0.7526074638200617,0.7748861391143428,0.7140418835813973,0.766692948515695
2000-07-17,0.7529629694430056,0.7816252867363565,0.726248891660906,0.7785597113225166
2000-07-18,0.7545091095290497,0.7901832627671945,0.7391354626105386,0.7897266864184258
2000-07-19,0.7574555001285981,0.8004611546817871,0.752413960375919,0.7999359095659742
2000-07-20,0.7619568344802147,0.8122922379785498,0.765784894832626,0.8089796931936126
2000-07-21,0.7681058928160962,0.8254490922054788,0.7789499063617856,0.8167095537301421
2000-07-22,0.7759292731435105,0.8396533839242044,0.7916247019893679,0.823042536873967
2000-07-23,0.7853860307670748,0.8545878869739616,0.8035513748539262,0.8279646630833825
2000-07-24,0.7963692865086159,0.8699102120915848,0.8145095658591266,0.8315313421044284
2000-07-25,0.8087107331386281,0.8852676428344629,0.8243259772357132,0.8338647385256155
2000-07-26,0.822187842187459,0.9003124261410118,0.8328818201475088,0.8351482043127423
2000-07-27,0.8365334546506401,0.9147168458836448,0.8401178692460723,0.8356180231459325
2000-07-28,0.851447334354686,0.9281874173002488,0.8460369022205151,0.8355528294926727
2000-07-29,0.866609176509648,0.9404775788131028,0.8507034172829049,0.8352611675154162
2000-07-30,0.8816925000319696,0.9513983237619268,0.8542406411275285,0.8350677366413093
2000-07-31,0.8963788133852754,0.9608263050896857,0.8568249589490383,0.8352989283237795
2000-08-01,0.9103714316640238,0.9687090570489234,0.8586780113695842,0.836268289665766
2000-08-02,0.9234083379637321,0.9750671046643986,0.8600568056316787,0.8382625527840476
2000-08-03,0.9352735240686538,0.9799928684290441,0.8612422756579068,0.8415288439324146
2000-08-04,0.9458063122985372,0.9836464125166513,0.8625267937272306,0.846263634560717
2000-08-05,0.9549082490548733,0.9862482234794079,0.8642011825763168,0.8526039199448793
2000-08-06,0.9625472672965981,0.9880693368679427,0.8665417986792388,0.8606210131429601
2000-08-07,0.9687589351678249,0.9894192457332875,0.8697982543258936,0.8703172271148784
2000-08-08,0.9736447360235632,0.9906321224243766,0.8741823180462094,0.881625590937843
2000-08-09,0.9773674555284816,0.9920519591994653,0.8798584811471379,0.8944126127317709
2000-08-10,0.9801438786077242,0.9940172806690764,0.8869366049177361,0.9084839680368502
2000-08-11,0.9822351172229286,0.9968460998948234,0.89546697163106,0.9235928638409606
2000-08-12,0.9839349940376825,1.0008217792563314,0.9054379568473152,0.9394507108859473
2000-08-13,0.9855569924511094,1.0061804174381959,0.9167764253416139,0.9557396354545062
2000-08-14,0.9874203464631817,1.0131003168274675,0.929350833302691,0.9721262810102197
2000-08-15,0.9898358816232522,1.0216939941961096,0.9429769005343702,0.9882762933835572
2000-08-16,0.99309222924388,1.032003085788881,0.9574256034644041,1.0038688531568747
2000-08-17,0.9974430196550128,1.0439963707554727,0.9724331377872847,1.0186106168214724
2000-08-18,1.0030956172499153,1.0575709998445408,0.9877124130195516,1.032248454251011
2000-08-19,1.0102018923242326,1.0725568754370602,1.0029655739307144,1.044580422916959
2000-08-20,1.0188514352101619,1.0887239905254258,1.0178969986879232,1.0554644967396556
2000-08-21,1.0290675108911889,1.10579240422709,1.0322262026006477,1.064824666119365
2000-08-22,1.0408059318646925,1.1234444155700387,1.0457000804935084,1.0726541411906942
2000-08-23,1.0539568987907264,1.1413384006923764,1.0581039497889901,1.0790155176162768
2000-08-24,1.0683497280597452,1.15912370550387,1.0692709090705668,1.084037897689473
2000-08-25,1.0837602585596402,1.1764559394752616,1.0790891009057175,1.0879110932873652
2000-08-26,1.0999206121969365,1.1930119985892922,1.0875065597855804,1.09087716542681
2000-08-27,1.1165308793009667,1.2085041573805702,1.0945334321379092,1.0932196721944258
2000-08-28,1.133272215457674,1.2226926108869478,1.1002414708307302,1.0952510975045622
2000-08-29,1.1498207742978037,1.235395915436232,1.104760826332477,1.0972990130636902
2000-08-30,1.1658618640277183,1.246498869506481,1.1082742754689812,1.0996915815735762
2000-08-31,1.1811037056541052,1.2559574883697862,1.1110091412996639,1.1027430381436922
2000-09-01,1.1952901883486358,1.263800853916536,1.1132272590780898,1.1067397878341154
2000-09-02,1.208212061456491,1.270129758349268,1.1152134291084101,1.1119277301719346
2000-09-03,1.2197160713378308,1.2751122013001328,1.1172628637872613,1.1185013675666315
2000-09-04,1.2297116415257714,1.2789759381742511,1.1196681803094821,1.1265951761621276
2000-09-05,1.2381748026209694,1.2819984070785302,1.1227065104739562,1.1362776182494254
2000-09-06,1.2451491991789083,1.2844944768693562,1.1266272938761288,1.147548059292013
2000-09-07,1.2507441292721444,1.2868025545823676,1.1316412907424933,1.1603367249865373
2000-09-08,1.2551297027833348,1.2892696625871654,1.137911297069206,1.1745077002014128
2000-09-09,1.2585293310773906,1.2922361410722443,1.1455449699266498,1.1898648379753478
2000-09-10,1.2612098779504324,1.296020647921844,1.154590078070922,1.2061603188890035
2000-09-11,1.2634699045075586,1.3009061149738972,1.1650323864358125,1.2231054846645255
2000-09-12,1.265626524366035,1.3071272776210061,1.1767962673472232,1.2403834699164291
2000-09-13,1.268001446635717,1.3148603255811886,1.1897480114912629,1.2576630769641555
2000-09-14,1.2709068198117193,1.3242151294595432,1.203701693041648,1.2746132839931483
2000-09-15,1.2746314984577185,1.335230384541388,1.2184273311237674,1.2909177490177088
2000-09-16,1.2794283359775982,1.3478718850747082,1.2336609888929424,1.3062886722780498
2000-09-17,1.285503061684901,1.3620340047470976,1.2491163663664173,1.320479407888074
2000-09-18,1.2930052307648803,1.3775443181836429,1.264497377513259,1.3332952705011538
2000-09-19,1.3020216446416193,1.3941711602774427,1.2795111588576904,1.344602062064245
2000-09-20,1.312572530715069,1.4116337910780459,1.293880937889837,1.3543319439018409
2000-09-21,1.3246106491897978,1.4296147194775677,1.307358195737211,1.3624863960098743
2000-09-22,1.338023366107323,1.4477736440811397,1.3197335895609377,1.3691361334221226
2000-09-23,1.3526376013708497,1.4657623985986443,1.3308461546429533,1.374417983217623
2000-09-24,1.3682274342474336,1.4832402449767093,1.340590381735094,1.3785288592986893
2000-09-25,1.3845240321105372,1.4998888422562457,1.3489208586381243,1.3817170996302408
2000-09-26,1.4012274662004198,1.515426233489032,1.3558542720888151,1.3842715466144664
2000-09-27,1.418019895463574,1.5296192364023808,1.3614686821974282,1.3865088506376224
2000-09-28,1.4345795398183963,1.5422936940652123,1.3659001018830652,1.3887595553035452
2000-09-29,1.4505948302881164,1.5533421366779567,1.3693365328860492,1.3913535772005337
2000-09-30,1.4657781171581676,1.5627285209647912,1.3720097230590576,1.3946057211817862
2000-10-01,1.4798783394882995,1.5704898450246494,1.374185012295684,1.3988018734136953
2000-10-02,1.4926921098904118,1.5767345791233578,1.3761497229866488,1.4041864897576837
2000-10-03,1.5040727467163997,1.5816380021014949,1.3782006227602548,1.4109519489961035
2000-10-04,1.5139368904708799,1.5854346846755991,1.3806310413515392,1.4192302733913178
2000-10-05,1.5222684709605012,1.5884085117061781,1.3837182603102465,1.4290876393078031
2000-10-06,1.5291199450033597,1.5908807834991914,1.387711816225979,1.4405220160504675
2000-10-07,1.5346109000186314,1.5931970806262847,1.3928233691358167,1.4534641908597554
2000-10-08,1.5389243146123406,1.5957137175390195,1.3992187926620685,1.4677823716800096
2000-10-09,1.5423009799336007,1.5987847468072922,1.4070131457441586,1.4832905151176028
2000-10-10,1.5450328081355988,1.6027506047052609,1.416269189625175,1.499760509325607
2000-10-11,1.5474559733122455,1.6079296004987524,1.4270001145095053,1.516938347413951
2000-10-12,1.5499450222200126,1.6146135261844157,1.4391771251551433,1.534564441761216
2000-10-13,1.5529092194870389,1.6230686659884779,1.45274247757526,1.5523982227621684
2000-10-14,1.5567924011563032,1.6335433635866001,1.467628418250723,1.5702470878369743
2000-10-15,1.562077432377621,1.6462829910785028,1.483782195938793,1.5879995507851832
2000-10-16,1.5692959226420518,1.661552579197622,1.5011968284317958,1.6056620096834857
2000-10-17,1.579043074820423,1.6796664417996061,1.5199465513232526,1.6233978300236716
2000-10-18,1.5919963934491836,1.7010228210885685,1.5402248188921766,1.6415663850522395
2000-10-19,1.6089354777447789,1.7261399226120326,1.5623813911193307,1.660758326846492
2000-10-20,1.6307583982395022,1.7556878347495533,1.5869535363905154,1.6818217979799133
2000-10-21,1.6584884500837693,1.7905090038130986,1.614684930507767,1.705872780045893
2000-10-22,1.6932637690334862,1.8316185704756012,1.6465247817624242,1.7342816905511889
2000-10-23,1.7363018674204949,1.8801754818606096,1.6835994934885805,1.76862816613814
2000-10-24,1.7888321032642394,1.9374164198907355,1.7271502477478726,1.8106172174346502
2000-10-25,1.8519918491354797,2.004547672330536,1.778432628094313,1.8619530229178711
2000-10-26,1.926686847724244,2.0825952962849343,1.8385789426468109,1.9241717095766222
2000-10-27,2.013422705335668,2.172221038423639,1.9084300470224391,1.998441307623038
2000-10-28,2.112121966976951,2.273519703024764,1.9883505331539062,2.0853449198366283
2000-10-29,2.2219485258727807,2.38582168378721,2.0780480224909903,2.1846707595663224
2000-10-30,2.3411666714201207,2.5075304917840553,2.1764225253071317,2.295238459256568
2000-10-31,2.4670642103774125,2.63602751921482,2.2814738672983537,2.414793220017759
2000-11-01,2.595966440889413,2.767673497268219,2.3902927805529934,2.539996556817653
2000-11-02,2.72335966316864,2.897927425661583,2.4991538043487447,2.666533922645437
2000-11-03,2.844129763942922,3.0215895893512834,2.60371600073485,2.789345775663582
2000-11-04,2.9529047860832094,3.133157330615031,2.6993221086738037,2.9029713128510166
2000-11-05,3.0444729053049486,3.227263336191396,2.781370548352959,3.0019758350604198
2000-11-06,3.1142321087972022,3.2991498147073486,2.8457206176865175,3.081416865596232
2000-11-07,3.158618286581472,3.345121516253004,2.8890822287871774,3.1372940047990028
2000-11-08,3.175456803296963,3.3629186766605947,2.909339827190921,3.166925548372354
2000-11-09,3.1641899031804317,3.3519587241830244,2.9057666376140325,3.169202155684846
2000-11-10,3.1259477500752095,3.313412145483698,2.8790993928050175,3.144683549683823
2000-11-11,3.063452062471372,3.2501006253843174,2.8314629769263266,3.0955258433714454
2000-11-12,2.980764496278872,3.166230487993364,2.7661555796351256,3.0252508421002444
2000-11-13,2.882913037312779,3.0669971341927127,2.6873242306917398,2.9383903306484576
2000-11-14,2.7754450189042004,2.9581126315204056,2.5995745953355835,2.8400541401815538
2000-11-15,2.6639625269498746,2.845316225807596,2.50756540823633,2.735478179808157
2000-11-16,2.5536941369671324,2.7339254953756686,2.4156362144998145,2.6296068283990763
2000-11-17,2.4491471402321228,2.6284752364225445,2.327508086920249,2.526754135749927
2000-11-18,2.353869065746423,2.532474554586399,2.2460829135410636,2.4303726512258885
2000-11-19,2.2703295819169056,2.448293489662087,2.173350631634094,2.3429406608527192
2000-11-20,2.1999170030055426,2.3771723138669785,2.110398397239974,2.2659614945168327
2000-11-21,2.14303025601167,2.3193322534216962,2.0575035333896916,2.2000550568952537
2000-11-22,2.0992388654206042,2.274157494674811,2.0142846434830304,2.14511345660633
2000-11-23,2.0674806847398464,2.2404153767615647,1.9798828678913594,2.100489956583534
2000-11-24,2.0462690979543527,2.216483939894193,1.9531472979300641,2.065192766918366
2000-11-25,2.0338868713776113,2.2005620184996455,1.9328037822397823,2.038061038288541
2000-11-26,2.028551098589428,2.190845045077652,1.9175932319268605,2.017908072088352
2000-11-27,2.0285411755626632,2.1856579594985135,1.906372597332756,2.003624614839738
2000-11-28,2.03228825816923,2.183543785127115,1.8981778288881832,1.9942418957100279
2000-11-29,2.0384294720261105,2.183311756485182,1.8922526802036161,1.9889590539148023
2000-11-30,2.045833037854983,2.184052112450311,1.8880499493126437,1.987142552258216
2000-12-01,2.05360160734018,2.185125975849217,1.8852128305819587,1.988306253450231
2000-12-02,2.061060880159404,2.1861385587240365,1.8835438365372101,1.9920804683308306
2000-12-03,2.067739489723982,2.186902796945805,1.8829677035411179,1.9981769879345461
2000-12-04,2.073344672846949,2.1873989339347153,1.8834932521192798,2.006355376157917
2000-12-05,2.0777367448786026,2.187733937996838,1.885177674048303,2.0163940151117625
2000-12-06,2.0809041239431174,2.188103208275006,1.8880953877325404,2.028067816113365
2000-12-07,2.0829396985370194,2.1887559244885164,1.8923125514463048,2.0411332633947423
2000-12-08,2.0840187276026216,2.189964645722656,1.8978675729885643,2.055320572911504
2000-12-09,2.0843781547344413,2.1919993175034533,1.9047574699138459,2.070332188688673
2000-12-10,2.084297132162299,2.195105626911291,1.912929655469281,2.0858465360847607
2000-12-11,2.084078604325871,2.1994875703551906,1.9222785857118323,2.1015258309233587
2000-12-12,2.0840319243045915,2.205294097139649,1.9326466460928236,2.117026740340981
2000-12-13,2.0844566155654065,2.2126097122203463,1.94382863933574,2.1320127560196727
2000-12-14,2.085627511308385,2.221448931338111,1.9555792347276966,2.1461672404799232
2000-12-15,2.087781584911168,2.231754465544693,1.9676227392352492,2.159206223540233
2000-12-16,2.091106820383219,2.243398966762841,1.9796645497744134,2.17089015003341
2000-12-17,2.095733462166609,2.256190096023216,1.9914036457523723,2.1810339084126356
2000-12-18,2.1017279346485487,2.2698785900475684,2.0025454864168206,2.1895146026561956
2000-12-19,2.1090896413594766,2.2841689099699227,2.0128146937194216,2.196276667054498
2000-12-20,2.117750750857069,2.2987319679730542,2.0219669324936174,2.2013340644748087
2000-12-21,2.127578959553406,2.313219351963492,2.0297994483420503,2.204769451768092
2000-12-22,2.1383830995467394,2.327278411882218,2.0361597905231386,2.2067303381059897
2000-12-23,2.149921339462285,2.3405675387331413,2.0409523314246876,2.207422399258284
2000-12-24,2.1619116151306637,2.352770961921386,2.044142293561355,2.2071002386245095
2000-12-25,2.1740438304477236,2.36361241326798,2.0457571059175934,2.206055999554708
2000-12-26,2.1859932917634946,2.372867056709611,2.0458850295204583,2.204606328712387
2000-12-27,2.1974347853485674,2.3803711593270585,2.0446711124784245,2.2030782630980994
2000-12-28,2.2080566794291827,2.3860290788030034,2.0423106522425885,2.2017946608507017
2000-12-29,2.2175744312989476,2.389817260425793,2.0390404524622694,2.201059816089617
2000-12-30,2.225742906200457,2.3917850682006643,2.0351282587494985,2.201145890023576
2000-12-31,2.2323669669000785,2.392052413757328,2.030860837701026,2.2022807547097236
2001-01-01,2.2373098688726087,2.39080428745426,2.0265312231483312,2.204637783790613
2001-01-02,2.240499092438642,2.388282432202023,2.0224256902037103,2.2083280390006244
2001-01-03,2.241929355827748,2.3847745260882074,2.0188110296431665,2.213395195984405
2001-01-04,2.241662677041168,2.3806013493846137,2.0159226820025573,2.2198134326480767
2001-01-05,2.2398254821484382,2.3761025001781664,2.0139542530714,2.227488373190465
2001-01-06,2.236602887650045,2.371621286880003,2.0130488719773143,2.236261046932493
2001-01-07,2.2322304092369447,2.3674894626093335,2.013292772582942,2.245914689148256
2001-01-08,2.2269834635792507,2.364012474717011,2.014711382352255,2.2561840874893897
2001-01-09,2.221165129446642,2.361455882996276,2.0172680951527346,2.2667670685283996
2001-01-10,2.21509271668295,2.360033554976047,2.020865791810847,2.277337630825698
2001-01-11,2.2090837556537437,2.359898181264095,2.025351062284552,2.2875601706487334
2001-01-12,2.203442068194909,2.3611345767509424,2.030520985721808,2.29710422209837
2001-01-13,2.1984446205334587,2.363756157546624,2.0361322518666367,2.305659155112261
2001-01-14,2.1943299013266726,2.367704927183307,2.0419123752696837,2.3129483560117845
2001-01-15,2.1912886322103033,2.3728552931827096,2.047572782560381,2.318742573190015
2001-01-16,2.1894577275937492,2.379022095568859,2.0528236656249614,2.3228723654105177
2001-01-17,2.188918599320238,2.385973391220022,2.05739071185743,2.3252399609134335
2001-01-18,2.189701165645156,2.3934488201112516,2.0610341585360317,2.3258313297977593
2001-01-19,2.1917952615981253,2.4011847695513935,2.063571057448953,2.3247298686766644
2001-01-20,2.1951714957196313,2.4089479808063565,2.0649021141180097,2.322133719086189
2001-01-21,2.1998138104359373,2.416579549073823,2.0650448421118637,2.3183792276180135
2001-01-22,2.205765826895809,2.4240511759303507,2.064174806238767,2.3139731338225444
2001-01-23,2.2131921290108933,2.4315346489701133,2.0626760782132707,2.3096353584175295
2001-01-24,2.222453544441634,2.4394833863300653,2.0612002982607667,2.3063523147643203
2001-01-25,2.234191849839695,2.4487210970225983,2.060730583797594,2.305437098308419
2001-01-26,2.249414058871303,2.4605270522637386,2.062641847026429,2.3085876061342248
2001-01-27,2.2695599503995316,2.4767005708556082,2.068743243151864,2.3179270146696314
2001-01-28,2.296529912008835,2.4995803309001237,2.081282522964187,2.3360042805788206
2001-01-29,2.3326455013069247,2.5319891752367023,2.10288783428533,2.3657274774788224
2001-01-30,2.3805150044140824,2.5770750260413906,2.1364224322128926,2.4102025605263813
2001-01-31,2.442783409629665,2.638026290274919,2.184734311909201,2.472457359509
2001-02-01,2.5217624409374824,2.7176576922433506,2.2502976508324806,2.5550471264535917
2001-02-02,2.6189614081960495,2.817889592342743,2.33476595585638,2.659563605545094
2001-02-03,2.734570451626393,2.9391771109418294,2.4384850360559844,2.7861010889199376
2001-02-04,2.8669778840052857,3.0799778586422493,2.5600414784855126,2.9327636869725406
2001-02-05,3.012423997248786,3.236369312247857,2.6959411328864507,3.095319057235484
2001-02-06,3.1648958639338067,3.40192911326351,2.8405139059798326,3.2671058054273807
2001-02-07,3.3163449798273175,3.5679669501595295,2.9861200944136774,3.439278167902827
2001-02-08,3.457261348376308,3.7241444528118537,3.12368890111216,3.601421683336465
2001-02-09,3.577570514691699,3.859446932409689,3.2435578667905784,3.742504285912934
2001-02-10,3.667747873310683,3.9633927077627873,3.3365153727745467,3.8520527812460292
2001-02-11,3.7199851827037875,4.02730148754652,3.3948935915506016,3.9213834232990292
2001-02-12,3.729214722075984,4.045411303381401,3.4135320176301174,3.944684913825257
2001-02-13,3.69380782116174,4.0156455864735445,3.3904420347688493,3.919763821552656
2001-02-14,3.615817229519802,3.9398888552136193,3.3270514655828975,3.8483168321969443
2001-02-15,3.500716302773691,3.8237196173965002,3.227984895042718,3.735680402700918
2001-02-16,3.356682838742943,3.6756515060010133,3.100422883404988,3.590106283952816
2001-02-17,3.1935588717431838,3.5060238203159786,2.953160077605654,3.4216975808333934
2001-02-18,3.0216703994893197,3.325739551305365,2.795530814071122,3.241194515011723
2001-02-19,2.850702211554523,3.1450611147992746,2.636381265085583,3.0588108511157834
2001-02-20,2.6887933637280432,2.972642100689166,2.4832401085495484,2.8832917011934
2001-02-21,2.5419593031316094,2.8149091439115885,2.3417851210806555,2.72130235537478
2001-02-22,2.413874303078604,2.675830006379913,2.2156367381139446,2.5771835087200605
2001-02-23,2.3059806032967622,2.557031443047291,2.1064479408757557,2.4530391804842737
2001-02-24,2.2178422362257457,2.4581782715299805,2.0142154747773926,2.349073922260153
2001-02-25,2.1476386734408366,2.377500524663565,1.9377165509238516,2.2640724996920714
2001-02-26,2.0926954426717876,2.312357871518361,1.8749771760043557,2.195917377080133
2001-02-27,2.0499694029333835,2.2597527892773157,1.8236972546890102,2.142060499515115
2001-02-28,2.0164363916118853,2.216736496987986,1.7815852993541779,2.0998967503780723
2001-03-01,1.9893597097835338,2.180684953907908,1.7465838994558092,2.0670180389618764
2001-03-02,1.9664429900268592,2.149449363900952,1.716990157548301,2.0413526553681214
2001-03-03,1.9458872191040366,2.1214031812554013,1.6914901701647265,2.021211053512678
2001-03-04,1.9263788634872223,2.0954153623207943,1.6691331356801227,2.0052663877216057
2001-03-05,1.9070359936602903,2.0707795223825087,1.649270491040227,1.992497823567862
2001-03-06,1.8873347322067668,2.0471236649492695,1.631481112739881,1.982119670362465
2001-03-07,1.8670318967208637,2.0243181002493134,1.6154974967173563,1.9735124676174058
2001-03-08,1.8460933564413646,2.002392208417343,1.6011417910364045,1.9661653570332167
2001-03-09,1.8246325160227401,1.9814650714447928,1.588275656234916,1.959633575629991
2001-03-10,1.802859879928859,1.9616911324392599,1.5767645468931164,1.9535111358343273
2001-03-11,1.7810427242810096,1.9432198254914013,1.5664550497248309,1.9474166080614288
2001-03-12,1.7594731398269225,1.926167161017072,1.5571630462792732,1.9409890169970336
2001-03-13,1.7384426819052134,1.910597093361368,1.548670305545893,1.933890768625287
2001-03-14,1.7182222038667871,1.8965107489931647,1.5407273217764648,1.925814865942348
2001-03-15,1.6990459013384198,1.8838419812076308,1.5330605628172904,1.9164941818928751
2001-03-16,1.6810990063670195,1.8724580836818467,1.5253826493916993,1.9057110822446774
2001-03-17,1.6645088772772025,1.862164773093825,1.5174042867834758,1.8933061569179945
2001-03-18,1.6493394202969267,1.8527147300171154,1.5088470056449457,1.8791852070636121
2001-03-19,1.6355888690594533,1.8438190863193256,1.499455950632558,1.863323955360464
2001-03-20,1.6231909646536276,1.8351612950591354,1.4890121044465985,1.845770216065278
2001-03-21,1.6120195485640316,1.82641284280308,1.4773434692166347,1.8266434956150757
2001-03-22,1.601896525163125,1.8172502851490544,1.4643348597220065,1.806132204583655
2001-03-23,1.5926030840820213,1.8073731163571571,1.44993609911016,1.7844888509122985
2001-03-24,1.5838940033341424,1.7965220270218498,1.4341685458461033,1.7620237490266395
2001-03-25,1.5755147821589937,1.784497155200844,1.4171300123289554,1.7390979100184887
2001-03-26,1.5672212725282775,1.7711759845552542,1.3989982470428262,1.7161158596892905
2001-03-27,1.5588013790771749,1.756530570020211,1.380033224984472,1.6935191453452294
2001-03-28,1.5500982641748198,1.7406437555322338,1.3605785046806023,1.6717812185388825
2001-03-29,1.541034312350685,1.7237239669526134,1.341061844065824,1.6514042006388518
2001-03-30,1.5316348640747885,1.7061179982061057,1.3219951060717057,1.6329177381992603
2001-03-31,1.5220504194381,1.6883209516753757,1.3039732219683775,1.616879734104048
2001-04-01,1.512575649068748,1.6709821540516625,1.287671625896242,1.6038782146872272
2001-04-02,1.503663165031975,1.6549054788109647,1.27384115831744,1.5945330024978024
2001-04-03,1.4959296558379078,1.6410421270772109,1.263299014776803,1.5894952766893606
2001-04-04,1.4901517595611964,1.6304736391205865,1.2569139697479943,1.5894426132305184
2001-04-05,1.4872490397423146,1.6243828409455219,1.2555839334786376,1.5950668217093469
2001-04-06,1.4882517497197807,1.6240106951754787,1.26020401057861,1.6070519589359133
2001-04-07,1.4942518194500134,1.6305977312222024,1.271623720068428,1.626040413598716
2001-04-08,1.5063367342128784,1.6453099453059221,1.2905929711458892,1.6525859934783178
2001-04-09,1.5255076917513775,1.6691507859457506,1.3176977711983453,1.687094512218046
2001-04-10,1.5525855303563736,1.7028629803180708,1.3532883957059498,1.7297543795376276
2001-04-11,1.5881102215967828,1.7468263082302595,1.39740470365076,1.7804619547874019
2001-04-12,1.6322419279611564,1.8009596862229138,1.4497051773718708,1.8387486353501608
2001-04-13,1.6846733773446032,1.864637700995473,1.5094077769555438,1.9037184502100237
2001-04-14,1.7445642204206488,1.9366326207272302,1.5752514785803955,1.9740059211155538
2001-04-15,1.810507774159024,2.015092552770825,1.6454871042840071,2.0477637874440524
2001-04-16,1.8805388926489035,2.097564569746349,1.717904543622143,2.122688632428698
2001-04-17,1.9521886065258738,2.181068254007366,1.7899006793211398,2.196089451505288
2001-04-18,2.022586824944197,2.262220419334064,1.8585884315303245,2.2649999555325366
2001-04-19,2.0886092262384883,2.3374062195757563,1.9209427170703526,2.3263303323101945
2001-04-20,2.147059102012607,2.402986122383515,1.9739743518475386,2.3770489336608835
2001-04-21,2.194870109196676,2.455523113966595,2.014918684378779,2.4143796678258242
2001-04-22,2.229312372390993,2.4920108108421046,2.041422715035226,2.4359975154889564
2001-04-23,2.2481827826987346,2.510081549870635,2.0517131891499565,2.4402031778079913
2001-04-24,2.2499610289595053,2.5081744025468233,2.044728983815334,2.4260587769234077
2001-04-25,2.2339159107996567,2.485646448844104,2.020204064286815,2.3934697937814002
2001-04-26,2.2001514993736593,2.4428161974706137,1.9786920631695348,2.3432037072296965
2001-04-27,2.1495890896934036,2.380935054598448,1.9215295367896572,2.2768424266651137
2001-04-28,2.0838877650250747,2.302090284359568,1.8507413785175724,2.196672696544716
2001-04-29,2.0053128261472084,2.209049948371178,1.768897846565501,2.1055252235654227
2001-04-30,1.9165664609193138,2.1050659193759325,1.6789373951327617,2.006578447238834
2001-05-01,1.8205981965514548,1.9936545347057333,1.5839723875321778,1.9031459811760163
2001-05-02,1.720413560610647,1.8783754327035709,1.4870955177737029,1.7984674650691255
2001-05-03,1.61889800659516,1.7626276302526007,1.3912034029567417,1.6955209251188244
2001-05-04,1.518669895648723,1.6494783409713767,1.2988506682921934,1.5968711242446592
2001-05-05,1.4219717749082132,1.5415350587117416,1.2121434943330536,1.5045634294522372
2001-05-06,1.3306040904613654,1.440865836577249,1.1326767158490902,1.420067201361253
2001-05-07,1.245900552378039,1.3489672735617844,1.061513836669298,1.3442673872899056
2001-05-08,1.1687402467364996,1.2667751489016614,0.9992053301349838,1.2774985201151607
2001-05-09,1.0995886821719432,1.1947093741492614,0.9458377232323743,1.219612130312652
2001-05-10,1.0385584480352668,1.1327431668800012,0.9011043899149205,1.1700668641825447
2001-05-11,0.9854800026658715,1.0804860450529663,0.8643886721286042,1.1280303278060502
2001-05-12,0.9399740765356724,1.0372711580512672,0.8348507038409881,1.0924826147618678
2001-05-13,0.9015189244999057,1.0022392459495781,0.8115108254700636,1.0623132766956542
2001-05-14,0.8695078115245606,0.9744137444241303,0.7933243958290861,1.0364057654717582
2001-05-15,0.843294309256857,0.9527638467476836,0.7792448094446843,1.0137057429011265
2001-05-16,0.8222249315662896,0.9362543918626968,0.7682733473165387,0.9932718205155615
2001-05-17,0.8056601589441695,0.9238830690582591,0.7594959559227827,0.9743090582711684
2001-05-18,0.7929859099969818,0.9147065250905407,0.7521080819454036,0.956186821724853
2001-05-19,0.7836180180522624,0.907857533642538,0.745429288642264,0.9384433669348984
2001-05-20,0.7770023325451149,0.9025555143746519,0.7389096027304188,0.920779852431884
2001-05-21,0.7726127968773016,0.8981124839918401,0.7321294805934988,0.903046468139292
2001-05-22,0.7699493777314169,0.8939361115927489,0.7247950426111684,0.8852231349016546
2001-05-23,0.7685371484952732,0.8895310526363064,0.7167298997727897,0.8673968706156451
2001-05-24,0.7679272538741158,0.8844992446381335,0.707864563587529,0.8497375248087186
2001-05-25,0.7676999696668961,0.8785394284478485,0.6982241404787556,0.8324732118385173
2001-05-26,0.7674696600129982,0.8714458478037477,0.6879147931837964,0.8158664569276984
2001-05-27,0.7668911401083451,0.8631058881555369,0.6771093117943068,0.8001918206641828
2001-05-28,0.765666774056874,0.853496336446902,0.6660320689401016,0.7857155825591919
2001-05-29,0.7635535625326515,0.8426779580370132,0.6549436214037394,0.7726779298135841
2001-05-30,0.7603694847690025,0.8307881710268576,0.6441252446298814,0.7612779970441093
2001-05-31,0.755998433770283,0.8180317267980923,0.6338637278281568,0.7516620203198153
2001-06-01,0.7503932031786404,0.8046694555192181,0.6244367990253288,0.7439147914793486
2001-06-02,0.7435761319078219,0.791005287434757,0.616099578850528,0.7380545176272225
2001-06-03,0.7356371743479025,0.777371899993004,0.609072470712376,0.7340311016320141
2001-06-04,0.7267293283207792,0.7641154566074013,0.6035308790733773,0.7317277619354906
2001-06-05,0.7170615111194721,0.7515799881811396,0.5995971058962742,0.7309658065784116
2001-06-06,0.7068891189455689,0.7400920197043325,0.5973347098580166,0.7315122715992886
2001-06-07,0.696502631465541,0.7299460600542207,0.5967455273666405,0.7330900334655429
2001-06-08,0.686214726885311,0.7213915544091137,0.5977694538229759,0.7353899148110707
2001-06-09,0.6763464508172955,0.7146218478468588,0.6002869737238505,0.7380842279755059
2001-06-10,0.6672130322158728,0.7097656294324673,0.6041243151766703,0.7408411463468105
2001-06-11,0.6591099607179973,0.7068812231098104,0.6090609941921822,0.7433392628578996
2001-06-12,0.6522999318036621,0.7059539704781033,0.6148394123976152,0.7452816904362367
2001-06-13,0.6470012302900958,0.7068968170906402,0.621176083639472,0.7464090816287046
2001-06-14,0.6433780608377714,0.7095540746277623,0.6277739946270985,0.74651099351732
2001-06-15,0.6415332494114452,0.7137081926328055,0.6343355556880115,0.7454350975851177
2001-06-16,0.6415036359394999,0.7190892417792151,0.640575572214271,0.7430938293713735
2001-06-17,0.6432583604412796,0.7253866917923912,0.6462336667202179,0.7394681855284511
2001-06-18,0.6467001179123575,0.7322629664938192,0.6510856057119394,0.7346085013903575
2001-06-19,0.6516693269018543,0.7393681804449546,0.6549530337676895,0.7286321749237086
2001-06-20,0.6579510287415042,0.7463554098033907,0.65771118725601,0.7217184371528581
2001-06-21,0.6652842144332978,0.7528958265612776,0.6592942489133276,0.7141003989526196
2001-06-22,0.6733731695513764,0.7586930313563764,0.6596981081727818,0.7060547237910485
2001-06-23,0.6819003388556907,0.7634959552705076,0.6589804061306684,0.697889380327609
2001-06-24,0.6905401455481195,0.7671097639140092,0.6572578633501223,0.6899300131479037
2001-06-25,0.6989731581613102,0.7694042848766052,0.6547010080923974,0.6825055306391584
2001-06-26,0.7068999828000071,0.7703195884487253,0.6515265367892508,0.6759335434136108
2001-06-27,0.7140542705254376,0.7698684766016826,0.6479876426070759,0.6705062932585064
2001-06-28,0.7202142685551733,0.7681357710644031,0.6443627372335549,0.6664776910431763
2001-06-29,0.7252124079355594,0.7652744319797712,0.6409430616179034,0.6640520332923512
2001-06-30,0.7289425066198792,0.7614986778854276,0.6380197302144092,0.6633748933813878
2001-07-01,0.7313642716621894,0.7570744095231312,0.6358707781707224,0.6645265877639185
2001-07-02,0.7325049029104628,0.7523073584483643,0.6347487807737787,0.6675185045037686
2001-07-03,0.7324577279390396,0.747529481382409,0.634869589322773,0.6722924556218595
2001-07-04,0.7313779284036188,0.7430841983301858,0.6364026785451679,0.6787230819109871
2001-07-05,0.729475545800639,0.7393111232919083,0.6394635298635332,0.6866232047543139
2001-07-06,0.7270060741517265,0.7365309586927489,0.6441083853693201,0.6957518900000665
2001-07-07,0.724259053160548,0.7350312174626873,0.6503316031947716,0.7058248697844419
2001-07-08,0.7215451632453282,0.7350534003343857,0.6580657306729069,0.7165268645929216
2001-07-09,0.7191823896752093,0.7367821919882355,0.6671842922600905,0.7275252643590097
2001-07-10,0.7174818639403684,0.7403371509698597,0.677507169912939,0.7384845676873905
2001-07-11,0.7167340046671393,0.7457672587339377,0.6888083397024062,0.7490809449792662
2001-07-12,0.7171955672273127,0.7530485675435009,0.700825624917648,0.7590162857946539
2001-07-13,0.7190781712635372,0.7620850507956796,0.7132720373097641,0.7680311134489913
2001-07-14,0.7225388104146976,0.7727126186356462,0.7258482083436217,0.7759157996136068
2001-07-15,0.7276727614295613,0.784706122642873,0.7382553644309859,0.7825195863847008
2001-07-16,0.7345092044306594,0.7977890420384863,0.7502082762142794,0.7877570196213622
2001-07-17,0.7430097469655887,0.8116454260401661,0.7614476131080341,0.7916115110971257
2001-07-18,0.7530699168937441,0.8259335678585871,0.7717511604342635,0.7941358731638056
2001-07-19,0.7645235587090607,0.8403008097425162,0.7809434064606567,0.7954498026479807
2001-07-20,0.7771499403251634,0.8543988287815385,0.7889030782709383,0.7957344247447348
2001-07-21,0.7906832582538641,0.8678987320495173,0.7955682955180144,0.7952241368504311
2001-07-22,0.8048241237240333,0.8805052980467334,0.8009391157730033,0.7941961109106686
2001-07-23,0.8192525252458032,0.8919697389059641,0.8050773597881227,0.7929579157384823
2001-07-24,0.8336416982494796,0.9021004228198258,0.8081037245032664,0.791833803361054
2001-07-25,0.8476722925697494,0.9107710857676697,0.8101923107937135,0.7911502621512304
2001-07-26,0.8610462154552999,0.9179261719325197,0.8115628065438903,0.7912214717139674
2001-07-27,0.873499542036859,0.9235830683550821,0.8124706686485106,0.7923352988119299
2001-07-28,0.8848139261567303,0.927831135829547,0.8131957354615152,0.7947404498394562
2001-07-29,0.8948260103499907,0.9308275788091697,0.8140297701719118,0.7986353445344521
2001-07-30,0.9034344216766779,0.9327903359735147,0.8152634825540748,0.8041591999865051
2001-07-31,0.910604046172965,0.9339883040114901,0.8171735994545136,0.811385716879732
2001-08-01,0.9163673942570403,0.9347293243432896,0.8200105522307991,0.8203196455677702
2001-08-02,0.9208229972385974,0.935346460791923,0.8239873222455336,0.8308963830399477
2001-08-03,0.9241309055236232,0.9361831713025782,0.8292699346302592,0.8429846186618122
2001-08-04,0.926505486447166,0.9375780253964024,0.8359700181069852,0.8563919126114088
2001-08-05,0.9282058383107867,0.9398496389995468,0.8441397578708302,0.8708729620709934
2001-08-06,0.9295242419355374,0.9432824887317672,0.8537694633851187,0.886140192134229
2001-08-07,0.9307731572636343,0.9481142290913706,0.8647878580402394,0.9018762062404064
2001-08-08,0.9322713364642221,0.9545250699329982,0.877065078028262,0.9177475492380845
2001-08-09,0.9343296638119261,0.9626296811033022,0.8904182487416279,0.9334191785009311
2001-08-10,0.9372373446061179,0.9724719800548064,0.9046193937467826,0.9485690074027635
2001-08-11,0.9412490500565406,0.9840230315793006,0.9194053288887679,0.9629018822741127
2001-08-12,0.9465735830514681,0.9971821520549369,0.9344891068538816,0.976162378848849
2001-08-13,0.953364562893556,1.011781169794366,0.9495725093873704,0.9881458560732412
2001-08-14,0.9617135383725681,1.0275916544014057,0.9643590383251253,0.9987072817123052
2001-08-15,0.9716458318411788,1.0443347975843682,0.978566834675438,1.0077674420855918
2001-08-16,0.9831192969583997,1.0616935113673245,0.9919409581422656,1.0153162631950883
2001-08-17,0.9960260447375725,1.0793262122054206,1.004264487576508,1.0214130974219695
2001-08-18,1.010197062107537,1.0968816854280452,1.0153679546420757,1.0261839632900698
2001-08-19,1.0254095200974043,1.1140143769591044,1.0251366962130761,1.0298158596643512
2001-08-20,1.041396450571722,1.1303994404830158,1.0335158024596087,1.0325484042902342
2001-08-21,1.0578583663665881,1.1457468789633174,1.0405124432147836,1.034663164136795
2001-08-22,1.0744763142812321,1.1598141592063087,1.0461954704031995,1.0364711464182568
2001-08-23,1.0909257874161247,1.1724167452467504,1.050692313990088,1.03829899997809
2001-08-24,1.1068908855840065,1.1834360877687908,1.0541833078223022,1.0404745333777363
2001-08-25,1.1220781016139654,1.1928247185454042,1.0568936946523426,1.0433121860480878
2001-08-26,1.1362291277998144,1.2006082260728568,1.0590836616033892,1.0470990909175713
2001-08-27,1.1491321197906996,1.2068840256042515,1.061036843866418,1.0520823409355302
2001-08-28,1.1606309229927214,1.2118169776275118,1.0630478017180354,1.0584580190060662
2001-08-29,1.1706318560675806,1.2156320472998172,1.0654090210525078,1.0663624733596577
2001-08-30,1.1791077534447414,1.2186043273585125,1.0683980085519615,1.075866221722866
2001-08-31,1.1860990891913783,1.2210468628657822,1.0722650484552323,1.0869707521351208
2001-09-01,1.1917121328181157,1.223296812720896,1.0772221588110686,1.0996083609815919
2001-09-02,1.1961142180038542,1.2257005559465755,1.083433732393226,1.1136450353548197
2001-09-03,1.1995263320701768,1.2285983971140573,1.0910092734289345,1.12888625308893
2001-09-04,1.2022133517513867,1.2323095428779811,1.0999985492011624,1.1450854456065946
2001-09-05,1.2044723542179618,1.2371180096736811,1.1103893694751676,1.1619547517132425
2001-09-06,1.2066195168755707,1.243260081709555,1.1221080912334165,1.1791775898066317
2001-09-07,1.2089761814628535,1.2509138702637654,1.1350228264533428,1.1964224960656928
2001-09-08,1.2118546946851294,1.2601914329609223,1.148949211891344,1.2133576205515013
2001-09-09,1.2155446474345382,1.2711337992175586,1.1636584872622846,1.2296652442395866
2001-09-10,1.2203001171289782,1.2837091203475592,1.1788875267730508,1.2450556790770424
2001-09-11,1.2263284736220226,1.2978140255211315,1.1943503831380162,1.25927994026073
2001-09-12,1.233781240430893,1.3132781239059441,1.209750836744778,1.2721406338732826
2001-09-13,1.2427474127179934,1.3298714550761637,1.2247953984705657,1.283500581421907
2001-09-14,1.253249525511877,1.3473145602282537,1.239206194713646,1.293288802255592
2001-09-15,1.2652426448087788,1.3652907315839382,1.2527331683761633,1.3015035909209656
2001-09-16,1.2786163257657486,1.3834599016501328,1.2651650595875976,1.308212554154698
2001-09-17,1.293199451824019,1.4014735619486607,1.2763386835711885,1.3135496057932816
2001-09-18,1.3087677420148303,1.4189900555911004,1.2861460978734987,1.3177090515395586
2001-09-19,1.325053596461648,1.4356895716438798,1.294539343912594,1.320937023387222
2001-09-20,1.3417578473540306,1.4512881823281654,1.3015325543786682,1.3235206399516137
2001-09-21,1.3585628989440297,1.465550306152921,1.3072013337599855,1.325775368871928
2001-09-22,1.3751466790859739,1.4782990492417303,1.3116794390827289,1.328031146447305
2001-09-23,1.3911967891892225,1.4894239703485115,1.3151529065836667,1.330617864279431
2001-09-24,1.4064242307536217,1.498885928274526,1.3178518822730598,1.3338508605240353
2001-09-25,1.4205761053041428,1.5067187986382955,1.3200405152720256,1.3380170531934963
2001-09-26,1.4334467297415503,1.5130279846051362,1.3220053580134792,1.3433623248369637
2001-09-27,1.4448866789454322,1.5179857872613194,1.324042783182381,1.3500807131413013
2001-09-28,1.4548093589355189,1.5218238397271917,1.3264459708396523,1.3583058830545176
2001-09-29,1.4631948231796774,1.5248229389589476,1.3294920387775884,1.3681052565889527
2001-09-30,1.4700906672553895,1.5273007251350692,1.3334298842304715,1.3794770612182987
2001-10-01,1.475609968196775,1.529597756069737,1.3384692763424924,1.3923504323793514
2001-10-02,1.4799263696548077,1.5320625999542854,1.3447716883887728,1.4065885764887451
2001-10-03,1.483266548009019,1.535036622151146,1.3524432902193262,1.421994875270956
2001-10-04,1.485900424128667,1.5388391708488347,1.3615304398051102,1.4383216978743227
2001-10-05,1.4881296080854545,1.5437538742968564,1.3720179246281514,1.4552815925335696
2001-10-06,1.4902746786686525,1.5500167533583875,1.383830116790687,1.472560462997964
2001-10-07,1.4926620063201848,1.557806833371732,1.3968351288200527,1.4898323049726676
2001-10-08,1.495610928225727,1.5672399159576174,1.4108519989544732,1.5067750917340967
2001-10-09,1.4994221785360116,1.5783661510544065,1.4256609025201339,1.5230874605883027
2001-10-10,1.504368563291717,1.5911720355747734,1.441016383457445,1.5385059626520194
2001-10-11,1.5106889411353193,1.605587454328043,1.4566636238824364,1.552822788925214
2001-10-12,1.518586610220793,1.6214983566478716,1.472357805895841,1.5659040548101077
2001-10-13,1.5282331781348972,1.6387655981448643,1.4878866403884403,1.5777088757960627
2001-10-14,1.5397788580542262,1.6572503220286685,1.5030960971779608,1.5883095428094287
2001-10-15,1.5533698281228592,1.6768459413136683,1.5179192081812622,1.5979130328097262
2001-10-16,1.5691727405670737,1.697516233857784,1.5324074593892278,1.6068837842166945
2001-10-17,1.5874056067921192,1.7193382037813199,1.5467636712302053,1.6157670486678282
2001-10-18,1.6083730793084496,1.7425471541176385,1.5613743502827306,1.6253111522755794
2001-10-19,1.6325026277523795,1.7675798815639374,1.5768382945646908,1.6364856771608038
2001-10-20,1.660376388053949,1.79511017346983,1.5939868546246216,1.6504910239979882
2001-10-21,1.6927517979613182,1.8260691209921727,1.6138899118094672,1.6687532833726673
2001-10-22,1.730562894979963,1.8616415612473107,1.6378406711755238,1.6928972075001887
2001-10-23,1.7748938207400802,1.903229733900115,1.6673122101890407,1.7246898189294293
2001-10-24,1.8269171508943711,1.9523765203676353,1.7038798309413463,1.7659483325176744
2001-10-25,1.887792559643744,2.01064386173343,1.749106003069005,1.8184090197992837
2001-10-26,1.9585261961871616,2.0794472962384845,1.804389203610985,1.8835585801253862
2001-10-27,2.0397977673388104,2.159854767196247,1.8707840457825067,1.9624362677560327
2001-10-28,2.131769963780554,2.252366144307402,1.9488070765077943,2.0554227200366983
2001-10-29,2.2339023188615825,2.3566979584753374,2.038249393846057,2.1620388920449543
2001-10-30,2.344797267534035,2.4716039644608045,2.138022339352014,2.280784108670111
2001-10-31,2.46210841093207,2.5947645164565194,2.2460644276756643,2.409044288654741
2001-11-01,2.582538418966559,2.7227748910203755,2.3593351323157483,2.543098476767195
2001-11-02,2.7019459609042134,2.851253912056843,2.4739135545781052,2.6782432738044863
2001-11-03,2.8155679295386284,2.9750799461028987,2.5852077272529663,2.80904099002171
2001-11-04,2.9183465892065708,3.088743244626484,2.6882647994389535,2.929679994750529
2001-11-05,3.0053337471387835,3.186784543719752,2.7781560294547396,3.0344174970526785
2001-11-06,3.072128849579823,3.2642732826833787,2.8503963571621047,3.118059202180686
2001-11-07,3.115298222391677,3.3172682157985207,2.901349271830933,3.176420231500287
2001-11-08,3.1327209127223625,3.3432011662546475,2.928565953482438,3.2067098474187317
2001-11-09,3.1238137362769365,3.3411322849707688,2.931014162656179,3.2077899133606147
2001-11-10,3.089603435617389,3.3118416157637935,2.9091663917310675,3.1802728598894694
2001-11-11,3.0326348603561284,3.2577443915158946,2.8649361194750473,3.1264466962890167
2001-11-12,2.9567271222376013,3.182642335140216,2.8014722548177153,3.0500385185721735
2001-11-13,2.866610645584538,3.0913458755921273,2.72284123150095,2.9558497774668457
2001-11-14,2.7674932602295206,2.9892186538064993,2.633640345609611,2.849312497765714
2001-11-15,2.6646105247375442,2.881703344656821,2.5385925581527933,2.736023154309023
2001-11-16,2.5628135690074543,2.7738858430328643,2.4421714149766713,2.6213092222374628
2001-11-17,2.4662379056802575,2.6701443300672105,2.3482958771527342,2.5098735466434814
2001-11-18,2.378081288371376,2.5739132471695902,2.260120914560228,2.405546089303744
2001-11-19,2.3005009828245147,2.487573202439468,2.179933620768635,2.311154584003221
2001-11-20,2.2346240007355567,2.4124598056600357,2.109149326914279,2.228508490684544
2001-11-21,2.18065054875176,2.348970201992701,2.0483901313316077,2.158477076626778
2001-11-22,2.138022745575281,2.2967373496074517,1.9976208649398857,2.101134090100252
2001-11-23,2.1056279524070023,2.254839282813279,1.9563151360264004,2.0559387308625974
2001-11-24,2.0820081938547563,2.2220130100079905,1.923626136949615,2.0219247893615298
2001-11-25,2.0655527522624504,2.196848835432456,1.898542089616691,1.9978755172313363
2001-11-26,2.0546584334026203,2.1779489635662577,1.8800130231381664,1.9824692945378541
2001-11-27,2.0478496462306053,2.1640425365953098,1.8670425630247716,1.9743888533876754
2001-11-28,2.043857095797365,2.154056451591771,1.8587444480660125,1.9723934562077585
2001-11-29,2.041658832256696,2.1471466224121065,1.8543679161773523,1.9753582738438897
2001-11-30,2.040490397402192,2.1426975413609872,1.8532987052786531,1.9822880346370009
2001-12-01,2.039832021859234,2.140299230722622,1.8550433522776184,1.992312995631718
2001-12-02,2.0393806527085,2.139710391472113,1.8592041199172573,2.004674846653184
2001-12-03,2.0390135279845647,2.1408152947060093,1.865450701572947,2.0187088185685167
2001-12-04,2.0387485299526524,2.1435802318331976,1.8734932881762145,2.033826522197123
2001-12-05,2.038705011676052,2.1480135457158283,1.8830599769813465,2.049502282938508
2001-12-06,2.0390674401995916,2.1541316707870437,1.893880087157523,2.065264212288345
2001-12-07,2.040053150671384,2.1619323468833165,1.9056738364269181,2.080690096280514
2001-12-08,2.041884778975122,2.1713752665171215,1.9181480510429214,2.0954074067402924
2001-12-09,2.04476749475911,2.1823698293738167,1.9309970953968634,2.1090963127616247
2001-12-10,2.048870921947717,2.1947693397483996,1.9439079562305743,2.1214944134016815
2001-12-11,2.054315535188029,2.208370815459975,1.9565683326260739,2.1324019475061826
2001-12-12,2.0611632940257376,2.2229195138303193,1.96867660727982,2.1416863907216133
2001-12-13,2.0694122749866466,2.238117272401216,1.9799526617220797,2.149285566795347
2001-12-14,2.078995056220278,2.253633778205145,1.9901486175893408,2.1552086407902915
2001-12-15,2.0897805862314685,2.269119903819341,1.9990587197160878,2.1595346009093577
2001-12-16,2.1015792248552216,2.2842222761141713,2.0065277154552463,2.162408058977456
2001-12-17,2.1141505853076152,2.298598275909906,2.012457224363961,2.164032399905222
2001-12-18,2.1272137386441643,2.3119307078418796,2.0168097318172453,2.164660484180829
2001-12-19,2.14045927506789,2.3239414340887263,2.019609978469384,2.164583252971217
2001-12-20,2.153562658497719,2.334403336584313,2.02094365357434,2.1641167018325094
2001-12-21,2.1661982684706014,2.343150061423257,2.020953431966473,2.163587775632058
2001-12-22,2.1780535018563407,2.3500831059111715,2.0198325191341215,2.1633197935500554
2001-12-23,2.188842309183384,2.355175930813962,2.017815982859024,2.163618038773257
2001-12-24,2.1983175679723055,2.3584749140453454,2.015170249683854,2.1647561430977027
2001-12-25,2.206281748063619,2.3600971024233006,2.0121812264742664,2.166963863266977
2001-12-26,2.212595399755822,2.360224859659087,2.0091415684718337,2.170416785529792
2001-12-27,2.2171830916309103,2.359097645548706,2.006337653102612,2.175228410591611
2001-12-28,2.2200365371993764,2.3570012876017157,2.004036831916605,2.1814449667510947
2001-12-29,2.2212147731110257,2.3542552166246975,2.002475520900385,2.1890431792414975
2001-12-30,2.220841381272322,2.3511982272867735,2.0018486526096186,2.1979310939555092
2001-12-31,2.2190988771176987,2.348173389528038,2.0023009537511474,2.207951919551766
2002-01-01,2.216220510807222,2.3455127739947583,2.003920431646487,2.218890719332036
2002-01-02,2.2124798418029705,2.34352266286673,2.006734355961566,2.2304836590751016
2002-01-03,2.2081785451248743,2.3424698961315635,2.0107079124626717,2.242429404726159
2002-01-04,2.203632985319243,2.3425699535106226,2.015745588186628,2.2544021694183742
2002-01-05,2.199160148408046,2.343977296078376,2.0216952274821542,2.2660658369294895
2002-01-06,2.195063550519688,2.3467783925722743,2.028354581230851,2.277088541611654
2002-01-07,2.1916197434589266,2.3509877380056823,2.0354800624994964,2.2871570653262863
2002-01-08,2.189066012467351,2.356547042040724,2.0427973260521872,2.29599042121669
2002-01-09,2.187589811743212,2.3633276282213282,2.050013211497034,2.303352032662877
2002-01-10,2.1873204126735657,2.371135950285403,2.0568285352047413,2.3090599834002044
2002-01-11,2.1883231542249217,2.379722007470096,2.0629511896205384,2.312994911601913
2002-01-12,2.190596593550371,2.388790338129954,2.0681090161940037,2.315105247881553
2002-01-13,2.1940727704652363,2.398013204168432,2.072061967679636,2.315409658191329
2002-01-14,2.198620739659016,2.40704556571969,2.0746131776547063,2.3139967547502334
2002-01-15,2.204053512188545,2.4155415086140204,2.075618723870048,2.311022393368515
2002-01-16,2.210138609833216,2.423171952108456,2.0749961243260784,2.306705199774521
2002-01-17,2.2166125987966536,2.4296437554901873,2.0727319565617153,2.301321376661487
2002-01-18,2.223200249134621,2.434720771816958,2.0688894475288353,2.2952003431601105
2002-01-19,2.2296393512928128,2.438247946815588,2.0636174239064644,2.28872332776647
2002-01-20,2.2357126457036354,2.4401801541404757,2.0571625722111517,2.2823275993093115
2002-01-21,2.2412886361856783,2.440617927603435,2.0498873897759124,2.276519418966446
2002-01-22,2.2463730053478517,2.439852312766563,2.0422962683957304,2.2718987610848247
2002-01-23,2.2511715639498404,2.4384203135512945,2.0350715003181774,2.2691980034304113
2002-01-24,2.2561637187909858,2.4371703881453683,2.029119234936737,2.2693346898878097
2002-01-25,2.2621819661041074,2.437333750277027,2.025622203131793,2.2734747444195653
2002-01-26,2.270487797979176,2.4405917337711447,2.026091262519871,2.2830970555443653
2002-01-27,2.2828280474684983,2.4491226102382924,2.032401870758346,2.300043575314055
2002-01-28,2.3014492389221544,2.4656042484612652,2.0467955231818062,2.3265321750879293
2002-01-29,2.329042938856368,2.493144014546215,2.0718218273430447,2.365104527890235
2002-01-30,2.3685950550851196,2.5351071831883756,2.1101966623968536,2.418480970289931
2002-01-31,2.423119216512775,2.5948227911151234,2.164558285526291,2.4893014371523035
2002-02-01,2.4952706073555415,2.6751632886693124,2.2371179878703544,2.5797480508917516
2002-02-02,2.5868617244063183,2.7780213201868524,2.3292247905679626,2.6910705842408684
2002-02-03,2.6983322981128803,2.903740063655481,2.44089179425944,2.8230675398303604
2002-02-04,2.8282556662852185,3.0505858774770584,2.570359271623995,2.9736064151018464
2002-02-05,2.9729844490539095,3.2143740776446323,2.7137883666599283,3.1382878256565183
2002-02-06,3.126540412917755,3.3883607530228135,2.865181032862586,3.310360243921421
2002-02-07,3.280830586895667,3.5634887739432077,3.016600773978104,3.480968639967817
2002-02-08,3.4262232988040067,3.7290238018417132,3.158724199028667,3.639770558391932
2002-02-09,3.5524505534364073,3.8735434251591263,3.281691550479504,3.7758840457279907
2002-02-10,3.649730842118306,3.9861643980910233,3.3761578741211977,3.8790575287170372
2002-02-11,3.709946943051074,4.05782866468714,3.434391826281399,3.9408906515940023
2002-02-12,3.7276836521180092,4.082436888048057,3.451241993618603,3.9559048218555626
2002-02-13,3.7009415784370123,4.057630348144714,3.424801059001632,3.922274008926006
2002-02-14,3.631395800418176,3.9850790244447953,3.356646777151503,3.842080849206377
2002-02-15,3.524151644163655,3.8702239223954535,3.251615708562971,3.7210493402865428
2002-02-16,3.3870446881276055,3.721524248618923,3.117153116801091,3.56780333376757
2002-02-17,3.229615591900682,3.5493503412484135,2.9623594475098347,3.3927862438084597
2002-02-18,3.0619430629675066,3.3647203293216386,2.7969024931971647,3.2070318552741854
2002-02-19,2.893529548656766,3.1780908048391145,2.629974886378593,3.02098784919294
2002-02-20,2.7324047203069606,2.998380038044568,2.469449544751854,2.8435633272738485
2002-02-21,2.5845524025731446,2.832338216678464,2.321331137295853,2.681510435080241
2002-02-22,2.4536943957734327,2.6843013094431054,2.189535279605531,2.5391757705277955
2002-02-23,2.341397525934246,2.5562927515980647,2.0759654495000226,2.418588041713199
2002-02-24,2.2474219950861047,2.448385083057259,1.9808131973899872,2.319798582022797
2002-02-25,2.1702064064685707,2.359209184271633,1.902986286773572,2.241367761914439
2002-02-26,2.107386993915786,2.286501082651637,1.8405712862846122,2.1808923309866706
2002-02-27,2.056269243292788,2.227598585887825,1.7912560095292527,2.1354897518589495
2002-02-28,2.0142002197469053,2.1798324798571285,1.752664754523199,2.102186352197952
2002-03-01,1.9788207401777125,2.1407902413021813,1.7225874717757568,2.078187603998554
2002-03-02,1.9482016519457734,2.1084572465529767,1.6991069055051715,2.0610344558430067
2002-03-03,1.9208847190919924,2.0812578800984873,1.6806424915885203,2.0486661330192475
2002-03-04,1.8958557730518533,2.0580265465214,1.66593618060046,2.039416983281199
2002-03-05,1.8724776817624285,2.0379383436252794,1.6540050730812237,2.031974672308514
2002-03-06,1.8504060401898181,2.020423997309816,1.6440813093183664,2.0253221222782387
2002-03-07,1.82950392598304,2.005086446267768,1.6355534829106668,2.018678763191754
2002-03-08,1.809765585707327,1.9916293512104573,1.6279177826477056,2.011449981886244
2002-03-09,1.7912536702815676,1.9798020365967062,1.620742173714745,2.003188293399779
2002-03-10,1.7740510279562822,1.969361394667291,1.6136435825448254,1.993566138889403
2002-03-11,1.758225983745341,1.9600489813191946,1.6062761536760737,1.982358220465932
2002-03-12,1.7438091225925458,1.9515805212646535,1.5983278669521752,1.9694305356395254
2002-03-13,1.730779428120556,1.9436448618993214,1.5895227488844088,1.9547333299204017
2002-03-14,1.7190578486288377,1.9359096815014156,1.5796262466125455,1.9382956637741904
2002-03-15,1.7085067143428214,1.9280316935795527,1.568451818325114,1.9202199182339883
2002-03-16,1.6989337694930922,1.9196695360372826,1.555867289487618,1.9006751807351632
2002-03-17,1.6900998471994544,1.9104979203920232,1.5417999643081768,1.8798889831167573
2002-03-18,1.6817293944999954,1.9002219274983234,1.526239848833056,1.858137285740903
2002-03-19,1.6735231660803611,1.8885905851484188,1.5092406425665406,1.8357329222812313
2002-03-20,1.665172474072386,1.875409071706276,1.4909184045317752,1.813012956390945
2002-03-21,1.6563744320037268,1.860549078910136,1.471448011427622,1.7903255719255915
2002-03-22,1.6468476815756343,1.8439570496795024,1.4510577092831873,1.7680172359938229
2002-03-23,1.6363481514478317,1.825660188383831,1.4300222189598306,1.7464209462880966
2002-03-24,1.6246844695837481,1.8057703185866105,1.4086549872709537,1.7258464024986375
2002-03-25,1.6117327293869173,1.784485826387679,1.3873002714097997,1.706572922430776
2002-03-26,1.5974503825601947,1.7620920594535192,1.3663257924636163,1.688845848483843
2002-03-27,1.5818890805968284,1.7389606311344121,1.3461166785474492,1.6728770477133823
2002-03-28,1.5652062908416033,1.7155480816357966,1.3270713226354756,1.6588498854011924
2002-03-29,1.547675450539126,1.6923942507867598,1.3095995889852774,1.646928735642992
2002-03-30,1.529694275670259,1.6701205018970944,1.2941235048725996,1.6372726759336762
2002-03-31,1.5117906028672756,1.649427597583991,1.2810801711362994,1.6300524997178687
2002-04-01,1.4946248206495938,1.6310925788643633,1.2709261315381857,1.6254695917324806
2002-04-02,1.4789875712091138,1.6159634757411394,1.2641418939636802,1.6237745885004773
2002-04-03,1.4657910329168349,1.604950147621545,1.261234757266596,1.6252831595466979
2002-04-04,1.4560518101466116,1.59900911107541,1.2627376516323316,1.6303857888190532
2002-04-05,1.4508633655481449,1.5991199795851307,1.269201452088182,1.6395482253868603
2002-04-06,1.4513561436861455,1.6062512431350413,1.2811782855237992,1.653299429389428
2002-04-07,1.4586441558203123,1.6213136703170254,1.2991938209501543,1.6722044710819217
2002-04-08,1.4737578886416256,1.6451006974938742,1.3237074750973048,1.696821015070234
2002-04-09,1.4975649661318093,1.6782167840131603,1.3550608846451302,1.7276397374761268
2002-04-10,1.5306819470037403,1.7209967696135475,1.3934168138954284,1.7650111873707361
2002-04-11,1.573382793534118,1.7734215704885556,1.4386927097018134,1.8090640162099771
2002-04-12,1.6255116176603568,1.8350377890568175,1.4904951205674344,1.8596218597996546
2002-04-13,1.6864089427058286,1.904890606587592,1.548062833644771,1.9161280915617982
2002-04-14,1.754861536592588,1.9814802684598063,1.6102274987630822,1.9775887737086837
2002-04-15,1.8290855398219033,2.062752194572906,1.6754003871225878,2.042544057548952
2002-04-16,1.9067509094780215,2.1461290117565626,1.7415925640011534,2.1090767878584855
2002-04-17,1.9850520923575417,2.2285895668226954,1.8064730972912508,2.1748640999816513
2002-04-18,2.060825516673557,2.306795438834756,1.8674661434253472,2.2372735481019914
2002-04-19,2.1307093786440983,2.377260081641024,1.9218832325116735,2.2935001988038795
2002-04-20,2.1913359220783137,2.4365501611992255,1.9670823816648693,2.3407358016736795
2002-04-21,2.2395417069836805,2.4815037012786396,2.000641474280268,2.376356366641253
2002-04-22,2.272577979248473,2.5094461115465627,2.020530330102754,2.398110997631249
2002-04-23,2.288301800101324,2.518383700264872,2.0252646154674325,2.4042932845131975
2002-04-24,2.2853294347625277,2.5071552580662266,2.0140255367058195,2.3938773168869303
2002-04-25,2.26313666581204,2.4755257700347637,1.986732150357415,2.3666034907736777
2002-04-26,2.222095860762336,2.424211914578934,1.9440578111359095,2.323004402179934
2002-04-27,2.1634461372688496,2.3548360385901868,1.8873881693216004,2.264367601063927
2002-04-28,2.089199964360782,2.269812820814991,1.8187244284156134,2.1926389305156895
2002-04-29,2.0019960660004585,2.172179826767545,1.740541415293239,2.1102766336288132
2002-04-30,1.9049136845900039,2.065388682300651,1.6556146059289663,2.0200714906093085
2002-05-01,1.801266467666614,1.9530769517730995,1.5668330010230562,1.924951294319555
2002-05-02,1.6943951316817818,1.8388416495169682,1.477015363297025,1.8277886557887957
2002-05-03,1.5874766615829408,1.7260336767212774,1.388745847523574,1.7312294925308522
2002-05-04,1.483364484801099,1.617588755376286,1.304241816198634,1.6375559723748723
2002-05-05,1.384469422884525,1.5159052909511457,1.2252622071330983,1.5485927989646207
2002-05-06,1.2926860124902462,1.4227738400945529,1.1530598912185983,1.4656602982989178
2002-05-07,1.2093637379847273,1.33935729172245,1.0883767142415979,1.389572561638321
2002-05-08,1.135318452144893,1.2662161657825546,1.0314759321293587,1.3206745592088
2002-05-09,1.0708762028605379,1.2033700553744762,0.982203916638028,1.2589090952440984
2002-05-10,1.0159400207694942,1.1503843915929903,0.9400715024232721,1.2039029174511704
2002-05-11,0.970069917009567,1.1064713571905507,0.9043451302926189,1.1550611765793348
2002-05-12,0.9325671711949282,1.0705946777418989,0.8741388094565871,1.1116605185772566
2002-05-13,0.9025556216529307,1.0415698146903907,0.8484995604087678,1.072933026948488
2002-05-14,0.8790547254858956,1.018153364406838,0.8264810564229166,1.0381356164690136
2002-05-15,0.8610412815146535,0.9991178466426723,0.807202322949882,1.0066019354595752
2002-05-16,0.8474986224847223,0.9833102361295604,0.7898903127024727,0.977776059994751
2002-05-17,0.8374535989515339,0.9696943480682757,0.773906770910467,0.9512290578807491
2002-05-18,0.830002711847558,0.9573784357091659,0.7587609538103586,0.9266607660248034
2002-05-19,0.824329307567341,0.9456300944298994,0.7441104586598954,0.9038898569626264
2002-05-20,0.8197138964099524,0.9338808590966668,0.7297527198876537,0.8828355317990393
2002-05-21,0.815539497150093,0.921722837320771,0.7156097127027327,0.8634940707148955
2002-05-22,0.8112935634324384,0.9088994602814658,0.7017081835714363,0.8459131155541563
2002-05-23,0.8065676190180311,0.895292066086838,0.6881573909631826,0.8301660624332821
2002-05-24,0.8010553047123516,0.8809036468976217,0.675125966283376,0.8163283968666349
2002-05-25,0.7945491791471044,0.8658407507769829,0.6628191475585099,0.8044572751922769
2002-05-26,0.7869363507289632,0.8502942651260647,0.651457328017253,0.7945751842453393
2002-05-27,0.7781928584888543,0.8345196298953965,0.6412566098758694,0.7866581147714549
2002-05-28,0.7683766579571569,0.8188169279113849,0.6324118582781638,0.7806283656706983
2002-05-29,0.757619086792679,0.803511258951218,0.6250826012127441,0.7763518487216325
2002-05-30,0.7461147610834534,0.7889338018771502,0.6193820048249712,0.7736395753675679
2002-05-31,0.7341099638066141,0.775403983854262,0.6153690566999596,0.7722528662595649
2002-06-01,0.721889710911885,0.7632131893763987,0.613044001847731,0.7719117201371821
2002-06-02,0.7097638006690312,0.7526104412076474,0.6123469903106483,0.7723057037481261
2002-06-03,0.6980522553715621,0.7437904621853918,0.6131598082761871,0.7731066742803172
2002-06-04,0.6870706424479968,0.7368844775815948,0.6153104762535367,0.773982618061276
2002-06-05,0.6771158093882851,0.7319540427265004,0.6185804105915745,0.7746118835529727
2002-06-06,0.6684525815654371,0.7289880831578706,0.6227137622131239,0.7746971031867083
2002-06-07,0.6613019543437871,0.7279032199955402,0.6274284734266719,0.7739781376128914
2002-06-08,0.6558312629938433,0.7285473281021699,0.6324285345489565,0.7722434372128995
2002-06-09,0.6521467394622738,0.730706145973003,0.6374168807892449,0.7693392980664028
2002-06-10,0.6502887685986415,0.7341126313117249,0.6421083494665025,0.7651765907620136
2002-06-11,0.6502300433849805,0.7384586416075463,0.6462421200885441,0.7597346571990243
2002-06-12,0.6518766949010784,0.7434084207215453,0.6495930858222582,0.7530621986327926
2002-06-13,0.6550723442835541,0.7486132955461192,0.6519816538873967,0.7452751127131793
2002-06-14,0.6596048969117303,0.7537269351044448,0.6532815426889512,0.7365513727249962
2002-06-15,0.6652157793781895,0.7584205006231831,0.6534252322703682,0.7271231730385066
2002-06-16,0.6716112129459615,0.7623970204162779,0.6524068282154232,0.7172666853867101
2002-06-17,0.678475027987561,0.7654043577732242,0.6502822130251278,0.7072898758442201
2002-06-18,0.6854824563471814,0.7672462020329502,0.647166478320366,0.6975189177516312
2002-06-19,0.692314295685192,0.7677905999755382,0.6432287507748726,0.6882837976107716
2002-06-20,0.6986708235678231,0.7669756527903923,0.6386846392411905,0.6799037464862836
2002-06-21,0.7042848500876694,0.7648121284486411,0.633786635076752,0.672673137145155
2002-06-22,0.7089333356677842,0.7613828748567841,0.6288128876235782,0.6668484667197938
2002-06-23,0.7124470637551331,0.7568390597476156,0.6240548481959988,0.6626369969957934
2002-06-24,0.7147179435803271,0.751393402699626,0.6198043256517267,0.6601875516008312
2002-06-25,0.7157036222959984,0.7453106968424092,0.6163405224791958,0.6595838746073542
2002-06-26,0.7154292040310622,0.7388960368968074,0.6139176211929116,0.6608408425234571
2002-06-27,0.7139860005182841,0.7324812709822819,0.6127534666512106,0.663903696278689
2002-06-28,0.7115273683827174,0.7264102716723546,0.6130198417598631,0.6686503271231062
2002-06-29,0.7082618161880166,0.7210236736625977,0.6148347640160039,0.6748965161788427
2002-06-30,0.7044436843018294,0.7166437488550627,0.6182571415561532,0.6824038976094375
2002-07-01,0.7003618072894315,0.7135600836281788,0.6232840237008138,0.6908902957052273
2002-07-02,0.6963266571906754,0.7120166878174223,0.62985056699154,0.7000419818811531
2002-07-03,0.692656532784128,0.7122011020277998,0.6378327184031571,0.7095273132292362
2002-07-04,0.6896634018612054,0.7142359820983776,0.647052498026501,0.7190111535681587
2002-07-05,0.6876390187803577,0.7181735306995961,0.657285649301166,0.7281694435537063
2002-07-06,0.6868419274769221,0.7239930209480109,0.6682713208518748,0.7367032798670701
2002-07-07,0.6874859211996104,0.731601521067002,0.679723354716812,0.7443518850705778
2002-07-08,0.689730466239063,0.74083778847509,0.6913426851738083,0.7509038984646452
2002-07-09,0.6936735106198452,0.751479162425611,0.702830303571877,0.7562064920537658
2002-07-10,0.6993469939362321,0.763251152571303,0.7139002197053738,0.7601719112917391
2002-07-11,0.7067152558284782,0.7758393023738065,0.7242918504188077,0.7627811534282523
2002-07-12,0.7156764132347101,0.7889028063256739,0.7337812912953242,0.7640846220486194
2002-07-13,0.7260666461102206,0.8020892828930989,0.7421909763555514,0.7641997292599478
2002-07-14,0.7376672035121181,0.8150500543069438,0.7493973015195343,0.7633055510924829
2002-07-15,0.7502138224181477,0.8274552620590281,0.7553358770509906,0.7616347711616122
2002-07-16,0.7634081456358215,0.839008154178581,0.76000417837904,0.7594632667850315
2002-07-17,0.776930637319873,0.849457916753053,0.7634614790006621,0.7570977953356868
2002-07-18,0.7904544288119126,0.8586104861193768,0.7658260685849299,0.754862322082922
2002-07-19,0.8036594866372745,0.866336866875707,0.7672698786804382,0.7530835904641746
2002-07-20,0.8162464803366218,0.8725785904514992,0.7680107523295852,0.7520765690149528
2002-07-21,0.8279497409959266,0.877350074610252,0.7683026974125051,0.7521304146031457
2002-07-22,0.8385487412886706,0.8807377804242248,0.7684245521313509,0.7534955689269021
2002-07-23,0.8478775928030013,0.8828962039710053,0.7686675608096906,0.756372555440232
2002-07-24,0.8558321435402703,0.8840408790754886,0.7693224060567906,0.7609029691549816
2002-07-25,0.862374363911876,0.8844386987469566,0.7706662672290471,0.7671630554148162
2002-07-26,0.8675338286961688,0.8843959807691798,0.7729504739612637,0.7751601599798732
2002-07-27,0.871406230011442,0.8842448020158071,0.7763892973899913,0.7848322065980968
2002-07-28,0.8741489868087197,0.8843282021285135,0.7811503716987163,0.7960502252143159
2002-07-29,0.8759741439574387,0.8849849068695723,0.7873471669767458,0.8086238199257503
2002-07-30,0.8771388730830245,0.8865342425609671,0.7950338442480858,0.8223093366223285
2002-07-31,0.8779339926853864,0.8892619046217413,0.80420271885358,0.836820371627696
2002-08-01,0.8786710120918648,0.8934072056832701,0.8147844437584616,0.8518401597938106
2002-08-02,0.8796682686531805,0.8991523637473532,0.8266509048438542,0.8670352979185866
2002-08-03,0.8812367674272022,0.9066143012113517,0.8396207010760166,0.8820702006803435
2002-08-04,0.8836663456622531,0.9158393152566064,0.8534669688671157,0.8966216540931777
2002-08-05,0.8872127701152731,0.9268008539285654,0.8679272069364313,0.910392827198201
2002-08-06,0.8920863342476302,0.9394004957732351,0.8827146700771842,0.9231261265050801
2002-08-07,0.8984424564338817,0.9534720901305178,0.897530831293794,0.9346143285410689
2002-08-08,0.9063746923923146,0.9687888763057924,0.9120783648264972,0.9447095015166553
2002-08-09,0.9159104689636934,0.9850732689487246,0.9260740796878387,0.9533293242540436
2002-08-10,0.9270097267877798,1.0020088798139688,0.9392612355041504,0.9604605248790212
2002-08-11,0.9395665316094788,1.0192542478097995,0.9514206995897477,0.9661592883237032
2002-08-12,0.9534135835042271,1.0364576741753242,0.9623804550899032,0.9705486148671177
2002-08-13,0.9683294259768553,1.0532725110632857,0.9720230424737268,0.9738127459007421
2002-08-14,0.984048038254382,1.0693722318771344,0.9802906074570442,0.9761889019611147
2002-08-15,1.000270389373704,1.0844646212937754,0.9871873335984636,0.9779566961599204
2002-08-16,1.0166774464612018,1.0983044615762174,0.9927791527185992,0.9794256882746303
2002-08-17,1.0329440657002729,1.1107041578438255,0.9971907458938614,0.9809216264527773
2002-08-18,1.048753155692724,1.1215418355195053,1.0005999668174559,0.982771981140579
2002-08-19,1.063809490944997,1.1307665542342997,1.0032299325707694,0.9852914069386766
2002-08-20,1.077852568576614,1.1384004091604611,1.0053391293320313,0.9887677712482621
2002-08-21,1.090667943380795,1.144537427497889,1.0072099677632262,0.9934493636606259
2002-08-22,1.1020965432190846,1.149339308646895,1.0091362909286812,0.9995338481570035
2002-08-23,1.1120415554658545,1.1530281952759645,1.0114103836165862,1.0071594436031852
2002-08-24,1.1204725819356107,1.1558767929431728,1.0143100538364678,1.016398720109534
2002-08-25,1.1274268797374523,1.1581962724225883,1.0180863540883955,1.0272552838841404
2002-08-26,1.1330076335337025,1.1603224863039474,1.0229524818836853,1.039663496285031
2002-08-27,1.1373793351078754,1.1626011054945447,1.0290743471770072,1.0534912394535867
2002-08-28,1.1407604732404923,1.1653723287028568,1.0365632211230862,1.068545607043388
2002-08-29,1.1434138550649449,1.1689558367389457,1.045470789116192,1.0845812700286628
2002-08-30,1.1456349841379165,1.1736366527028186,1.055786825425247,1.1013111500317851
2002-08-31,1.1477390058371058,1.179652529322214,1.0674395915440125,1.1184189312143722
2002-09-01,1.150046793641811,1.1871834175941174,1.080298940695456,1.13557286098676
2002-09-02,1.1528707875941255,1.196343479429043,1.0941819920207505,1.1524402331557393
2002-09-03,1.1565012071211402,1.2071759952116055,1.1088611250711564,1.16870191713868
2002-09-04,1.1611932439441182,1.2196513899868942,1.1240739432661784,1.184066294841668
2002-09-05,1.1671557977316056,1.2336684649491259,1.1395347684637973,1.19828199281881
2002-09-06,1.1745422493624662,1.249058780067379,1.1549471615097262,1.211148850256693
2002-09-07,1.1834436771305727,1.265593995221848,1.1700169185483513,1.2225266408362425
2002-09-08,1.1938848138790872,1.2829958472262932,1.1844649719695992,1.2323411652083431
2002-09-09,1.2058229226155899,1.3009483242902573,1.1980396290517796,1.2405874463439903
2002-09-10,1.2191496399216073,1.3191115029173113,1.2105276104568148,1.2473298873078824
2002-09-11,1.2336957060656126,1.337136439185339,1.2217634034626368,1.2526993844640393
2002-09-12,1.2492383738873638,1.3546804600215863,1.2316365188609864,1.256887522888828
2002-09-13,1.2655111708164968,1.3714221825047905,1.240096332554519,1.2601381089634769
2002-09-14,1.2822155849913976,1.3870756011712388,1.2471542990073887,1.2627364121120275
2002-09-15,1.299034161898734,1.4014026242467392,1.2528834391762924,1.2649965883010708
2002-09-16,1.3156444359740498,1.4142235078728036,1.2574151253001469,1.267247837802318
2002-09-17,1.3317330849134974,1.4254247297488973,1.260933303694777,1.2698199053280819
2002-09-18,1.3470096846574153,1.434963956115504,1.263666409265794,1.273028559539654
2002-09-19,1.361219460549085,1.4428718837117671,1.2658773268721872,1.2771616898302827
2002-09-20,1.3741544742754592,1.4492508756460607,1.2678518404892742,1.2824666311584816
2002-09-21,1.3856627549240985,1.4542704509850497,1.2698860775624043,1.2891392737462444
2002-09-22,1.395654972823361,1.4581598261092426,1.2722735000939853,1.2973154360328178
2002-09-23,1.4041083628048798,1.4611978354292305,1.2752920139288282,1.3070648798364324
2002-09-24,1.4110677244007126,1.4637006742216627,1.2791917625266742,1.3183882305998844
2002-09-25,1.4166434549642635,1.4660080020813997,1.2841841414756867,1.3312169379940082
2002-09-26,1.4210067021652246,1.4684680176178417,1.2904325164501418,1.345416278660041
2002-09-27,1.424381849074052,1.4714221604358144,1.2980450526502756,1.3607912694059319
2002-09-28,1.4270366626492987,1.475190113245653,1.3070699713534568,1.3770952316987735
2002-09-29,1.4292705398867074,1.4800557646012844,1.3174934432811318,1.3940406326039827
2002-09-30,1.4314013709614133,1.486254752162449,1.3292402139982085,1.4113117288292096
2002-10-01,1.4337516022148147,1.4939641399047376,1.3421769390551177,1.4285784641402812
2002-10-02,1.436634121939484,1.5032946942786851,1.356118092071216,1.445511020436768
2002-10-03,1.4403386083042247,1.5142861194163515,1.370834203823439,1.4617944029134422
2002-10-04,1.4451189729392264,1.5269054971100888,1.386062101309547,1.4771424531525554
2002-10-05,1.4511825091119832,1.5410490619117752,1.4015167495487353,1.491310733384425
2002-10-06,1.4586813154358729,1.556547335021487,1.416904262417197,1.5041078127661522
2002-10-07,1.4677065216405538,1.573173553070229,1.431935648576061,1.5154046139760107
2002-10-08,1.478285799873032,1.5906552695909186,1.4463408999040597,1.5251416461045537
2002-10-09,1.4903846103491234,1.6086889860567701,1.4598831157331997,1.5333341556965188
2002-10-10,1.5039116078419326,1.626957689339124,1.472372485021067,1.5400754652683575
2002-10-11,1.5187286228123444,1.6451512284822494,1.4836801113631157,1.5455390235057354
2002-10-12,1.5346656145629354,1.6629895382815152,1.4937518424659806,1.5499799380652668
2002-10-13,1.5515409453380669,1.6802487756705766,1.5026224219104445,1.553736959739575
2002-10-14,1.569187197824271,1.6967904228487762,1.510430365610631,1.5572359774547817
2002-10-15,1.5874824910557135,1.7125932549331593,1.5174339115631312,1.5609959925858061
2002-10-16,1.6063867680162947,1.7277876847235576,1.5240281234086925,1.5656381848094398
2002-10-17,1.6259817636575256,1.7426913029073006,1.5307626751981374,1.5718979833681972
2002-10-18,1.646512275091901,1.7578433802354614,1.5383589635954322,1.580638972557967
2002-10-19,1.6684249681124466,1.7740347069855529,1.5477239993402827,1.5928660093528633
2002-10-20,1.692399383511123,1.7923275366545628,1.5599571266936436,1.6097332364012014
2002-10-21,1.719364293437724,1.8140588311933525,1.5763442272346573,1.632540986276862
2002-10-22,1.7504914718753857,1.8408188705459112,1.5983330228234076,1.662714279212955
2002-10-23,1.7871587539881024,1.8743970954643967,1.6274828358458926,1.7017552081377407
2002-10-24,1.8308754623764365,1.9166883344813863,1.6653831527372838,1.7511625016823724
2002-10-25,1.8831662763003778,1.9695557586208234,1.7135379444410825,1.8123143827966446
2002-10-26,1.9454145712429647,2.0346521841373195,1.7732170773847524,1.8863156724675205
2002-10-27,2.0186729276881854,2.1132084556410318,1.8452820939800798,1.9738166964603685
2002-10-28,2.103456174804057,2.20580581062882,1.9300004941627307,2.074819202946712
2002-10-29,2.19953977776176,2.312157039977386,2.0268692963323613,2.188491945524224
2002-10-30,2.3057920160668477,2.430927215784881,2.134473651895272,2.3130242110916384
2002-10-31,2.420070568297075,2.559626964382394,2.2504081079360283,2.4455476671283347
2002-11-01,2.539211448808583,2.6946082477064657,2.371285507162133,2.5821540659664564
2002-11-02,2.6591300803225795,2.8311836800106325,2.492850888081744,2.7180279048721605
2002-11-03,2.7750410253881057,2.963875978395882,2.6102054676951623,2.847699505916444
2002-11-04,2.881786116497834,3.086785932667771,2.7181303081574093,2.96540677193797
2002-11-05,2.9742430411930463,3.1940481182546447,2.8114830019841843,3.065535791650438
2002-11-06,3.047771089658581,3.2803269617579147,2.8856266333853875,3.143094834254912
2002-11-07,3.098640948329151,3.3412951492664518,2.936841319319463,3.1941663699814593
2002-11-08,3.124393532407083,3.3740343444541847,2.9626670149955685,3.2162800491255
2002-11-09,3.124079891033288,3.377305833822292,2.9621328977712955,3.208657085712056
2002-11-10,3.0983494377073155,3.3516552244869118,2.9358428208634404,3.1722924353721034
2002-11-11,3.0493747106402127,3.2993380421392877,2.8859057970730557,3.109863000450066
2002-11-12,2.9806238875311526,3.2240780503341937,2.815721852077078,3.0254740517547503
2002-11-13,2.896513256427742,3.130692892979788,2.7296530863901096,2.9242778812401946
2002-11-14,2.8019871122442828,3.0246382843545825,2.632624022753076,2.812014607048164
2002-11-15,2.702079660237695,2.911529786626498,2.529702031880838,2.6945325134561817
2002-11-16,2.6015117067122184,2.796699400674351,2.425707120540071,2.5773435381152976
2002-11-17,2.504365197609821,2.684833819962006,2.324891539964876,2.4652595377928495
2002-11-18,2.4138634313598333,2.579724850197351,2.230715736153073,2.3621392463723345
2002-11-19,2.3322672086262575,2.484143614899256,2.145731043546729,2.27075766702733
2002-11-20,2.2608805179721587,2.399832232940382,2.071564189492672,2.192792344301987
2002-11-21,2.200146209782545,2.32759249205015,2.0089865363384947,2.1289072424549516
2002-11-22,2.1498040529958082,2.2674423482556483,1.958043489240737,2.0789064407948215
2002-11-23,2.10908098827532,2.2188082739640556,1.9182170014529065,2.0419269539745204
2002-11-24,2.076885629335186,2.1807238472204156,1.8885960151342702,2.0166420284499806
2002-11-25,2.0519847509141167,2.152011043759968,1.8680347306092675,2.001451855644486
2002-11-26,2.033146969022284,2.1314286631915653,1.8552852734070593,1.994646071173952
2002-11-27,2.0192464848918865,2.117780486953074,1.8490981796761348,1.9945300601808085
2002-11-28,2.0093264094922465,2.1099828169504944,1.8482900340163522,1.9995137165412444
2002-11-29,2.0026260868030183,2.10709620393812,1.8517819123796027,2.0081661725569853
2002-11-30,1.9985797603629352,2.108329200189358,1.8586148023974622,2.0192428957680058
2002-12-01,1.996795040627678,2.113023042412953,1.8679490506441196,2.0316926131700646
2002-12-02,1.99701933648482,2.1206257325227496,1.8790545010047144,2.04465119231618
2002-12-03,1.9991012132507917,2.130662581463815,1.8912968058670772,2.0574284001210468
2002-12-04,2.0029520064406032,2.1427084322732983,1.9041238525346085,2.069491861494585
2002-12-05,2.008511330437705,2.1563648915330695,1.917054697583804,2.0804509336731534
2002-12-06,2.0157186196651082,2.1712442414891737,1.9296720677346562,2.090041845518561
2002-12-07,2.024491649555518,2.186960412311371,1.9416184778690389,2.0981144424717812
2002-12-08,2.034712131815946,2.2031264939442323,1.9525953554677964,2.104620244793278
2002-12-09,2.0462179275298045,2.219357720333537,1.962364207728857,2.10960122169485
2002-12-10,2.0588011069839807,2.2352785925757974,1.9707487559070411,2.113178627917676
2002-12-11,2.0722109355405793,2.250532741595241,1.977637017657947,2.115541357114941
2002-12-12,2.0861608184373037,2.264794194189447,1.9829824768575661,2.116933462735
2002-12-13,2.1003382480328194,2.277778843970792,1.9868036902772057,2.1176407237986483
2002-12-14,2.114416835232346,2.2892551034808024,1.9891819057038151,2.1179763501757845
2002-12-15,2.1280695570037613,2.2990529028229916,1.9902564838787677,2.118266105779536
2002-12-16,2.1409824081756716,2.30707039130235,1.9902181140602697,2.1188332666781116
2002-12-17,2.1528677080055836,2.3132778859509164,1.989299983613361,2.1199839208412525
2002-12-18,2.16347638274784,2.3177187918048583,1.9877672030538773,2.1219931584687735
2002-12-19,2.1726086273546374,2.320507391718594,1.98590489858211,2.1250927007375746
2002-12-20,2.1801224442161167,2.321823566488253,1.9840054643596612,2.1294604758650544
2002-12-21,2.185939664611057,2.3219046565793007,1.9823555170289802,2.13521258074778
2002-12-22,2.190049177750534,2.3210348116409327,1.9812231159745106,2.14239797048188
2002-12-23,2.192507219937561,2.3195322897156005,1.9808458056989113,2.1509961033108596
2002-12-24,2.1934347082952557,2.3177352611164546,1.9814200031005775,2.1609176415310465
2002-12-25,2.1930117348624867,2.3159867392576925,1.9830921947163629,2.172008176148184
2002-12-26,2.1914694624069386,2.3146192999289634,1.9859523301859714,2.1840548110283784
2002-12-27,2.1890797778689786,2.3139402602327643,1.9900297020633844,2.1967953170588848
2002-12-28,2.186143158074005,2.3142179684223785,1.9952914930371164,2.209929454119098
2002-12-29,2.1829752809969687,2.31566980717176,2.001644054507659,2.223131963513272
2002-12-30,2.1798929710264496,2.3184524375736992,2.008936860500782,2.236066660168175
2002-12-31,2.1772000959599804,2.3226547127330766,2.0169689633647945,2.248401005601027
2003-01-01,2.175174035594198,2.3282935725375262,2.025497667785269,2.2598205215518483
2003-01-02,2.1740533166672313,2.3353131002106142,2.0342490421891317,2.2700424111861537
2003-01-03,2.174026957678236,2.34358678234641,2.042929805891133,2.2788277896086764
2003-01-04,2.1752259920157857,2.3529228734086898,2.0512400699201687,2.285991986571748
2003-01-05,2.1777175422064756,2.3630726293719406,2.0588863720360946,2.2914124690611715
2003-01-06,2.181501706227003,2.373741049358768,2.0655944337262784,2.295034036252599
2003-01-07,2.1865113937985834,2.3845996545073547,2.0711210796758093,2.296871059728694
2003-01-08,2.1926151221879002,2.3953007451111956,2.075264798128187,2.297006672933817
2003-01-09,2.1996226537035914,2.4054925150377104,2.077874482753349,2.2955889506707114
2003-01-10,2.2072932379566175,2.414834370963068,2.0788559818194328,2.292824257607917
2003-01-11,2.215346119220073,2.4230118076152007,2.0781761875854037,2.288968081224044
2003-01-12,2.2234728926456024,2.4297502345074906,2.075864528019291,2.2843137987804
2003-01-13,2.2313512548825813,2.434827242182314,2.0720118766654116,2.279179963005233
2003-01-14,2.2386597104121386,2.438082947745529,2.066767080795703,2.273896835604124
2003-01-15,2.2450928841713136,2.4394282856222547,2.0603315333828744,2.2687930659551783
2003-01-16,2.250377276236941,2.438851428528461,2.0529524952700413,2.2641836241586875
2003-01-17,2.254287596561681,2.4364229531863524,2.044916224739258,2.2603603737941675
2003-01-18,2.2566642470088416,2.432300911585803,2.0365423985045537,2.2575870221381615
2003-01-19,2.2574330557723012,2.4267376080548297,2.028181792601373,2.256100599157705
2003-01-20,2.2566289434307345,2.4200905344314654,2.0202196676879973,2.256122023055757
2003-01-21,2.2544256544659356,2.412840410446507,2.0130876297754594,2.257878557049434
2003-01-22,2.251173759366053,2.405619329057438,2.0072866757796315,2.2616407875146147
2003-01-23,2.2474484486225257,2.3992512164303057,2.0034233470636655,2.267775785559577
2003-01-24,2.244106769093149,2.3948047193375586,2.0022590128465514,2.276815919205114
2003-01-25,2.242350522892634,2.393654830037293,2.0047689542544265,2.289538989797309
2003-01-26,2.243785945469147,2.3975439317130953,2.0122030228425922,2.3070498683716325
2003-01-27,2.2504649015638067,2.408625931977288,2.026133580316419,2.3308470267207757
2003-01-28,2.264885831229103,2.4294699909418234,2.0484702519154725,2.3628504834698747
2003-01-29,2.2899280301716454,2.46299519596943,2.0814165809657825,2.4053627719061312
2003-01-30,2.328692698569735,2.512307243669408,2.1273433919209683,2.460934307551426
2003-01-31,2.3842312532688696,2.5804156968016354,2.1885600560725997,2.5321117872280325
2003-02-01,2.4591574997855514,2.6698276710062063,2.2669795963191257,2.621064873279781
2003-02-02,2.5551652057704652,2.782040665335682,2.3636964867542685,2.7291122020398557
2003-02-03,2.672503236902211,2.9169902618642363,2.4785241846719726,2.85619943586428
2003-02-04,2.8094903148997155,3.0725406794332986,2.609566993229317,3.000413060279469
2003-02-05,2.962171877885899,3.244128218046687,2.7529197331325994,3.1576348835302386
2003-02-06,3.1242234394764115,3.4246697253403533,2.9025905930866585,3.321444418263776
2003-02-07,3.287181916662754,3.604823508717569,3.050721594727442,3.483352975128965
2003-02-08,3.441037926137225,3.7736378460439775,3.188136695854239,3.63340364138116
2003-02-09,3.5751547564018056,3.9195496708522692,3.305185842499114,3.7611022662928852
2003-02-10,3.679407376028152,4.031617989065473,3.3927869229567005,3.8565702980962833
2003-02-11,3.7453753257440683,4.10081243829217,3.4435130243179524,3.911749229386268
2003-02-12,3.7673937709169456,4.121145598051608,3.4525453742778835,3.9214561206781005
2003-02-13,3.7432782633908657,4.090449968015566,3.4183228895269777,3.884101406586918
2003-02-14,3.6745915265989413,4.010657646610398,3.3427679366704086,3.8019346089824024
2003-02-15,3.5664041686144756,3.887531138288061,3.2310449227011757,3.6807696965009358
2003-02-16,3.42659621024101,3.729896400457972,3.090895785499695,3.5292396221378732
2003-02-17,3.2648299590709944,3.5485196572790954,2.9316734357069554,3.3577156298214
2003-02-18,3.0913776292504895,3.3548266623632244,2.763242826865265,3.177081231508905
2003-02-19,2.915998529108552,3.159675458377339,2.5949297838887064,2.9975623332778154
2003-02-20,2.747031257340512,2.9723619511450416,2.4346705942476112,2.827784502144451
2003-02-21,2.590807056645748,2.79997355412128,2.2884606879754408,2.674167045148989
2003-02-22,2.4514183692106566,2.6471282326251053,2.160134237227352,2.540689040087907
2003-02-23,2.3308095994957228,2.5160637968812383,2.0514446486684887,2.428993139427283
2003-02-24,2.2291088725127692,2.4069901187500036,1.9623713660225277,2.338743045918963
2003-02-25,2.1450968912756916,2.318592331389252,1.8915573285030636,2.26812695410116
2003-02-26,2.076711133079651,2.2485752498249907,1.8367831971401132,2.214401243044898
2003-02-27,2.02150423300777,2.1941613736211227,1.7954032340505879,2.1743897634530875
2003-02-28,1.9770054500819942,2.152487149171008,1.7646951959623267,2.144884888432243
2003-03-01,1.9409648326801727,2.120875219280617,1.7421047271657157,2.122928070300069
2003-03-02,1.9114846960566434,2.0969872662183575,1.7253876274260038,2.1059733775786538
2003-03-03,1.8870591241953212,2.0788793408502646,1.712668113821684,2.091954110493386
2003-03-04,1.8665492138077155,2.064989056549949,1.7024376137417212,2.0792799051214064
2003-03-05,1.849121522400485,2.054083694708203,1.6935184063071749,2.066791618896019
2003-03-06,1.8341723827062286,2.0451930564527925,1.6850120709127856,2.0536965363145963
2003-03-07,1.8212540482666462,2.0375436614204587,1.6762466361021124,2.039499760325122
2003-03-08,1.8100120351699487,2.0305037943596633,1.6667303813118493,2.023941107550038
2003-03-09,1.8001376785709164,2.0235431809185314,1.6561154856266964,2.006941583608855
2003-03-10,,2.0162071750342583,1.6441715112627149,1.9885599884578975
2003-03-11,,2.0081031477518128,1.6307669527697737,1.9689582735848794
2003-03-12,,1.9988958866036186,1.6158564350141844,1.9483735597206169
2003-03-13,1.7683246489019566,1.9883087859948032,1.599471207624215,1.9270947812980272
2003-03-14,1.7607237247174679,1.9761280359490945,1.581711019156721,1.9054423704095
2003-03-15,1.752625126530291,1.962207617796479,1.5627360180025711,1.8837499584980437
2003-03-16,1.743730343612441,1.9464735243311806,1.5427578748108695,1.862347599930674
2003-03-17,1.7337718416961578,1.9289261605793002,1.522029785207729,1.841546435910588
2003-03-18,1.7225248333569687,1.9096403278329532,1.500835373053616,1.8216250035036219
2003-03-19,1.709817740195765,1.8887625551545517,1.4794767803220101,1.8028175658082202
2003-03-20,1.6955408322402703,1.8665058363324578,1.458262416395552,1.7853049195171744
2003-03-21,1.6796527291589765,1.8431420728781642,1.437494964098168,1.7692081499215215
2003-03-22,1.6621846361054644,1.8189927262654664,1.4174603152362024,1.7545857710053006
2003-03-23,1.6432423682635064,1.7944183495477666,1.398418142760802,1.7414346237113145
2003-03-24,1.6230063891042825,1.769807797409923,1.380594812632555,1.7296948163234422
2003-03-25,1.601730238096659,1.7455679963712964,1.3641792940471582,1.7192588786653884
2003-03-26,1.5797378386832541,1.7221151800961547,1.349322635702329,1.709985162303456
2003-03-27,1.557420237141495,1.699868441848139,1.3361414288602227,1.701715343303126
2003-03-28,1.5352323057884192,1.6792463087746001,1.3247254639952926,1.6942956603975294
2003-03-29,1.5136898291904237,1.660666784258269,1.3151494965048147,1.6876012374419038
2003-03-30,1.4933671643563309,1.6445509244700933,1.307488662429493,1.6815624863285523
2003-03-31,1.474895321086568,1.6313295148170899,1.3018366307389546,1.6761921659499581
2003-04-01,1.4589598597495932,1.6214518108985794,1.2983250624926903,1.671611200616661
2003-04-02,1.4462974869067988,1.6153946510110253,1.2971424068839974,1.6680708752235969
2003-04-03,1.4376897075602966,1.6136696057458602,1.2985495607597886,1.6659685874294672
2003-04-04,1.4339514564975206,1.616825305593147,1.302889535645932,1.6658540376086952
2003-04-05,1.435912391592821,1.625441802291798,1.3105881162031028,1.6684226834508853
2003-04-06,1.4443886086455175,1.6401139043318853,1.322142663814097,1.6744935925770954
2003-04-07,1.4601430382330265,1.661420997911303,1.3380968135216618,1.6849695945028498
2003-04-08,1.483833780516943,1.6898819964740823,1.3589998906716099,1.7007789241234148
2003-04-09,1.5159511293756542,1.7258957580667351,1.3853514332201828,1.7227993565382551
2003-04-10,1.5567459493924338,1.7696694766661556,1.4175331620660128,1.7517680599691234
2003-04-11,1.6061542130351165,1.8211399870096814,1.4557329160365065,1.7881828378285207
2003-04-12,1.6637245978850201,1.8798953115374297,1.499867191120845,1.8322027908601854
2003-04-13,1.7285577297472283,1.9451057334793485,1.5495106596626795,1.8835583307924366
2003-04-14,1.7992665571225654,2.0154747858122244,1.6038420369789341,1.9414815197425161
2003-04-15,1.8739671171572132,2.089220430101796,1.661615591456477,2.004667540734057
2003-04-16,1.950307378726442,2.1640951145133647,1.7211662474672023,2.071276490557033
2003-04-17,2.0255388824665417,2.237450295766978,1.780453565057334,2.1389815829206773
2003-04-18,2.096631724719397,2.306346580323676,1.8371460631578884,2.205065449462107
2003-04-19,2.1604284718847313,2.367705335164354,1.888742768907387,2.2665609651418044
2003-04-20,2.213827461307948,2.4184921030009234,1.9327240937824803,2.320427545804128
2003-04-21,2.2539813792333523,2.45591722297003,1.9667198362115241,2.363748934457602
2003-04-22,2.2784937415420936,2.477635500831979,1.9886789717616005,2.393934877281623
2003-04-23,2.285594546230186,2.481925249635435,1.997024480448901,2.4089074270783493
2003-04-24,2.274277277070596,2.467827923190835,1.9907771138705401,2.4072532825214754
2003-04-25,2.2443826439094985,2.4352329246509177,1.9696347568044503,2.388326616960389
2003-04-26,2.1966196172741204,2.384897639888128,1.9339985944000926,2.352291942825401
2003-04-27,2.1325208051828133,2.3183996253054824,1.8849430695853535,2.300103039495334
2003-04-28,2.054336160313993,2.2380252405397796,1.8241328160226755,2.2334209587857092
2003-04-29,1.9648754503823644,2.1466058428544,1.7536955179825575,2.154480646123976
2003-04-30,1.8673150077546543,2.0473180225494017,1.6760641903723026,2.065920890100342
2003-05-01,1.764987351691348,1.9434675671651018,1.593805103002211,1.9705954774504295
2003-05-02,1.661173024480603,1.8382775521428785,1.5094481996453417,1.8713842515175798
2003-05-03,1.5589124365464426,1.7346992094748839,1.4253354198340928,1.7710212841055248
2003-05-04,1.4608520428936336,1.6352604240037345,1.3434991586466534,1.6719539473308116
2003-05-05,1.3691343903907458,1.5419615173854702,1.26557876307642,1.5762419417567295
2003-05-06,1.2853362279552851,1.456222208575313,1.1927781460734874,1.4855000590553813
2003-05-07,1.2104537038949874,1.378878090597527,1.1258629811796665,1.4008833881337739
2003-05-08,1.1449293133095848,1.3102203118850289,1.065192092547963,1.3231094475716967
2003-05-09,1.0887121312375392,1.25006885592168,1.0107749632803722,1.252508773160957
2003-05-10,1.0413411656081784,1.1978680784339084,0.9623459174466236,1.1890939927869135
2003-05-11,1.002041351331716,1.1527929427849943,0.9194454454006143,1.132637332799762
2003-05-12,0.9698225627832849,1.1138554484258685,0.8815001265919551,1.0827475832505438
2003-05-13,0.9435737097470707,1.0800027048407101,0.8478943404921099,1.0389394481883367
2003-05-14,0.9221461217239988,1.0502005482256747,0.8180290869782345,1.0006905233286367
2003-05-15,0.9044226600293617,1.0234991383478047,0.7913654266685054,0.9674835038224869
2003-05-16,0.8893710393934442,0.9990792931960684,0.7674520294504626,0.9388333314652663
2003-05-17,0.8760815000417433,0.9762802080769811,0.7459379059222078,0.9143006468384642
2003-05-18,0.863790157017537,0.9546105617696254,0.7265725058232265,0.8934940267338881
2003-05-19,0.8518900628717189,0.9337458287467213,0.7091959962454085,0.876064062410962
2003-05-20,0.8399323140036299,0.9135149571999835,0.6937227378596845,0.8616924396722062
2003-05-21,0.8276195081851287,0.893879542822349,0.6801208528623514,0.8500789273309753
2003-05-22,0.8147936312556511,0.8749083471533549,0.6683904296978398,0.8409286899584835
2003-05-23,0.8014201168938346,0.8567495886826595,0.6585424369663385,0.8339417303288994
2003-05-24,0.7875694666513247,0.8396029659102302,0.6505799048857138,0.8288056327921103
2003-05-25,0.7733974941865182,0.8236929184580009,0.6444824370350751,0.8251921904080729
2003-05-26,0.7591249984740299,0.8092442327489886,0.640194674737518,0.8227579988308351
2003-05-27,0.7450174849193917,0.7964607679430422,0.6376189687064544,0.8211487083744228
2003-05-28,0.7313654346243439,0.7855078148144921,0.6366122204674558,0.8200063448825349
2003-05-29,0.7184655552733145,0.7764983945270402,0.6369866335799601,0.8189789312156482
2003-05-30,0.706603413374374,0.7694836412943044,0.6385139515354724,0.8177315497596325
2003-05-31,0.6960378285095266,0.7644472784211968,0.6409326442968698,0.8159579659087376
2003-06-01,0.6869873905553912,0.7613040797094882,0.6439574289926857,0.8133919672851481
2003-06-02,0.6796194296287664,0.7599021001403722,0.6472904648285931,0.8098176498830487
2003-06-03,0.6740417195219082,0.7600283576126842,0.6506335427920332,0.8050779891375949
2003-06-04,0.6702971265480197,0.7614175512437958,0.653700594175568,0.7990811620749891
2003-06-05,0.6683613283592408,0.7637633137417343,0.6562298666288671,0.7918042288333341
2003-06-06,0.6681436252652413,0.7667314194982644,0.6579951612833688,0.7832939317093791
2003-06-07,0.6694907553209085,0.7699743107108316,0.6588155883975487,0.7736645218953958
2003-06-08,0.672193510256345,0.7731462651376164,0.6585633804257583,0.7630926729874123
2003-06-09,0.6759958386882805,0.7759185143222779,0.6571693982016987,0.7518096811514359
2003-06-10,0.6806060221925878,0.777993632403017,0.6546260750403506,0.7400912797344799
2003-06-11,0.6857094242935926,0.7791185536682972,0.6509876612441374,0.7282455066452552
2003-06-12,0.6909822468784147,0.7790956411210815,0.6463677533923948,0.7165991520588039
2003-06-13,0.6961056865099282,0.7777913163572416,0.6409342141455533,0.7054833786748663
2003-06-14,0.700779866903131,0.7751418696866528,0.6349017042038207,0.6952191445201561
2003-06-15,0.7047369344779951,0.7711561941994165,0.6285221537253595,0.6861030677995545
2003-06-16,0.707752741150401,0.7659153231501132,0.6220735914821383,0.6783943543693065
2003-06-17,0.7096566008697446,0.7595687907845308,0.6158478224398968,0.6723033619978926
2003-06-18,0.7103386912018663,0.7523279764724493,0.6101374951878531,0.6679823038227417
2003-06-19,0.7097547748144708,0.7444567246515951,0.605223127530979,0.6655184995084396
2003-06-20,0.7079280335287186,0.7362596528362431,0.6013606604394061,0.664930470721581
2003-06-21,0.7049479344963474,0.7280686615560358,0.5987700873585309,0.6661670525925388
2003-06-22,0.7009661784804543,0.7202282391121949,0.5976256586477583,0.6691095603352005
2003-06-23,0.6961899084349168,0.7130802070031678,0.5980480917158155,0.6735769159692052
2003-06-24,0.6908724769615436,0.7069485764555152,0.600099129299139,0.6793335100360256
2003-06-25,0.6853021784873836,0.7021251816201022,0.6037786851604492,0.6860994530362204
2003-06-26,0.6797894414351123,0.6988567208734627,0.6090247028009274,0.6935627663207752
2003-06-27,0.6746530433278651,0.6973337757989742,0.6157157335767807,0.7013929769584835
2003-06-28,0.6702059547033343,0.6976822905308309,0.6236761211272535,0.7092555194178572
2003-06-29,0.6667414340241228,0.6999578860436316,0.6326835645061315,0.7168263114564293
2003-06-30,0.6645199847454097,0.7041432594114035,0.6424787278942817,0.7238058639601214
2003-07-01,0.663757747821508,0.7101487825150856,0.6527764748488439,0.7299323049566258
2003-07-02,0.6646168398643207,0.7178162741023989,0.6632782336663282,0.7349927457395364
2003-07-03,0.6671980616798932,0.7269257796753491,0.6736849507385535,0.7388324898880823
2003-07-04,0.6715362977606975,0.7372050615244321,0.6837100629453242,0.7413616807496497
2003-07-05,0.6775988090767343,0.7483413821518237,0.6930919192915728,0.7425590955045174
2003-07-06,0.6852864943832437,0.7599950635603238,0.70160510619586,0.7424729193088616
2003-07-07,0.6944380648323345,0.7718142268580355,0.7090701790083392,0.7412184657044006
2003-07-08,0.7048369486710198,0.7834500647691598,0.7153613723632923,0.7389729436607069
2003-07-09,0.7162206228533846,0.7945719762273766,0.7204119507768586,0.7359675013837295
2003-07-10,0.7282919617603884,0.8048818982888482,0.7242169645830162,0.7324768966797209
2003-07-11,0.7407321045924873,0.8141272058707014,0.7268332903044392,0.7288072479500396
2003-07-12,0.753214276272131,0.8221116127481984,0.7283769538704262,0.7252824042270489
2003-07-13,0.765417954796789,0.8287035950647823,0.7290178544793142,0.7222295333391797
2003-07-14,0.7770427627599354,0.8338419674651484,0.7289721211118723,0.7199645616478333
2003-07-15,0.7878214728756119,0.8375383670694924,0.7284924377172572,0.718778105321008
2003-07-16,0.7975315562698466,0.8398765363700086,0.727856762343679,0.7189225115114547
2003-07-17,0.8060047663286676,0.8410084367791858,0.7273559360506484,0.7206005790399947
2003-07-18,0.813134337204509,0.8411473638134693,0.7272807262181445,0.7239564543899493
2003-07-19,0.8188794808882895,0.84055836663691,0.7279088737167414,0.7290691032389293
2003-07-20,0.823266985448078,0.8395463931290793,0.72949271323012,0.7359486445889935
2003-07-21,0.826389844402112,0.8384426815757654,0.732247910835051,0.7445357087778882
2003-07-22,0.8284029776376937,0.8375899971188255,0.7363438138502217,0.7547038477889669
2003-07-23,0.8295162320765511,0.8373273618581306,0.7418958371217343,0.766264892163471
2003-07-24,0.8299849698070277,0.8379749497437906,0.7489602204320208,0.7789770193487816
2003-07-25,0.8300986574023437,0.8398198101532033,0.7575313875322944,0.7925551791787048
2003-07-26,0.8301679579646665,0.8431030476332845,0.7675420229840438,0.8066834186116417
2003-07-27,0.8305108932185813,0.8480090213035618,0.778865863575325,0.8210285644000118
2003-07-28,0.8314386838336318,0.8546570386718745,0.7913230817998658,0.8352546626967186
2003-07-29,0.8332418902896482,0.8630959090105571,0.8046880249919703,0.8490375413430478
2003-07-30,0.8361774633887931,0.8733015957930732,0.8186989702024594,0.8620788551889128
2003-07-31,0.8404572735455101,0.8851780715195733,0.8330694663281083,0.8741189975076374
2003-08-01,0.8462386230061258,0.8985613375483156,0.8475007652611829,0.8849483103856645
2003-08-02,0.8536171580185995,0.9132264324805491,0.8616947959711209,0.8944161017037375
2003-08-03,0.8626224925185789,0.9288971213300036,0.8753671115698565,0.9024370726966194
2003-08-04,0.8732167357536068,0.9452578399142665,0.8882592405941021,0.9089948738485709
2003-08-05,0.8852959886683649,0.9619673698097339,0.9001498999102534,0.9141426330533096
2003-08-06,0.89869474342646,0.9786736431687084,0.9108645766602813,0.9180004329957498
2003-08-07,0.9131929928801492,0.9950290270473872,0.9202830583229817,0.9207498487537898
2003-08-08,0.9285257377236773,1.0107054158191473,0.9283445801153061,0.922625785782103
2003-08-09,0.9443944737102156,1.0254084686738767,0.9350503636425972,0.9239059770511684
2003-08-10,0.960480154306081,1.0388903667615328,0.9404634353246614,0.9248986009620827
2003-08-11,0.976457059322126,1.0509605295761366,0.9447057326403446,0.9259285642219497
2003-08-12,0.9920069602488951,1.061493819837374,0.9479526253959537,0.927323052518528
2003-08-13,1.0068329599795336,1.0704358764713762,0.9504250927959376,0.9293969839986733
2003-08-14,1.0206723989050515,1.077805341472052,0.9523799000881639,0.9324390048200184
2003-08-15,1.033308260381971,1.0836928828947943,0.9540982064452752,0.9366986422218758
2003-08-16,1.0445785745011458,1.0882570569999441,0.9558731046661978,0.942375179696061
2003-08-17,1.054383407030925,1.0917171914386752,0.9579966402097608,0.9496087431662618
2003-08-18,1.062689126504529,1.0943436022570046,0.9607468799437103,0.958473989930989
2003-08-19,1.0695297620084394,1.0964455746341575,0.9643755988019147,0.9689766777579784
2003-08-20,1.0750053920513563,1.0983576355217983,0.9690971253868551,0.9810532649631324
2003-08-21,1.07927763533568,1.1004247213946614,0.9750788366267038,0.9945735591247924
2003-08-22,1.0825624415841195,1.1029868928628064,0.9824337191337775,1.0093462981260766
2003-08-23,1.0851204991981453,1.1063642677988876,0.9912153240983237,1.0251274183705534
2003-08-24,1.0872456812305558,1.1108428350255803,1.001415337378098,1.0416306469402776
2003-08-25,1.089252037340891,1.1166617719111656,1.0129638715314693,1.058539952348959
2003-08-26,1.0914599032827992,1.1240028231352717,1.0257324669388705,1.0755233068730683
2003-08-27,1.094181738240138,1.1329822073156697,1.0395396701192752,1.0922471558086788
2003-08-28,1.0977083122799942,1.1436454071105362,1.0541589441055506,1.1083909579341549
2003-08-29,1.1022958508010505,1.1559650717089218,1.069328563270578,1.1236611583234337
2003-08-30,1.1081547008008423,1.1698421238626595,1.084763057797462,1.1378039795894541
2003-08-31,1.1154400169132879,1.1851100228043745,1.1001657048931577,1.1506164695466063
2003-09-01,1.1242448764167854,1.2015419957255355,1.1152415178476982,1.1619553198841999
2003-09-02,1.1345961256826038,1.2188609200487115,1.1297101621614678,1.1717430683739731
2003-09-03,1.146453140512888,1.2367514222504254,1.1433182311625032,1.1799714120908544
2003-09-04,1.1597095547806753,1.2548736615931708,1.1558503416736254,1.1867014860563825
2003-09-05,1.1741978813569975,1.2728781930869302,1.1671385621291817,1.1920610950414532
2003-09-06,1.189696822222508,1.2904212565746649,1.1770697588057153,1.1962390201312967
2003-09-07,1.2059409464978494,1.3071798201067633,1.1855905373004254,1.1994766501787466
2003-09-08,1.2226323110795747,1.322865716559548,1.1927095620473247,1.2020573058050723
2003-09-09,1.2394535132084712,1.3372382522877753,1.1984971518609575,1.2042937249867374
2003-09-10,1.2560816013757985,1.3501147337313415,1.203082169179712,1.2065142600368612
2003-09-11,1.272202233253971,1.3613784493718537,1.20664633958668,1.2090483924029662
2003-09-12,1.2875234584796342,1.3709837562361336,1.209416251091126,1.2122122016708439
2003-09-13,1.3017885205958029,1.3789580473594147,1.2116533845969844,1.2162944271704121
2003-09-14,1.3147871155515043,1.3854005136602667,1.21364261348738,1.2215437345360542
2003-09-15,1.326364611969064,1.3904777545219125,1.2156796775151257,1.22815774662492
2003-09-16,1.3364288279413428,1.3944164298316364,1.218058181253036,1.2362743206684177
2003-09-17,1.3449540664787358,1.3974932762180634,1.2210566882450908,1.245965454831814
2003-09-18,1.3519822321721293,1.4000229260338495,1.2249264777917772,1.2572340918202014
2003-09-19,1.3576209798806056,1.4023440641705103,1.2298805021856862,1.2700139598736366
2003-09-20,1.362038976657407,1.404804530821152,1.2360840294661872,1.2841724580328486
2003-09-21,1.365458484965217,1.4077460246177624,1.2436473827026358,1.2995164587942807
2003-09-22,1.3681455929303579,1.4114890781288822,1.2526210946996412,1.315800773088171
2003-09-23,1.3703985207767186,1.4163189657427175,1.2629936908953834,1.3327389055409389
2003-09-24,1.3725345171273347,1.42247316301218,1.274692197763168,1.350015627369246
2003-09-25,1.3748759208625743,1.4301309084150626,1.2875853543127829,1.3673008144321026
2003-09-26,1.3777360009811312,1.439405326206393,1.3014893856054843,1.3842639424731182
2003-09-27,1.3814051968598862,1.4503384567209483,1.3161760848071298,1.400588602909408
2003-09-28,1.3861383641124998,1.4628994131635842,1.3313828492368813,1.415986402027995
2003-09-29,1.3921435878422233,1.476985747394165,1.3468242307319447,1.43020963434387
2003-09-30,1.3995730577030232,1.4924279678220385,1.3622044954815509,1.44306217626529
2003-10-01,1.408516411344471,1.5089970169998654,1.3772306466632276,1.4544081272426992
2003-10-02,1.4189968493039036,1.5264143918021067,1.3916253474291962,1.4641778296401764
2003-10-03,1.4309702112398681,1.5443644822533862,1.4051391940846574,1.4723710226016995
2003-10-04,1.4443270877682033,1.5625086232297718,1.4175618311767169,1.4790570260278642
2003-10-05,1.4588979323353906,1.5805003034309442,1.4287314727654432,1.4843720055269531
2003-10-06,1.4744610426553502,1.5980009650325935,1.4385424981343213,1.488513535474431
2003-10-07,1.49075321072235,1.6146958614894862,1.446950925927822,1.4917328532663805
2003-10-08,1.5074828032176864,1.630309524865928,1.4539777375754321,1.4943253817543367
2003-10-09,1.5243450370514993,1.6446205297139158,1.4597102162948388,1.4966202859426407
2003-10-10,1.5410392600784084,1.6574754245140522,1.4643016855670996,1.4989700184603112
2003-10-11,1.5572881290598102,1.668801922018548,1.4679702578286475,1.5017409840528986
2003-10-12,1.5728586781618261,1.6786216717409306,1.4709974174265696,1.505306594285805
2003-10-13,1.5875853582142718,1.687063139799669,1.4737274255692636,1.5100440537301878
2003-10-14,1.6013951476881774,1.6943752325147226,1.4765685976262994,1.5163361654900471
2003-10-15,1.6143347214393942,1.7009422416832816,1.479997398892779,1.5245791987881148
2003-10-16,1.6265993327280013,1.707300372054776,1.484565960182347,1.5351973476432594
2003-10-17,1.6385624426196927,1.7141554521902427,1.4909129619176202,1.5486634575614169
2003-10-18,1.6508041727880343,1.7224003786261872,1.499776836153133,1.5655244687490046
2003-10-19,1.6641353790402942,1.7331294181551042,1.512008910158436,1.5864284468152747
2003-10-20,1.6796126563793865,1.7476448178411053,1.5285825731443219,1.6121482728819352
2003-10-21,1.6985381289087422,1.7674495059383386,1.550593014970622,1.6435953001600434
2003-10-22,1.7224368165549497,1.7942184097728646,1.5792409084551455,1.6818149431539535
2003-10-23,1.753004174113434,1.8297405799399975,1.6157930252259372,1.727955742343807
2003-10-24,1.7920175625861627,1.8758254350870076,1.6615136541363875,1.7832044621421792
2003-10-25,1.8412083420226857,1.9341694700790109,1.7175632110791386,1.848682657183142
2003-10-26,1.9020961306698343,2.0061848829167586,1.784864745930228,1.925305054147677
2003-10-27,1.9757933282791496,2.092798530951506,1.863944962341216,2.01360681150504
2003-10-28,2.0627955322524607,2.1942376528541994,1.9547632123059897,2.1135544980175673
2003-10-29,2.1627807708043614,2.3098265839922094,2.0565485973988467,2.22436322214795
2003-10-30,2.2744459633516567,2.4378245531456497,2.167670355948608,2.3443481238852293
2003-10-31,2.395411035377159,2.5753367884084257,2.2855686134060846,2.4708406929985776
2003-11-01,2.522218302468295,2.7183281119191207,2.4067700681755646,2.6001976942408147
2003-11-02,2.650446448404686,2.861759267712155,2.5270056777095524,2.7279221840534262
2003-11-03,2.7749450532447155,2.9998518337292897,2.6414352607998604,2.8489025943409487
2003-11-04,2.890178761050131,3.126469424148566,2.7449685902968857,2.9577587545788897
2003-11-05,2.990652438920142,3.235583824353167,2.8326564239222938,3.0492657166231516
2003-11-06,3.071373306606191,3.321778210183667,2.9001109792016218,3.11881065987579
2003-11-07,3.1282962004313863,3.380729127283765,2.9439065289854662,3.162828264109107
2003-11-08,3.1586962846758664,3.4096070406523764,2.9619092832115896,3.1791582139823333
2003-11-09,3.1614206343562294,3.407343079167457,2.953492438699645,3.1672759613048616
2003-11-10,3.1369854289007315,3.3747262718713475,2.9196065182088073,3.1283637331281557
2003-11-11,3.0875065675732305,3.3143184514876767,2.8626946230683084,3.065210509463881
2003-11-12,3.016474673874241,3.2301991162182144,2.7864636081580643,2.9819535215354676
2003-11-13,2.928406581187834,3.1275754429888374,2.695541663279632,2.883695501177642
2003-11-14,2.8284208125355175,3.0123093631888365,2.595066969985232,2.7760476644717103
2003-11-15,2.7217918297997734,2.890421492847006,2.4902587404572056,2.6646557164356146
2003-11-16,2.6135361690005907,2.7676299272226763,2.3860203348495643,2.55476424025285
2003-11-17,2.508073986066456,2.6489715314939755,2.2866152081975124,2.4508647111168553
2003-11-18,2.4089944103524896,2.5385369756051737,2.1954423693163734,2.356456532251153
2003-11-19,2.318935621434343,2.4393318093749268,2.1149217747830074,2.2739322164581734
2003-11-20,2.2395739544118034,2.3532578408598877,2.046484606747776,2.20458046517138
2003-11-21,2.171703214572663,2.281194794483375,1.9906511077606075,2.1486871328982615
2003-11-22,2.1153773147611843,2.2231533871477693,1.9471710231375388,2.1057055370488102
2003-11-23,2.070086726579772,2.1784679954473067,1.9151990977957043,2.0744646911046725
2003-11-24,2.0349414035695617,2.1459992924913216,1.893479894771432,2.053386135119194
2003-11-25,2.008838423584823,2.1243231381128207,1.880521196619727,2.040685709427091
2003-11-26,1.9905999446439397,2.1118898199480554,1.8747418941447105,2.0345441549371355
2003-11-27,1.9790745972056458,2.10714576783954,1.8745871142412853,2.033238204107794
2003-11-28,1.9732019330580093,2.1086167948270593,1.878609277527738,2.035230600096617
2003-11-29,1.9720442996093854,2.114956983849625,1.8855181487775725,2.0392225053332718
2003-11-30,1.9747932841338385,2.1249703008011362,1.8942055424940503,2.0441747981367313
2003-12-01,1.980758843765366,2.137613055140106,1.903751325157703,2.049305972508801
2003-12-02,1.989348816090766,2.1519848945406967,1.913417090301687,2.0540741670982032
2003-12-03,2.0000451979938916,2.167314655621292,1.9226328327354196,2.0581497649137974
2003-12-04,2.0123818664458932,2.182945614370002,1.9309805483620714,2.061383508036145
2003-12-05,2.0259266726545135,2.1983228930241494,1.9381772765077496,2.0637735393472547
2003-12-06,2.040269318436584,2.212984248587556,1.9440589022145236,2.065433460140852
2003-12-07,2.055015244371345,2.2265543203210267,1.9485651513308935,2.066562494836704
2003-12-08,2.069784949022888,2.2387416717484676,1.9517256563905307,2.06741819893472
2003-12-09,2.084217679767917,2.249337580605023,1.9536467033098663,2.068291787275815
2003-12-10,2.0979782198049084,2.258215427562633,1.9544982170511298,2.06948601994973
2003-12-11,2.110765467206798,2.2653296241724235,1.9545006326375365,2.071295581359135
2003-12-12,2.122321593145953,2.270713224316027,1.9539114593493723,2.0739899535116013
2003-12-13,2.132440725552911,2.274473620649684,1.953011529224176,2.077798865138282
2003-12-14,2.1409762954628397,2.2767859954195133,1.9520910913841492,2.082900460307217
2003-12-15,2.147846383812823,2.2778844467859765,1.9514360508975075,2.0894123567135496
2003-12-16,2.1530366040237117,2.27805093242116,1.95131474546598,2.0973857498683715
2003-12-17,2.1566002440334366,2.277602354513071,1.9519657032541673,2.1068026680400522
2003-12-18,2.158655567436292,2.2768762519936505,1.9535868331931732,2.117576401604925
2003-12-19,2.15938033511727,2.276215666867711,1.9563264701077725,2.129555029006025
2003-12-20,2.159003754451778,2.275953813248402,1.9602766371886435,2.142527849722395
2003-12-21,2.157796190655694,2.2763992020196957,1.9654688042318131,2.1562344218451153
2003-12-22,2.156057081803528,2.2778218633219285,1.9718723183245095,2.1703757962801435
2003-12-23,2.1541015829074066,2.2804412661639666,1.979395570785135,2.184627448179673
2003-12-24,2.152246523048883,2.2844164628747583,1.9878898464739794,2.1986533344711643
2003-12-25,2.150796291228944,2.289838889961733,1.9971556851031982,2.2121204584112464
2003-12-26,2.150029270516311,2.296728141071983,2.006951474520995,2.224713300621565
2003-12-27,2.1501854163827714,2.305030897595893,2.0170038982430687,2.2361474823436414
2003-12-28,2.151455525039366,2.3146230639273204,2.027019778214166,2.2461820605911162
2003-12-29,2.153972663428294,2.325315013692353,2.0366987925663937,2.2546299150904767
2003-12-30,2.1578061375917024,2.3368597166187555,2.045746509736376,2.2613657707934864
2003-12-31,2.1629582646284606,2.3489633891718804,2.0538871664220295,2.266331503657042
2004-01-01,2.169364090276597,2.3612982012060555,2.060875628124143,2.2695384967675123
2004-01-02,2.176894064742397,2.37351648055308,2.066508006940967,2.2710669434998576
2004-01-03,2.1853595594321433,2.3852657916697635,2.0706304702946046,2.271062128560681
2004-01-04,2.1945209824541743,2.3962042261012684,2.073145853787168,2.2697278505890504
2004-01-05,2.2040981366643084,2.4060152333088625,2.0740177879496335,2.267317275678886
2004-01-06,2.213782365717981,2.414421340848469,2.0732721580861253,2.2641216242991393
2004-01-07,2.2232499555632526,2.421196162262212,2.070995834084316,2.2604571898349826
2004-01-08,2.2321762048693246,2.426174167600771,2.067332728138907,2.256651261539269
2004-01-09,2.2402495511935197,2.429257792717165,2.062477358225059,2.2530275756047673
2004-01-10,2.247185142979005,2.4304215866003216,2.056666210029796,2.2498919447133203
2004-01-11,2.2527372835405037,2.4297132388137164,2.050167297558823,2.2475187206451634
2004-01-12,2.256710245704032,2.4272514909693257,2.0432684228926163,2.2461387315647174
2004-01-13,2.2589670703815985,2.4232211195440585,2.036264732304243,2.245929315121305
2004-01-14,2.2594361279775232,2.417865389222563,2.0294462677379244,2.2470070557632975
2004-01-15,2.258115451075718,2.411476628847691,2.0230863336056344,2.249423851040971
2004-01-16,2.2550751566167637,2.404385893330019,2.017431657921498,2.2531670035939624
2004-01-17,2.2504586813641065,2.396953062407803,2.012695543867594,2.2581641899353007
2004-01-18,2.2444840613413355,2.3895591990750145,2.0090554948513626,2.26429441125096
2004-01-19,2.2374470722403865,2.3826035265200036,2.0066571407469507,2.2714063744942155
2004-01-20,2.229728639161515,2.3765079064680865,2.0056266354279293,2.2793461189044755
2004-01-21,2.221809363788703,2.37173204973989,2.0060939006282035,2.2879959430042627
2004-01-22,2.2142940421735235,2.3688025831041486,2.0082289253721104,2.2973265385375248
2004-01-23,2.207948286913868,2.368358141633157,2.0122924617920637,2.307463327494988
2004-01-24,2.2037473950704896,2.3712103957920627,2.0187005002499183,2.3187658904997286
2004-01-25,2.2029340496783463,2.3784169656856355,2.028098527043992,2.3319156937235856
2004-01-26,2.207076199875929,2.39135640950889,2.0414366718285004,2.348001956541264
2004-01-27,2.2181099373495323,2.411788341075399,2.060030814859359,2.368588868760572
2004-01-28,2.2383455274324695,2.4418744806202035,2.085588607975287,2.3957406475849456
2004-01-29,2.2704099556970196,2.4841312298622547,2.1201750017430268,2.4319761679987963
2004-01-30,2.317099060987298,2.5412840453854013,2.1660916962434524,2.480124823021328
2004-01-31,2.381119262777601,2.616001400676045,2.2256514421961833,2.5430626633144375
2004-02-01,2.464714889850521,2.710503457743421,2.300842995443063,2.623324608466614
2004-02-02,2.569201985991034,2.826067503892599,2.3929055871563305,2.722614404959842
2004-02-03,2.6944600404548757,2.9624853250309435,2.5018600936570743,2.841265755369671
2004-02-04,2.838462973765824,3.1175600755249144,2.626071783629937,2.9777390639067463
2004-02-05,2.9969511460570675,3.286752403603609,2.761938521617023,3.1282595048040593
2004-02-06,3.1633481187577446,3.4630878459373644,2.9038003014242544,3.2867043152422593
2004-02-07,3.329003050810209,3.637412962081068,3.0441451302883205,3.4448238055664295
2004-02-08,3.4837912427449265,3.79903557160156,3.1741419282746226,3.592830834746053
2004-02-09,3.617038173565851,3.936712033366166,3.284469421474104,3.7203243343693124
2004-02-10,3.7186601682783853,4.039866625158441,3.3663436481770623,3.8174380537402683
2004-02-11,3.780355470831887,4.099864051441215,3.4125921133815798,3.8760444627978305
2004-02-12,3.7966500789790234,4.111124392901823,3.4185955500875145,3.8908133063878707
2004-02-13,3.765614119263377,4.071882177664961,3.382928699938718,3.859935881193687
2004-02-14,3.689117444561649,3.984448393320637,3.307580104398256,3.78538037536698
2004-02-15,3.572576850407255,3.854924644315086,3.197707785784256,3.6726295872738013
2004-02-16,3.424242390218925,3.692421297263745,3.06097501647584,3.5299500120377982
2004-02-17,3.2541539887911735,3.507921796137667,2.906587215392366,3.3673272475299862
2004-02-18,3.072952468245601,3.3129923785422646,2.744199496852534,3.195256913968867
2004-02-19,2.89074053770549,3.118548660530748,2.58287471721426,3.023591821182319
2004-02-20,2.7161598990931863,2.933858678863311,2.430244618651869,2.8606156265087748
2004-02-21,2.555791280996874,2.7658977578327835,2.291971888580863,2.7124519346836173
2004-02-22,2.4139120302455788,2.61909247633582,2.1715443775941323,2.5828433191076137
2004-02-23,2.2925787483873385,2.4954183679418196,2.070370806884611,2.473265515252295
2004-02-24,2.1919541183136135,2.3947636594518866,1.9881027139656375,2.3832922282310323
2004-02-25,2.1107742414027886,2.315446600945246,1.9230863170500745,2.3111025265665126
2004-02-26,2.0468547916390234,2.2547760044285674,1.8728497771308954,2.2540249338626137
2004-02-27,1.9975547490831589,2.209566644081382,1.8345501700462177,2.209033543960955
2004-02-28,1.9601463730457704,2.1765534312039643,1.8053320424423083,2.1731424682728497
2004-02-29,1.932070657801892,2.1526813044885422,1.7825776561970372,2.1436766477934404
2004-03-01,1.9110823876085905,2.135274666688402,1.7640520397328767,2.1184229321151515
2004-03-02,1.8953049066797902,2.1221075312057236,1.7479608428833775,2.095682071137377
2004-03-03,1.8832216510676767,2.1114031062253136,1.7329455504181919,2.074249672148628
2004-03-04,1.8736311886943515,2.101791318792764,1.7180405287482743,2.0533541244386906
2004-03-05,1.8655877007652195,2.0922476995678156,1.702612154228076,2.032574775476188
2004-03-06,1.8583421589259748,2.082029963928717,1.6862943257090883,2.011756972291132
2004-03-07,1.8512929025576772,2.0706216853715236,1.6689288250233076,1.9909340044587986
2004-03-08,1.8439490530260456,2.0576869026075864,1.6505143098774175,1.9702606816466344
2004-03-09,1.8359066225050669,2.0430357649784727,1.6311645703959217,1.949959661864574
2004-03-10,1.8268351770893925,2.026599280464005,1.6110749486057423,1.9302796029828606
2004-03-11,1.8164721305633829,2.008410485427995,1.5904951674488512,1.9114633613885232
2004-03-12,1.8046217490694232,1.9885894393702466,1.569706846307011,1.893724369524184
2004-03-13,1.7911563694821029,1.9673299598056158,1.5490043532949436,1.877229613125608
2004-03-14,1.7760179137141823,1.9448866667525593,1.5286781205178546,1.862088035980261
2004-03-15,1.7592183619739332,1.9215615340095469,1.5089999865646657,1.8483435731630928
2004-03-16,1.7408383568958012,1.8976896662812217,1.4902104675439285,1.8359722873929556
2004-03-17,1.7210235266609717,1.8736244160245323,1.4725080805763042,1.8248832469586942
2004-03-18,1.69997844505851,1.8497222308753258,1.4560409647193535,1.8149228557640182
2004-03-19,1.6779584061334243,1.8263278026897276,1.4409010867538583,1.8058823549022134
2004-03-20,1.6552593969716407,1.8037601946522908,1.427121306777591,1.7975081889957811
2004-03-21,1.6322068164161592,1.7823006718077286,1.4146755311669075,1.7895148922885868
2004-03-22,1.6091436168087618,1.7621829656610581,1.4034821130762891,1.7816001151871441
2004-03-23,1.5864186416886457,1.7435866726668625,1.3934105828032668,1.7734613904995278
2004-03-24,1.564375991572438,1.7266344219571739,1.3842917064176137,1.7648142320166833
2004-03-25,1.5433462651854841,1.7113933472943823,1.3759307804006382,1.7554111617684491
2004-03-26,1.5236404839397655,1.697881255370726,1.3681239672602432,1.745061265595086
2004-03-27,1.5055473994744066,1.6860776869370315,1.3606773525973745,1.7336498636752884
2004-03-28,1.4893346929538662,1.6759398063875062,1.3534282454475668,1.7211578338491307
2004-03-29,1.4752542873245549,1.667422717455539,1.3462680379791447,1.7076800208360867
2004-03-30,1.463551602105327,1.6605033804171991,1.339165678078489,1.6934419873735753
2004-03-31,1.4544780874518206,1.655206802778373,1.332190487385422,1.6788141069567324
2004-04-01,1.4483057997000608,1.6516326106426922,1.3255326900893412,1.664321671300954
2004-04-02,1.4453421660210788,1.6499795243653652,1.3195196354975762,1.6506493201314691
2004-04-03,1.4459424986473248,1.6505647290083534,1.3146253540434565,1.6386377541413384
2004-04-04,1.4505173523837984,1.6538347435468235,1.3114708589417403,1.629270448424745
2004-04-05,1.4595315854706916,1.6603642692646199,1.3108125889141309,1.6236480490216196
2004-04-06,1.4734921027030614,1.6708397605914034,1.3135166824237066,1.6229484233177494
2004-04-07,1.4929218370330284,1.6860252193431564,1.320517470031477,1.6283710478262183
2004-04-08,1.5183186287041,1.7067090324199359,1.3327597232307147,1.6410656181740493
2004-04-09,1.5500992899932278,1.73363254861686,1.3511258000414483,1.662046453778403
2004-04-10,1.5885312097391222,1.767403420954037,1.3763507932281367,1.6920963514914007
2004-04-11,1.633656163181774,1.8083993152822804,1.4089309369047907,1.7316658228670108
2004-04-12,1.6852132589301894,1.856670086921155,1.4490325934105197,1.7807758340590123
2004-04-13,1.7425698132158363,1.9118485604587447,1.4964107916361848,1.8389338884981736
2004-04-14,1.8046700046262216,1.9730811940894177,1.5503471667501347,1.9050741599252485
2004-04-15,1.870011084380085,2.038989795532759,1.6096169456702982,1.9775320508285328
2004-04-16,1.9366554673526872,2.107673833983878,1.6724931264293403,2.0540617924566122
2004-04-17,2.0022841597220205,2.176759712602519,1.7367931759706088,2.13190247982055
2004-04-18,2.064292870421929,2.2434988268629272,1.7999695936959192,2.2078934457504698
2004-04-19,2.1199272221224676,2.304910790026257,1.8592409491703448,2.2786345625042466
2004-04-20,2.1664483396599383,2.3579625290122808,1.9117550777805203,2.340681562958787
2004-04-21,2.201315484702562,2.399768841507415,1.9547716927274428,2.390761562076966
2004-04-22,2.2223690628929096,2.4277962611282855,1.9858484325381263,2.4259904004069157
2004-04-23,2.2279958644309508,2.440050367285124,2.0030128793325788,2.444071858933894
2004-04-24,2.217259175024631,2.435227398757887,2.0049036952086317,2.4434595863350803
2004-04-25,2.189979445514904,2.4128142269028334,1.9908667682218306,2.423465771119096
2004-04-26,2.146756212775897,2.3731260718770635,1.9609968416122239,2.384305847953101
2004-04-27,2.0889282808427327,2.317278114569151,1.9161209315337522,2.3270751851107225
2004-04-28,2.018475939334705,2.247094441238528,1.8577261272015655,2.2536608656422583
2004-04-29,1.9378752780573494,2.1649645451953723,1.7878402473451989,2.166598373821754
2004-04-30,1.8499195934064006,2.0736629725879236,1.70887850364234,2.0688883360767316
2004-05-01,1.7575258359720038,1.9761509472212926,1.6234722026210948,1.9637917738228567
2004-05-02,1.663544701338194,1.8753795961007398,1.5342963024235665,1.8546232649664613
2004-05-03,1.5705913570878698,1.7741127622368011,1.4439113581426095,1.7445600103490013
2004-05-04,1.4809102987443572,1.674783729573678,1.3546323711596517,1.6364814312035736
2004-05-05,1.396283053412976,1.5793951585081383,1.2684328633469084,1.53284920957869
2004-05-06,1.3179821474034656,1.489465938451784,1.1868878030353391,1.4356323842653957
2004-05-07,1.2467696653455282,1.4060233019450263,1.1111544910418498,1.346276987412109
2004-05-08,1.1829344766151222,1.329634080300758,1.0419867381220287,1.2657153887752612
2004-05-09,1.126359213119595,1.260465864725749,0.9797750130760414,1.1944074382895111
2004-05-10,1.0766065361604271,1.1983672646374315,0.9246038796523414,1.1324038541979609
2004-05-11,1.0330140856795167,1.1429563751608713,0.8763179276206949,1.0794220507601342
2004-05-12,0.9947885350590593,1.0937077293541924,0.834588328612141,1.0349255066750662
2004-05-13,0.9610910343782396,1.050030043356317,0.7989737946708236,0.9981994948295013
2004-05-14,0.9311086272190423,1.0113295449113073,0.7689717333057616,0.9684181353849227
2004-05-15,0.9041086062831996,0.977056214146588,0.7440574463422456,0.9446999322428922
2004-05-16,0.8794749379118949,0.9467325446937547,0.7237110471827549,0.9261509165943786
2004-05-17,0.8567276389172191,0.9199662439592864,0.7074331989392972,0.9118960602020161
2004-05-18,0.835527236353685,0.8964495350655242,0.6947517254107042,0.9011006495906079
2004-05-19,0.8156671763327401,0.8759483981304548,0.685221621551408,0.8929838358675989
2004-05-20,0.797057331786922,0.8582852652529565,0.6784210540547987,0.8868266656194439
2004-05-21,0.7797016899709321,0.8433184741697909,0.6739456954632294,0.8819766667993665
2004-05-22,0.7636729905991403,0.8309213170996446,0.6714032880684185,0.8778506323006813
2004-05-23,0.7490866406481942,0.8209629139135945,0.670409791223608,0.8739367268806908
2004-05-24,0.7360757387675032,0.8132924917564298,0.6705879132378354,0.8697965322164403
2004-05-25,0.7247685630407704,0.8077280386890235,0.671568328238572,0.8650672042332722
2004-05-26,0.7152694479943438,0.8040497615542928,0.6729934663730404,0.8594635827135574
2004-05-27,0.7076436168949066,0.8019983393697014,0.6745234585892423,0.8527798780255261
2004-05-28,0.7019062450115333,0.8012776269371213,0.6758436153163713,0.8448904583163178
2004-05-29,0.698015800926116,0.8015612217211899,0.6766727116923124,0.8357492560666203
2004-05-30,0.695871534399963,0.8025021474473404,0.6767713251892296,0.8253873832423502
2004-05-31,0.6953148387279344,0.803744815872962,0.6759495074722034,0.8139086658544125
2004-06-01,0.696134102999142,0.8049383904300906,0.6740731546855159,0.8014829596125731
2004-06-02,0.6980725784160455,0.8057506808814298,0.6710685546565917,0.7883372697897271
2004-06-03,0.7008387091699458,0.805881738280661,0.6669247236862353,0.774744855434086
2004-06-04,0.7041183213430329,0.8050763880574574,0.6616932898743036,0.7610126394294306
2004-06-05,0.7075880237263942,0.8031350311269612,0.6554858264231614,0.7474673636614859
2004-06-06,0.7109291540488012,0.7999221545068016,0.6484686806304832,0.7344410175272068
2004-06-07,0.7138416047657921,0.7953721201537937,0.6408554769668265,0.7222561253102345
2004-06-08,0.7160568856352573,0.789491939530418,0.6328975911912595,0.7112115024659306
2004-06-09,0.7173498262695894,0.7823608872771911,0.6248729930419678,0.7015690830598406
2004-06-10,0.717548390038484,0.7741269553526037,0.6170739344728818,0.6935423822196759
2004-06-11,0.7165411592338395,0.765000293824775,0.6097940162406549,0.6872870913425145
2004-06-12,0.7142821572922882,0.755243920749028,0.6033151962382858,0.6828942137610695
2004-06-13,0.7107927931052765,0.7451621059655655,0.5978953075818415,0.6803860392472504
2004-06-14,0.7061608402586975,0.7350869373263743,0.5937566333113092,0.6797151324017469
2004-06-15,0.7005364951371036,0.7253636586001048,0.5910760388884168,0.6807663783925684
2004-06-16,0.6941256866523091,0.7163354227880103,0.5899770956642141,0.6833619956619322
2004-06-17,0.6871809313874793,0.7083281305647858,0.5905245412597362,0.6872692951399494
2004-06-18,0.6799901359516265,0.7016360199848011,0.592721320264243,0.692210844986793
2004-06-19,0.6728638386212433,0.6965086406784325,0.5965083353593588,0.6978765942803103
2004-06-20,0.6661214509683907,0.6931397849834495,0.601766919929493,0.7039374230442709
2004-06-21,0.6600771041403567,0.6916588625020946,0.6083239236657605,0.7100595233706313
2004-06-22,0.6550257218424823,0.6921250972323658,0.6159591878740612,0.7159189798901169
2004-06-23,0.6512299321244778,0.6945248024143937,0.6244150822068103,0.7212159090977931
2004-06-24,0.6489083932215858,0.6987718530113304,0.6334076839677157,0.7256875364315153
2004-06-25,0.6482260465756673,0.7047113352517889,0.6426391089708924,0.729119636680829
2004-06-26,0.6492867254883448,0.7121262130714526,0.6518104523410546,0.731355835221613
2004-06-27,0.6521284443594065,0.7207467187386265,0.6606347708438991,0.7323043615680209
2004-06-28,0.6567215756864617,0.7302620552566392,0.6688495365127637,0.7319419586783532
2004-06-29,0.6629699951214145,0.7403338965642622,0.6762280145693762,0.7303147764266457
2004-06-30,0.6707151444705444,0.7506110925664284,0.682589065902157,0.727536210165965
2004-07-01,0.6797428343179115,0.7607449330925382,0.6878049435886088,0.7237817795401835
2004-07-02,0.6897924875794303,0.7704043003239031,0.6918067410869915,0.7192812727505656
2004-07-03,0.7005684180464711,0.7792900441347896,0.6945872529043801,0.7143085016376447
2004-07-04,0.7117526485653755,0.7871479489374392,0.696201122239412,0.7091691179182378
2004-07-05,0.7230187058514318,0.7937797225099378,0.6967622693035342,0.7041870261095702
2004-07-06,0.7340457860251399,0.7990515241979885,0.6964387135062848,0.6996899903339528
2004-07-07,0.7445326686702642,0.8028996579983263,0.6954450171985861,0.6959950676191194
2004-07-08,0.754210768262818,0.8053331806025065,0.6940326831718318,0.693394507934913
2004-07-09,0.762855749722653,0.8064333100316482,0.6924789280178155,0.6921427407011488
2004-07-10,0.7702971979288245,0.8063496610694368,0.6910743248152587,0.6924450197655084
2004-07-11,0.7764259165447248,0.8052934731256056,0.6901098582870769,0.6944482259814733
2004-07-12,0.7811985356621441,0.803528128309367,0.6898639613859704,0.698234231716292
2004-07-13,0.7846392260179385,0.8013573765550959,0.6905901030802187,0.7038161190532716
2004-07-14,0.786838444667843,0.7991117853901337,0.6925054728909286,0.7111374180671143
2004-07-15,0.7879487674327873,0.7971340099397215,0.6957812595405094,0.7200743988547461
2004-07-16,0.788177991433376,0.7957635305996954,0.7005349510275996,0.7304413168277842
2004-07-17,0.7877798109736661,0.795321529196074,0.7068249946232484,0.7419983810115482
2004-07-18,0.7870424766558123,0.7960965683641655,0.7146480515898405,0.7544620954511982
2004-07-19,0.786275936218024,0.798331703586166,0.7239389674139767,0.7675175195548465
2004-07-20,0.7857980222960328,0.8022135943757573,0.7345734590266602,0.7808319088879024
2004-07-21,0.785920294181901,0.8078640932570653,0.7463734011014009,0.7940691372773253
2004-07-22,0.7869341558538132,0.8153346823131171,0.7591144793186767,0.806904266753512
2004-07-23,0.7890978604084486,0.8246040019591826,0.7725358744813052,0.8190376253602493
2004-07-24,0.7926249720772199,0.8355785807266984,0.7863515521296947,0.8302077744846177
2004-07-25,0.7976747929605476,0.8480967341936967,0.8002626617591112,0.8402027961489432
2004-07-26,0.8043451752844377,0.8619354619477838,0.8139705009831885,0.8488694045223887
2004-07-27,0.8126680351641603,0.8768200397359369,0.8271894751608307,0.8561194815069109
2004-07-28,0.8226077651564306,0.8924358855299405,0.8396594831986303,0.8619337494309611
2004-07-29,0.8340626155096893,0.9084421783206039,0.8511571854490422,0.8663624196714553
2004-07-30,0.8468689835783981,0.924486631437771,0.861505658738609,0.869522788893493
2004-07-31,0.8608084230832316,0.9402207714610427,0.8705820144222096,0.8715938887098864
2004-08-01,0.8756170653891928,0.9553150515666796,0.8783226448551721,0.8728084240261829
2004-08-02,0.8909970389889172,0.9694731354258064,0.8847258678731724,0.8734423544632635
2004-08-03,0.9066293855760059,0.9824447242085629,0.8898518531911876,0.8738025768042749
2004-08-04,0.9221879053304581,0.9940363632568765,0.8938198340552276,0.874213249845956
2004-08-05,0.9373533232048822,1.0041197537526936,0.8968027267560178,0.87500136268024
2004-08-06,0.951827153890718,1.012637204329116,0.8990193945022283,0.8764821806696173
2004-08-07,0.9653446563772166,1.0196039832317523,0.9007248956477886,0.87894520874889
2004-08-08,0.9776863090120362,1.0251074678158623,0.9021991448260203,0.8826412889506619
2004-08-09,0.9886873009727739,1.0293031288783374,0.9037344852714962,0.887771399210882
2004-08-10,0.9982446232080855,1.0324075263887311,0.905622718445329,0.8944776457545992
2004-08-11,1.0063214473759936,1.0346886244913085,0.9081421609187672,0.9028368449745928
2004-08-12,1.0129486004612231,1.0364538514298214,0.911545297266436,0.9128569769323814
2004-08-13,1.0182230703577675,1.0380364291244193,0.9160475715271964,0.9244766664318068
2004-08-14,1.0223036081506385,1.0397805731518581,0.9218178097579408,0.9375677145832562
2004-08-15,1.0254036203900865,1.0420262135059248,0.9289706945325653,0.9519405697380174
2004-08-16,1.027781663718012,1.04509390756439,0.9375616220736356,0.9673524975154203
2004-08-17,1.0297299595481801,1.0492706082368413,0.9475841680097359,0.9835180910462019
2004-08-18,1.031561433490497,1.0547969126857828,0.9589702731273411,1.000121659724529
2004-08-19,1.0335958490233574,1.0618563519528814,0.9715931409684484,1.016830952216449
2004-08-20,1.0361456447085053,1.0705671921416682,0.9852727199657191,1.0333116108414762
2004-08-21,1.0395020972622548,1.0809771074478116,0.9997835292411275,1.0492417223023227
2004-08-22,1.043922418472872,1.0930609591374167,1.0148644842118968,1.0643258254979204
2004-08-23,1.0496183529159089,1.1067217780970995,1.0302302902737697,1.0783077610030865
2004-08-24,1.0567467774705237,1.121794907813455,1.0455839039274208,1.0909817976866485
2004-08-25,1.0654027156779053,1.1380551257691156,1.0606295138064845,1.1022015476325364
2004-08-26,1.0756150738727386,1.155226430369363,1.0750854712165352,1.1118862776996956
2004-08-27,1.0873452864225435,1.172994063387699,1.0886966020070439,1.120024340436842
2004-08-28,1.100488929582571,1.1910182396872961,1.1012453587758124,1.1266735736316917
2004-08-29,1.114880233032048,1.2089489809536913,1.1125613233537597,1.1319586509603008
2004-08-30,1.130299290832609,1.2264414016589134,1.1225286419979568,1.1360655001585072
2004-08-31,1.1464816549359518,1.2431707756003147,1.1310910665486757,1.139233033978526
2004-09-01,1.1631298896767415,1.2588467209916236,1.1382543799905385,1.1417425572584263
2004-09-02,1.1799265795188918,1.2732258808062982,1.144086099777228,1.1439053155329797
2004-09-03,1.1965482184640397,1.2861225411825468,1.148712471884318,1.1460487322649828
2004-09-04,1.2126793707866752,1.297416721290461,1.1523128875904247,1.1485019393894194
2004-09-05,1.2280264808331824,1.307059379154867,1.155111968222666,1.1515812369067444
2004-09-06,1.2423307250359574,1.3150745046405408,1.1573696655632348,1.15557612037273
2004-09-07,1.2553793413716177,1.321558007572712,1.1593698127976437,1.160736490173693
2004-09-08,1.2670149383854625,1.326673449775578,1.1614076289611976,1.1672616045440327
2004-09-09,1.2771423746732407,1.330644808477963,1.1637767258174703,1.1752912616602575
2004-09-10,1.285732906456001,1.3337465889657287,1.1667561879607833,1.1848995981978856
2004-09-11,1.2928254209139267,1.3362917208241423,1.1705982937134252,1.1960917767691577
2004-09-12,1.2985247009867051,1.3386177694926862,1.1755174162293456,1.2088037077215514
2004-09-13,1.3029967977754893,1.3410720688716884,1.181680592356425,1.2229048174470696
2004-09-14,1.3064617137636994,1.3439964281217094,1.1892001735277067,1.2382037414885938
2004-09-15,1.3091837182274957,1.3477120845008668,1.1981288814683864,1.2544566922139642
2004-09-16,1.311459720239987,1.3525055632699041,1.2084574858390145,1.2713781333074516
2004-09-17,1.313606210015176,1.3586160658351898,1.2201152057296247,1.2886532919659621
2004-09-18,1.3159453422386618,1.3662249401474782,1.2329728172358618,1.3059519589369164
2004-09-19,1.318790772728501,1.375447695879711,1.2468483304457243,1.3229429699448383
2004-09-20,1.3224338706051657,1.3863289150907756,1.2615149862687627,1.3393087321107997
2004-09-21,1.327130911649147,1.3988402818576753,1.2767112216094283,1.3547591569891115
2004-09-22,1.3330918154141542,1.4128818173174025,1.2921521649025671,1.3690443879176257
2004-09-23,1.340470920840605,1.4282862657262667,1.3075421567946883,1.3819657623590131
2004-09-24,1.3493602055642928,1.4448264387134562,1.3225877457289348,1.3933845274787684
2004-09-25,1.3597852467862224,1.4622251949732525,1.3370105873652824,1.4032279259668508
2004-09-26,1.3717041012037552,1.4801676169442224,1.3505596810798006,1.4114923847513219
2004-09-27,1.385009153441037,1.4983148497029086,1.3630224060949934,1.4182436667461074
2004-09-28,1.3995318523830163,1.5163189946929,1.374233872901608,1.4236139796210556
2004-09-29,1.4150501287078676,1.5338384054038583,1.3840841803732191,1.4277961700869273
2004-09-30,1.4312981705932968,1.5505527160600148,1.3925232623643276,1.4310352617754765
2004-10-01,1.447978133711585,1.566176949081711,1.3995631160304383,1.4336177143469508
2004-10-02,1.4647732815839065,1.5804740928997654,1.4052773237007117,1.4358588866736803
2004-10-03,1.4813619981198376,1.593265618203165,1.4097979069656916,1.438089274717369
2004-10-04,1.4974320903294538,1.6044395069231445,1.4133096821859579,1.440640163471988
2004-10-05,1.5126948099977473,1.6139555029783805,1.4160424180792672,1.4438293823460242
2004-10-06,1.5268980723674632,1.6218474557364513,1.4182612265726062,1.4479478868263926
2004-10-07,1.5398384407284147,1.6282228149024225,1.4202557468579864,1.4532479101967417
2004-10-08,1.5513715800925272,1.6332595471677105,1.4223288092687874,1.459933442554714
2004-10-09,1.5614210601106224,1.6372009767228073,1.4247853893843052,1.4681538051165794
2004-10-10,1.5699856016656732,1.640349296045618,1.4279227804266035,1.478001097794474
2004-10-11,1.577145100097509,1.6430587355513173,1.4320230150120434,1.489512303087668
2004-10-12,1.5830659963442435,1.6457295950219166,1.4373486382998442,1.5026768148529481
2004-10-13,1.588006765940325,1.6488044854714303,1.4441429437294246,1.5174500972615024
2004-10-14,1.5923243979566375,1.6527681488892783,1.4526356851991356,1.53377402044262
2004-10-15,1.596482668589547,1.6581520403054582,1.4630550169433076,1.5516041013528552
2004-10-16,1.6010626951290146,1.6655443880396295,1.4756459178181747,1.5709433276776512
2004-10-17,1.6067756097150176,1.6756056174789602,1.4906945693597848,1.5918813908156295
2004-10-18,1.61447617390338,1.6890877887968494,1.5085570441513505,1.614636963323097
2004-10-19,1.6251747833310113,1.7068550858336113,1.5296892476887052,1.6395991521210456
2004-10-20,1.640043703579286,1.7299005339318645,1.554673457243839,1.667362565685978
2004-10-21,1.6604117758474564,1.759352285777538,1.5842352432680156,1.6987488023980508
2004-10-22,1.687740607805649,1.7964614044130438,1.6192433899807803,1.7348059820943347
2004-10-23,1.7235748968011475,1.8425626093296292,1.6606850916100313,1.7767776904610313
2004-10-24,1.769460523059056,1.8990004816995358,1.709609652670254,1.8260338993476755
2004-10-25,1.826826811139377,1.9670165945232674,1.7670365414757208,1.8839594816217933
2004-10-26,1.8968340576686324,2.047598125759283,1.8338280876847133,1.9518010215356671
2004-10-27,1.9801938402014525,2.1412954868269845,1.9105331675924297,2.0304794914161257
2004-10-28,2.076977042307643,2.2480245825175684,1.9972152219856876,2.120384276280089
2004-10-29,2.1864317453625253,2.3668772033225536,2.0932847813747855,2.2211717234407233
2004-10-30,2.3068385774284246,2.495969037175606,2.1973618789324494,2.331597244985895
2004-10-31,2.435433116552797,2.632357079626993,2.307195778774361,2.44941228907358
2004-11-01,2.568422159627082,2.7720553451016228,2.4196670761463426,2.5713548106394555
2004-11-02,2.7011124397964212,2.91016903053878,2.5308898312498194,2.6932535369285953
2004-11-03,2.828157100755647,3.041153077549354,2.6364193359810364,2.810252739438644
2004-11-04,2.9439084926801637,3.1591831182529404,2.7315558275434446,2.9171470123779177
2004-11-05,-0.3,3.2586078977731705,2.811718360208847,3.008797416035658
2004-11-06,3.1200505001491705,3.3344359275403392,2.872849095195456,3.0805846002314827
2004-11-07,3.171624062758787,3.382798773093445,2.9117993962775706,3.1288444613118074
2004-11-08,3.1950785142877893,3.4013316077715134,2.926647533883123,3.1512299842455365
2004-11-09,3.1895654069007393,3.38941953564588,2.916904414539545,3.1469502052919163
2004-11-10,3.155962093314698,3.348274877775425,2.883577866421719,3.1168529230162543
2004-11-11,3.0967864698977885,3.2808334738275873,2.8290853712966353,3.0633393672503164
2004-11-12,3.015954315013474,3.191483107451738,2.757026362400704,2.990122731402824
2004-11-13,2.9184120910983222,3.0856599707655468,2.671844522956437,2.9018640502937307
2004-11-14,2.8096935442610333,2.969365674311387,2.5784245471379634,2.8037345881053617
2004-11-15,2.6954557063297195,2.8486650367033475,2.481674314001278,2.7009611706839896
2004-11-16,2.581048217683187,2.7292229337519083,2.3861416815416,2.598408976460763
2004-11-17,2.4711602340206,2.6159279242339286,2.295706051058329,2.500246217536778
2004-11-18,2.36957395753807,2.5126337977758326,2.2133706980510373,2.4097193761693276
2004-11-19,2.2790362274976887,2.4220310547861903,2.1411655514192796,2.3290494960746306
2004-11-20,2.2012428482970012,2.3456421242684318,2.0801546058440743,2.259442792384398
2004-11-21,2.136917045797256,2.283919687948607,2.0305298876771904,2.201195237254546
2004-11-22,2.085955202973345,2.2364185166686092,1.9917663160996422,2.153862422018259
2004-11-23,2.0476102298858936,2.202008167874335,1.9628092729461946,2.1164632935136827
2004-11-24,2.020684922128025,2.179096042620434,1.9422686179497564,2.0876886361644167
2004-11-25,2.0037130964597885,2.165836188646346,1.9285980065206816,2.0660910125108516
2004-11-26,1.9951135050486386,2.160307072079452,1.9202451545598158,2.050240565498982
2004-11-27,1.9933089500867398,2.1606496260213137,1.9157656976888309,2.038838996828852
2004-11-28,1.99680944029005,2.165163911592449,1.9138993913219218,2.030790910755911
2004-11-29,2.004262936094624,2.172367920911135,1.9136119280234667,2.025236805160876
2004-11-30,2.0144799989541053,2.1810251669508247,1.9141083962450405,2.021555061682994
2004-12-01,2.0264396606404538,2.1901489188718997,1.9148255161412755,2.0193414983454994
2004-12-02,2.0392834719074386,2.198990691341685,1.9154096334948465,2.0183748168132647
2004-12-03,2.0523034793977253,2.2070194199635114,1.9156864870755828,2.0185751144359796
2004-12-04,2.0649282905007533,2.2138961597394062,1.9156274187393931,2.0199610243171944
2004-12-05,2.0767097909554257,2.2194475269619556,1.9153153072605713,2.0226093776395953
2004-12-06,2.0873117209195837,2.2236397233197978,1.914912295068859,2.026619801350964
2004-12-07,2.0965003083243494,2.2265539561541297,1.9146304470584625,2.032085494461699
2004-12-08,2.104136521815195,2.228363417647248,1.9147058493727982,2.039070592222312
2004-12-09,2.1101691942990226,2.2293116578972274,1.9153762840105883,2.047593990666314
2004-12-10,2.1146282059837924,2.2296920997983385,1.9168624360136925,2.057619195551982
2004-12-11,2.1176170205096922,2.229828509391022,1.9193525335216097,2.069049605582708
2004-12-12,2.1193040662004234,2.230056376970209,1.9229903265481456,2.081728576120353
2004-12-13,2.1199126897869025,2.2307053235711876,1.9278663334516626,2.0954435896787564
2004-12-14,2.11970964281931,2.232082786151466,1.93401229702255,2.109933854286336
2004-12-15,2.118992267204428,2.234459331694151,1.9413987814962022,2.124900646196217
2004-12-16,2.1180747131771778,2.238055997378204,1.9499358047291457,2.1400197058471817
2004-12-17,2.1172736455882673,2.243034051404562,1.959476340070968,2.154954988225854
2004-12-18,2.1168939724450087,2.249487522727135,1.969822447501568,2.1693730665118327
2004-12-19,2.117215165575444,2.257438766141368,1.9807337120351503,2.1829574972028407
2004-12-20,2.118478740823722,2.26683722125479,1.9919375876850327,2.1954224808724025
2004-12-21,2.1208774287234267,2.277561399176526,2.0031411748829124,2.2065251985834924
2004-12-22,2.1245465009246973,2.2894239982376288,2.0140439041793052,2.2160762710361737
2004-12-23,2.129557627878289,2.302179917913782,2.024350563782238,2.2239478751082022
2004-12-24,2.1359155348173555,2.3155368157578895,2.0337840959184232,2.2300791582178205
2004-12-25,2.143557601615587,2.329167742024826,2.0420975985288212,2.2344787112032254
2004-12-26,2.1523564235344326,2.342725296226479,2.04908500444563,2.2372239904641575
2004-12-27,2.1621252201756556,2.3558566834167833,2.054589968673517,2.2384577145680757
2004-12-28,2.172625855009094,2.3682190086891173,2.0585125733124228,2.238381393666169
2004-12-29,2.1835791132378377,2.3794941380064962,2.0608135556356153,2.237246276144203
2004-12-30,2.1946767865812578,2.389402472589445,2.061515873705685,2.235342110463737
2004-12-31,2.2055950341849955,2.3977150318465057,2.0607035409136545,2.2329842161695357
2005-01-01,3.416008432807276,2.404263314164463,2.058517780833924,2.2304994323439304
2005-01-02,3.4256040991538965,2.408946502522199,2.0551506715353125,2.228211561122559
2005-01-03,3.4340952640788993,2.411735698572337,2.050836558809732,2.226426946088798
2005-01-04,3.4412337024875947,2.412674999437813,2.045841615841555,2.2254208194762524
2005-01-05,3.4468204731472385,2.4118793702941845,2.0404520083650874,2.225425018423618
2005-01-06,3.4507144970937045,2.4095294068378768,2.034961185834361,2.2266176106042788
2005-01-07,3.4528385988229706,2.4058632189690554,2.0296568580199126,2.2291148862087673
2005-01-08,3.4531827471588503,2.401165794826942,2.0248082313922993,2.2329660705454164
2005-01-09,3.4518043584295617,2.3957563179408625,2.0206540707206955,2.2381509947682985
2005-01-10,3.4488256594005646,2.389974006394696,2.0173921203347343,2.2445808381788614
2005-01-11,3.4444282483157176,2.3841631204959794,2.015170370534126,2.252101932657203
2005-01-12,3.4388451384545977,2.378657846757665,2.0140805946675315,2.260502508870481
2005-01-13,3.4323507222517344,2.3737678179020043,2.0141545222145907,2.2695221789663065
2005-01-14,3.4252492624234963,2.3697650838471467,2.015362968253657,2.278863909568887
2005-01-15,3.417862712524453,2.3668734266401485,2.017618230553893,2.2882082646711455
2005-01-16,3.4105189106521276,2.3652610380922616,2.0207801168428707,2.297229816471053
2005-01-17,3.4035414952696064,2.365037778499767,2.024666101211207,2.3056158582420565
2005-01-18,3.3972432711893283,2.366258524669647,2.0290663455494893,2.313087920564572
2005-01-19,3.3919251904173846,2.368934483226902,2.033764649341257,2.3194270749699624
2005-01-20,3.3878835389793585,2.373054722179846,2.0385667499321296,2.324504535960257
2005-01-21,3.385428187622357,2.378620402264481,2.043337649570941,2.328319485716694
2005-01-22,3.3849146159576,2.3856939964046835,2.0480495596708637,2.3310460763901686
2005-01-23,3.386791494010465,2.394464781024001,2.052841291452274,2.3330908315917425
2005-01-24,3.3916634809823103,2.405329612143656,2.058088093844724,2.335159727964422
2005-01-25,3.400365216981048,2.418984070951077,2.0644777062949258,2.338330706500069
2005-01-26,3.4140371369770683,2.4365133648303345,2.073083654729771,2.34412212435064
2005-01-27,3.434187136697491,2.459465339554349,2.0854209421334784,2.354541121188944
2005-01-28,3.462715423220323,2.4898808402634187,2.1034633256418096,2.3720892185441884
2005-01-29,3.501875084207449,2.530251603138416,2.129597156767938,2.399697740731573
2005-01-30,3.554140654838106,2.5833757182207195,2.1664867157339254,2.440565557846031
2005-01-31,3.621963968247048,2.652088405844296,2.2168325868517944,2.497878996340858
2005-02-01,3.7074126759144868,2.738863367570569,2.283019577717791,2.574410422582833
2005-02-02,3.8117118219556314,2.8453070888486125,2.3666737930801456,2.672017773163953
2005-02-03,3.934739577725213,2.971601753988775,2.468176811624328,2.7910989146874945
2005-02-04,4.074558291351968,3.115984968733995,2.586212590099528,2.9300855755678343
2005-02-05,4.22708261661248,3.274376802840119,2.717441669780515,3.0850826799741697
2005-02-06,4.385988622396865,3.440267004752404,2.856399173896942,3.2497609299993986
2005-02-07,4.542945100170977,3.604950745730219,2.9956921237428307,3.41558689640293
2005-02-08,4.688200069976216,3.7581491521469066,3.1265271143961657,3.572424966892401
2005-02-09,4.811488446721545,3.8889784312301656,3.2395375581301016,3.709476187197263
2005-02-10,4.90315472388818,3.9871534460368636,3.325813187177182,3.816444494493119
2005-02-11,4.955325239589567,4.044247461903476,3.377979763472402,3.8847595114852793
2005-02-12,4.962935207823285,4.054797938709775,3.391149709733864,3.908654564634215
2005-02-13,4.924427119316714,4.017060451189371,3.3635746847162333,3.885910142612115
2005-02-14,4.841989984137942,3.9332697827497114,3.2968795755827993,3.8181272922259946
2005-02-15,4.721292530898776,3.809357437687667,3.195834162743829,3.710481474855682
2005-02-16,4.5707584585543035,3.6541772669487957,3.0677059531664193,3.571005163022676
2005-02-17,4.400515426256932,3.478381060698321,2.9213144714881545,3.409533535127507
2005-02-18,4.221202230426773,3.293142843408868,2.7659557697476114,3.2365020104449194
2005-02-19,4.042829889407798,3.108942698334919,2.6103762558976156,3.0617960677540275
2005-02-20,3.873862783930263,2.934588952799623,2.4619477470260205,2.8938234740789075
2005-02-21,3.7206264880443625,2.776593250298856,2.3261409546336456,2.738917937674296
2005-02-22,3.5870765775695475,2.638934897312386,2.2063281427969352,2.6011089039741417
2005-02-23,3.4748954103997054,2.5231782221197046,2.103883919337383,2.4822231505957286
2005-02-24,3.383835402447829,2.4288543873371724,2.0185086854333125,2.382234176972854
2005-02-25,3.3122043968445256,2.3539944150304444,1.9486783579520393,2.2997520380789087
2005-02-26,3.2573906405455437,2.2957023518989894,1.892125937658063,2.232548505498259
2005-02-27,3.2163453036943226,2.2506796727333525,1.8462794857539413,2.1780337131965943
2005-02-28,3.1859703766670253,2.215644439661583,1.8086087779103632,2.1336314521248756
2005-03-01,3.1633904000935438,2.187621938800123,1.7768612632935468,2.0970319876951447
2005-03-02,3.1461114295500185,2.164110592586473,1.7491910746914319,2.0663270930894786
2005-03-03,3.132086739412153,2.1431444661677537,1.7241997912238958,2.040048649118087
2005-03-04,3.119715832410694,2.1232814311754735,1.7009142597465543,2.017139451722579
2005-03-05,3.1078031725949478,2.1035459910935868,1.6787267136643627,1.99688467525335
2005-03-06,3.095498412713736,2.0833508348261334,1.6573181813882498,1.9788275594949245
2005-03-07,3.0822333816136993,2.062414215723309,1.636580177861132,1.9626860435256168
2005-03-08,3.0676647202842124,2.0406833958694173,1.616543750235804,1.9482803129853778
2005-03-09,3.0516259525520346,2.018268886150046,1.5973201595798108,1.9354757477418132
2005-03-10,3.0340893469265993,1.9953904821102235,1.5790541954529789,1.9241419748677129
2005-03-11,3.015136056100011,1.9723340223547554,1.5618892405307336,1.9141265412198898
2005-03-12,2.9949323378390433,1.9494169805255521,1.5459423926342932,1.905240748915132
2005-03-13,2.9737097338205793,1.9269609809801147,1.531287822443585,1.8972550128029315
2005-03-14,2.9517475399434785,1.9052697054370977,1.5179467637239907,1.889901330467153
2005-03-15,2.929356479642094,1.8846111539546586,1.5058828658596273,1.8828808418116714
2005-03-16,2.9068630355386524,1.865203676688636,1.4950019518129707,1.8758748462267578
2005-03-17,2.88459433300895,1.8472055317320877,1.485155460855374,1.8685579745901353
2005-03-18,2.862863784409237,1.8307079359851273,1.4761470057811952,1.860612468281781
2005-03-19,2.8419579057353643,1.815731677886561,1.4677415550042097,1.851742712288867
2005-03-20,2.8221248300734167,1.8022273815676693,1.459676785577725,1.8416893273372048
2005-03-21,2.803565086730715,1.7900794801608335,1.4516761673508765,1.8302422680154542
2005-03-22,2.7864252096626583,1.779113894840527,1.4434633491463364,1.8172525146369816
2005-03-23,2.7707946962135237,1.7691093416039463,1.4347774358159382,1.802642092538863
2005-03-24,2.756706763763244,1.7598121080850113,1.4253887737664794,1.7864123019997873
2005-03-25,2.744143248454784,1.7509540587595651,1.41511489858697,1.7686501859381765
2005-03-26,2.7330438524891143,1.7422735329018046,1.4038363320497544,1.7495333856159736
2005-03-27,2.7233197660137693,1.73353868400471,1.3915119321361369,1.7293336163253197
2005-03-28,2.7148714552533932,1.7245726565637278,1.3781934805844607,1.708419012238238
2005-03-29,2.7076101091096234,1.7152797897185277,1.364039118906354,1.687255519429271
2005-03-30,2.701481864856647,1.7056717644059338,1.3493251004281446,1.6664073407212274
2005-03-31,2.696493491865174,1.6958922680059287,1.3344551058875156,1.6465361484902528
2005-04-01,2.6927377177835146,1.6862383507247092,1.3199660811637026,1.628398392344407
2005-04-02,2.6904158724426432,1.677176226455111,1.306529225649807,1.6128395716780919
2005-04-03,2.6898550637456093,1.6693488897841575,1.2949444402966266,1.6007838802339134
2005-04-04,2.691516774429315,1.6635726695227477,1.2861263113515982,1.5932172505514968
2005-04-05,2.69599368531477,1.6608198281999993,1.2810796543184284,1.5911616421483725
2005-04-06,2.703991802267995,1.6621846647218854,1.2808628753239888,1.5956385489385676
2005-04-07,2.7162956898606376,1.6688313886759754,1.2865380159968094,1.6076202575200427
2005-04-08,2.7337158551481835,1.681923373705043,1.2991073913791134,1.6279684392776883
2005-04-09,2.757019074726153,1.7025352582287325,1.3194382076880613,1.657361210190501
2005-04-10,2.7868446228511536,1.731551643847976,1.3481783768568325,1.696211756578711
2005-04-11,2.8236117417625866,1.7695586356160022,1.3856687543425232,1.744583812385434
2005-04-12,2.867426003950091,1.8167368605867813,1.4318589537468083,1.8021113934450808
2005-04-13,2.917994085225173,1.8727665021594426,1.4862354094309953,1.8679318821851965
2005-04-14,2.9745575092470835,1.936755884039378,1.5477711185927499,1.9406424233003257
2005-04-15,3.0358557936914634,2.00720486226672,1.614906188577215,2.018289290895619
2005-04-16,3.1001278972819852,2.082012496116627,1.6855667416861522,2.0983981926033324
2005-04-17,3.165157891233088,2.1585351269155946,1.757226855012693,2.1780503458908136
2005-04-18,3.2283665430821538,2.2336963031614636,1.827014212914457,2.254004789428041
2005-04-19,3.286945427565894,2.304144411803558,1.8918554175496443,2.322862213199221
2005-04-20,3.3380248907992938,2.36644808599447,1.9486520141492263,2.3812602443524336
2005-04-21,3.378862432155749,2.417314263435198,1.9944739256954063,2.426085371032476
2005-04-22,3.4070345775664066,2.453809973159579,2.0267538406607164,2.45468328402679
2005-04-23,3.420613715639008,2.4735671999582887,2.043464722588386,2.4650479931921025
2005-04-24,3.4183120240350657,2.4749509141387023,2.0432633475972684,2.455971003418122
2005-04-25,3.399577567386652,2.457173601240201,2.0255856557863705,2.4271351428774226
2005-04-26,3.364632581461442,2.420345035505042,1.9906844251015632,2.379142985076752
2005-04-27,3.314450233555017,2.365452920018152,1.9396057467102734,2.313476527143649
2005-04-28,3.250672907714514,2.294277433834228,1.874107200832359,2.232391984299908
2005-04-29,3.1754813677298346,2.209249664259678,1.7965266297885072,2.138760258439895
2005-04-30,3.091429141102874,2.113269426527508,1.709615181074598,2.03586894260198
2005-05-01,3.00125950318126,2.0095013860240303,1.6163512504019821,1.92720496624703
2005-05-02,2.907723200494247,1.9011693465326582,1.5197527895724336,1.816237832058645
2005-05-03,2.813413570939707,1.7913670837191134,1.422704182906352,1.7062218766113049
2005-05-04,2.7206323605234264,1.6829005750673431,1.3278108697507496,1.600032480008363
2005-05-05,2.6312949131967054,1.5781715616152383,1.2372906590296542,1.5000462852984389
2005-05-06,2.5468782605234512,1.4791068673752807,1.1529059233724044,1.4080700323401896
2005-05-07,2.468410696953942,1.3871325913210708,1.0759362526490388,1.3253173270601588
2005-05-08,2.3964973112547066,1.3031878393813376,1.0071872599980685,1.2524281996550741
2005-05-09,2.3313730719976316,1.2277695303447833,0.9470284555831483,1.1895230936383907
2005-05-10,2.2729736152273947,1.1609981860099858,0.8954516061522724,1.1362811685192338
2005-05-11,2.221013807738786,1.1026944532679441,0.8521407452295882,1.0920324548119515
2005-05-12,2.1750652291017283,1.0524571585233993,0.8165457853065983,1.0558542451200958
2005-05-13,2.134625583512805,1.009735593600123,0.7879531999327991,1.026663793958559
2005-05-14,2.0991753309541936,0.9738910634515037,0.7655491422575963,1.0033015426919216
2005-05-15,2.0682191525746765,0.9442451027976049,0.7484723216675134,0.9846013190650381
2005-05-16,2.041311946755625,0.9201138829597352,0.7358557121499336,0.969445990761533
2005-05-17,2.018070697476309,0.9008299796353801,0.7268575449495829,0.9568086859704685
2005-05-18,1.9981746755132597,0.8857537657225505,0.7206829672334842,0.9457808412203491
2005-05-19,1.9813570256884767,0.8742772356084892,0.7165982322414434,0.9355889979727552
2005-05-20,1.967390926169354,0.865823134536742,0.7139393885140237,0.9256025107623809
2005-05-21,1.9560732841021533,0.8598419759201582,0.7121172540924785,0.9153342549781887
2005-05-22,1.9472084744900333,0.8558090113980505,0.7106201044466448,0.9044361473751191
2005-05-23,1.9405940484727757,0.8532225953495832,0.7090150707954002,0.8926909241048064
2005-05-24,1.9360097257650373,0.8516047574481247,0.7069488192686555,0.8800012448774277
2005-05-25,1.9332104112648767,0.8505042349429152,0.704147716948462,0.8663768659928651
2005-05-26,1.9319234794173628,0.8495017630975623,0.7004174193288819,0.8519203806291278
2005-05-27,1.9318501714645684,0.8482170951845214,0.6956416450948635,0.8368118704640367
2005-05-28,1.9326706534215201,0.8463170215359199,0.6897798325748514,0.8212927404637601
2005-05-29,1.9340520790817428,0.8435235671490722,0.6828633820838742,0.8056490005911049
2005-05-30,1.9356588797139311,0.8396215496445744,0.6749902591488759,0.7901942921634902
2005-05-31,1.9371644458903947,0.8344647524252111,0.6663178439139945,0.7752530106743802
2005-06-01,1.9382633634455746,0.8279800910730535,0.657054042190324,0.7611439321114072
2005-06-02,1.938683403288531,0.8201693062346763,0.6474468071015727,0.7481647916172287
2005-06-03,1.9381965343869254,0.8111078884070025,0.6377723441882518,0.736578282037073
2005-06-04,1.9366283234202166,0.8009411170228187,0.6283223778384894,0.7265999303085368
2005-06-05,1.9338651975443553,0.7898772684499605,0.6193909368496487,0.71838827046003
2005-06-06,1.9298591734558637,0.7781782073944384,0.6112611682793513,0.7120376649165687
2005-06-07,1.9246297918885944,0.7661477177552208,0.6041927101506388,0.7075740348083372
2005-06-08,1.918263137249318,0.7541180475106878,0.5984101453823455,0.7049536504801793
2005-06-09,1.9109079626017706,0.7424352341135485,0.594093023243583,0.704065011744054
2005-06-10,1.9027690758215061,0.73144383955487,0.591367873509357,0.704733720339611
2005-06-11,1.8940982686367012,0.7214717561943107,0.5903025560474346,0.7067301213170384
2005-06-12,1.8851831817947877,0.7128157451935923,0.5909031892299215,0.7097793720664904
2005-06-13,1.8763345925072399,0.7057283396093836,0.5931137893047372,0.7135734933495819
2005-06-14,1.8678726810089818,0.7004066857126163,0.5968186349998738,0.717784871006796
2005-06-15,1.8601128787380392,0.6969838118180274,0.6018472526390886,0.7220806141133495
2005-06-16,1.8533519194993398,0.6955227077614152,0.6079818023439475,0.7261371382162882
2005-06-17,1.8478547063305666,0.6960134749625568,0.6149665406479806,0.7296543326780158
2005-06-18,1.8438425711014945,0.6983736722626713,0.6225189437558103,0.7323686895848821
2005-06-19,1.8414834427699764,0.7024518424022987,0.6303420027927903,0.7340648173963069
2005-06-20,1.8408843564028177,0.7080340643062899,0.6381371509387703,0.7345848335320226
2005-06-21,1.8420866322477698,0.7148532434239533,0.6456172545998381,0.7338352233198555
2005-06-22,1.8450639368414619,0.7226007320849434,0.6525190979718226,0.7317908640675015
2005-06-23,1.849723311516386,0.7309397694659591,0.6586148126168436,0.7284960375924697
2005-06-24,1.8559091232945057,0.7395201508207363,0.663721750033594,0.7240623868742508
2005-06-25,1.8634097647555454,0.7479934816201558,0.6677103636176407,0.7186639067688703
2005-06-26,1.8719668086869525,0.7560283465542322,0.6705097538744293,0.7125291890494251
2005-06-27,1.8812862154671834,0.7633247270929002,0.6721106334222822,0.7059312626810296
2005-06-28,1.8910511009435196,0.7696270343232967,0.6725655816941302,0.69917547590413
2005-06-29,1.9009355040028526,0.7747351846269327,0.6719865783338989,0.6925859527438543
2005-06-30,1.910618549111582,0.7785132317574991,0.6705399238538322,0.6864912192040713
2005-07-01,1.919798381748485,0.7808951762502208,0.6684387709190683,0.6812096308912552
2005-07-02,1.9282052646349586,0.7818876971193452,0.6659335946111458,0.6770352425415096
2005-07-03,1.9356132595415974,0.7815696860317785,0.6633010205801503,0.6742247405110059
2005-07-04,1.941849981598505,0.7800886046404442,0.660831502146939,0.6729860125885244
2005-07-05,1.9468039977285496,0.77765382534743,0.6588163879919083,0.673468857550601
2005-07-06,1.9504295443364557,0.7745272483112077,0.6575349488431919,0.6757582428660357
2005-07-07,1.9527483571742046,0.7710116071904931,0.6572419333782996,0.6798704069978191
2005-07-08,1.9538485331892628,0.7674369776711637,0.6581562002999208,0.6857519777662033
2005-07-09,1.9538804745714313,0.7641460817898876,0.6604509262606861,0.693282145718295
2005-07-10,1.9530500934168884,0.7614790339793197,0.6642458200707894,0.7022777972197412
2005-07-11,1.9516095757909975,0.7597581992897544,0.6696016854686163,0.7125013819406142
2005-07-12,1.9498461112063792,0.7592738293133537,0.6765175715416735,0.7236711692645004
2005-07-13,1.9480690829278533,0.7602711071661967,0.6849306361866169,0.7354734431856056
2005-07-14,1.946596282143112,0.7629391709713906,0.6947187287895232,0.7475761000857863
2005-07-15,1.945739751926221,0.7674025983541946,0.7057055788277754,0.7596430521436861
2005-07-16,1.945791883185771,0.7737157263267246,0.7176683625932083,0.7713488037302656
2005-07-17,1.9470123737157294,0.7818600563568142,0.7303473157435205,0.7823925605442196
2005-07-18,1.949616623542108,0.7917448588567326,0.7434569694961216,0.792511251770792
2005-07-19,1.9537660766479032,0.8032109507492277,0.756698516935948,0.8014908933067072
2005-07-20,1.959560933635991,0.8160374803470002,0.7697727662506068,0.8091757929835178
2005-07-21,1.9670355557124188,0.8299514216438396,0.7823931119143183,0.8154751935391514
2005-07-22,1.9761567621177387,0.8446393610665025,0.7942979540501668,0.8203670616666803
2005-07-23,1.9868250959981857,0.859761059007213,0.8052620204425897,0.8238988568639692
2005-07-24,1.9988790032773736,0.874964190473187,0.8151060938837057,0.8261852465078146
2005-07-25,2.0121017410936752,0.8898996173781224,0.8237047176000216,0.8274028677515837
2005-07-26,2.02623071243263,0.9042365216378305,0.8309915403412471,0.8277823666001046
2005-07-27,2.0409688169772484,0.9176767343446912,0.8369620664177245,0.8275980641488199
2005-07-28,2.055997319606019,0.9299676316145381,0.8416736899903504,0.8271557042295997
2005-07-29,2.070989671281527,0.9409130306733559,0.845243012237319,0.8267788210019782
2005-07-30,2.0856256752217774,0.9503816076127997,0.8478405594027134,0.8267943256624685
2005-07-31,2.0996053760706754,0.9583124671323661,0.8496831339277319,0.8275179457517231
2005-08-01,2.112662061950157,0.9647176197180232,0.8510241348583549,0.8292401570122303
2005-08-02,2.1245738082499726,0.969681257583784,0.8521422729445159,0.8322132261036198
2005-08-03,2.1351730560793323,0.9733558613542688,0.8533291763749854,0.8366399336695781
2005-08-04,2.144353804652834,0.9759553087125609,0.854876431830329,0.8426644734145536
2005-08-05,2.152076101717033,0.9777452879605223,0.8570626303420958,0.850365927234187
2005-08-06,2.158367634837699,0.9790314378503425,0.8601409872296435,0.8597546032516404
2005-08-07,2.163322353745091,0.9801457349441312,0.8643280801566696,0.8707713978164651
2005-08-08,2.167096184378651,0.9814317267527579,0.8697942002156592,0.8832902096502975
2005-08-09,2.1699000230522247,0.9832292596137316,0.8766557400693886,0.8971233002128683
2005-08-10,2.171990318661401,0.9858593724620281,0.8849699536681646,0.9120293649049689
2005-08-11,2.173657656825588,0.9896100203524828,0.8947323178531864,0.9277239606105516
2005-08-12,2.175213847642714,0.9947232551284921,0.9058766118282463,0.943891831541232
2005-08-13,2.1769780844767537,1.001384426600817,0.9182777110580272,0.9602005919329608
2005-08-14,2.1792627820090646,1.0097138788163726,0.9317569728784495,0.9763151645212738
2005-08-15,2.1823597158710144,1.019761506360589,0.9460899772233643,0.9919123405079644
2005-08-16,2.1865270729178063,1.0315044099656128,0.9610162823865023,1.0066948213880957
2005-08-17,2.1919779811852425,1.0448477545119652,0.9762507671946726,1.020404125766129
2005-08-18,2.198871023550238,1.0596287917973353,0.9914960612580921,1.032831794154076
2005-08-19,2.20730315194894,1.0756238713850341,1.0064555171498415,1.0438283995219007
2005-08-20,2.2173053135238705,1.0925581315470676,1.0208461545489111,1.0533099677752111
2005-08-21,2.228840980907744,1.1101174445514161,1.034411007607353,1.0612615261318716
2005-08-22,2.2418076512426515,1.1279620914843043,1.0469303330173614,1.0677376235576943
2005-08-23,2.256041248086093,1.145741565798636,1.0582311863069738,1.0728598004567884
2005-08-24,2.271323232801223,1.1631098551786558,1.0681949455842845,1.0768111188498593
2005-08-25,2.287390112972524,1.179740530287469,1.076762452129728,1.0798279934238966
2005-08-26,2.3039449300607364,1.1953409774423305,1.0839365419414835,1.0821896824247499
2005-08-27,2.320670221540371,1.2096651498697972,1.0897818569702222,1.0842059001796758
2005-08-28,2.337241887970692,1.222524277276827,1.0944219442992895,1.086203095562385
2005-08-29,2.3533433556836885,1.2337950631747565,1.098033770683559,1.0885099993224472
2005-08-30,2.3686794127774347,1.243425009769835,1.1008398934193173,1.091443075319076
2005-08-31,2.3829891104514678,1.2514346364364892,1.1030986314885691,1.09529251491478
2005-09-01,2.3960571627818896,1.2579164942731507,1.1050926687803502,1.1003093899123992
2005-09-02,2.407723344003711,1.263031020007889,1.1071165900780557,1.106694528508046
2005-09-03,2.4178894703479807,1.2669994113877254,1.10946389738921,1.1145896030198346
2005-09-04,2.42652365960562,1.2700938370494936,1.112414077021843,1.1240708209642323
2005-09-05,2.433661681195964,1.272625410981554,1.116220285577383,1.1351454966592283
2005-09-06,2.439405337350287,1.274930459899274,1.121098195830993,1.1477516539618922
2005-09-07,2.443917946462598,1.277355686856995,1.1272164925027095,1.1617606775591174
2005-09-08,2.447417126979956,1.2802428829104928,1.134689435425015,1.176982896276269
2005-09-09,2.4501651988090476,1.2839138584957712,1.143571816770661,1.193175853034673
2005-09-10,2.4524576238922835,1.2886562565301967,1.1538565338100069,1.2100548980365367
2005-09-11,2.4546099937574355,1.294710870494848,1.1654748837414441,1.227305639671433
2005-09-12,2.4569441356832513,1.3022610246255397,1.178299567531931,1.2445977060077589
2005-09-13,2.4597739478452234,1.3114244827288033,1.1921502706721845,1.2615992121421993
2005-09-14,2.4633915857096493,1.3222482410310956,1.2068015755226187,1.277991297660439
2005-09-15,2.4680546065063824,1.3347064337449794,1.2219928574771635,1.2934820953762736
2005-09-16,2.4739746365105297,1.348701443264019,1.2374397300037216,1.3078195174997944
2005-09-17,2.481308058950121,1.3640681660880736,1.2528465355622966,1.3208022973397429
2005-09-18,2.490149131570444,1.3805812469189178,1.2679193334454288,1.3322888012892535
2005-09-19,2.5005258361279106,1.3979649629462298,1.2823788137493934,1.3422032238090544
2005-09-20,2.5123986420477413,1.415905323896003,1.295972569928647,1.3505388931044588
2005-09-21,2.525662238435198,1.4340638560546428,1.3084861905681702,1.3573585421407437
2005-09-22,2.5401501582073003,1.4520924644918178,1.3197526828915498,1.3627915329784448
2005-09-23,2.555642091043792,1.4696487203372908,1.3296598138297475,1.3670281562810473
2005-09-24,2.57187356373246,1.4864109013096907,1.3381550459916434,1.370311256376325
2005-09-25,2.5885475625074994,1.5020921245822643,1.3452478515929056,1.3729255498051167
2005-09-26,2.6053475867453493,1.5164529510516689,1.3510093026942305,1.3751851067300864
2005-09-27,2.6219515606869974,1.5293119074505543,1.3555689559549537,1.377419545497682
2005-09-28,2.6380459925525135,1.5405534646585628,1.3591091693479218,1.3799595475953954
2005-09-29,2.6533397603232576,1.5501331231778537,1.3618571018347334,1.3831223309086615
2005-09-30,2.667576921358134,1.558079385450606,1.364074750175972,1.3871977225441925
2005-10-01,2.6805479886546464,1.5644925344556055,1.3660474658298982,1.3924354489773187
2005-10-02,2.6920991888827404,1.5695402836864056,1.3680714662248796,1.3990342128850033
2005-10-03,2.7021393145996786,1.5734505103698073,1.3704409067917587,1.4071330563819395
2005-10-04,2.7106439032448124,1.5765014275819356,1.3734351127673807,1.4168054248330852
2005-10-05,2.7176566165216376,1.5790096888846976,1.3773065844292787,1.4280562510146328
2005-10-06,2.7232878536923195,1.581317049806666,1.3822703893943422,1.4408222847003165
2005-10-07,2.7277108094166986,1.5837763339167872,1.3884955457945882,1.4549758073873476
2005-10-08,2.7311553791069985,1.5867375682553568,1.3960989863211988,1.470331805596846
2005-10-09,2.7339005190570456,1.590535263932811,1.4051426806642775,1.4866586372208863
2005-10-10,2.7362658782463667,1.595477920476736,1.4156344855103244,1.5036922179085508
2005-10-11,2.7386037208589626,1.6018409185483626,1.4275332840049797,1.5211537750597754
2005-10-12,2.7412923303610253,1.6098640161146072,1.4407589579298148,1.5387712503551236
2005-10-13,2.744732190887695,1.6197546444966289,1.4552076799050122,1.5563044465412186
2005-10-14,2.7493462269833184,1.6316980617892047,1.4707728779163047,1.573573960217892
2005-10-15,2.75558518054051,1.6458750940513676,1.4873719532620762,1.590493751422581
2005-10-16,2.7639387379409266,1.6624876019417822,1.5049783593090338,1.607106793684894
2005-10-17,2.7749522216222298,1.6817908812149327,1.5236579104664103,1.6236225503633281
2005-10-18,2.789247490556358,1.7041309015635508,1.5436071536925033,1.6404539898251116
2005-10-19,2.8075451787985752,1.7299826388788282,1.5651903202620348,1.6582505019854876
2005-10-20,2.8306836635470978,1.7599838947150732,1.5889698932910317,1.6779215295126435
2005-10-21,2.8596284418949507,1.7949571905945396,1.615724399547664,1.7006442233476682
2005-10-22,2.8954642870221683,1.8359109805108031,1.6464460039503954,1.7278473523758633
2005-10-23,2.939362129513434,1.884011057469528,1.6823102854214715,1.7611635232794234
2005-10-24,2.992513573907981,1.940514181725756,1.724611660643826,1.802343008499606
2005-10-25,3.0560287271308217,2.0066590703386487,1.774660668572218,1.8531255519326857
2005-10-26,3.1307977528380406,2.083515136534716,1.8336438796636574,1.9150715875004136
2005-10-27,3.217323050226497,2.1717965057227797,1.9024533354387998,1.9893611264800446
2005-10-28,3.31553647085863,2.2716570829201688,1.981499489117545,2.0765764010750014
2005-10-29,3.4246233201107037,2.3824904886234717,2.0705284846082637,2.1764919413522907
2005-10-30,3.5428804651838632,2.5027648095556985,2.1684698240715163,2.2879014857010223
2005-10-31,3.667638025771179,2.629924525971857,2.273342499575986,2.408513268883363
2005-11-01,3.79527148983507,2.760389198461474,2.3822452428214094,2.5349423922308056
2005-11-02,3.921323019962651,2.889669813568171,2.4914490753463556,2.662820487936482
2005-11-03,4.040737584261295,3.012609517251948,2.5965981795815747,2.7870291518179413
2005-11-04,4.148202931011537,3.1237375047153857,2.693009707690841,2.902046264112151
2005-11-05,4.238564942987767,3.2177059089803812,2.776046911041887,3.0023760495494596
2005-11-06,4.307274781521982,3.2897631248952224,2.8415258828890466,3.0830178803977453
2005-11-07,4.350814642475136,3.336206557927143,2.8861071941091563,3.1399186870104763
2005-11-08,4.367047294424103,3.3547558921936305,2.9076219813224435,3.170351891309254
2005-11-09,4.355441841183328,3.344795701201132,2.905288535878759,3.1731730477079125
2005-11-10,4.317143582660829,3.3074527584784037,2.8797894473131205,3.148918086440556
2005-11-11,4.254876985858804,3.2454960990746806,2.8331986266106983,3.0997316864273046
2005-11-12,4.17269394789574,3.163072775105431,2.7687687008813224,3.029137080957253
2005-11-13,4.075600618289203,3.0653148986301995,2.690608550823013,2.9416802830294224
2005-11-14,3.96911137702676,2.957870013422811,2.6032947832111004,2.8424975281690092
2005-11-15,3.8587856885355496,2.846414442759116,2.511467442529856,2.736862146849476
2005-11-16,3.7498017124527054,2.7362072094112997,2.4194585740857875,2.629765313117745
2005-11-17,3.6466107459452486,2.6317314949520103,2.3309932716706805,2.5255751907002923
2005-11-18,3.552701206947992,2.5364540002614215,2.2489887893176634,2.427803385022574
2005-11-19,3.4704831340589477,2.4527134345177197,2.1754611009830707,2.338989586528757
2005-11-20,3.401287313986468,2.381731191153045,2.1115329269228464,2.260698180928508
2005-11-21,3.3454597770471572,2.3237229000054946,2.057525120110605,2.1936070984892275
2005-11-22,3.302524107044169,2.2780806804007105,2.013105867794354,2.1376608946891107
2005-11-23,3.271381192283515,2.2435929863005404,1.977469770259927,2.0922573972081295
2005-11-24,3.250518052126038,2.2186712278835037,1.9495209066352865,2.056439541707635
2005-11-25,3.2382028481464795,2.201558399489155,1.9280392259476622,2.029069840502881
2005-11-26,3.2326504716510156,2.1905029441753947,1.911816475907538,2.0089725672386876
2005-11-27,3.232150616420304,2.1838893348157744,1.8997549467006358,1.9950365702016926
2005-11-28,3.2351567845776676,2.180324035418449,1.8909284403552615,1.9862783942320794
2005-11-29,3.2403395153858288,2.178680842266842,1.8846094113377454,1.9818703543035046
2005-11-30,3.2466100432498344,2.178112841313588,1.8802689473380974,1.9811411286300282
2005-12-01,3.2531217443824234,2.178039527283628,1.877557318140681,1.9835574961098943
2005-12-02,3.2592565258124226,2.178117445054559,1.8762725871120582,1.9886954542477677
2005-12-03,3.264602242166914,2.1782015696391954,1.8763237128768229,1.996207638548332
2005-12-04,3.2689257639254894,2.178303043592823,1.8776931033640805,2.005792215247509
2005-12-05,3.2721448329862968,2.1785472374767614,1.8804020638571965,2.017166625219515
2005-12-06,3.2743005642753014,2.179134647993117,1.8844812295615176,2.030047973443734
2005-12-07,3.2755314984978483,2.1803060244577503,1.8899470029671008,2.044140613418825
2005-12-08,3.276049496854646,2.182312338680987,1.8967842500100882,2.059130597273084
2005-12-09,3.2761174474906536,2.185389741185046,1.904935013124427,2.074686113330337
2005-12-10,3.2760286499613747,2.1897394018067793,1.9142927129343525,2.0904627452176405
2005-12-11,3.2760877775985415,2.195512034036644,1.9247011679169481,2.106112285298565
2005-12-12,3.2765934183327765,2.202796880256546,1.9359577060757784,2.121293854152243
2005-12-13,3.2778223097567762,2.211614938382915,1.947819632684491,2.135686166613995
2005-12-14,3.2800154799114205,2.2219162078144294,1.9600133272284002,2.148999909761525
2005-12-15,3.28336656329345,2.2335807090735247,1.9722452575592984,2.1609893393160258
2005-12-16,3.2880125757218135,2.246422984213264,1.9842142159759353,2.1714623482753406
2005-12-17,3.294027403722259,2.260199718588183,1.9956241019078562,2.1802884111869276
2005-12-18,3.3014182003913985,2.2746200474598863,2.006196602989742,2.18740395805017
2005-12-19,3.3101247889069354,2.2893580328057186,2.015683164734991,2.192814882794385
2005-12-20,3.3200220662551176,2.3040667257841267,2.0238756919446437,2.1965960414433785
2005-12-21,3.330925282408711,2.318393176285189,2.030615494039494,2.1988877422673996
2005-12-22,3.3425979524526177,2.331993718676743,2.0358000715786155,2.1998893712553795
2005-12-23,3.3547620484145346,2.3445488560646606,2.039387440632393,2.1998504272063393
2005-12-24,3.367110020148437,2.355777086003969,2.0413978023953985,2.199059357396078
2005-12-25,3.379318115743515,2.365447058718452,2.0419124834397966,2.197830682950333
2005-12-26,3.39106041561506,2.373387532998626,2.0410701926520787,2.1964909790104863
2005-12-27,3.4020229634754937,2.379494692146522,2.039060759162862,2.195364325509496
2005-12-28,3.4119173733257817,2.383736498545642,2.0361166264418027,2.194757867842293
2005-12-29,3.4204933147262704,2.3861538956565456,2.0325024764074158,2.194948121987325
2005-12-30,3.4275493279379603,2.3868588048068693,2.0285034396062693,2.196168625974503
2005-12-31,3.4329414939290865,2.3860290049993274,2.024412409660339,2.1985994804626667
2006-01-01,3.436589578506017,2.3839001209283266,2.0205170195473334,2.2023592381986137
2006-01-02,3.4384803808186426,2.3807550714659826,2.0170868521443053,2.2074994989348693
2006-01-03,3.4386681393397183,2.376911442477416,2.0143614471843896,2.214002447527348
2006-01-04,3.4372719777425935,2.372707339065666,2.0125396318156064,2.2217814436546495
2006-01-05,3.4344705032536202,2.36848633925611,2.011770643876203,2.2306846376129785
2006-01-06,3.430493795394039,2.3645822108534964,2.012147438437104,2.2405014539122496
2006-01-07,3.4256131382200756,2.3613040641862817,2.0137024727221813,2.250971658943316
2006-01-08,3.420128949538653,2.358922595621511,2.0164061567451443,2.26179661670729
2006-01-09,3.4143574424977885,2.3576580317239135,2.020168042358335,2.2726522432413936
2006-01-10,3.40861661638606,2.3576703154076504,2.0248407083661455,2.2832031016501393
2006-01-11,3.40321221466451,2.359051989573851,2.03022619167326,2.293117041603536
2006-01-12,3.3984243126401026,2.361824139986848,2.036084723679155,2.302079786877059
2006-01-13,3.3944952125487164,2.3659356711916084,2.042145469423531,2.3098089211078463
2006-01-14,3.3916193434039323,2.371266126023963,2.0481189498600307,2.316066827728952
2006-01-15,3.389935906137654,2.377632245322985,2.053710874436282,2.320672321189841
2006-01-16,3.3895250957689633,2.3847985288980817,2.058637244078062,2.3235109822640294
2006-01-17,3.3904088968156643,2.392492230374146,2.0626408247698222,2.3245445984818995
2006-01-18,3.3925577019636224,2.4004235148420534,2.065509450062796,2.3238206184303216
2006-01-19,3.3959043363955415,2.4083119167082385,2.067097071671406,2.3214831339504207
2006-01-20,3.400367417918213,2.415920685297181,2.0673489758501202,2.3177875304556492
2006-01-21,3.4058862001587276,2.4231009367037233,2.0663329773485084,2.313121430572713
2006-01-22,3.412468879351472,2.429847464344139,2.0642784508703667,2.308034627722529
2006-01-23,3.420255433254468,2.436367202342488,2.061624420812186,2.3032799812281906
2006-01-24,3.429593981619912,2.4431592241006324,2.059076206700805,2.299865279092448
2006-01-25,3.441126048100668,2.4511013949007516,2.057666971631339,2.299112486795544
2006-01-26,3.45587085765973,2.461533261945759,2.058815839251271,2.3027154755946073
2006-01-27,3.475292326449746,2.476317889527248,2.064368397687944,2.3127806755524394
2006-01-28,3.501325842999446,2.49785836804496,2.0765994495974245,2.331828310631846
2006-01-29,3.5363372898208016,2.529039787417387,2.098153623242724,2.3627269962328916
2006-01-30,3.5829866524999563,2.573067414756528,2.13189935684142,2.408534235822779
2006-01-31,3.6439757199162894,2.6331795782514287,2.180678301825806,2.472222541190795
2006-02-01,3.7216756201440786,2.7122313043187636,2.246947041999356,2.5562874088794767
2006-02-02,3.817655058624556,2.8121718635558297,2.332331011869768,2.6622590138678146
2006-02-03,3.932160950990081,2.933472622345002,2.4371387010527212,2.790170968789444
2006-02-04,4.06363326870173,3.0745940572524892,2.559911767958162,2.938070258542025
2006-02-05,4.208356573881044,3.231603003008363,2.697105496732893,3.1016734772854733
2006-02-06,4.36035287370208,3.3980534165137866,2.8429958114584926,3.2742764712225174
2006-02-07,4.511597725968474,3.5652192976598585,2.9898879791387314,3.4470008979000464
2006-02-08,4.652593264361322,3.7227161497378365,3.1286575420895844,3.6094113273995267
2006-02-09,4.773264697434133,3.8594747439286414,3.249592105341219,3.7504672548801152
2006-02-10,4.864074629147581,3.964952839849276,3.3434360316788094,3.859699945304839
2006-02-11,4.917190133351046,4.03040622649782,3.4024853244289073,3.928442812418916
2006-02-12,4.9275079931579455,4.050008461677273,3.421552745676111,3.9509136621982637
2006-02-13,4.8933547883502575,4.021620779321066,3.3986335562087895,3.924958831210767
2006-02-14,4.8167312288815,3.947070507744751,3.3351507717089377,3.8523236872537527
2006-02-15,4.703053625622304,3.8318864825081995,3.235735695623994,3.7384001425314706
2006-02-16,4.5604402309185526,3.6845423625167393,3.107586835082576,3.591499737701805
2006-02-17,4.398673647202215,3.5153489253501817,2.959527221929483,3.4217870727944755
2006-02-18,4.22802316322299,3.3351933436380925,2.800928766565561,3.2400628659418538
2006-02-19,4.058122072206268,3.1543356111030953,2.640682751609792,3.0565977193620535
2006-02-20,3.897065406889568,2.981440396009941,2.486368517837079,2.880187424395589
2006-02-21,3.750833996968974,2.8229584232260327,2.343717829510128,2.7175395633289736
2006-02-22,3.623078423038651,2.6828934955373196,2.2164060606482594,2.5730268759216943
2006-02-23,3.5152291959004813,2.5629187740064183,2.106139666410887,2.448773768610106
2006-02-24,3.4268510963014274,2.4627538064771017,2.012965050280097,2.3449926248060895
2006-02-25,3.356136786592189,2.3806892732827296,1.9357030820470853,2.260463140435419
2006-02-26,3.300436846305428,2.314148741439554,1.8724155078108973,2.193050029247132
2006-02-27,3.2567439447195135,2.2601990269053798,1.8208284804718027,2.140175582839205
2006-02-28,3.2220789126984677,2.2159532993668316,1.778666114610107,2.09919442905722
2006-03-01,3.1937572492994795,2.1788443565759543,1.743875268812945,2.0676493863660665
2006-03-02,3.1695396943525056,2.146772629383721,1.714745792635749,2.0434129737224143
2006-03-03,3.1476867402371846,2.1181510226606326,1.6899453247225067,2.0247356420973324
2006-03-04,3.126944141159302,2.091876431624862,1.6684942102689986,2.010228945549477
2006-03-05,3.1064864308120494,2.067257669245227,1.6497059041404676,1.9988115567469162
2006-03-06,3.085840887965617,2.0439245259166987,1.6331138393864586,1.9896410555143311
2006-03-07,3.0648079300999758,2.0217356076276065,1.6183996025519982,1.9820475060224767
2006-03-08,3.043387552811346,2.0006956116318735,1.605331201983098,1.9754780447366238
2006-03-09,3.0217163126477775,1.9808870411830393,1.5937153057776194,1.9694562173793702
2006-03-10,3.0000158728089357,1.96241747030198,1.5833639384680824,1.9635560497074545
2006-03-11,2.9785521833029525,1.9453812313352967,1.5740741656254078,1.9573887065391975
2006-03-12,2.957603580832286,1.9298334197625777,1.5656184313706534,1.9505987117295036
2006-03-13,2.9374360417836183,1.9157739367338655,1.5577430585312628,1.9428666319178514
2006-03-14,2.918284138288798,1.9031395301359348,1.5501726429425944,1.9339154926798372
2006-03-15,2.900336675416564,1.891802176513746,1.5426184387997672,1.9235187307524173
2006-03-16,2.883726378544367,1.8815725119709938,1.5347892055423935,1.9115080330793275
2006-03-17,2.8685232891654127,1.872207302866192,1.5264033083903525,1.8977798995727926
2006-03-18,2.854731703867457,1.8634201361963332,1.5172011218362826,1.8823001721702395
2006-03-19,2.8422905719848393,1.8548946234530999,1.5069569896191768,1.8651061056589138
2006-03-20,2.8310772795600285,1.8462994785294995,1.4954901651664958,1.8463058327760768
2006-03-21,2.8209147175459974,1.8373048765215956,1.4826743108459393,1.8260753132374095
2006-03-22,2.8115814821541023,1.8275995458080838,1.4684452844265936,1.804653064001392
2006-03-23,2.8028249993473935,1.8169081018244422,1.4528070915861933,1.7823331497321129
2006-03-24,2.794377310778816,1.8050082000111676,1.4358360317608243,1.7594570648592904
2006-03-25,2.785973204990003,1.7917471618921417,1.4176832023946029,1.7364052526929075
2006-03-26,2.777370318947578,1.7770577992400622,1.3985756395398812,1.7135890686324409
2006-03-27,2.768370759028209,1.7609732079758542,1.3788164424340714,1.6914439859215653
2006-03-28,2.7588436816356445,1.7436403031765986,1.3587842355298043,1.6704247443713318
2006-03-29,2.7487481151042665,1.7253317962056842,1.3389322435118722,1.6510029372475572
2006-03-30,2.7381550830878894,1.7064561557059696,1.3197870778541418,1.6336672072077074
2006-03-31,2.727267800738076,1.6875648376286616,1.301947052126152,1.6189257783611588
2006-04-01,2.7164383692138547,1.6693557245873714,1.2860794679605396,1.6073105055256836
2006-04-02,2.7061790230496814,1.652671314519859,1.2729158759383783,1.5993810144704097
2006-04-03,2.697165645385194,1.638489804175134,1.2632438720772172,1.5957269067094584
2006-04-04,2.690231040169129,1.6279069142539722,1.257893622449675,1.5969655048526787
2006-04-05,2.6863454402867672,1.6221062127840353,1.2577171166926278,1.603732336428149
2006-04-06,2.6865820456894767,1.6223159333196615,1.2635582446026292,1.6166616200759063
2006-04-07,2.692066123398293,1.6297509643901615,1.2762122668664908,1.6363545397278465
2006-04-08,2.7039074216826453,1.6455398761895486,1.2963741752940208,1.66333414207371
2006-04-09,2.723117349311055,1.6706385506229375,1.3245768143107208,1.6979872747741176
2006-04-10,2.7505144553510776,1.7057340978486073,1.361121387311364,1.7404960099267268
2006-04-11,2.786624022915313,1.7511450742239874,1.406004928829379,1.7907632760716021
2006-04-12,2.8315797726805467,1.806726256784783,1.458851226697556,1.8483396580083384
2006-04-13,2.885037399734799,1.871787995241639,1.518853201583232,1.9123601474240446
2006-04-14,2.9461105587193277,1.9450410462229606,1.5847355463051493,1.981500643796644
2006-04-15,3.0133396290046948,2.0245774342065816,1.6547461840230588,2.0539638614475337
2006-04-16,3.084701912231839,2.1078960423925053,1.7266836181584189,2.1275027602763212
2006-04-17,3.157668801283892,2.1919782751895283,1.7979644805104957,2.1994866374000623
2006-04-18,3.2293111034858937,2.273414458108366,1.865731708761849,2.2670107812724734
2006-04-19,3.2964485290039063,2.3485761110457513,1.926999187851485,2.327045528103653
2006-04-20,3.355833995040319,2.4138235219271906,1.9788239412897326,2.3766153067027567
2006-04-21,3.404358592272996,2.4657329602822387,2.0184927355408426,2.4129935675883623
2006-04-22,3.4392595585598054,2.501324206333432,2.0437069412372106,2.433896122912632
2006-04-23,3.458312023885399,2.518267492491459,2.0527482385829363,2.437654001191025
2006-04-24,3.4599859989215256,2.515049853689502,2.044608591682546,2.4233478161020923
2006-04-25,3.4435531145523104,2.4910842949658027,2.0190708737097998,2.390888892705408
2006-04-26,3.409132659499136,2.4467507556957786,1.9767312985218717,2.341037650696249
2006-04-27,3.357672865350181,2.3833648804478056,1.9189608074798579,2.2753563482159036
2006-04-28,3.290870288792851,2.303078158294201,1.8478089733859997,2.1961003508568195
2006-04-29,3.2110365957834865,2.208720041796726,1.765859945378432,2.106058638681803
2006-04-30,3.1209271953845077,2.1035982646798552,1.676054671235959,2.00835941135552
2006-05-01,3.023549355104175,1.9912770423550448,1.581496502476303,1.9062597380947566
2006-05-02,2.921968326453782,1.8753538062065704,1.4852580134687878,1.802938895378268
2006-05-03,2.819128647954837,1.7592536221506951,1.3902054794448067,1.7013133809456829
2006-05-04,2.71770453239738,1.6460568659175288,1.2988542963130405,1.6038879688281344
2006-05-05,2.61998869283715,1.5383707299079639,1.213264253208266,1.5126522139382914
2006-05-06,2.5278238530581643,1.4382495171785474,1.1349786714003436,1.4290262953476072
2006-05-07,2.442576256736248,1.3471632339944986,1.0650066842500776,1.3538547718316936
2006-05-08,2.3651463517666595,1.2660093944197885,1.0038439283281406,1.2874423568871145
2006-05-09,2.296008900011776,1.1951596555322999,0.9515240387228145,1.2296226425807686
2006-05-10,2.235273230716343,1.1345311132199658,0.9076917681024098,1.1798490075981773
2006-05-11,2.182754173876069,1.0836717643356368,0.8716882458551166,1.137296694330233
2006-05-12,2.138045151939564,1.0418505428044693,0.8426396586605406,1.1009660027828665
2006-05-13,2.1005866338234624,1.0081441023736815,0.8195421583140944,1.0697783750677523
2006-05-14,2.0697252828053916,0.9815147393594331,0.8013377383015845,1.0426594381342997
2006-05-15,2.044761302626761,0.9608761430206852,0.7869778402017414,1.0186054622230092
2006-05-16,2.02498341987839,0.9451457244289209,0.7754732920998305,0.9967318788501826
2006-05-17,2.009692449438892,0.9332839071131148,0.7659306699634111,0.9763042848263568
2006-05-18,1.9982153895506007,0.9243218736640302,0.7575762278026399,0.9567536414624288
2006-05-19,1.9899124892745355,0.9173798561557747,0.7497691622848961,0.9376781549989003
2006-05-20,1.9841797941532946,0.9116782083809783,0.7420062200603966,0.918834656432191
2006-05-21,1.9804494143749356,0.9065433180173584,0.7339196130427728,0.9001222862670873
2006-05-22,1.9781892941804353,0.9014100326983785,0.7252699805548487,0.8815610452434476
2006-05-23,1.9769037043175626,0.895821801970553,0.7159358223356043,0.8632674014451645
2006-05-24,1.9761351227067565,0.889429270622534,0.7059004985895101,0.8454287329221236
2006-05-25,1.9754676770435262,0.8819876620338117,0.6952376041492371,0.8282779927626478
2006-05-26,1.9745319348212107,0.8733529981741204,0.6840953012178684,0.8120696445793245
2006-05-27,1.973010556118676,0.8634770261893079,0.6726800468534228,0.7970576432871886
2006-05-28,1.9706441700099482,0.852400652434056,0.6612400706994127,0.7834760261105974
2006-05-29,1.9672367829371324,0.8402457042868122,0.6500489301636263,0.7715225200956201
2006-05-30,1.9626600573460604,0.8272049237013883,0.6393894754859915,0.7613454495404619
2006-05-31,1.9568558901383597,0.8135302190892277,0.6295385774129039,0.7530341246287386
2006-06-01,1.9498368529222487,0.7995193409958429,0.6207529897948798,0.7466127990502003
2006-06-02,1.9416842120659301,0.7855012833296376,0.6132567266647978,0.742038191514484
2006-06-03,1.9325434116749571,0.7718208313791838,0.6072303208862527,0.7392004700147119
2006-06-04,1.9226170653497046,0.7588227707049247,0.602802295947742,0.7379274983494919
2006-06-05,1.9121556540963462,0.7468363313145023,0.6000431239294857,0.7379920443941672
2006-06-06,1.9014462614069647,0.7361604666763656,0.5989618636576659,0.7391215533194173
2006-06-07,1.8907997873867763,0.7270505570342295,0.5995055779475015,0.7410100016146527
2006-06-08,1.8805371684191448,0.7197070831116699,0.6015615230899352,0.7433312746659776
2006-06-09,1.870975184983677,0.7142667431454259,0.6049619933642798,0.745753456499803
2006-06-10,1.862412466765603,0.7107963879322775,0.6094915944545082,0.7479533889050934
2006-06-11,1.855116301079723,0.7092900307544606,0.6148966180340816,0.7496308510324207
2006-06-12,1.8493108188996508,0.7096690577932385,0.6208961007406241,0.7505217309150737
2006-06-13,1.845167074483323,0.711785626425241,0.6271940788034276,0.7504096069482076
2006-06-14,1.8427954527465369,0.7154291001978526,0.6334924983042511,0.7491352286293771
2006-06-15,1.8422407370726437,0.7203352367327609,0.6395042129921656,0.7466034790053161
2006-06-16,1.843480053827318,0.7261977243623525,0.6449654981630192,0.7427875124099781
2006-06-17,1.8464237837229918,0.7326815603996626,0.6496475306274946,0.7377298854735763
2006-06-18,1.850919399973576,0.73943768319168,0.653366330360937,0.7315406316523886
2006-06-19,1.8567580646682837,0.7461182151102002,0.6559907270972952,0.7243923639150949
2006-06-20,1.8636836936502081,0.7523916468434595,0.657448001953232,0.7165126208495172
2006-06-21,1.8714040917507813,0.757957295960737,0.6577269563474484,0.7081737926018217
2006-06-22,1.8796036692793003,0.7625584046268673,0.6568782735338745,0.6996810694157392
2006-06-23,1.8879571811990539,0.7659933011481584,0.655012157033169,0.6913589424341092
2006-06-24,1.896143885493193,0.7681241351106997,0.6522933499002611,0.6835368500442713
2006-06-25,1.90386149880988,0.7688828024898814,0.6489337538506036,0.6765346005986466
2006-06-26,1.9108393363873866,0.7682738005824773,0.6451829727283664,0.6706482121730227
2006-06-27,1.9168500591043887,0.7663738875149003,0.6413171960025869,0.6661367917062003
2006-06-28,1.9217195117039745,0.7633285614862673,0.6376269109153285,0.6632110302008128
2006-06-29,1.925334220112891,0.7593455146434858,0.6344039833742272,0.6620238196625965
2006-06-30,1.9276462186349423,0.7546853494180493,0.6319286754194086,0.6626634042342298
2006-07-01,,0.7496499654396694,0.6304571698825163,0.6651493666357535
2006-07-02,,0.7445691274951943,0.6302101505713642,0.6694316264490255
2006-07-03,,0.7397858049254147,0.6313629399364452,0.6753924944520818
2006-07-04,,0.7356409268353041,0.6340376277429538,0.6828516929351571
2006-07-05,,0.7324582231633329,0.6382975367910115,0.6915741216132089
2006-07-06,,0.7305298178848048,0.6441442690410414,0.7012800281158945
2006-07-07,,0.7301032075781853,0.6515174621226698,0.7116571363856615
2006-07-08,,0.7313701977142745,0.6602972671157241,0.7223742002898514
2006-07-09,,0.7344582830103574,0.6703094389233359,0.7330953871332886
2006-07-10,,0.7394248508042998,0.6813328157637911,0.7434948592952098
2006-07-11,,0.7462544623657068,0.6931088593329972,0.753270913510597
2006-07-12,,0.7548593318224995,0.7053528366459225,0.762159056753326
2006-07-13,,0.7650829818837451,0.717766152431467,0.7699434444033696
2006-07-14,,0.7767069159566442,0.7300492904000407,0.7764661783390486
2006-07-15,,0.7894600137201077,0.7419147949484912,0.7816340566267921
2006-07-16,,0.8030302375527076,0.7530997230879416,0.7854224784531461
2006-07-17,,0.8170781356770318,0.7633770196551147,0.7878763329370772
2006-07-18,,0.8312515489365514,0.7725653161740581,0.7891078329831229
2006-07-19,,0.8452008752341269,0.7805367229942841,0.7892913895646242
2006-07-20,,0.8585942211566955,0.7872222725000038,0.7886557518634726
2006-07-21,1.9953017898599863,0.8711317752653568,0.792614774389691,0.7874737588250973
2006-07-22,2.0095616155075993,0.8825587717263967,0.7967689577306151,0.7860501526359923
2006-07-23,2.023824933653174,0.8926764748938335,0.7997988937036219,0.7847079897852097
2006-07-24,2.0377707808616323,0.901350702407127,0.8018728124311971,0.7837742469889432
2006-07-25,2.0510978809381997,0.9085175125176356,0.8032055417771228,0.7835652546315562
2006-07-26,2.0635376934595744,0.9141858059527638,0.804048900488286,0.7843725979527854
2006-07-27,2.0748660253834985,0.9184367281926747,0.804680467927327,0.7864501056563288
2006-07-28,2.0849126957102992,0.9214198986148124,0.8053912239701868,0.7900024978331125
2006-07-29,2.0935688287110565,0.9233466323790388,0.8064726022809285,0.7951761921822333
2006-07-30,2.10079145542917,0.9244804530555031,0.8082035259467113,0.8020526726778134
2006-07-31,2.1066052214269466,0.9251253130328491,0.8108379952260643,0.8106447122373834
2006-08-01,2.1111011258904675,0.9256120394556205,0.8145937728998891,0.8208956155442947
2006-08-02,2.1144323476377287,0.9262836014020651,0.8196426644829302,0.8326815154727497
2006-08-03,2.1168073415662008,0.9274798458010719,0.8261028204729839,0.8458166223903826
2006-08-04,2.118480509002566,0.9295223729244999,0.8340333989654131,0.8600611958651085
2006-08-05,2.1197408520104313,0.9327002161531475,0.843431823244825,0.8751318886811
2006-08-06,2.120899110287608,0.9372569553709397,0.8542337549420443,0.8907140088293217
2006-08-07,2.1222739459509645,0.9433798303451281,0.8663157840217973,0.9064751608610321
2006-08-08,2.124177783335604,0.9511913325690049,0.8795007174884619,0.9220796673810506
2006-08-09,2.1269029260869736,0.9607436451385404,0.8935652345086774,0.9372031371746743
2006-08-10,2.1307085616351835,0.9720161750908154,0.9082495716677818,0.9515465400141312
2006-08-11,2.135809224144639,0.984916286749116,0.9232688128709077,0.964849169860586
2006-08-12,2.14236522294335,0.9992832039665882,0.9383252878885916,0.9768999270142424
2006-08-13,2.1504754570705833,1.0148949099186966,0.9531215348290898,0.9875464236217626
2006-08-14,2.1601729317335416,1.0314777413811511,0.9673732570356558,0.9967015125820218
2006-08-15,2.1714231737405476,1.0487182560327784,0.9808217051462136,1.0043469530967974
2006-08-16,2.184125615596159,1.0662768514436527,0.9932449403040939,1.010534051917276
2006-08-17,2.1981178874996656,1.0838025374360565,1.0044674836627225,1.015381252213877
2006-08-18,2.2131828287139927,1.100948212822126,1.014367928224539,1.0190687761062953
2006-08-19,2.2290579102815142,1.1173857753536631,1.0228841785796225,1.0218305563413246
2006-08-20,2.2454466551065146,1.132820401041143,1.0300160883294498,1.0239438117095763
2006-08-21,2.2620315536570055,1.1470033654883143,1.035825379316087,1.0257167243154826
2006-08-22,2.2784879078172793,1.1597428439430717,1.0404328462037629,1.0274747602096945
2006-08-23,2.2944979946348107,1.1709122155697098,1.0440129692305327,1.029546234494565
2006-08-24,2.309764927643206,1.1804555071006633,1.0467861718221498,1.0322477552033211
2006-08-25,2.324025606724198,1.188389736709235,1.0490090632348967,1.0358701855732988
2006-08-26,2.337062187513342,1.1948040551363797,1.0509630949226123,1.0406657415498588
2006-08-27,2.3487115663961413,1.19985572182051,1.0529421290153924,1.046836791470703
2006-08-28,2.3588724643263133,1.2037630928363876,1.0552394650918222,1.0545268500831868
2006-08-29,2.3675097981949578,1.2067959287379304,1.0581348952225178,1.063814162625388
2006-08-30,2.3746561476532735,1.209263448151312,1.0618823560151809,1.0747081608923903
2006-08-31,2.380410252905658,1.211500652005595,1.066698720154888,1.0871489470128464
2006-09-01,2.3849326094377226,1.2138535192661706,1.0727542198607263,1.1010098276220988
2006-09-02,2.3884383531931217,1.2166637246138694,1.0801649229712151,1.1161027870827025
2006-09-03,2.391187748759827,1.2202535495106202,1.0889875921773524,1.1321866592602385
2006-09-04,2.393474698440121,1.224911649588906,1.099217153205856,1.148977638786228
2006-09-05,2.395613777031625,1.2308803036706006,1.1107868831179937,1.166161669940557
2006-09-06,2.397926361918458,1.2383447046140994,1.1235713103677645,1.1834081687804354
2006-09-07,2.4007264678168547,1.2474247624683787,1.1373916991089181,1.2003844755559032
2006-09-08,2.404306908490877,1.2581697800201515,1.1520238766887072,1.2167704023583876
2006-09-09,2.408926393382325,1.2705562346064747,1.1672080603067638,1.2322722367581456
2006-09-10,2.414798126015434,1.2844887635758404,1.1826602509735753,1.246635586083108
2006-09-11,2.4220804050467057,1.2998043100123267,1.1980846940349639,1.2596564979259557
2006-09-12,2.430869640832899,1.3162792464756972,1.2131868586621666,1.271190368199602
2006-09-13,2.4411960942522373,1.333639163656193,1.2276863659009871,1.281158245266468
2006-09-14,2.4530225248984054,1.3515708937460635,1.2413292971305054,1.289550253073337
2006-09-15,2.466245807930295,1.3697362401352253,1.2538993420019928,1.2964259828033922
2006-09-16,2.480701448418946,1.3877868100607937,1.2652272959168096,1.3019118357496715
2006-09-17,2.4961707947185086,1.4053792983736841,1.275198489617464,1.3061954340666486
2006-09-18,2.512390633794336,1.4221905507596244,1.2837578243224868,1.3095173448838184
2006-09-19,2.529064746779079,1.4379317444382835,1.2909121910414993,1.3121604813063659
2006-09-20,2.5458769168961934,1.4523610631369175,1.2967301676395941,1.3144376458974991
2006-09-21,2.5625048180744816,1.4652943092918245,1.3013390068301547,1.3166777638498905
2006-09-22,2.5786341738823255,1.4766129870655176,1.304919047308647,1.3192114106261728
2006-09-23,2.5939725645392215,1.486269500901689,1.3076957934691298,1.3223562698534228
2006-09-24,2.6082622752433027,1.4942892410967576,1.3099300116006614,1.3264031603379727
2006-09-25,2.6212916212186563,1.5007694646908447,1.3119062776530768,1.3316032461034
2006-09-26,2.632904251909781,1.5058750208888745,1.3139204797835173,1.3381569914691416
2006-09-27,2.6430060257389485,1.5098311090788876,1.3162668250007854,1.3462053467134185
2006-09-28,2.6515691539838517,1.5129133883245707,1.3192249213798057,1.3558235522635593
2006-09-29,2.6586334331025956,1.51543587442186,1.3230475047160193,1.3670178351050193
2006-09-30,2.66430451424863,1.517737159425253,1.3279493515430507,1.379725145551787
2006-10-01,2.668749291651916,1.5201655652300794,1.334097870844628,1.3938159517675897
2006-10-02,2.672188623079064,1.5230638949719153,1.3416057975823266,1.4090999801662463
2006-10-03,2.6748877214113422,1.5267544729657458,1.3505263267265006,1.4253346692424547
2006-10-04,2.6771446731897615,1.5315251668708916,1.3608509325719869,1.4422360000774135
2006-10-05,2.679277645826291,1.5376170680461432,1.3725100218023525,1.4594912865937035
2006-10-06,2.681611439705331,1.545214473061227,1.3853764782128528,1.4767734605397929
2006-10-07,2.6844641257542374,1.5544377682369825,1.3992720810732513,1.493756377744061
2006-10-08,2.6881345853633545,1.565339777994112,1.4139767265025476,1.5101307097627168
2006-10-09,2.6928918395994863,1.5779061040837832,1.4292403590036635,1.5256200723259177
2006-10-10,2.698967117785915,1.5920599605081618,1.444797531634868,1.539997177579789
2006-10-11,2.706549665297325,1.6076719951545517,1.4603845543250864,1.5530999713170055
2006-10-12,2.7157873107013497,1.6245755694031823,1.4757592459343587,1.5648479071619126
2006-10-13,2.726792773264712,1.6425879107577457,1.4907233476603032,1.5752586787596699
2006-10-14,2.739656546944551,1.6615374114071206,1.5051476371957813,1.5844658214374578
2006-10-15,2.7544668841444784,1.681297049791862,1.5189996424056442,1.5927375320020538
2006-10-16,2.771336850440881,1.7018233838817343,1.5323735181597686,1.6004967544868158
2006-10-17,2.7904375646741886,1.7231997302436008,1.5455210524798808,1.6083419615270227
2006-10-18,2.8120355417776928,1.745680959793897,1.558881867309776,1.6170670774703226
2006-10-19,2.83653054505579,1.7697358332698085,1.5731096906436073,1.6276776567322364
2006-10-20,2.8644886533119327,1.7960810943111454,1.5890902047518918,1.641398866147847
2006-10-21,2.89666360251971,1.8256998957657689,1.6079446378954088,1.6596692685503476
2006-10-22,2.9339982470677475,1.8598359549535768,1.631012301853547,1.6841132469199707
2006-10-23,2.977597677415385,1.8999546238092093,1.6598051155098852,1.7164846297855454
2006-10-24,3.028666630251753,1.9476633557240473,1.6959282511986373,1.7585751934304796
2006-10-25,3.08840674066634,2.004587286995138,1.7409637659540813,1.8120846445307788
2006-10-26,3.1578740756824892,2.0722009983748846,1.796318581526236,1.878453598466789
2006-10-27,3.23780402437022,2.151624729537865,1.863044242921079,1.9586677318731052
2006-10-28,3.3284182783397496,2.2434016033904847,1.9416428515737156,2.0530489655626294
2006-10-29,3.429236098988625,2.3472804612494866,2.03188031832778,2.1610569797464603
2006-10-30,3.53891775295806,2.462035006693207,2.1326331633360516,2.2811299591256144
2006-10-31,3.6551702365754624,2.5853523055045367,2.24179697652238,2.410595504056554
2006-11-01,3.7747428332630193,2.7138208146166893,2.3562820902547568,2.5456797258911186
2006-11-02,3.8935319969229676,2.8430393076673015,2.4721144083715756,2.681634003568254
2006-11-03,4.0068019168555535,2.9678537522090247,2.584647048164345,2.8129851248265014
2006-11-04,4.109510467366164,3.0827110765331667,2.6888729390023234,2.933897197458924
2006-11-05,4.1967126942053765,3.1820996738961087,2.779812198480656,3.0386154968397556
2006-11-06,4.263998769368618,3.2610299219615007,2.8529339526992694,3.121946647617288
2006-11-07,4.3079136401781355,3.3154973906578737,2.90456321803053,3.1797195041482347
2006-11-08,4.326303811279083,3.3428693733510433,2.932221733823342,3.2091692729515966
2006-11-09,4.318543822769418,3.3421429820401576,2.9348581466724166,3.209194833693757
2006-11-10,4.2856102670191465,3.3140394834044646,2.912937002503442,3.1804550798468716
2006-11-11,4.229992173382126,3.260922178603644,2.868375351205666,3.1252918897528157
2006-11-12,4.155449616930918,3.186549987109268,2.804337034422671,3.047491268715877
2006-11-13,4.0666533638805085,3.095701544508034,2.7249141250084787,2.9519160296257896
2006-11-14,3.968753586801448,2.993721106472989,2.634739138937649,2.8440593171807205
2006-11-15,3.8669327222081957,2.8860452235698033,2.538578291295959,2.72957579939662
2006-11-16,3.7659956482535666,2.7777671975205727,2.4409545165856965,2.6138456619892723
2006-11-17,3.6700405293558997,2.673285823082238,2.345840129953086,2.5016166630560877
2006-11-18,3.582238316438513,2.5760684574480215,2.2564450773641482,2.39675390745425
2006-11-19,3.5047311967306642,2.4885394814885937,2.175110635798353,2.302108959045719
2006-11-20,3.4386434910892785,2.412087212532461,2.1033031472497536,2.2195027488411276
2006-11-21,3.384185222192123,2.3471681232615462,2.0416903078619675,2.1498031532046964
2006-11-22,3.3408204012927625,2.293478513663538,1.9902751306397222,2.093069729664814
2006-11-23,3.3074693976803564,2.250160992092232,1.9485603133704543,2.04873531196282
2006-11-24,3.282716910190726,2.216015536992506,1.9157177679562394,2.01579630876212
2006-11-25,3.265002687407394,2.1896910528917117,1.8907432441345107,1.9929892176563502
2006-11-26,3.2527795768394254,2.1698414010153364,1.8725827770953254,1.9789383477167792
2006-11-27,3.244631143162252,2.155238168043015,1.8602246528602515,1.9722674198868384
2006-11-28,3.2393477627713514,2.1448396193264068,1.8527565998199178,1.9716743390966474
2006-11-29,3.235965051750293,2.1378205834723194,1.849392318072557,1.9759732692759755
2006-11-30,3.233771483850509,2.1335711838537796,1.849474042382015,1.9841109639254964
2006-12-01,3.232293262706947,2.131673543624282,1.852458753192807,1.9951652855791644
2006-12-02,3.2312643302197834,2.131865282377893,1.857895281448848,2.008333412926373
2006-12-03,3.2305883162661786,2.1339973347043086,1.8653983616042429,2.0229159057172232
2006-12-04,3.2302977330339404,2.1379918659425177,1.8746241138258524,2.0383010679420295
2006-12-05,3.2305141594100837,2.143804242926873,1.8852498289797366,2.053952307378612
2006-12-06,3.2314117869645145,2.1513914025282603,1.8969595169763813,2.069399687643555
2006-12-07,3.2331856261206537,2.1606876804199366,1.909435574590957,2.084235731669578
2006-12-08,3.236024920221724,2.1715882448969865,1.9223561575629837,2.098114786226141
2006-12-09,3.2400918462553463,2.183939687096021,1.9353973702322076,2.1107548533108194
2006-12-10,3.2455053248331405,2.1975369787330052,1.9482391523237206,2.121940661254056
2006-12-11,3.252329644857121,2.212125844613093,1.960573678789245,2.1315268044566134
2006-12-12,3.260567566762064,2.227409542857906,1.9721151345968848,2.1394399527703265
2006-12-13,3.2701575560228786,2.243059051476081,1.9826098357622353,2.1456793625299353
2006-12-14,3.280974787280602,2.2587256939870715,1.9918458092295035,2.1503151711124198
2006-12-15,3.2928355355167156,2.2740552827314224,1.9996610983976706,2.1534842002917656
2006-12-16,3.3055045315986504,2.2887029103079133,2.0059502180156805,2.155383216122744
2006-12-17,3.3187048093304323,2.302347577566146,2.0106683371385525,2.1562597873059413
2006-12-18,3.332129517243094,2.314705913783747,2.0138329197872507,2.1564010467458803
2006-12-19,3.3454551189431054,2.3255443244094898,2.015522698616279,2.1561207911636537
2006-12-20,3.3583553683814555,2.334688996283521,2.0158739957453617,2.155745450911077
2006-12-21,3.370515426843709,2.34203330003038,2.015074534798952,2.1555995266972214
2006-12-22,3.3816454908401496,2.347542252978892,2.0133550063456935,2.1559911222265815
2006-12-23,3.391493326512868,2.3512538404620438,2.0109787521920297,2.1571982026311365
2006-12-24,3.3998551569784725,2.3532771343645202,2.0082300191733884,2.1594561795291787
2006-12-25,3.4065844228843503,2.3537872901188823,2.0054012973101645,2.162947366790868
2006-12-26,3.411598030686301,2.3530176413525856,2.0027802981461424,2.1677927697024906
2006-12-27,3.4148798139398178,2.3512492393444493,2.0006371452636564,2.1740465681097216
2006-12-28,3.416481055551201,2.3487982969348042,1.9992123398290336,2.1816935359578262
2006-12-29,3.416518048166987,2.3460020887130137,1.9987060300561728,2.190649510727747
2006-12-30,3.4151668000646005,2.343203927184203,1.9992690562253272,2.2007648923088214
2006-12-31,3.4126551193499726,2.340737875240911,2.000996164898486,2.211831017764828
2007-01-01,3.409252424471406,2.3389138668643077,2.0039216906713073,2.2235891321014245
2007-01-02,3.4052577289690458,2.338003890052906,2.00801789538977,2.2357415610905003
2007-01-03,3.4009863286149677,2.338229839321202,2.013196038008209,2.247964595469368
2007-01-04,3.396755776149252,2.339753571792258,2.0193101283180668,2.2599225206766476
2007-01-05,3.3928717602094833,2.3426696041847563,2.0261631999346315,2.2712821760489654
2007-01-06,3.389614509484354,2.3470007722012753,2.033515827442244,2.2817274043709173
2007-01-07,3.3872263205771036,2.3526970442378996,2.041096514483173,2.290972758038624
2007-01-08,3.3859007599128654,2.3596375440608406,2.0486134984931192,2.2987758620209786
2007-01-09,3.3857740191697854,2.367635699016628,2.055767458024644,2.304947895603258
2007-01-10,3.3869188148300964,2.3764472992101378,2.062264574220011,2.309361743467216
2007-01-11,3.3893411223790624,2.3857811378360783,2.067829393212058,2.3119574811359143
2007-01-12,3.3929799340764983,2.3953118142206895,2.072216966087864,2.312745000570632
2007-01-13,3.3977101393996216,2.404694232571927,2.075223814374144,2.3118037516805776
2007-01-14,3.403348567084959,2.41357933812705,2.076697391477745,2.309279781573723
2007-01-15,3.4096632200378023,2.421630719774236,2.076543897353849,2.3053805073043954
2007-01-16,3.4163858059223857,2.428541898934539,2.0747345709167453,2.3003679756494706
2007-01-17,3.423227843086063,2.4340544417161287,2.0713109475069555,2.294551761219414
2007-01-18,3.42990091911767,2.4379774863002126,2.066390032562613,2.2882831384857796
2007-01-19,3.4361420851309887,2.440209850645921,2.0601708875139857,2.2819527132323367
2007-01-20,3.441745816338531,2.4407664992065565,2.052944681147098,2.27599424026007
2007-01-21,3.4466043082993574,2.43981163333899,2.0451106845583786,2.2708977285146674
2007-01-22,3.450757849766914,2.4377007438758733,2.0372007374437278,2.2672348746644846
2007-01-23,3.454456249897728,2.4350332244988624,2.0299140464656467,2.265698994438811
2007-01-24,3.458230371275068,2.4327151246830376,2.0241623971180642,2.267159500216179
2007-01-25,3.4629693607397956,2.432027918803939,2.0211226287616855,2.272727228324657
2007-01-26,3.469994064967647,2.4346936605820844,2.0222884370459506,2.283821442458125
2007-01-27,3.48111076588928,2.4429200098256287,2.0295075995665264,2.3022225509058476
2007-01-28,3.4986229171681122,2.4594015987280966,2.0449846279790718,2.3300876648538353
2007-01-29,3.525273991888284,2.4872491936058365,2.071224465781873,2.369901148801088
2007-01-30,3.5640944991697863,2.529817954871243,2.1108926083847814,2.4243319988014047
2007-01-31,3.618133402399727,2.5904137329536283,2.1665734215168566,2.4959770313174814
2007-02-01,3.6900703990366344,2.6718737366907277,2.2404231632427956,2.5869853652767416
2007-02-02,3.7817305989022394,2.7760448601697276,2.3337370962431025,2.6985853331792806
2007-02-03,3.893553889140472,2.9032160305577794,2.446478197535876,2.8305665009165777
2007-02-04,4.024101299096194,3.051593236510703,2.576842451516578,2.980800323512114
2007-02-05,4.1697012141250465,3.21692795582771,2.7209544933382106,3.1449040927162946
2007-02-06,4.324340302498407,3.3924117735854207,2.87278914936844,3.3161549410612903
2007-02-07,4.479881171720206,3.5689252228125383,3.0243933680021677,3.4857372214893867
2007-02-08,4.626640354606578,3.7356765309974547,3.1664385002380855,3.6433568518812667
2007-02-09,4.754292961236499,3.8811932773991393,3.289071057011734,3.7781871150721904
2007-02-10,4.852997986342177,3.9945518269630265,3.382963601791241,3.8800361081552692
2007-02-11,4.9145787218056105,4.066665126892562,3.440412786235159,3.9405649559604283
2007-02-12,4.933563099162268,4.0914175077469945,3.456304438067396,3.9543556534586486
2007-02-13,4.907899981645406,4.066447296707934,3.428776088802897,3.919639200291471
2007-02-14,4.8392200918398585,3.9934350277653534,3.3594559769801364,3.838549197970136
2007-02-15,4.732593736974863,3.8778453022697628,3.2532345620834127,3.716852302716235
2007-02-16,4.595832350232686,3.728172925181333,3.1176120517947776,3.5632048418748905
2007-02-17,4.438464378421832,3.55483426909476,2.9617424650499125,3.38807109346251
2007-02-18,4.270568783339742,3.3689019087802623,2.795343441116498,3.202493175515468
2007-02-19,4.101660720556836,3.1808928988181293,2.62765154078443,3.0169142033200176
2007-02-20,3.9397944632253035,2.999789330092823,2.4665757596525872,2.8402260124558873
2007-02-21,3.790989248461135,2.8324057627220607,2.318147407290633,2.6791515385276745
2007-02-22,3.6590115417815774,2.683140258966015,2.1862981303163647,2.5379975070136505
2007-02-23,3.545480122710729,2.5540733384069925,2.0729361219344797,2.418743840939351
2007-02-24,3.4502121504207555,2.4453271057424635,1.9782461234477309,2.3213863174423532
2007-02-25,3.37170568445274,2.3555723067754935,1.901117862288258,2.2444254185318977
2007-02-26,3.307656299832974,2.2825733811394984,1.8396094349212828,2.1853963024951644
2007-02-27,3.2554260993228095,2.2236838451717613,1.791370996110088,2.1413558419475907
2007-02-28,3.2124135512111662,2.176236797567679,1.753981651458488,2.109273436048094
2007-03-01,3.176303401437147,2.137808528421525,1.7251806096441624,2.0863037891057106
2007-03-02,3.1452010203803296,2.106360217478465,1.7029965516488317,2.0699454714875354
2007-03-03,3.117671770477209,2.0802801038985295,1.6857939026952296,2.058105579787961
2007-03-04,3.0927131183744287,2.0583560844206517,1.6722610709378973,2.04909799231674
2007-03-05,3.0696870911508767,2.0397084280620295,1.6613654339103663,2.041602462024495
2007-03-06,3.048236002173046,2.02370711820737,1.6522954117079025,2.034606900846891
2007-03-07,3.0281977887391838,2.009891104394876,1.6444038002411812,2.027348409920185
2007-03-08,3.009530801395055,1.997899621320701,1.6371604847477745,2.0192619503143896
2007-03-09,2.9922526150802797,1.987419959581871,1.6301177755179015,2.0099402131511583
2007-03-10,2.976393801209171,1.9781520936598695,1.6228882794299337,1.9991046504819048
2007-03-11,2.9619655026428577,1.9697882769954778,1.615133345483155,1.9865856549321654
2007-03-12,2.948938727973073,1.9620047117913062,1.6065593643770204,1.9723091455031663
2007-03-13,2.937233106632762,1.9544622378572645,1.5969191699117926,1.9562868856654678
2007-03-14,2.9267130615433032,1.946813269890983,1.586016146237306,1.9386083457013745
2007-03-15,2.917189708770265,1.9387126710085365,1.5737091504682506,1.9194325524354596
2007-03-16,2.9084271386956644,1.9298307217924726,1.5599168732958932,1.8989789846154954
2007-03-17,2.9001520078612826,1.9198667565862535,1.5446207147101445,1.8775170953149785
2007-03-18,2.8920655645969506,1.9085623760232953,1.527865629460038,1.8553544526598182
2007-03-19,2.8838573610562697,1.8957134187587412,1.5097587036163884,1.8328237944265786
2007-03-20,2.8752199942875274,1.8811801071199687,1.4904654742675483,1.8102695088070389
2007-03-21,2.8658642928366818,1.864894990236416,1.470204213098728,1.7880342015009463
2007-03-22,2.855534440080404,1.8468685068015775,1.4492385708041022,1.766446102609158
2007-03-23,2.844022609982825,1.8271921824622936,1.427869126483071,1.7458081140667916
2007-03-24,2.831182786174247,1.8060396604426123,1.406424502163489,1.726389302265393
2007-03-25,2.8169435345883223,1.7836659277448237,1.3852527800828485,1.7084195984342574
2007-03-26,2.8013195901806935,1.7604052264041539,1.364713987819221,1.6920883740427008
2007-03-27,2.7844221809666205,1.7366682085055054,1.3451743792039885,1.6775473991476875
2007-03-28,2.7664680259282104,1.7129388813576856,1.3270031212531372,1.6649184555995704
2007-03-29,2.747786885246075,1.6897717727665744,1.3105717845836853,1.6543055526361845
2007-03-30,2.728827394063562,1.6677895089546475,1.2962567176165145,1.6458112729926913
2007-03-31,2.7101606668247005,1.6476806343894221,1.2844439641409486,1.6395562669929435
2007-04-01,2.692480826743016,1.6301970272782138,1.2755358760609925,1.6357003304151911
2007-04-02,2.6766012251907,1.6161497153891633,1.2699580157787782,1.6344628917172244
2007-04-03,2.663444726313598,1.6064013419750793,1.2681643973937682,1.6361401639294038
2007-04-04,2.6540261273136805,1.6018530678866194,1.2706386685093305,1.6411157804739718
2007-04-05,2.649424670161756,1.603423443383415,1.277888589396604,1.6498615464426396
2007-04-06,2.6507447901669208,1.6120168706306275,1.29043123472349,1.662925118098832
2007-04-07,2.6590638437191463,1.628479821675937,1.3087668243267743,1.6809020801592207
2007-04-08,2.6753666278003925,1.6535440527242153,1.3333400474399575,1.704391089053369
2007-04-09,2.700468049656579,1.6877576695723453,1.3644891825200076,1.7339324888230363
2007-04-10,2.734927240868198,1.7314069612640206,1.4023851530266749,1.7699329901436271
2007-04-11,2.778958549842083,1.784434229627281,1.446964724462692,1.8125814320926827
2007-04-12,2.8323469077108197,1.8463590960028542,1.4978640753093602,1.8617630196180095
2007-04-13,2.8943766908942594,1.9162125797504224,1.554360632857681,1.9169813716712119
2007-04-14,2.963784021905584,1.9924942062052722,1.6153320002310054,1.977298825471749
2007-04-15,3.038742123260183,2.0731621492429517,1.6792406968006182,2.041305364425919
2007-04-16,3.116887647938907,2.1556647038857775,1.744152080018808,2.1071250332655014
2007-04-17,3.1953928166196306,2.2370181721906244,1.807790169385485,2.1724657252622013
2007-04-18,3.271083886795747,2.313931730517947,1.8676323188793111,2.2347139594797176
2007-04-19,3.3406013871442664,2.3829744815063663,1.9210391657187063,2.29107114154573
2007-04-20,3.400592295581533,2.4407743471345142,1.965411587092394,2.3387224562832842
2007-04-21,3.4479196614899603,2.484233523852181,1.998362197364075,2.3750247341151307
2007-04-22,3.4798718125697716,2.51074169200514,2.017885893295808,2.3976961281090574
2007-04-23,3.494351856109083,2.518366705625517,2.0225126636651076,2.404988866595359
2007-04-24,3.490029045625679,2.5060034730894043,2.011426654627541,2.3958270851068715
2007-04-25,3.466436767247502,2.4734652046356227,1.9845383520586461,2.3698948288249273
2007-04-26,3.424007077562453,2.421506793520417,1.9425014074413687,2.327664423019755
2007-04-27,3.3640382475203516,2.35177711334931,1.886671502364138,2.2703618761849866
2007-04-28,3.288598765943954,2.2667045172328817,1.8190109243647394,2.199872924276602
2007-04-29,3.200377783095032,2.169326793246139,1.7419483484371285,2.118599779678047
2007-04-30,3.1024971600003166,2.063082329646375,1.6582078920783598,2.0292837313470287
2007-05-01,2.998303484064258,1.9515825761534473,1.5706242490396145,1.9348117961195668
2007-05-02,2.8911592870744323,1.8383867043736382,1.4819613143290364,1.8380263171024498
2007-05-03,2.7842512878411485,1.7267977089987243,1.394750226619036,1.7415547832177147
2007-05-04,2.68043014011944,1.6196954482961943,1.3111595149686959,1.6476735841118904
2007-05-05,2.582091507772664,1.519416963003815,1.2329056137150607,1.5582145509468692
2007-05-06,2.491103053459931,1.4276886419949921,1.1612070894378257,1.4745177312265878
2007-05-07,2.4087768537597904,1.3456092245333822,1.0967811917406505,1.397428666679238
2007-05-08,2.33588246526179,1.2736779194482521,1.039877370929922,1.3273341266319008
2007-05-09,2.272692787229618,1.2118585429835262,0.9903395920392258,1.2642272280668223
2007-05-10,2.2190531863092726,1.159668736241075,0.9476877894092591,1.2077913360681982
2007-05-11,2.174464029777514,1.1162829805497367,0.9112086118966961,1.1574920373984996
2007-05-12,2.138167596031598,1.0806390470957046,0.880046499016792,1.1126675789170637
2007-05-13,2.10923195912584,1.0515393323223927,0.8532877885820118,1.0726101050501375
2007-05-14,2.0866265009290768,1.0277408330353919,0.830032632491167,1.0366324143219274
2007-05-15,2.0692858362171513,1.008029919282135,0.8094516557745057,1.0041174080108726
2007-05-16,2.056160860321258,0.9912802594406145,0.790826266330423,0.9745496221185348
2007-05-17,2.0462571602217072,0.9764940349070428,0.7735731293695831,0.9475300154864121
2007-05-18,2.038662083379255,0.96282785402546,0.7572544746769512,0.9227764357095359
2007-05-19,2.0325623370003516,0.9496055336397253,0.741576600925128,0.9001128962345801
2007-05-20,2.0272541608148824,0.9363202283116648,0.7263792338344115,0.8794510365816774
2007-05-21,2.0221479825360924,0.9226283582611259,0.7116183734423297,0.860767007066543
2007-05-22,2.016769141973467,0.9083375365633286,0.6973450314518713,0.8440766378498442
2007-05-23,2.0107558636516614,0.8933903346381178,0.6836819076642954,0.8294112313047197
2007-05-24,2.0038552538158876,0.8778453410662421,0.6707996621764879,0.8167957486911963
2007-05-25,1.995917754063813,0.8618566228126611,0.6588940617743151,0.8062306135663575
2007-05-26,1.9868902320447,0.8456524229514771,0.6481649464995016,0.7976778662455262
2007-05-27,1.9768077386153986,0.8295137347227615,0.6387976883311607,0.7910519951885043
2007-05-28,1.9657839028569084,0.8137532712798367,0.6309475971709806,0.7862154456130198
2007-05-29,1.9539999535151125,0.7986952869945283,0.6247275605468157,0.7829785561577294
2007-05-30,1.9416924251750012,0.7846566789169774,0.6201990700073955,0.7811034895325366
2007-05-31,1.929139706883996,0.7719297856842016,0.6173666766620752,0.7803115904697009
2007-06-01,1.9166476995261066,0.7607672889325516,0.6161758207563262,0.780293513157757
2007-06-02,1.9045349494815524,0.7513695969282015,0.6165138890315595,0.780721402589754
2007-06-03,1.8931177078960895,0.7438750445466494,0.6182142658706941,0.7812623845543838
2007-06-04,1.8826954194129715,0.7383531753483636,0.6210630598484513,0.7815926142978254
2007-06-05,1.8735371674085122,0.7348012814986701,0.6248081084456291,0.7814111526571574
2007-06-06,1.8658695935999345,0.7331442696197861,0.6291697938140993,0.7804529798877764
2007-06-07,1.8598667697321773,0.7332378011166443,0.6338531455543245,0.778500520654031
2007-06-08,1.8556424310643727,0.7348745308517489,0.6385606662796149,0.7753931373880398
2007-06-09,1.8532448900334173,0.7377931453330882,0.6430052954182868,0.7710341512913583
2007-06-10,1.8526548391370468,0.7416897876754971,0.6469229283834765,0.7653950675659216
2007-06-11,1.8537861306855894,0.7462313577237715,0.650083932885398,0.7585168100228727
2007-06-12,1.8564894938370684,0.7510700971839264,0.6523031515025496,0.7505079052919732
2007-06-13,1.8605590225011666,0.7558588155567705,0.6534479481901436,0.7415396931808311
2007-06-14,1.8657411473127183,0.7602660859836643,0.6534439436021579,0.7318387718026855
2007-06-15,1.8717456965432069,0.7639907423153427,0.6522781864003494,0.7216770084295703
2007-06-16,1.8782585595103254,0.7667750399319139,0.6499996208184751,0.7113595544762125
2007-06-17,1.884955395907569,0.7684159018496245,0.6467168297977692,0.7012113909971195
2007-06-18,1.8915157886740521,0.7687737559459663,0.6425931528572068,0.6915629958058057
2007-06-19,1.8976372186225592,0.767778575070172,0.6378393932897732,0.6827357620092656
2007-06-20,1.9030482469233434,0.7654328547586089,0.6327044352399702,0.6750278087239706
2007-06-21,1.9075203263736304,0.7618113978605842,0.6274641830779413,0.6687008075372258
2007-06-22,1.9108777226473652,0.7570579156962943,0.62240930921447,0.6639684036652896
2007-06-23,1.9130051097734195,0.7513785952557073,0.6178323488643367,0.6609867407032919
2007-06-24,1.9138525062873653,0.7450329152615942,0.6140147089646361,0.6598475054422199
2007-06-25,1.913437335352722,0.7383221148059103,0.6112141622302545,0.6605737985077371
2007-06-26,1.9118435185191238,0.7315758214152386,0.6096533760154161,0.6631190124197271
2007-06-27,1.9092176431247492,0.7251374262768101,0.6095099801850339,0.6673687665360125
2007-06-28,1.9057623719321646,0.7193488494080716,0.610908610580196,0.6731458140343936
2007-06-29,1.901727384760497,0.7145353643610655,0.6139152778597016,0.680217705505678
2007-06-30,1.8973982503189541,0.7109911494404997,0.6185343093281159,0.6883068726140115
2007-07-01,1.893083717392011,0.7089662004958268,0.6247079983096628,0.6971026889513358
2007-07-02,1.8891019839791978,0.7086551805252418,0.6323189766634358,0.7062749783422502
2007-07-03,1.8857665479010408,0.7101886962323254,0.6411952063862995,0.7154883772605708
2007-07-04,1.883372260773645,0.7136273850424004,0.6511173711722336,0.7244169204939164
2007-07-05,1.882182198319979,0.7189590726012606,0.6618283433475135,0.7327582093866338
2007-07-06,1.882415924118507,0.7260991258694685,0.6730443104127211,0.7402465403346362
2007-07-07,1.8842396626654896,0.7348939865181583,0.684467072502332,0.7466644168929163
2007-07-08,1.8877588137358252,0.7451277295971236,0.6957969706241767,0.7518519398798259
2007-07-09,1.8930131371553327,0.7565313595219118,0.7067458778249879,0.7557136631010375
2007-07-10,1.8999748197641548,0.7687944351546506,0.7170496826625279,0.7582226136739453
2007-07-11,1.9085495097126395,0.7815785134177323,0.7264797166707432,0.7594213005169125
2007-07-12,1.9185802728512966,0.7945318209766997,0.7348526239021466,0.7594196669036093
2007-07-13,1.9298542975841575,0.8073045095693908,0.7420382390821579,0.7583900772557728
2007-07-14,1.9421120537915604,0.8195638249140074,0.7479651284065104,0.7565595586586138
2007-07-15,1.9550585035996382,0.8310085229251793,0.7526235497098888,0.7541996382059705
2007-07-16,1.9683758716181043,0.8413819000382053,0.7560657021199685,0.7516142229175004
2007-07-17,1.9817374137459352,0.8504828653343035,0.7584032544036222,0.7491260549757375
2007-07-18,1.9948215797674012,0.8581745681977714,0.7598022607788419,0.7470623376286605
2007-07-19,2.0073259476563523,0.8643902026401402,0.760475687753026,0.7457401635421145
2007-07-20,2.0189803175349312,0.8691357334763661,0.7606738805125385,0.7454523860657689
2007-07-21,2.029558390153621,0.8724894247844206,0.7606733879175518,0.7464545544143766
2007-07-22,2.0388875169502305,0.874598191579012,0.7607646372727386,0.748953487018326
2007-07-23,2.046856093473643,0.8756709352098472,0.7612390005797158,0.7530979853179769
2007-07-24,2.053418271501267,0.8759691555215532,0.7623758207104429,0.7589720962270475
2007-07-25,2.0585957829872967,0.8757952524635682,0.7644299676980671,0.766591219504729
2007-07-26,2.062476795876153,0.8754790313563453,0.7676204720452756,0.775901231273774
2007-07-27,2.0652118522261196,0.8753630049447173,0.7721207346237906,0.786780662395459
2007-07-28,2.067007067282037,0.8757871382326271,0.7780507434618285,0.7990458361847972
2007-07-29,2.068114888480717,0.8770737065726355,0.785471639532947,0.8124587399185156
2007-07-30,2.0688228205803565,0.8795129325032608,0.7943828704441355,0.8267372844673344
2007-07-31,2.0694406124655647,0.8833500326061396,0.8047220572088148,0.8415675014509446
2007-08-01,2.070286468766044,0.8887742436968136,0.8163675800775059,0.8566171421793085
2007-08-02,2.071672892269985,0.8959103106898302,0.8291437699234759,0.8715500810482981
2007-08-03,2.073892779330454,0.9048128103126074,0.8428284771923586,0.8860408907074975
2007-08-04,2.0772063793418605,0.9154635602352924,0.8571626859535536,0.8997889487663999
2007-08-05,2.0818296913925844,0.9277722276111839,0.8718617507280136,0.9125314563844328
2007-08-06,2.087924808047526,0.9415801104405401,0.8866277624597123,0.9240547968954339
2007-08-07,2.0955926306555726,0.9566669257569749,0.9011625003800638,0.9342037355484313
2007-08-08,2.104868276370658,0.9727603065157128,0.9151804007659735,0.9428880562991336
2007-08-09,2.115719378800497,0.9895475900415974,0.9284209728442808,0.9500863441928497
2007-08-10,2.1280473570503924,1.006689380201887,0.940660116380906,0.9558467472918329
2007-08-11,2.141691597497763,1.023834287528521,0.9517198437453538,0.9602846848080694
2007-08-12,2.156436364646798,1.0406341997512936,0.9614759793397327,0.9635776022752194
2007-08-13,2.1720201374959016,1.0567594118918184,0.9698634981464708,0.9659570043354448
2007-08-14,2.188146961271551,1.0719129512322632,0.9768792688759057,0.9676981153279374
2007-08-15,2.204499315824605,1.0858434678420836,0.9825820812260257,0.9691076220899547
2007-08-16,2.2207519353393,1.0983561243661168,0.9870899560918652,0.9705100376394389
2007-08-17,2.236585972199765,1.1093210066793766,0.9905748569383066,0.9722332849981727
2007-08-18,2.2517028827310455,1.1186786859358278,0.9932550347322582,0.9745941346737779
2007-08-19,2.265837424745279,1.126442687694036,0.9953853428010381,0.9778841357426128
2007-08-20,2.278769195842924,1.132698759693048,0.997245947175958,0.9823566587815046
2007-08-21,2.2903322055290456,1.1376009705065089,0.9991299284731924,0.9882156200370119
2007-08-22,2.300422060588761,1.1413648105413023,1.0013303200621315,0.9956063823441363
2007-08-23,2.3090004480282476,1.1442575985516579,1.0041271520341144,1.0046092326574507
2007-08-24,2.3160967186216572,1.1465866152232282,1.00777507022335,1.0152357228392854
2007-08-25,2.3218065014915084,1.1486854852432102,1.0124920742597654,1.0274280345369269
2007-08-26,2.3262874105948534,1.1508994062236297,1.0184498694591984,1.041061396101012
2007-08-27,2.329752031757472,1.153569873505352,1.0257662564417565,1.05594944538964
2007-08-28,2.332458498379464,1.157019572013238,1.034499892829418,1.0718523028591527
2007-08-29,2.334699069879119,1.1615380989861486,1.0446476571436978,1.0884870002508913
2007-08-30,2.336787214691234,1.167369144891428,1.0561447306826082,1.1055398066757716
2007-08-31,2.3390437653373573,1.1746996957564895,1.0688673937280067,1.1226799105239798
2007-09-01,2.341782753850607,1.1836517313263297,1.082638413166202,1.139573856047595
2007-09-02,2.345297549876392,1.1942767837865715,1.0972347847376263,1.1559001002986238
2007-09-03,2.3498479104652663,1.2065535960972997,1.1123974896683142,1.1713630508101147
2007-09-04,2.355648510510492,1.2203889827848584,1.1278428369224385,1.185705967216373
2007-09-05,2.3628594577200124,1.2356218553223466,1.1432748926414826,1.198722159918757
2007-09-06,2.3715792088102594,1.2520302351766366,1.1583984505614429,1.2102639937212767
2007-09-07,2.3818401980984536,1.2693409463211343,1.1729319734256416,1.2202493007998212
2007-09-08,2.3936073704866194,1.2872415612761943,1.1866199366804955,1.2286649211914311
2007-09-09,2.40677968321198,1.3053940757172804,1.1992440320000497,1.2355672151955774
2007-09-10,2.421194510290741,1.3234497107349628,1.2106327382777926,1.241079525121636
2007-09-11,2.4366347560384938,1.3410641922777602,1.2206688394509555,1.2453866978512134
2007-09-12,2.452838365013715,1.3579128363371555,1.2292945587309991,1.248726908820222
2007-09-13,2.4695098104317608,1.373704776963346,1.2365140835410897,1.2513811465905311
2007-09-14,2.4863330561617127,1.3881957118577226,1.242393370105483,1.253660819964952
2007-09-15,2.5029854226678783,1.4011986054177608,1.2470572361594483,1.2558940320853913
2007-09-16,2.5191517475356413,1.4125918788507628,1.2506838694003657,1.2584111245194276
2007-09-17,2.5345382182740157,1.4223247273816109,1.2534969928452466,1.2615301264102896
2007-09-18,2.548885269483253,1.430419330805549,1.2557560312084886,1.2655427479317471
2007-09-19,2.561978977582389,1.4369698601333416,1.2577447102428903,1.2707015333689622
2007-09-20,2.5736604523035664,1.4421383238466086,1.259758589837984,1.2772087381904544
2007-09-21,2.583832812176749,1.4461474361405575,1.2620920785176735,1.2852074187242764
2007-09-22,2.5924654373844676,1.4492708203800948,1.2650254997674235,1.2947751258335845
2007-09-23,2.5995953129999876,1.451820978087576,1.2688127783504477,1.3059204795767998
2007-09-24,2.6053254034835005,1.4541355519773511,1.2736702875484613,1.3185827752694912
2007-09-25,2.6098201297943735,1.456562486554115,1.279767347293604,1.3326346382132248
2007-09-26,2.6132981478767285,1.4594447383310987,1.2872187907076171,1.3478876104981943
2007-09-27,2.6160227460437975,1.4631052077236253,1.2960799258630706,1.364100424656796
2007-09-28,2.6182902838045976,1.4678325553612794,1.306344114705752,1.3809896012968832
2007-09-29,2.6204171815115096,1.4738685275436443,1.31794307680197,1.398241906533546
2007-09-30,2.622726035368749,1.4813973508607396,1.330749907219835,1.4155281248524296
2007-10-01,2.6255314735251813,1.490537668057123,1.344584681133449,1.4325175480742618
2007-10-02,2.6291263852955566,1.5013373809000403,1.3592224086326274,1.448892554717142
2007-10-03,2.6337691477624485,1.5137716473739402,1.3744030078725231,1.464362658940568
2007-10-04,2.6396724446714175,1.5277441575695336,1.389842889340905,1.4786774464770147
2007-10-05,2.646994226121489,1.543091694011242,1.4052476948998547,1.4916378881174295
2007-10-06,2.6558313003981517,1.5595918777142068,1.4203257184760107,1.5031056306177626
2007-10-07,2.666215989214489,1.576973921301738,1.434801556448317,1.513010010997456
2007-10-08,2.678116223082637,1.594932164850342,1.4484295993430223,1.5213527226879087
2007-10-09,2.691439412095756,1.6131421663485188,1.4610070843534257,1.528210278163218
2007-10-10,2.706040403263385,1.6312791594970846,1.4723865779067384,1.533734655501974
2007-10-11,2.7217338261253636,1.64903877131014,1.4824879390708239,1.5381527713641372
2007-10-12,2.738311120134136,1.6661599920275496,1.4913100072168561,1.5417656645456554
2007-10-13,2.7555625015901026,1.6824504744899165,1.4989424258731048,1.544948462091412
2007-10-14,2.7733040182034365,1.6978142536836809,1.5055781074598849,1.5481522761050666
2007-10-15,2.7914095919323674,1.7122818450322992,1.5115267934654226,1.5519090699624285
2007-10-16,2.8098474914488913,1.7260423161579146,1.5172298955779209,1.5568401548360602
2007-10-17,2.8287199348276766,1.739476250311026,1.5232762445718164,1.5636682554190442
2007-10-18,2.848303460269136,1.7531874812182768,1.5304174826330845,1.5732319739040979
2007-10-19,2.86908633852767,1.768030096254022,1.539580626513298,1.5865000055918042
2007-10-20,2.8917977517706825,1.785125599500166,1.551873908598487,1.6045807411181736
2007-10-21,2.917421969404463,1.8058635541805992,1.5685805908545265,1.628721181357279
2007-10-22,2.9471896807507267,1.83187788159508,1.5911343835917846,1.6602877788809458
2007-10-23,2.9825384664405954,1.8649907870463482,1.6210698220763136,1.7007213968158825
2007-10-24,3.02503560027131,1.9071175478656657,1.6599419199005239,1.751459562678008
2007-10-25,3.0762593728947234,1.96012857034179,1.709212004883951,1.81382201658953
2007-10-26,3.1376400765562895,2.025670375288953,1.7701010044978305,1.888860385196565
2007-10-27,3.2102684532235912,2.104954258545976,1.8434173774606466,1.977179426276503
2007-10-28,3.2946870623352886,2.1985295152387176,1.929373728502747,2.078744949176525
2007-10-29,3.3906874505376443,2.3060660045853316,2.027412782142493,2.1927009775882076
2007-10-30,3.497141624281735,2.4261767649267427,2.1360683836590453,2.3172243647083106
2007-10-31,3.6118984716833022,2.556313573882802,2.252889016931542,2.4494471875612005
2007-11-01,3.7317730863621277,2.692765316331044,2.374448729199497,2.5854744340335793
2007-11-02,3.852648760161893,2.830780073533954,2.4964627367363508,2.7205160821943886
2007-11-03,3.9696981273157013,2.9648174100783167,2.6140127187791586,2.849139061396729
2007-11-04,4.077713137761242,3.0889191195063797,2.721871343556948,2.9656274006196583
2007-11-05,4.171515834953475,3.1971675304094047,2.814899323229658,3.0644208077371573
2007-11-06,4.246406549330609,3.284183868613595,2.888474239075024,3.1405863090849384
2007-11-07,4.2985962834861935,3.345608564679068,2.938901446497251,3.1902676892245703
2007-11-08,4.3255681680771705,3.3785033902826522,2.9637557725297503,3.211055776863547
2007-11-09,4.326319906941201,3.381622978527428,2.9621093684616002,3.2022301413937684
2007-11-10,4.30145435241702,3.3555198151295427,2.9346152762850437,3.1648387076985167
2007-11-11,4.253106312519264,3.3024695352161144,2.883435752086704,3.101603634862153
2007-11-12,4.1847167245236,3.226228360120889,2.812025780854374,3.0166657504109917
2007-11-13,4.100686323735459,3.1316573148243685,2.7248017245502494,2.9152016416978546
2007-11-14,4.005956224381092,3.024264512976345,2.626739286267698,2.80296339446101
2007-11-15,3.9055699638490005,2.909724633176156,2.522951688116935,2.685798407959207
2007-11-16,3.804269784366279,2.793432913421504,2.4182974455764463,2.569204922124654
2007-11-17,3.7061702307370643,2.6801406275541337,2.3170582847955132,2.4579688861938997
2007-11-18,3.6145369318543743,2.573702668468029,2.2227137986938077,2.355912056077274
2007-11-19,3.5316808915124644,2.4769489828298994,2.1378233002247002,2.265763012320359
2007-11-20,3.4589619692157436,2.391673665124042,2.0640099771229816,2.1891454729543107
2007-11-21,3.3968821002013074,2.3187213485183076,2.0020302903567933,2.126664537922436
2007-11-22,3.3452407570434772,2.258141822822075,1.951904037489059,2.0780629718482695
2007-11-23,3.303322580495456,2.2093809849069954,1.913077983910755,2.04241671942368
2007-11-24,3.270089346500855,2.1714785755332473,1.8845978505136476,2.0183408862033048
2007-11-25,3.2443541192206675,2.1432492016531506,1.8652684827645605,2.0041830074002047
2007-11-26,3.2249228982922338,2.1234310873790827,1.8537886870349,1.9981878617464996
2007-11-27,3.210696721075144,2.110795136984498,1.8488540594644303,1.9986257487642523
2007-11-28,3.200733808876925,2.104213919082048,1.8492270384334397,2.0038827905662675
2007-11-29,3.194276227122389,2.1026953175200536,1.8537777271983464,2.012516707017676
2007-11-30,3.190748433118161,2.105388599073435,1.8615015544866274,2.0232844149570024
2007-12-01,3.189736174163759,2.111571702164477,1.8715207241248746,2.0351488896839816
2007-12-02,3.190953880429089,2.120628099725588,1.8830760298886153,2.0472724209479596
2007-12-03,3.194207472681499,2.1320201791652402,1.8955144436292584,2.059002211720536
2007-12-04,3.1993578504531914,2.1452642309990666,1.9082763629684518,2.069852692846681
2007-12-05,3.206288617417462,2.1599102537875066,1.9208848751967296,2.0794873416749438
2007-12-06,3.2148800841754914,2.1755281345793285,1.932938081464162,2.0877014442590127
2007-12-07,3.224990387591352,2.1917004846667085,1.944104539659993,2.0944062462613067
2007-12-08,3.2364437070019836,2.208021528223419,1.954121244915449,2.099614314166871
2007-12-09,3.2490250056844197,2.2241009161148235,1.9627932342534298,2.103425627913342
2007-12-10,3.262480415374873,2.2395710949758096,1.9699938085767812,2.1060138693105652
2007-12-11,3.2765222410154795,2.2540968213539943,1.9756644368020169,2.107612472568175
2007-12-12,3.2908375299059864,2.267385500072002,1.9798135773157846,2.108500188808995
2007-12-13,3.3050991774046015,2.2791971890954508,1.9825138693156605,2.108986127919752
2007-12-14,3.31897860001187,2.2893533115990867,1.9838973747500939,2.1093944393016315
2007-12-15,3.332159079553655,2.29774332581768,1.984148767634765,2.110048954953261
2007-12-16,3.3443489624063885,2.3043288114911378,1.9834965586473294,2.111258232980309
2007-12-17,3.355293984137032,2.3091446316890036,1.9822026028833901,2.113301504495274
2007-12-18,3.3647880839309217,2.3122970173213933,1.9805502652174114,2.116416044418874
2007-12-19,3.3726821764472783,2.313958596719221,1.9788317106520779,2.120786462150641
2007-12-20,3.37889046204415,2.314360552334742,1.9773348471556766,2.126536347983669
2007-12-21,3.383393978960532,2.3137822284885656,1.9763304770827357,2.133722622553815
2007-12-22,3.386241230832547,2.312538635380591,1.9760602120251192,2.1423328267129538
2007-12-23,3.3875458563726086,2.3109663923606982,1.9767256769477612,2.1522854651162158
2007-12-24,3.3874814407587808,2.309408725008625,1.9784794753494062,2.1634333854792622
2007-12-25,3.3862736953598187,2.308200173756622,1.981418311182852,2.1755700436165353
2007-12-26,3.384190348834731,2.307651685308962,1.985578569224222,2.1884383783830224
2007-12-27,3.3815291936033534,2.308036741725256,1.9909345479279832,2.201741906381329
2007-12-28,3.3786048129328545,2.309579136657052,1.9973994224410878,2.2151575489696045
2007-12-29,3.3757345719528695,2.3124429359591065,2.00482889557908,2.228349628092676
2007-12-30,3.3732244882990834,2.3167250639693306,2.0130273765041204,2.240984416151647
2007-12-31,3.371355603395636,2.3224508414083864,2.0217564158010974,2.2527446008074983
2008-01-01,3.3703714534006366,2.3295726711738847,2.030745026515269,2.263343029364933
2008-01-02,3.37046719053055,2.337971930001629,2.0397014378564653,2.2725351290476246
2008-01-03,3.371780832979643,2.3474639831233453,2.0483257653388196,2.2801294576717948
2008-01-04,3.3743870281597657,2.3578061018709597,2.0563230408905513,2.2859959214105805
2008-01-05,3.37829360364566,2.3687079367259574,2.0634160307343943,2.2900712989405285
2008-01-06,3.383441057947871,2.3798440862730526,2.069357278368937,2.2923618298460875
2008-01-07,3.38970501459725,2.39086821100303,2.073939844517881,2.292942754699495
2008-01-08,3.396901534044739,2.4014280743527325,2.0770062742906887,2.291954829431863
2008-01-09,3.404795055013193,2.4111808555458865,2.0784554021744017,2.289597972338298
2008-01-10,3.413108627142938,2.4198080730542917,2.0782467057565697,2.286122333958961
2008-01-11,3.4215360078133097,2.4270294872612714,2.076402037561194,2.281817205381086
2008-01-12,3.4297551370600363,2.432615420543895,2.073004700689984,2.2769982991189335
2008-01-13,3.437442486981648,2.4363970489931672,2.0681959902511697,2.2719940525514604
2008-01-14,3.444287820638097,2.4382743923109,2.0621695047768083,2.2671317261908026
2008-01-15,3.450009008708264,2.438221971316772,2.0551637505664617,2.2627242132642875
2008-01-16,3.4543667614685925,2.436292433760971,2.0474538317869806,2.25905866402932
2008-01-17,3.457179459022056,2.432618885785457,2.0393433552420976,2.2563882798016577
2008-01-18,3.4583387131304297,2.4274172143689383,2.0311580876538895,2.2549289607906555
2008-01-19,3.4578268501073826,2.42099032179746,2.0232433674853034,2.2548628844668666
2008-01-20,3.4557380929506873,2.4137368361712426,2.0159677276428707,2.2563514799964226
2008-01-21,3.4523056856835055,2.4061673428059946,2.009735489646304,2.2595604975816244
2008-01-22,3.4479372795813426,2.398931215753461,2.0050110064340116,2.2646996880509955
2008-01-23,3.4432602175315683,2.392856316865842,2.002356424368889,2.272078636065808
2008-01-24,3.4391764772680826,2.389001708606545,2.0024829156485784,2.2821780967348313
2008-01-25,3.4369235943997394,2.388719698345131,2.0063119662626354,2.295732398345528
2008-01-26,3.438132768708181,2.3937178787886566,2.0150383964904726,2.3138129873534874
2008-01-27,3.444868961474543,2.4061047883354725,2.0301807168887316,2.337896426522233
2008-01-28,3.459631264284435,2.4283956307702086,2.0535982460676827,2.369893302057765
2008-01-29,3.4852871489398183,2.46344931890574,2.0874499738759518,2.412109604258856
2008-01-30,3.524914033966901,2.51430779865331,2.134069880272636,2.467111941534506
2008-01-31,3.5815286398783686,2.583916105098137,2.1957398181331294,2.5374752262868747
2008-02-01,3.6577006837915826,2.674718882509002,2.274355825327334,2.6254081176593735
2008-02-02,3.7550723881544954,2.7881559577714397,2.371006668785899,2.7322773147906654
2008-02-03,3.8738358795203,2.9241125720023877,2.485511625442198,2.8580834952583865
2008-02-04,4.012250437633844,3.080412144156076,2.6159920873553073,3.000972693129829
2008-02-05,4.166301965610842,3.252461506038617,2.7585704806966596,3.156888180198169
2008-02-06,4.329608962914983,3.4331606614817916,2.90729190141454,3.319470145185264
2008-02-07,4.493656356354609,3.613164436469662,3.054342956673381,3.480287119434021
2008-02-08,4.648390078765922,3.781531140688261,3.1905979072194977,3.6294334394051893
2008-02-09,4.783138002444071,3.9267208098218465,3.306460507369327,3.7564579783338505
2008-02-10,4.887750501514314,4.037827605067219,3.3929035929399407,3.851515090799032
2008-02-11,4.9537944226354975,4.105866825615621,3.442553921629279,3.906567610284638
2008-02-12,4.975604693216001,4.124905210426392,3.450642754779215,3.9164414330426727
2008-02-13,4.951009091682714,4.092835534628957,3.4156532055289635,3.879542934016598
2008-02-14,1.0999999999999999,4.0116536375521425,3.339544055979208,3.7981048563270545
2008-02-15,4.772466520289914,3.8871864271531607,3.227506745799848,3.6779124059564405
2008-02-16,4.6315495288933235,3.728322094991752,3.087299673138635,3.527559051054725
2008-02-17,4.468557533951986,3.545884193382084,2.9282809114482014,3.357367561332656
2008-02-18,4.293819554469007,3.3513483770184145,2.76030905098421,3.1781661129480567
2008-02-19,4.117154303398091,3.1556129678359075,2.592692305084831,3.0001208438681517
2008-02-20,3.946959771713062,2.9680027571417202,2.4333388734110732,2.831795744705499
2008-02-21,3.7896239704878845,2.7956213787497237,2.288206854335357,2.6795494412731786
2008-02-22,3.649290990126639,2.643089638366027,2.1610854830607282,2.547303889457056
2008-02-23,3.52794949188526,2.5126346796872476,2.0536775967550986,2.436650686882919
2008-02-24,3.425762519668048,2.4044426676707986,1.965908657353742,2.3472107897164447
2008-02-25,3.3415348213089358,2.31716302772374,1.8963665802004441,2.277139830305926
2008-02-26,3.2732159864906993,2.248454433114119,1.8427783763983312,2.223673238596726
2008-02-27,3.2183582962050234,2.1954848329525634,1.802448387764833,2.183626447652885
2008-02-28,3.174478202636304,2.1553301092798205,1.7726103721969921,2.153796312253403
2008-02-29,3.139301055488227,2.1252489857074552,1.7506738283157666,2.1312414667653186
2008-03-01,3.110893662944031,2.1028386769516043,1.734367850046354,2.113445105183216
2008-03-02,3.0877053518808335,2.086093048562277,1.7218005603807383,2.0983803149103406
2008-03-03,3.068545176669196,2.0733925411559446,1.7114586100537146,2.084505430731398
2008-03-04,3.0525226521315627,2.06345478598826,1.70217102737233,2.0707167785615224
2008-03-05,3.0389745725177155,2.0552696361448928,1.6930573686986892,2.056281441881004
2008-03-06,3.0273937711616172,2.0480351183447305,1.6834740758224338,2.0407660234262206
2008-03-07,3.017369070816347,2.041103728949616,1.6729670273999064,2.0239708356878467
2008-03-08,3.0085403284125625,2.033942800351362,1.6612335332925248,2.0058737150446153
2008-03-09,3.0005687996005195,2.0261087893024716,1.6480938317829403,1.9865841258961785
2008-03-10,2.993120935183482,2.017233171712395,1.6334704071905368,1.9663062857011053
2008-03-11,2.985862811766993,2.0070167732845103,1.6173728077525362,1.945309316263721
2008-03-12,2.978462270852308,1.9952293609967495,1.5998857139858964,1.923902467218542
2008-03-13,2.970596131459706,1.981711769193229,1.581158444113908,1.9024138832357118
2008-03-14,2.9619602951313118,1.9663784535075688,1.5613946425505458,1.881171927750788
2008-03-15,2.952281028873435,1.9492189883400541,1.5408414356861593,1.8604885753026386
2008-03-16,2.941326123002621,1.9302975702418244,1.5197777887321084,1.8406447707261622
2008-03-17,2.928914960424726,1.909750037969676,1.4985021398300478,1.8218779111159664
2008-03-18,2.914926811316576,1.8877782770666933,1.4773196306298377,1.8043717497041807
2008-03-19,2.8993069010196963,1.8646421600792433,1.4565294136691993,1.7882490749228346
2008-03-20,2.882070006676779,1.8406494004704077,1.4364126146043446,1.7735675091599783
2008-03-21,2.863301531798342,1.8161438818376743,1.4172215768371301,1.7603187222701084
2008-03-22,2.8431561929602713,1.791493171168529,1.3991710280010885,1.7484312812837182
2008-03-23,2.821854628237637,1.7670760368433625,1.3824317881739439,1.737777270592207
2008-03-24,2.7996783960982556,1.7432708651133655,1.3671275903850486,1.7281827210519483
2008-03-25,2.776963964617183,1.7204458945534955,1.3533355028224314,1.7194417813226237
2008-03-26,2.754096378066156,1.698952154367366,1.3410903232962934,1.7113344444408478
2008-03-27,2.731503312025067,1.679119884328438,1.3303931511067997,1.7036474966326713
2008-03-28,2.709650168616323,1.661259015291361,1.3212241188404772,1.6961981700382094
2008-03-29,2.6890367012643024,1.645663984974855,1.3135589766628806,1.6888597422223022
2008-03-30,2.670195380268073,1.6326227454507034,1.3073888583677542,1.6815880225684898
2008-03-31,2.6536913143795404,1.622429289420323,1.302742124604253,1.674447297487666
2008-04-01,2.6401230447621793,1.6153984028652626,1.2997066914240851,1.667633886787126
2008-04-02,2.6301229644996513,1.6118806869696896,1.2984507480822438,1.6614950278839382
2008-04-03,2.62435555441447,1.6122752552097472,1.2992393062466492,1.6565404136031274
2008-04-04,2.623511156276898,1.6170370027753738,1.3024436855556827,1.6534434494911008
2008-04-05,2.6282927403402443,1.6266750869302673,1.3085409274226414,1.653029274248931
2008-04-06,2.6393931862542384,1.6417393777333165,1.3181003454768334,1.6562469154209636
2008-04-07,2.6574610932723948,1.6627922535464628,1.3317550598602503,1.6641237319801914
2008-04-08,2.683054137838913,1.6903642976982292,1.350157480696637,1.6777015868447338
2008-04-09,2.7165805092375273,1.7248942027119578,1.3739192995097733,1.6979559895260263
2008-04-10,2.7582308929984336,1.7666554107986594,1.403538530031759,1.7257016550098625
2008-04-11,2.807905650940827,1.8156745070742204,1.4393183316271096,1.7614903385988678
2008-04-12,2.8651439815876136,1.8716488220426455,1.4812844795196047,1.805509127345413
2008-04-13,2.9290635781023693,1.9338727006913665,1.5291100802595567,1.8574892236803846
2008-04-14,2.9983202510037907,2.001183039003385,1.5820571109673502,1.916636249521404
2008-04-15,3.071096808806307,2.0719346014734152,1.6389442685441575,1.981592877774032
2008-04-16,3.145128965082553,2.1440140664490173,1.6981492390455768,2.0504429314445267
2008-04-17,3.217773120767098,2.2148986482602018,1.7576507956773997,2.12076293698323
2008-04-18,3.286116738170163,2.2817607106535625,1.8151122748412891,2.1897226722209786
2008-04-19,3.347127095750639,2.3416144647742185,1.8680033500475117,2.25423094882897
2008-04-20,3.397829106481577,2.391495302396613,1.913752194525305,2.3111173592774783
2008-04-21,3.435498331233025,2.4286573448121,1.9499157756837042,2.3573357654131986
2008-04-22,3.457852057391393,2.4507711863681374,1.9743528418171141,2.3901716791153236
2008-04-23,3.4632199490334914,2.4561022382765323,1.9853827101599857,2.407434022099534
2008-04-24,3.4506766678944434,2.4436509256555623,1.9819135849644136,2.4076124334814146
2008-04-25,3.4201220431508625,2.413239295345299,1.9635268602909064,2.389984360562017
2008-04-26,3.372299504582198,2.3655340051345917,1.9305084015321334,2.354661291619979
2008-04-27,3.3087499413075436,2.302002494165119,1.8838235655845814,2.3025700105736395
2008-04-28,3.2317050409598984,2.2248064499875335,1.8250389225567656,2.235371785439431
2008-04-29,3.143930558319474,2.1366434766582514,1.75619941997731,2.1553289766783674
2008-04-30,3.048534994368569,2.0405532027042677,1.6796742936206446,2.065133778686481
2008-05-01,2.9487621943828763,1.9397072587071762,1.5979877895063601,1.9677170245687061
2008-05-02,2.84778707557657,1.837203257957631,1.5136514247056392,1.8660558555116855
2008-05-03,2.748532108401955,1.7358811729210755,1.4290131139796736,1.762997613580371
2008-05-04,2.653518670165152,1.638176715177147,1.3461353621446621,1.6611139325657447
2008-05-05,2.564762582988685,1.546021164272747,1.2667104325111433,1.5625943020256943
2008-05-06,2.483717786939463,1.4607913566282367,1.1920156308386236,1.4691831228522247
2008-05-07,2.411266928155726,1.3833080411999845,1.1229072701116107,1.382159214064601
2008-05-08,2.3477532880212175,1.3138762076349673,1.0598480728470334,1.302352504098978
2008-05-09,2.2930453701862334,1.2523577522359295,1.0029601090848663,1.2301896744628416
2008-05-10,2.2466237882001527,1.1982651679530145,0.9520940262422924,1.1657590052251976
2008-05-11,2.207679819785824,1.1508647802233885,0.906905258042408,1.1088845523266602
2008-05-12,2.1752158925275764,1.1092791553132113,0.8669288915248267,1.0592008303621754
2008-05-13,2.1481400013146654,1.0725803102423217,0.8316466049054922,1.016221027324837
2008-05-14,2.125348248322946,1.0398678352518786,0.8005412073539133,0.9793940435200965
2008-05-15,2.1057919820649573,1.0103286076734757,0.7731364792689249,0.9481479546943012
2008-05-16,2.0885281039193075,0.9832771133055223,0.7490219594797538,0.9219195535634858
2008-05-17,2.0727528155982218,0.9581772861675251,0.7278638754252882,0.90017123003934
2008-05-18,2.057820306762144,0.9346481275807276,0.7094044795377625,0.882397519883534
2008-05-19,2.0432486237389305,0.9124561646798628,0.6934526381096452,0.868124187919034
2008-05-20,2.028715277850643,0.891498121363456,0.6798686772348644,0.8569027868808161
2008-05-21,2.0140451424587225,0.8717771077050884,0.6685463193509427,0.8483033577582587
2008-05-22,1.9991929610382613,0.8533753077658014,0.6593941513722744,0.8419074365527793
2008-05-23,1.9842224465194929,0.8364256744391493,0.6523185534399393,0.8373029226909442
2008-05-24,1.9692835770401378,0.8210846167322122,0.6472094702578766,0.8340817419212962
2008-05-25,1.9545893420530671,0.8075071563988944,0.6439298860772071,0.8318406703799329
2008-05-26,1.940392897272071,0.79582557716198,0.6423094076157401,0.8301852184133166
2008-05-27,1.9269658580388516,0.7861322084916842,0.6421419846428993,0.8287361210424805
2008-05-28,1.9145782940948814,0.7784666783379155,0.6431875089059571,0.8271377473454904
2008-05-29,1.9034808712949973,0.7728077267507925,0.6451768223908484,0.8250676127504093
2008-05-30,1.893889500860432,0.7690694820717152,0.6478195247525163,0.8222461394465511
2008-05-31,1.8859727882076895,0.7671019502453881,0.6508138850456043,0.8184458420846684
2008-06-01,1.879842508107247,0.7666953450300137,0.65385812353414,0.8134992006458577
2008-06-02,1.8755472620274214,0.7675877851600535,0.6566623262668739,0.8073046039781292
2008-06-03,1.8730693924778037,0.7694758000589327,0.6589602813781686,0.7998298928131221
2008-06-04,1.8723251373202947,0.7720270176580645,0.6605205766723731,0.7911131893484525
2008-06-05,1.8731679067150377,0.7748943574231433,0.6611563692000385,0.7812608630244453
2008-06-06,1.8753944610204791,0.7777310210362468,0.6607333261105172,0.7704426417955543
2008-06-07,1.878753665123282,0.7802055647236623,0.6591753390651598,0.7588840289767316
2008-06-08,1.8829573992548854,0.782016352839887,0.6564677286825313,0.746856322452325
2008-06-09,1.887693124029108,0.7829047329292405,0.652657777205159,0.7346646511862895
2008-06-10,1.8926375331789334,0.782666337764221,0.6478525527226909,0.722634539769334
2008-06-11,1.8974706852325065,0.7811600081551533,0.6422141123990721,0.7110975821352424
2008-06-12,1.901889987888346,0.7783139387138492,0.6359522905910006,0.7003768483914994
2008-06-13,1.905623417551499,0.7741287731808649,0.629315385910876,0.6907726627332983
2008-06-14,1.9084413914598137,0.7686775114277271,0.6225791548562903,0.6825493755092258
2008-06-15,1.910166769845486,0.7621022312137169,0.6160345947819711,0.6759237096644382
2008-06-16,1.9106825482153624,0.754607768244564,0.6099750526207703,0.6710551931026925
2008-06-17,1.9099369015980436,0.7464526320221914,0.6046832256358476,0.6680390971393964
2008-06-18,1.9079453591095221,0.7379375565958256,0.6004186253710045,0.6669021912644151
2008-06-19,1.9047900133635474,0.729392189336175,0.5974060556922038,0.6676015007797973
2008-06-20,1.9006157995842106,0.7211605027186366,0.5958256112993267,0.6700261219873187
2008-06-21,1.8956240080571418,0.7135855702398973,0.5958046363044756,0.6740020152867082
2008-06-22,1.8900633151333541,0.7069943755485667,0.5974119963649246,0.6792995657190823
2008-06-23,1.884218727039697,0.7016833224223515,0.6006549162136057,0.6856435789050013
2008-06-24,1.8783989224638726,0.6979050824380371,0.6054785217161888,0.6927252733278968
2008-06-25,1.8729225502415185,0.6958573584105262,0.6117681067554162,0.7002157422043983
2008-06-26,1.8681040843876553,0.6956740575067313,0.6193540255220762,0.7077802936174876
2008-06-27,1.8642398581675257,0.6974192620675902,0.6280189954384888,0.7150930390040513
2008-06-28,1.86159489103787,0.7010842632490398,0.6375074900233587,0.721851089180772
2008-06-29,1.8603910874550453,0.7065877880216502,0.6475368091800704,0.7277877343404568
2008-06-30,1.860797326271281,0.7137794097614081,0.6578093406886801,0.7326840290973414
2008-07-01,1.8629218763732949,0.7224459927859037,0.6680254743436121,0.7363782737429474
2008-07-02,1.8668074720084724,0.7323208878867907,0.6778966015035844,0.7387729753140848
2008-07-03,1.8724292643834648,0.7430954750380573,0.6871576290679771,0.7398389828103382
2008-07-04,1.8796957397431466,0.7544325463311045,0.6955784582292719,0.739616615064072
2008-07-05,1.888452563797165,0.7659809413333807,0.7029739238371313,0.7382137319060837
2008-07-06,1.8984891837837385,0.7773907920396796,0.7092117578473128,0.7358008335785411
2008-07-07,1.9095478982952478,0.788328707802111,0.714218227146324,0.7326034039225351
2008-07-08,1.9213349965616313,0.7984922332632008,0.7179811982257943,0.7288918339730481
2008-07-09,1.9335334779593283,0.8076229442601889,0.7205504942391,0.7249693689084051
2008-07-10,1.9458167930810601,0.8155176065141924,0.7220355289395815,0.7211586081530793
2008-07-11,1.957863002815893,0.8220369070360173,0.7226003216471404,0.717787152005638
2008-07-12,1.9693687335216017,0.8271113748306578,0.7224561124613497,0.7151730256649004
2008-07-13,1.98006231532973,0.8307442309794506,0.7218519023783215,0.7136105213088737
2008-07-14,1.989715526514386,0.833011043095877,0.7210633341424424,0.7133570805129519
2008-07-15,1.9981534281012174,0.8340561995601992,0.7203804025671704,0.7146217935837055
2008-07-16,2.0052618568028198,0.8340863586702231,0.7200945344876781,0.7175560213402153
2008-07-17,2.010992247253841,0.8333611607608683,0.7204856062027596,0.7222465516181941
2008-07-18,2.015363571862517,0.8321816116038034,0.7218094690073523,0.7287115914006521
2008-07-19,2.0184613132398574,0.8308766477164174,0.7242865310896129,0.7368997708858711
2008-07-20,2.02043351454814,0.8297884740908384,0.7280918976483644,0.7466922034634252
2008-07-21,2.021484081498566,0.8292573187891069,0.7333475026184567,0.7579075112968754
2008-07-22,2.0218636304824447,0.8296062744700418,0.7401165778802115,0.7703095959068424
2008-07-23,2.0218582851355413,0.8311268930907593,0.7484007031208423,0.7836178125363
2008-07-24,2.0217769137737647,0.8340661669298959,0.7581395661227708,0.7975191014601629
2008-07-25,2.021937368640372,0.8386154681638556,0.7692134441585043,0.8116815434144404
2008-07-26,2.0226523317592937,0.8449019331687779,0.7814482976073273,0.825768743744834
2008-07-27,2.024215389470536,0.8529826703003521,0.7946232521283606,0.8394544134594032
2008-07-28,2.026887947671397,0.8628420458415484,0.8084801407713785,0.8524365067156324
2008-07-29,2.0308875628439127,0.8743921675549088,0.8227346868922595,0.8644502937584937
2008-07-30,2.0363782017374135,0.8874765447750719,0.8370888366413983,0.8752797950973843
2008-07-31,2.0434628578287946,0.9018767644012718,0.8512436992782052,0.8847670747101761
2008-08-01,2.0521788491257658,0.9173218896316665,0.8649125268533582,0.8928189841296847
2008-08-02,2.062496004060099,0.9335001686444397,0.877833163065424,0.8994110612673123
2008-08-03,2.074317815315417,0.9500725389305439,0.8897794144169107,0.9045884128402986
2008-08-04,2.0874855110229937,0.9666873340800781,0.9005708441416449,0.9084635417996344
2008-08-05,2.1017848645701767,0.9829955469854962,0.9100805586705549,0.9112112153822725
2008-08-06,2.1169554439305243,0.9986659789712466,0.9182406446016665,0.9130605994363207
2008-08-07,2.1327018942311913,1.0133996093657922,0.9250450173670449,0.9142850047779877
2008-08-08,2.1487067579306336,1.026942554278903,0.9305495565091537,0.9151896962569639
2008-08-09,2.164644269413922,1.0390970453283854,0.9348695216947575,0.9160983003229656
2008-08-10,2.1801945179929962,1.049729946054434,0.9381743630682258,0.9173384084602162
2008-08-11,2.195057357106083,1.0587784319430305,0.9406801540281196,0.9192270091830367
2008-08-12,2.2089654486558814,1.0662525845991886,0.942639978971594,0.9220563888132931
2008-08-13,2.2216958694203477,1.0722347861912127,0.9443326984001471,0.926081120656982
2008-08-14,2.2330797696436395,1.076875940870692,0.9460505850700632,0.9315067143693075
2008-08-15,2.2430096594919364,1.0803886892832857,0.948086374469256,0.9384804243460636
2008-08-16,2.251444003279916,1.0830379143967843,0.950720298629623,0.9470846211093402
2008-08-17,2.2584089196588133,1.0851289558806605,0.9542076730102711,0.9573330170362481
2008-08-18,2.2639969131092688,1.0869940509465457,0.9587675818800591,0.9691699123584606
2008-08-19,2.268362692514856,1.0889775974784106,0.9645731593559412,0.9824724946489098
2008-08-20,2.2717162605738537,1.0914208870204871,0.9717438931373439,0.9970560908409593
2008-08-21,2.274313577714938,1.0946469784777009,0.9803402890974378,1.012682141090052
2008-08-22,2.2764452107475988,1.0989463771936483,0.9903611311544036,1.0290685441885024
2008-08-23,2.2784234650188937,1.1045641486773488,1.0017434568082042,1.045901920035886
2008-08-24,2.280568565473425,1.111689033207155,1.0143652494010653,1.062851250428947
2008-08-25,2.283194493796607,1.1204450396182943,1.0280507287863114,1.079582298867456
2008-08-26,2.2865951039258414,1.1308858876427437,1.042578007915137,1.0957721758372332
2008-08-27,2.2910311259769154,1.1429925430029182,1.0576887788911504,1.1111234096329132
2008-08-28,2.296718629591242,1.15667395356384,1.0730996028659336,1.125376904502031
2008-08-29,2.3038194535790635,1.1717709541927273,1.0885143076733717,1.1383232167742772
2008-08-30,2.3124340223320172,1.1880631687410375,1.1036369484232782,1.1498116535378975
2008-08-31,2.3225968646020787,1.205278605868948,1.1181847615340013,1.1597567940917122
2008-09-01,2.33427503150087,1.2231055270629905,1.1319005429668005,1.1681421476332
2008-09-02,2.3473694831808,1.241206065354963,1.1445639067192293,1.1750207864649564
2008-09-03,2.3617193832152985,1.2592309963208426,1.1560009288291524,1.180512926885557
2008-09-04,2.3771091119305563,1.2768350123029213,1.1660917530737913,1.184800564037425
2008-09-05,2.393277690469877,1.2936918286812302,1.1747758241029427,1.1881193964216006
2008-09-06,2.4099302014429167,1.3095084583933776,1.1820545179870545,1.1907483948700341
2008-09-07,2.426750704280437,1.324038027441325,1.187991054509164,1.1929974742578862
2008-09-08,2.4434160777353124,1.337090568224012,1.1927076949606967,1.1951938095942627
2008-09-09,2.459610181228193,1.348541316379172,1.1963803484667819,1.1976673976871406
2008-09-10,2.475037712721795,1.3583361465032728,1.1992308237273421,1.200736498720382
2008-09-11,2.489437154136934,1.3664939078251432,1.2015170665123067,1.2046935973510993
2008-09-12,2.502592235410452,1.373105557113656,1.2035218117480697,1.2097925001031558
2008-09-13,2.51434141337874,1.3783301268181893,1.2055401486884896,1.216237135900033
2008-09-14,2.524584948891236,1.3823877054892606,1.2078665454177113,1.2241725517419169
2008-09-15,2.5332892710833272,1.3855497387968,1.2107819026846443,1.2336784990757765
2008-09-16,2.540488436931497,1.3881270771864849,1.214541205777322,1.2447658925716125
2008-09-17,2.5462826218374732,1.3904562952186441,1.2193623168657526,1.2573762968046922
2008-09-18,2.550833707436091,1.3928848835687426,1.2254164001291161,1.2713844632979503
2008-09-19,2.5543581603607377,1.395755964197849,1.2328204002397027,1.2866038063471101
2008-09-20,2.557117514728337,1.3993932001488132,1.2416319045533466,1.3027945769221752
2008-09-21,2.5594068763924303,1.4040865628706052,1.251846614620118,1.3196743753878164
2008-09-22,2.561541953933931,1.410079582295308,1.2633985379819532,1.3369305410214198
2008-09-23,2.5638451860983755,1.4175586397494673,1.2761628917064054,1.3542338738499033
2008-09-24,2.566631575106647,1.426644774041745,1.2899615899742054,1.3712530858037821
2008-09-25,2.5701948482325387,1.4373883606898878,1.3045710745401145,1.3876693461848688
2008-09-26,2.5747945557103002,1.4497668981099114,1.3197321440313137,1.4031902823943414
2008-09-27,2.5806446720906404,1.4636859982866903,1.3351613504037094,1.417562821003416
2008-09-28,2.58790420250161,1.4789835390743076,1.350563462384249,1.430584305609027
2008-09-29,2.596670207959061,1.495436797199475,1.3656444495641242,1.4421114044335
2008-09-30,2.606973559069673,1.5127722516806017,1.3801244193007107,1.4520664192724433
2008-10-01,2.618777610342873,1.530677633014686,1.393749943193477,1.4604407244093123
2008-10-02,2.631979863946082,1.5488157001489558,1.4063052412699617,1.4672951953106037
2008-10-03,2.646416568990044,1.5668391606286391,1.4176217501236763,1.4727576280384391
2008-10-04,2.6618700879328,1.5844061147248913,1.4275856855776383,1.477017297456253
2008-10-05,2.6780787636606984,1.6011954067595413,1.436143320232822,1.4803169522762927
2008-10-06,2.694748947837798,1.6169213107809415,1.4433038306209705,1.4829426956320588
2008-10-07,2.7115688117228043,1.6313470670074623,1.4491397265934236,1.4852123500000698
2008-10-08,2.72822356239166,1.6442969224114625,1.4537850554634637,1.4874630543480327
2008-10-09,2.744411735264171,1.6556665130293666,1.4574317721280083,1.4900389881216982
2008-10-10,2.7598623282897092,1.665431651531416,1.4603248773864466,1.4932802571079602
2008-10-11,2.7743526763041673,1.6736558374031836,1.4627571373255674,1.4975141004017156
2008-10-12,2.787727116126404,1.680497062560294,1.4650643848590827,1.503049665832455
2008-10-13,2.799916628222044,1.686214699777973,1.467622535335093,1.5101776195165395
2008-10-14,2.81095970517773,1.6911773735874036,1.4708474715507707,1.5191757533406745
2008-10-15,2.8210246194430493,1.695872644329616,1.475198805466147,1.5303214660436182
2008-10-16,2.830432961192658,1.7009189970569056,1.4811881326609584,1.5439114442211253
2008-10-17,2.8396837152293446,1.7070799358851458,1.4893916957415156,1.560287990717466
2008-10-18,2.8494761969157643,1.715278892621815,1.5004663279552748,1.5798702027851161
2008-10-19,2.8607288868610317,1.7266121858905643,1.5151661801829253,1.6031866189972859
2008-10-20,2.8745897053622205,1.7423555393888899,1.5343561554453677,1.6309041600670624
2008-10-21,2.89243178776509,1.7639579464806385,1.559016412248418,1.6638464399281025
2008-10-22,2.9158277291132784,1.793015356056752,1.5902310990385118,1.7029932087282131
2008-10-23,2.946495030772442,1.8312162649743493,1.6291540877326138,1.7494523012606256
2008-10-24,2.986206600938527,1.8802523789586898,1.6769453504837135,1.8043965219240623
2008-10-25,3.0366630409010815,1.9416904907326025,1.7346741506604788,1.8689608227544956
2008-10-26,3.0993282533717137,2.016806803586558,1.8031895524878787,1.9441000948560525
2008-10-27,3.175236411449723,2.1063918606373457,1.882964689198933,2.030414661554047
2008-10-28,3.26478580945109,2.2105422537914032,1.9739281089010319,2.1279583917410827
2008-10-29,3.367542368869633,2.328463077012111,2.0753022267453427,2.236051991447885
2008-10-30,3.4820810219451577,2.4583109597143116,2.1854740033104796,2.3531298537856666
2008-10-31,3.605895183774421,2.597109678044982,2.3019249136664417,2.4766511352281024
2008-11-01,3.7354016922817594,2.740767325741111,2.4212448137225424,2.6031030690807553
2008-11-02,3.866060296810068,2.8842151317306612,2.539246848607428,2.728116247262558
2008-11-03,3.992613409164993,3.0216736661259347,2.6511884410660924,2.8466980979527277
2008-11-04,4.109434977268364,3.1470340839155955,2.752088092897828,2.9535736766939062
2008-11-05,4.210959626326743,3.25432304686465,2.837111635655593,3.0436048651642014
2008-11-06,4.292147871823129,3.338203528570645,2.901987646667126,3.112243458536307
2008-11-07,4.348933432582197,3.3944532845659428,2.9434029291299737,3.1559636964772473
2008-11-08,4.378596867039283,3.420360951773426,2.9593274466997572,3.1726180266916564
2008-11-09,4.380016916008082,3.4149875976149624,2.9492248117374524,3.161667303561951
2008-11-10,4.353766301999249,3.379258243844209,2.9141186488765167,3.1242524347363876
2008-11-11,4.302039857212863,3.3158707915734755,2.856504632900045,3.0630961714125924
2008-11-12,4.228426056731253,3.229034901231924,2.7801193509599935,2.9822475135874376
2008-11-13,4.137554201704128,3.1240762834604103,2.6895965748017456,2.886702833164185
2008-11-14,4.03466495443434,3.0069585634217657,2.590055669587664,2.7819535278056686
2008-11-15,3.9251592179914256,2.883782739455986,2.4866734568134676,2.673517287156395
2008-11-16,3.8141787128719153,2.7603224425338744,2.3842891915267774,2.5665081037402917
2008-11-17,3.7062620193882863,2.6416427835242726,2.287083323238724,2.4652900216097824
2008-11-18,3.60510472485256,2.5318341437013543,2.1983565993121994,2.373243768334283
2008-11-19,3.5134348198448846,2.4338732592729633,2.1204197737922823,2.292657147809574
2008-11-20,3.432997854459602,2.349605862516009,2.0545886808445166,2.2247327168941746
2008-11-21,3.3646332088986357,2.2798308005498416,2.0012671352780083,2.1696925317558984
2008-11-22,3.308414725512109,2.224456661855395,1.9600924881065738,2.1269512577582335
2008-11-23,3.2638262815302275,2.1826989276635596,1.9301160594156224,2.0953260978172827
2008-11-24,3.229944999235099,2.1532878297017177,1.9099924988736685,2.07325413874114
2008-11-25,3.205610328182348,2.1346629686805376,1.8981571355237896,2.0589934387703037
2008-11-26,3.18956453049569,2.1251385393220596,1.8929770478237253,2.050791769846681
2008-11-27,3.180557581048574,2.123031021462683,1.892868465937931,2.04701476035415
2008-11-28,3.1774159485942346,2.1267481278955835,1.8963790970300467,2.046232005366657
2008-11-29,3.1790794362868815,2.1348428773320003,1.902238380869331,2.0472647774085515
2008-11-30,3.1846130079440798,2.1460396452541577,1.9093813290832813,2.049202042766076
2008-12-01,3.1932014793730055,2.1592401188768475,1.9169526276550533,2.051392730493914
2008-12-02,3.204134525259926,2.1735166891739763,1.9242974622956832,2.053422027522481
2008-12-03,3.2167881477826628,2.1880994966750293,1.9309445182257976,2.055078393384503
2008-12-04,3.230607052615845,2.202361622146419,1.9365852422640222,2.0563164842088826
2008-12-05,3.245090659204398,2.2158051815444626,1.9410520747351996,2.057219626077246
2008-12-06,3.2597839821060113,2.2280496080719616,1.9442971800147355,2.057964127335884
2008-12-07,3.2742734809311305,2.2388223088075976,1.9463723313891912,2.0587866856529344
2008-12-08,3.288187211975151,2.2479511892307427,1.9474100527610245,2.059955447127368
2008-12-09,3.301198185508091,2.2553581975621806,1.9476058435900825,2.0617448669684264
2008-12-10,3.3130296679562505,2.2610529702426763,1.9472012438988446,2.06441432963473
2008-12-11,3.323461190082025,2.265125771340509,1.94646755799723,2.0681904316858475
2008-12-12,3.3323341612532262,2.2677391333092984,1.9456901830443059,2.0732528447730942
2008-12-13,3.339556191781446,2.2691178629249977,1.9451536318021327,2.0797237090105813
2008-12-14,3.3451034522147225,2.2695373318145453,1.9451274649640375,2.0876605270951023
2008-12-15,3.3490206264725364,2.2693101994512115,1.9458534388839779,2.0970525217308045
2008-12-16,3.3514182311470737,2.268771903857867,1.9475342220671548,2.1078203797498962
2008-12-17,3.3524672690805914,2.2682653958692764,1.9503240385078116,2.1198192399784084
2008-12-18,3.3523913580284264,2.2681256860605576,1.9543215624242654,2.132844696613186
2008-12-19,3.3514566230680503,2.268664821544184,1.9595653239759283,2.1466414953995714
2008-12-20,3.34995976322627,2.2701579163900854,1.9660317968887462,2.1609145058455006
2008-12-21,3.3482147975044505,2.272830828775101,1.9736362344038425,2.1753414676250853
2008-12-22,3.3465390621122584,2.2768500149085864,1.9822362071243433,2.1895869402355523
2008-12-23,3.3452390685680617,2.2823149994811462,1.991637682169437,2.20331683719988
2008-12-24,3.344596841193816,2.2892537903957515,2.0016033739193246,2.2162129032640716
2008-12-25,3.3448573329585543,2.2976214377841613,2.0118629981951024,2.2279864970791263
2008-12-26,3.34621747202649,2.307301800003289,2.022124978803315,2.2383910731811483
2008-12-27,3.348817320115166,2.3181124388296594,2.0320890919273524,2.2472328146466882
2008-12-28,3.3527337311785983,2.3298124287940762,2.0414594928224488,2.2543789492625423
2008-12-29,3.35797678916684,2.3421127376612754,2.049957552560832,2.2597633839321314
2008-12-30,3.3644891815513054,2.3546887221378685,2.057333940960697,2.2633894099209044
2008-12-31,3.3721485363344454,2.3671941899764066,2.0633794249726516,2.2653293602688787
2009-01-01,3.380772620063043,2.3792764108313142,2.067933908246743,2.26572123462749
2009-01-02,3.3901271686658605,2.3905914165462065,2.0708933148897564,2.2647624400344686
2009-01-03,3.3999360072694973,2.4008189188516087,2.072214015157154,2.2627009228776056
2009-01-04,3.4098930146084383,2.409676189301594,2.0719145988590015,2.2598240819632216
2009-01-05,3.419675406687566,2.41693029197369,2.0700749188779475,2.2564459501940672
2009-01-06,3.428957756613265,2.422408132074908,2.066832447348281,2.2528932086674
2009-01-07,3.437426135695638,2.426003880137663,2.062376105610798,2.249490648855516
2009-01-08,3.444791756818133,2.4276834481216727,2.0569378411791783,2.2465467240415027
2009-01-09,3.4508035256401515,2.427485826188624,2.0507823264289904,2.2443398300442046
2009-01-10,3.455258958924257,2.4255212330505738,2.04419524152671,2.2431059291347153
2009-01-11,3.458013012740829,2.421966185452529,2.037470677099533,2.2430280840981394
2009-01-12,3.458984478084912,2.4170557524994467,2.0308982519331407,2.2442284091020466
2009-01-13,3.458159751347778,2.411073430697709,2.024750593087185,2.2467628821597025
2009-01-14,3.455593979463073,2.4043392633192235,2.0192718807640633,2.2506194175888377
2009-01-15,3.4514098261549346,2.3971970465942647,2.014668234237554,2.2557195888234145
2009-01-16,3.4457944220732983,2.3900017341431274,2.011100829141061,2.261924449736042
2009-01-17,3.438995463044347,2.383108489724735,2.0086828123177884,2.2690450538447546
2009-01-18,3.4313179128348175,2.3768652570769206,2.0074813319378353,2.2768585327458033
2009-01-19,3.423123328517513,2.3716111963989754,2.0075263170208006,2.2851309567506926
2009-01-20,3.4148343844213853,2.3676838062368457,2.0088279632233594,2.2936485960320665
2009-01-21,3.4069475695627442,2.3654378454271314,2.0114050763562656,2.3022594776306744
2009-01-22,3.4000570121224776,2.3652790161036124,2.0153262587983454,2.310927029226188
2009-01-23,3.394891575214581,2.3677143741454856,2.0207650648966657,2.3197967394754286
2009-01-24,3.3923653444762367,2.373419142627448,2.0280683123190753,2.3292747089825085
2009-01-25,3.3936380241668864,2.383315626449169,2.0378333840798413,2.340113337620287
2009-01-26,3.4001764684000175,2.3986541515405664,2.0509854945989723,2.353494080022798
2009-01-27,3.4138020047774518,2.421078822047193,2.0688398968156667,2.371090614826314
2009-01-28,3.4367015133603163,2.4526536518919997,2.093127935934087,2.395089095672788
2009-01-29,3.4713754000156207,2.4958194384545513,2.125961540786002,2.428137428827458
2009-01-30,3.5204952966402514,2.553251463548753,2.1697106157928467,2.4731954690432074
2009-01-31,3.586651251529937,2.6275956658237503,2.2267743506809468,2.533265432036055
2009-02-01,3.6719841768478787,2.721078308389745,2.2992423824024657,2.610998567529262
2009-02-02,3.7777242039739045,2.835011153471068,2.3884648382612745,2.7082000112087856
2009-02-03,3.903686194583896,2.969247326979119,2.4945786386422455,2.825285464484574
2009-02-04,4.047803571895734,3.1216754993077296,2.6160651509758446,2.9607743426616002
2009-02-05,4.205802114267859,3.2878622594943643,2.749433297604043,3.1109252560820404
2009-02-06,4.371117363505296,3.4609548611927172,2.8891242150681427,3.2696218396048473
2009-02-07,4.535136500641962,3.63193201539198,3.027712699821414,3.4285934874723996
2009-02-08,4.6877972253876266,3.790238327402018,3.1564362998492284,3.578005753609188
2009-02-09,4.818509057327623,3.9247655724233987,3.266021198066142,3.7073859600027896
2009-02-10,4.917290316902739,4.025066131654913,3.347707638907859,3.8067750941463476
2009-02-11,4.9759547229158825,4.082619877899584,3.394323024843441,3.867935793747783
2009-02-12,4.989152159704573,4.091944071325424,3.4012236877397743,3.8854157328852557
2009-02-13,4.9550796148498675,4.051348167314358,3.3669367471932503,3.8572772686044994
2009-02-14,4.875731208746388,3.963192542865106,3.2933819996564058,3.7853584520612573
2009-02-15,4.756639956901052,3.833600490456146,3.185630625501598,3.6750164714217584
2009-02-16,4.606158984718155,3.6716754169831214,3.0512447793679294,3.534402263689066
2009-02-17,4.434413618226144,3.4883654712979455,2.8993189349952466,3.3734010043278198
2009-02-18,4.252108663661218,3.2951748178380087,2.739392314194084,3.2024274454798904
2009-02-19,4.069386591772871,3.1029329553545537,2.5804120309240255,3.0312766426705693
2009-02-20,3.8949029025081554,2.9208015495217885,2.4298993258597115,2.8682001565814788
2009-02-21,3.735225558516577,2.755633980000241,2.293416486269722,2.7193165694571926
2009-02-22,3.5945931434877743,2.6117246719860123,2.1743654805075905,2.5883907332971394
2009-02-23,3.4749992076086675,2.4909126092867115,2.0740874440295842,2.4769469906111423
2009-02-24,3.3765218702880624,2.392951078997171,1.9921875997209584,2.3846318524979337
2009-02-25,3.297794878539391,2.31603093686865,1.9269891621882775,2.309718199637513
2009-02-26,3.2365182639679,2.25734674969361,1.8760216154254816,2.2496452581840796
2009-02-27,3.1899271628860713,2.2136172214757033,1.8364676315094117,2.2015098569742406
2009-02-28,3.155167236404646,2.181503595656081,1.805520506579117,2.1624554881851483
2009-03-01,3.129555694007422,2.1579027882734603,1.7806322678680573,2.129937440625641
2009-03-02,3.110731792726721,2.140118940643154,1.7596556641295409,2.101868157487257
2009-03-03,3.096716688368482,2.12593446210267,1.7408981706101136,2.0766637156340524
2009-03-04,3.085909462481833,2.1136092510824427,1.7231127328394733,2.053219721319382
2009-03-05,3.077045873828574,2.1018366128711286,1.7054499201672433,2.030844846891897
2009-03-06,3.069141604548747,2.0896793654261274,1.6873919524960912,2.009175485361808
2009-03-07,3.0614351339824433,2.076502591088914,1.668683127089847,1.9880882912781916
2009-03-08,3.0533388701382833,2.0619125985610354,1.649265332726977,1.967620754329509
2009-03-09,3.044401951538452,2.0457061438391264,1.6292226488612158,1.947904599067163
2009-03-10,3.0342846044339744,2.0278302518889433,1.6087358545095498,1.9291131351849866
2009-03-11,3.0227419928706647,2.0083509600859184,1.5880459115645846,1.911421586839233
2009-03-12,3.0096147629259487,1.9874285678563883,1.5674247993724848,1.8949785305834688
2009-03-13,2.9948235283261475,1.9652970583035476,1.547152067234983,1.8798864336195462
2009-03-14,2.9783650023637356,1.9422458556493882,1.5274958006752772,1.8661895340264407
2009-03-15,2.9603080873735683,1.918602712661446,1.5086971277566288,1.8538676810697279
2009-03-16,2.9407888315619912,1.894717116986131,1.4909577851364835,1.8428351063885167
2009-03-17,2.920003679912371,1.8709440870469378,1.4744305588905755,1.8329433613796042
2009-03-18,2.8982008602693794,1.847628577625262,1.459212601099758,1.8239878226483153
2009-03-19,2.8756700640862736,1.8250909438137546,1.4453417143672194,1.8157172541587168
2009-03-20,2.852730820351813,1.8036140427593663,1.4327957170034136,1.8078459494338874
2009-03-21,2.829720137715851,1.7834326092610995,1.42149497581488,1.8000679864493356
2009-03-22,2.806980116263551,1.7647255431965803,1.411308140989825,1.792073132137792
2009-03-23,2.784846313438268,1.7476117070642827,1.4020610520590104,1.7835639451092449
2009-03-24,2.76363768925769,1.7321497573825009,1.3935487124584809,1.774273648535303
2009-03-25,2.743648950032478,1.718342424977229,1.3855501537720314,1.76398437666502
2009-03-26,2.725146048718445,1.70614551156674,1.377845924527871,1.7525454276577443
2009-03-27,2.708365471943792,1.695481674280024,1.3702378328657112,1.739891166065082
2009-03-28,2.693517735207435,1.6862588138334018,1.3625704345675798,1.7260581902549252
2009-03-29,2.6807952064809744,1.678392554138943,1.354753574203432,1.7112012925107887
2009-03-30,2.6703839774103337,1.671831893625158,1.3467850468860085,1.6956075754059263
2009-03-31,2.6624790038836115,1.6665866240377782,1.3387721488119113,1.6797078398863987
2009-04-01,2.657301163640871,1.662754569951984,1.3309505375863402,1.664084037017956
2009-04-02,2.655114269498587,1.6605461432425985,1.3236984586509692,1.6494712076871378
2009-04-03,2.6562394998510555,1.660303199564342,1.3175440651884684,1.6367519805078945
2009-04-04,2.661064255963854,1.662508823375272,1.3131633419612152,1.6269414425661524
2009-04-05,2.6700422402284674,1.6677845695783167,1.3113661329836828,1.6211601466032446
2009-04-06,2.683681689581111,1.676871975631475,1.3130680695798806,1.6205932864286268
2009-04-07,2.702519298768337,1.6905959355451443,1.3192468885254682,1.6264347625333728
2009-04-08,2.7270784950718663,1.7098088621614733,1.330882774160827,1.6398160368841757
2009-04-09,2.7578123791248634,1.7353164509247112,1.348883948534814,1.661721338625873
2009-04-10,2.7950337353809234,1.767788195147935,1.37400068378528,1.6928928397761516
2009-04-11,2.8388368478004145,1.8076583777487185,1.4067330424268056,1.7337316774774616
2009-04-12,2.8890181401902284,1.8550257605844565,1.4472396967045313,1.7842028633861307
2009-04-13,2.9450045327029093,1.9095622158037369,1.4952568055548676,1.843753825023331
2009-04-14,3.0057994783144726,1.9704416749886176,1.550036784241266,1.9112571786347308
2009-04-15,3.069956569383252,2.0363006384930187,1.6103165745467,1.9849879926181149
2009-04-16,3.135589153899879,2.1052398424418017,1.674323507220649,2.0626440388372305
2009-04-17,3.200421526035834,2.174873476235353,1.7398240072656883,2.14141430874222
2009-04-18,3.2618831364695184,2.2424277782968653,1.8042164011783453,2.2180965893455276
2009-04-19,3.3172423217413076,2.3048853677109324,1.864664335964709,2.2892595908022284
2009-04-20,3.3637708956592967,2.3591659664267874,1.9182623890956145,2.3514396373948103
2009-04-21,3.3989263153477687,2.402329031404003,1.962221021701736,2.401357042428686
2009-04-22,3.42053476876882,2.4317800523456152,1.9940547913234463,2.436133751296488
2009-04-23,3.4269570411482997,2.4454605447795257,2.0117562643141644,2.4534922888680475
2009-04-24,3.417219769733129,2.44200247960401,2.0139386920336877,2.4519168640077464
2009-04-25,3.3910977249293017,2.4208310812855776,1.9999332746509675,2.4307606998495808
2009-04-26,3.3491377396128135,2.3822052539705507,1.9698314370917107,2.390288938090859
2009-04-27,3.292621207318917,2.327191669129639,1.9244683939696536,2.3316531434152137
2009-04-28,3.223468824568693,2.2575758429587696,1.8653505909473944,2.2568006165631265
2009-04-29,3.1440975253192693,2.175720334156674,1.7945355121777824,2.1683284360474513
2009-04-30,3.0572444880479566,2.0843855746214963,1.7144770418032897,2.0692974939232665
2009-05-01,2.9657760505981585,1.986532115926255,1.6278524682041804,1.9630251018927831
2009-05-02,2.8725000263743254,1.8851238859501405,1.5373880219787979,1.8528756807996836
2009-05-03,2.779998317114825,1.782950440835495,1.4456985700676919,1.7420676384009914
2009-05-04,2.6904932321151747,1.68248256177311,1.3551540803622366,1.6335111576516206
2009-05-05,2.6057561683693553,1.5857705446498076,1.2677812824400105,1.5296868869471396
2009-05-06,2.527062025002908,1.494388961326065,1.1852042573700026,1.4325702041838484
2009-05-07,2.455187659876197,1.409426328937685,1.108623167526156,1.3436005763697567
2009-05-08,2.390448468678091,1.3315136746181298,1.0388265525140208,1.2636911939041964
2009-05-09,2.3327641989989223,1.2608828778221075,0.9762299531072317,1.1932709574647973
2009-05-10,2.281743588231152,1.1974441058188454,0.9209322483059148,1.132349227642924
2009-05-11,2.236777290175433,1.1408715783678567,0.8727809592120763,1.0805934715217558
2009-05-12,2.1971296023914766,1.090688055880557,0.8314386778757422,1.0374108274147402
2009-05-13,2.1620213794589276,1.0463404675261097,0.7964444046348907,1.002026311870745
2009-05-14,2.130698828402014,1.0072615627527266,0.767265571092243,0.9735525221115885
2009-05-15,2.102485266716951,0.9729149887843725,0.7433385578918352,0.9510478775321847
2009-05-16,2.0768150872250226,0.942823453291862,0.7240973239522868,0.93356240511283
2009-05-17,2.053250921231762,0.9165814173384578,0.7089911743960047,0.9201716153121624
2009-05-18,2.031486227883355,0.8938549814403511,0.6974936299604967,0.9100000514115336
2009-05-19,2.011336258003834,0.8743722767431263,0.6891048253051287,0.9022366314585223
2009-05-20,1.9927206058074955,0.8579078251546306,0.6833499219173953,0.8961440095109355
2009-05-21,1.9756404712791151,0.844264100234898,0.679775773035949,0.8910639716417175
2009-05-22,1.9601534227984203,0.8332530327683318,0.6779476344407692,0.8864204738021992
2009-05-23,1.9463479805660273,0.8246795822114046,0.6774471803996388,0.881721436033488
2009-05-24,1.9343198243934951,0.8183288375808097,0.6778725438351788,0.8765599215454525
2009-05-25,1.9241509276032263,0.8139574913888594,0.6788406148262741,0.8706149128517163
2009-05-26,1.9158924706038385,0.8112899929081482,0.6799914382871929,0.8636515856531116
2009-05-27,1.9095520106985309,0.8100192536354157,0.6809942653723726,0.8555207859660391
2009-05-28,1.9050850810937,0.8098114519038206,0.6815546332399409,0.8461573309236122
2009-05-29,1.9023911547738428,0.810314257378556,0.6814217633477411,0.8355767613924868
2009-05-30,1.90131372651802,0.811167656052242,0.6803955631014205,0.8238702522480769
2009-05-31,1.901644127005219,0.8120164870405852,0.6783325713882652,0.8111975099644791
2009-06-01,1.9031285767003574,0.8125237896091898,0.6751502880414257,0.7977776350668255
2009-06-02,1.9054779069355858,0.8123840903013961,0.6708294553929534,0.7838780803495656
2009-06-03,1.9083793171882613,0.8113358261497643,0.6654140041313334,0.7698019799750403
2009-06-04,1.9115094993504826,0.8091721932742032,0.6590085254643623,0.7558742489457835
2009-06-05,1.9145484417795897,0.8057498247778117,0.6517732789703502,0.7424269497914843
2009-06-06,1.917193228905365,0.8009948327117329,0.6439168840239197,0.7297844893499278
2009-06-07,1.9191711769842152,0.7949058912873517,0.635686967111203,0.7182492413449001
2009-06-08,1.9202516935437068,0.7875541877242442,0.6273591435251701,0.7080881900744654
2009-06-09,1.9202563165693136,0.7790802181772393,0.6192247965509684,0.6995211584607676
2009-06-10,1.9190664778911979,0.7696875539090383,0.6115781778394596,0.6927111227792775
2009-06-11,1.916628640776854,0.7596338419951312,0.6047033876016928,0.6877570304217374
2009-06-12,1.9129565806717157,0.7492194302065408,0.5988618018154179,0.6846894307398718
2009-06-13,1.9081307057842876,0.7387741125136537,0.5942804960443387,0.6834691077127885
2009-06-14,1.9022944456381001,0.7286425757023232,0.5911421729338695,0.6839887726902901
2009-06-15,1.8956478653542637,0.7191691855431248,0.5895770351258643,0.6860777418489442
2009-06-16,1.8884387858001759,0.7106827804874201,0.5896569602933074,0.6895093923458865
2009-06-17,1.880951799600362,0.703482140828454,0.5913922340952775,0.6940110693465977
2009-06-18,1.8734956656113935,0.6978227717538518,0.5947309846029969,0.6992760085757245
2009-06-19,1.8663896357960177,0.6939055810792767,0.5995613431284058,0.704976750571603
2009-06-20,1.859949315388033,0.6918679492566557,0.6057162366368394,0.7107794573329309
2009-06-21,1.8544726777727027,0.691777584167917,0.6129806013224058,0.7163585024258641
2009-06-22,1.8502268487253768,0.6936294308744901,0.6211007005568301,0.7214106936219338
2009-06-23,1.8474362408563847,0.697345772274775,0.6297951379683664,0.7256685032947167
2009-06-24,1.8462725597913106,0.7027795164269257,0.6387670819315843,0.7289117254085303
2009-06-25,1.8468471213798936,0.7097205262838915,0.6477171645252271,0.7309770470715989
2009-06-26,1.849205817688269,0.7179047139145901,0.6563564883832063,0.7317651142619559
2009-06-27,1.8533269531498957,0.7270254998228579,0.6644191701252685,0.7312447814406529
2009-06-28,1.8591220461438205,0.7367471340615401,0.6716738694174639,0.7294543585063239
2009-06-29,1.8664395609760875,0.7467192940388827,0.6779337972836714,0.7264998004807282
2009-06-30,1.8750714064858065,0.7565923178219744,0.6830647641095203,0.7225499196496946
2009-07-01,1.8847619159390137,0.7660324038223673,0.6869909139133868,0.7178288307155778
2009-07-02,1.8952189138520565,0.774736109228968,0.6896978931211097,0.7126059610971859
2009-07-03,1.9061263836918438,0.782443510367324,0.6912333148047883,0.7071840654994869
2009-07-04,1.917158180062021,0.7889494469592246,0.6917044981787085,0.7018857715671972
2009-07-05,1.9279921830924724,0.7941123564484104,0.6912735828657218,0.6970392479805587
2009-07-06,1.938324273320656,0.7978603104478418,0.6901502327950535,0.6929636249125948
2009-07-07,1.9478815132411509,0.8001939882991276,0.6885822504993412,0.6899548076502119
2009-07-08,1.9564339565577296,0.8011864573135439,0.6868445143913359,0.6882723069086553
2009-07-09,1.963804566468506,0.8009797695734534,0.685226725285084,0.6881276646990979
2009-07-10,1.96987680740023,0.7997785250481922,0.6840205007450777,0.6896749845050197
2009-07-11,1.9745995768317792,0.7978406840733061,0.6835063845007279,0.6930039820648594
2009-07-12,1.977989260717889,0.7954660331001276,0.6839413418940617,0.6981358623087673
2009-07-13,1.9801288224069928,0.7929828107335684,0.6855472909714027,0.7050222038220078
2009-07-14,1.981163965288798,0.7907330819089802,0.6885011733236044,0.713546900062995
2009-07-15,1.9812965379808283,0.7890575030629319,0.6929270011236227,0.723531072256034
2009-07-16,1.9807754720193573,0.7882801479102345,0.6988902299773957,0.7347407383090188
2009-07-17,1.9798856504356137,0.7886940607755695,0.7063947050095696,0.7468969010114269
2009-07-18,1.9789351965091861,0.790548172459035,0.7153823145396138,0.7596876124688452
2009-07-19,1.978241741402805,0.7940361537461147,0.7257353667345458,0.772781484897388
2009-07-20,1.9781182742463497,0.7992876965339726,0.7372815849786775,0.7858420543499552
2009-07-21,1.9788591965815192,0.8063626058787795,0.7498015026360099,0.7985423664690277
2009-07-22,1.9807271940965263,0.8152479627596041,0.7630379324525084,0.8105791436037304
2009-07-23,1.9839415026668814,0.8258584824300366,0.7767070946859883,0.8216859110213899
2009-07-24,1.988668084451572,0.8380400528175278,0.7905109151661435,0.8316445056774556
2009-07-25,1.9950121458662333,0.8515762977017693,0.8041499530787438,0.8402944620729678
2009-07-26,2.0030133263533094,0.8661978764968289,0.8173363905948876,0.8475398630032511
2009-07-27,2.0126437695153676,0.8815941122167995,0.8298065137447421,0.8533533543870915
2009-07-28,2.0238091615278444,0.8974264369047684,0.8413321362844906,0.8577771479679033
2009-07-29,2.0363526913664414,0.9133430639448213,0.85173046474356,0.8609209680227994
2009-07-30,2.0500617590006844,0.92899424276572,0.8608719713263874,0.8629570324870057
2009-07-31,2.064677136959984,0.9440474258510475,0.8686859288692078,0.8641122891999058
2009-08-01,2.079904182876988,0.9582016818192111,0.8751633647725364,0.8646582485804063
2009-08-02,2.0954256104919495,0.971200721458178,0.8803573042304468,0.8648988596438528
2009-08-03,2.1109152581208255,0.9828439645390067,0.8843802921759008,0.8651569622407832
2009-08-04,2.1260522497577523,0.9929951613117077,0.8873993029243489,0.8657599109517421
2009-08-05,2.140534926725715,1.0015881900243957,0.8896282612722617,0.8670250024638869
2009-08-06,2.1540939378652837,1.0086297758816138,0.8913185037500232,0.8692453468851716
2009-08-07,2.166503913218038,1.0141990121183329,0.8927475992290009,0.8726768039413925
2009-08-08,2.1775932083942164,1.018443704369565,0.8942070201639548,0.877526558207341
2009-08-09,2.187251291578929,1.0215736990881668,0.8959892062471095,0.883943835502126
2009-08-10,2.1954334487034304,1.023851489272748,0.898374588941038,0.8920131684946813
2009-08-11,2.2021626001368797,1.025580510391438,0.9016191470704166,0.9017505075523914
2009-08-12,2.2075281491625036,1.027091640869528,0.905943040313121,0.9131023478454818
2009-08-13,2.211681912913595,1.0287285003907594,0.9115208200644405,0.9259479111854472
2009-08-14,2.214831314630305,1.0308321920774495,0.9184736478352842,0.9401042868505342
2009-08-15,2.217230136424081,1.0337261590429856,0.9268638631318626,0.9553343056329175
2009-08-16,2.2191672389172163,1.0377018207780644,0.9366921395266649,0.9713568012435327
2009-08-17,2.2209537434504716,1.0430056205612181,0.9478973539039945,0.9878588083081237
2009-08-18,2.222909240097021,1.0498280530791069,0.9603591746454546,1.004509161091744
2009-08-19,2.225347627518886,1.0582951544286499,0.9739032550496888,1.0209728955372224
2009-08-20,2.2285632068718706,1.0684628284735898,0.9883088038052458,1.0369258219003026
2009-08-21,2.2328176407958207,1.0803142588967911,1.0033181998864453,1.052068627762529
2009-08-22,2.2383283505104066,1.0937605207028143,1.0186482294077903,1.0661398918303446
2009-08-23,2.2452588608425077,1.1086443643404127,1.0340024507006937,1.0789274367805566
2009-08-24,2.253711517415965,1.1247470062083567,1.0490841442986099,1.0902775223850962
2009-08-25,2.263722895999896,1.1417976272059949,1.0636092788109355,1.1001014750353613
2009-08-26,2.275262105716567,1.1594851619965088,1.07731892296215,1.1083794624197256
2009-08-27,2.2882320606525965,1.1774718609939585,1.0899905584017087,1.1151612475380317
2009-08-28,2.30247366398478,1.1954080291882174,1.1014477961825035,1.1205638889523968
2009-08-29,2.3177727207549155,1.212947294206619,1.1115680699401824,1.1247664883438462
2009-08-30,2.3338692755299313,1.2297617327507073,1.1202879677003166,1.1280022161736436
2009-08-31,2.3504689646325483,1.2455561907623327,1.1276059679892854,1.1305479658364261
2009-09-01,2.3672558841049107,1.260081168092578,1.1335824599698443,1.1327120908856458
2009-09-02,2.383906407963284,1.273143701513433,1.1383370466520646,1.1348207641311991
2009-09-03,2.400103349541869,1.284615767854665,1.14204324960208,1.1372035579551072
2009-09-04,2.41554984364326,1.2944398380028805,1.1449208477395802,1.1401788794028214
2009-09-05,2.4299823394747113,1.3026313376792409,1.1472261867641065,1.144039899982207
2009-09-06,2.4431821334142123,1.3092779068164642,1.1492408849122555,1.1490415983591022
2009-09-07,2.4549849348020967,1.3145354900130215,1.1512594312058744,1.1553894852336342
2009-09-08,2.465288044373878,1.3186214297732066,1.1535762210087717,1.163230505763104
2009-09-09,2.474054829841025,1.3218048659276016,1.1564725984288602,1.1726465192136823
2009-09-10,2.4813163018796134,1.3243948629842146,1.1602044747979043,1.1836506422784652
2009-09-11,2.487169721184819,1.3267267869854011,1.1649910671452577,1.1961866166690687
2009-09-12,2.4917742976938606,1.3291475303535012,1.1710052513677813,1.210131228701181
2009-09-13,2.49534417084029,1.332000233819954,1.178365953847749,1.225299674489628
2009-09-14,2.4981389791646627,1.335609176624768,1.1871329157014678,1.2414536349381908
2009-09-15,2.500452433521488,1.3402654987743234,1.1973040595890427,1.258311705640601
2009-09-16,2.502599395836829,1.3462143825816641,1.2088155746609568,1.2755617233332777
2009-09-17,2.5049020310303343,1.3536442565904614,1.2215447157842352,1.2928744472040907
2009-09-18,2.5076756404353224,1.362678496119368,1.2353151939280567,1.30991799382687
2009-09-19,2.5112147990417695,1.3733699849627172,1.2499049207355197,1.3263723913735963
2009-09-20,2.5157804055350503,1.3856987770658806,1.265055766867988,1.3419436135114506
2009-09-21,2.521588213995089,1.3995729607843117,1.2804849052265228,1.3563764762508879
2009-09-22,2.528799351020453,1.414832687620148,1.295897240519923,1.3694658309703005
2009-09-23,2.537513234812281,1.4312571882951866,1.310998378923651,1.381065561711136
2009-09-24,2.5477632072332894,1.4485744677797572,1.325507567860718,1.3910949913307544
2009-09-25,2.559515070696599,1.466473253234011,1.33917003728832,1.39954241499276
2009-09-26,2.5726685941994463,1.4846166699292556,1.3517682002574802,1.4064656057887746
2009-09-27,2.587061922554031,1.5026570445036649,1.3631312208154729,1.4119892705248316
2009-09-28,2.6024786957032524,1.5202511858013936,1.373142529422512,1.4162995681168427
2009-09-29,2.6186575667127325,1.5370754734014196,1.3817449569550233,1.4196359329048778
2009-09-30,2.635303703124312,1.5528400939977878,1.3889432643717783,1.4222805651432109
2009-10-01,2.6521017719645323,1.5673018062078252,1.3948039620831174,1.4245460562575858
2009-10-02,2.6687298484568194,1.5802746843822892,1.3994524366986716,1.426761703507323
2009-10-03,2.6848736565032656,1.5916383900808082,1.4030675290533614,1.4292591351343744
2009-10-04,2.700240548908032,1.6013436441473397,1.4058738327233453,1.4323579122937735
2009-10-05,2.7145726703016475,1.6094147207561695,1.4081321040697035,1.4363517993370203
2009-10-06,2.727658818544114,1.6159489555082087,1.4101282917799154,1.4414964026673938
2009-10-07,2.739344633141134,1.6211134508691563,1.4121618056590788,1.447998875488908
2009-10-08,2.7495408927731066,1.6251393718459832,1.4145337515023566,1.4560103774565694
2009-10-09,2.7582298968296937,1.628314449166046,1.4175359613054992,1.4656219701909425
2009-10-10,2.7654701317755546,1.6309745390684922,1.421441743533104,1.476864624652743
2009-10-11,2.7713996686722844,1.633495314016946,1.4264993591158686,1.489714010946069
2009-10-12,2.7762389785100563,1.6362853522332172,1.4329292788969212,1.5041007211012474
2009-10-13,2.780294047585861,1.6397820160926777,1.440926268501057,1.519926511774653
2009-10-14,2.783960769305877,1.6444515027937947,1.4506672332312769,1.5370869998407246
2009-10-15,2.787731508823322,1.650794241598518,1.4623254805411938,1.5555009357227794
2009-10-16,2.792204401329285,1.6593563176876087,1.4760915547424291,1.5751456429667656
2009-10-17,2.7980952785774242,1.6707467480610387,1.4922000073998234,1.5960973791181512
2009-10-18,2.8062510774948066,1.6856591785160433,1.5109603548360675,1.618574203721516
2009-10-19,2.817662189217385,1.7048949396553454,1.5327890662318733,1.6429774587969255
2009-10-20,2.8334695745170144,1.729382526922853,1.5582378359128128,1.669926298815589
2009-10-21,2.854960845584634,1.7601867223507586,1.5880118491998818,1.7002781009520875
2009-10-22,2.883548269074364,1.7984991625793154,1.6229705993966497,1.735126425030012
2009-10-23,2.9207212579570325,1.845601696687255,1.6641034929908076,1.7757679618475575
2009-10-24,2.9679668945366613,1.9027949151375332,1.7124734534872685,1.823631120669114
2009-10-25,3.0266547761292832,1.97128721351291,1.7691243773060037,1.8801619770003433
2009-10-26,3.097887167875159,2.0520448641494005,1.8349527587976635,1.946668394410489
2009-10-27,3.182321862197328,2.1456105639732668,1.9105498752184098,2.0241300093416337
2009-10-28,3.279982567932316,2.251906034181108,1.9960279423970357,2.1129896787830362
2009-10-29,3.3900788757377933,2.370042157842929,2.0908504977295936,2.2129496811004894
2009-10-30,3.510863299052833,2.4981661536145925,2.193692484956204,2.322801801102398
2009-10-31,3.6395549135880794,2.6333776013992405,2.3023575706483137,2.440322703927503
2009-11-01,3.772356352172614,2.7717422834402887,2.413777854940036,2.5622632985355938
2009-11-02,3.904582706047676,2.9084240743143304,2.5241137432220633,2.684452434861064
2009-11-03,4.030907632861685,3.037940925858222,2.6289596774662254,2.8020216711889763
2009-11-04,4.145715252208398,3.154533045430107,2.723646130571081,2.909740612056522
2009-11-05,4.243528840836638,3.252612482083398,2.803612150544102,3.0024341504948993
2009-11-06,4.319472151432571,3.3272469994241605,2.8648087728186913,3.075437181495003
2009-11-07,4.3697095543280255,3.374620761010012,2.9040847268775676,3.125032270300849
2009-11-08,4.391809540359752,3.392412574023769,2.919504257028742,3.148813838709024
2009-11-09,4.384983413416569,3.3800402960698697,2.9105534690664183,3.1459297018455827
2009-11-10,4.35016647855251,3.338736683365374,2.878205706449801,3.117166470093025
2009-11-11,4.289930239777125,3.271444795552677,2.82483579837256,3.0648669075289443
2009-11-12,4.208237383991648,3.182546104923006,2.753994232641786,2.9926910341095496
2009-11-13,4.110072523005522,3.0774572393006223,2.6700716056874,2.905254340854696
2009-11-14,4.000997117934822,2.9621478527108036,2.5778977169773842,2.807692179927042
2009-11-15,3.8866842645131667,2.8426398202324505,2.4823261558257377,2.705206675867444
2009-11-16,3.7724873111104245,2.724545975078323,2.3878534817365633,2.6026506028785454
2009-11-17,3.6630866035801812,2.6126960221156867,2.2983130436142902,2.504192611966873
2009-11-18,3.5622434045173836,2.510880672773766,2.2166693349881212,2.4130924491861623
2009-11-19,3.472672404858563,2.4217258976034604,2.1449224780768454,2.3315966651971083
2009-11-20,3.3960274654625273,2.3466909804940945,2.0841169466616027,2.2609481055399643
2009-11-21,3.332981917321182,2.2861696183539535,2.034436390510907,2.2014888878135883
2009-11-22,3.283376490444918,2.2396643502505684,1.9953588653951746,2.152828237322788
2009-11-23,3.246405130054784,2.2060015509178945,1.9658442658794602,2.114043867863671
2009-11-24,3.2208109467497454,2.1835563861674867,1.9445277036677542,2.083887882721655
2009-11-25,3.2050699754852436,2.1704630333439794,1.9298977165966473,2.060974021986543
2009-11-26,3.197547629514694,2.1647933271021125,1.9204450014939414,2.0439307778246567
2009-11-27,3.1966201594735333,2.164695100354174,1.914774385595627,2.031512810071055
2009-11-28,3.200759856097556,2.1684885431159135,1.9116788658910844,2.0226699641363703
2009-11-29,3.208587453482383,2.174724122002719,1.9101790877781926,2.016578275237628
2009-11-30,3.218897975434346,2.1822087441376703,1.90953438987877,2.0126403980444816
2009-12-01,3.230667288216903,2.190008086719071,1.9092326567759539,2.0104640937328924
2009-12-02,3.2430462890215166,2.1974327844956223,1.9089660654106928,2.009827153403988
2009-12-03,3.255348472899434,2.204015008407262,1.9085988392134057,2.0106359510361975
2009-12-04,3.267035055873751,2.2094803864127694,1.9081317677330634,2.0128831874121547
2009-12-05,3.277700260403133,2.213718608942419,1.9076668470321656,2.0166086927165963
2009-12-06,3.2870580318433857,2.2167546823864943,1.907374166849267,2.0218656508067157
2009-12-07,3.2949304664313717,2.2187217662915066,1.9074622205846588,2.0286934169352464
2009-12-08,3.3012376099920226,2.2198358705385584,1.9081521613385288,2.0370972484965812
2009-12-09,3.3059879862209725,2.2203723477239694,1.9096561329369792,2.047034717297279
2009-12-10,3.3092691574594237,2.220644011294607,1.9121596038635005,2.0584082536829285
2009-12-11,3.3112377267766515,2.220980754470872,1.9158075548728501,2.0710631139781945
2009-12-12,3.3121083847290844,2.2217106626549996,1.9206943581451845,2.0847899995133763
2009-12-13,3.3121418307206145,2.2231427457487825,1.9268571934519687,2.099331541247553
2009-12-14,3.3116316184774313,2.2255515293815895,1.934272847924128,2.1143918693972057
2009-12-15,3.3108901641731334,2.229163815462953,1.9428577277530295,2.1296484979338173
2009-12-16,3.310234302245515,2.2341479456497275,1.9524708699643922,2.1447657651091276
2009-12-17,3.3099708738800304,2.2406058778096183,1.9629196842419738,2.159409085261008
2009-12-18,3.3103828872722643,2.248568321984179,1.9739680859507152,2.173259288748084
2009-12-19,3.311716800569781,2.2579930877899876,1.9853466104011144,2.1860263610083313
2009-12-20,3.314171452619978,2.268766679531819,1.9967640330141885,2.1974619424013846
2009-12-21,3.3178891087353204,2.2807090482490193,2.007919967206485,2.207370019865491
2009-12-22,3.3229490043631777,2.2935812805014644,2.0185178767718046,2.215615329733784
2009-12-23,3.3293636647413614,2.3070958800101193,2.028277925874705,2.222129096719341
2009-12-24,3.337078159405099,2.3209291873197135,2.036949099441006,2.226911853962951
2009-12-25,3.345972322949338,2.3347353903202426,2.044320060157841,2.230033218826626
2009-12-26,3.355865843901002,2.348161509410456,2.0502282645260967,2.2316286336826625
2009-12-27,3.366525997935974,2.3608626986951027,2.0545669372688846,2.2318932147137374
2009-12-28,3.3776776856865984,2.372517190936798,2.057289597681463,2.231072979014516
2009-12-29,3.3890153342220213,2.382840229740896,2.0584119391588165,2.2294538355787
2009-12-30,3.40021613944288,2.3915963770006363,2.058010979474496,2.227348824054412
2009-12-31,3.4109540677351644,2.398609655041171,2.0562215193207356,2.2250841621640305
