date,EXAMPLE_001,EXAMPLE_002,EXAMPLE_003,EXAMPLE_004
2000-01-01,2.2834610364311927,2.475059994819312,2.142140816200159,2.36678481264379
2000-01-02,2.2869823214636122,2.4759682666424454,2.141542207383521,2.3722664452224143
2000-01-03,2.289568867017815,2.4763412753597374,2.141089540621948,2.378282363284619
2000-01-04,2.291247316482415,2.476299836351962,2.140866347760858,2.3848133992177782
2000-01-05,2.2920639718217966,2.4759699571129743,2.14094294640423,2.3918194378417375
2000-01-06,2.292083344701669,2.4754790736253023,2.1413743133204486,2.399240439021901
2000-01-07,2.291386186225677,2.474952249050238,2.142198404055081,2.4069980375664644
2000-01-08,2.2900670543795423,2.474508446840274,2.1434349693635837,2.4149976767487047
2000-01-09,2.288231494335515,2.474256991225855,2.145084907335675,2.4231312193445853
2000-01-10,2.2859929237175205,2.474294328967061,2.147130180116727,2.431279972530355
2000-01-11,2.2834693352217648,2.4747012104924013,2.149534319014332,2.439318063726591
2000-01-12,2.2807799572836247,2.4755404216913277,2.152243546619262,2.447116119116061
2000-01-13,2.2780420577468106,2.476855228929272,2.155188567545525,2.454545234122498
2000-01-14,2.2753681481834045,2.478668763460747,2.158287132845579,2.4614812992978834
2000-01-15,2.2728639652694387,2.4809846871144643,2.1614475842249803,2.4678098749004
2000-01-16,2.2706277923352087,2.4837896733209823,2.1645737539236336,2.473432016428676
2000-01-17,2.26875196071338,2.4870585305264776,2.167571855420706,2.478271764739926
2000-01-18,2.2673277485143553,2.4907632019082864,2.1703603601193953,2.4822864403048523
2000-01-19,2.2664553576300426,2.494887378389018,2.17288430034723,2.485481403513968
2000-01-20,2.266261127474751,2.499448983973116,2.175135902304283,2.487931485116653
2000-01-21,2.2669244804111743,2.50453316272459,2.1771837861732717,2.48981168453099
2000-01-22,2.2687170229137346,2.5103383236828107,2.179212922127638,2.491439691965271
2000-01-23,2.27205537141179,2.517236870583533,2.1815767430710684,2.4933319069039444
2000-01-24,2.2775671939175273,2.52584997670515,2.184860871805224,2.496272428095404
2000-01-25,2.2861662807231062,2.537131747833302,2.189954464072378,2.5013905721424283
2000-01-26,2.299127068621437,2.5524522262120075,2.1981200936890777,2.510236718756707
2000-01-27,2.3181423595321715,2.5736613811226143,2.21104680512108,2.52483912720545
2000-01-28,2.345341181180688,2.6031088054643594,2.2308645535973013,2.5477170935104607
2000-01-29,2.3832388852012483,2.6435885388246683,2.2600936839734014,2.5818206251727025
2000-01-30,2.4345913877758494,2.698178247049318,2.3015029425951337,2.630366624052572
2000-01-31,2.5021327255909536,2.769949969294461,2.357856417869487,2.6965493936144664
2000-02-01,2.588191710439964,2.861547860844502,2.43154554919664,2.783121149989631
2000-02-02,2.694209215053325,2.9746565894202948,2.5241267365491176,2.89186589754509
2000-02-03,2.8202092435847597,3.109418703970585,2.6358150306293924,3.0230240166967604
2000-02-04,2.964307842489458,3.2638931666562,2.765013646418278,3.174758120334324
2000-02-05,3.1223650664151603,3.433670431760242,2.9079790761844677,3.342773464012243
2000-02-06,3.28788732678651,3.611761776434128,3.0587235741777072,3.5202084444121358
2000-02-07,3.452263983859878,3.788854877712583,3.209234557908386,3.6978854669393164
2000-02-08,3.605372267175142,3.9539730892485587,3.35004333018242,3.8649589237919098
2000-02-09,3.736515442129258,4.095500079542201,3.4711100218451185,4.009922635730124
2000-02-10,3.835584755999254,4.202449982180415,3.562921208015918,4.121859112254924
2000-02-11,3.894274515184977,4.2657961612951185,3.6176387010711317,4.19174717853505
2000-02-12,3.9071492823892173,4.27963841432661,3.6301092508620774,4.213611841082316
2000-02-13,3.8723738629401057,4.242001219161773,3.598555915186081,4.185312785819817
2000-02-14,3.7919711392215913,4.155115213661897,3.5248233324362466,4.108826338485464
2000-02-15,3.6715589227943424,4.025128432627856,3.4141306306324757,3.98996825665732
2000-02-16,3.5196148078248206,3.8613009871867874,3.2743782910258727,3.8376098471855773
2000-02-17,3.3464041156399538,3.6748312025619967,3.115136785234681,3.662532446107669
2000-02-18,3.162760401279289,3.477520799196585,2.946496270800747,3.4761237422021183
2000-02-19,2.9789196606588635,3.280499469711683,2.7779676582268333,3.2891319583722645
2000-02-20,2.803578997492272,3.0931959005526544,2.617596584171116,3.110661243383721
2000-02-21,2.6432893079432622,2.9226752129781106,2.4713938692425335,2.947525837639091
2000-02-22,2.502217134340848,2.7733812562902798,2.3431155840606945,2.8040005980375122
2000-02-23,2.382241647849116,2.647246361300016,2.234360334739839,2.681931100517759
2000-02-24,2.283302918603911,2.54407658603768,2.1449042294914302,2.5811130221760665
2000-02-25,2.203894138839943,2.462094739482072,2.0731717517991144,2.4998252745213216
2000-02-26,2.141592551701737,2.398525754762309,2.016742752917742,2.4354036319200296
2000-02-27,2.093544972369825,2.350132142109541,1.9728158011743702,2.384764350367066
2000-02-28,2.0568546671554087,2.3136410916281798,1.93857738046684,2.344820501159702
2000-02-29,2.02884795611113,2.2860394284997363,1.9114563708351375,2.312767749830047
2000-03-01,2.0072246359449815,2.2647408279750514,1.8892676304539509,2.2862440080280813
2000-03-02,1.9901129160133473,2.247647894855018,1.8702642373631218,2.26338526230849
2000-03-03,1.9760568171619424,2.2331396784912814,1.8531248470621315,2.242807718907289
2000-03-04,1.9639637864355801,2.2200149949622143,1.836902462922033,2.223546223272119
2000-03-05,1.9530354262948453,2.207416626300294,1.820956346773741,2.2049737222476837
2000-03-06,1.9426974460899238,2.194754043584567,1.8048823926061845,2.1867192598341134
2000-03-07,1.9325382667168216,2.1816350027149713,1.7884509877957233,2.1685948380220137
2000-03-08,1.9222603315355227,2.167810486581635,1.7715563148984275,2.1505357056249634
2000-03-09,1.9116445137643898,2.1531334704498897,1.7541775960512742,2.132554707116081
2000-03-10,1.900525951304289,2.1375297461839504,1.7363508455064935,2.1147091103086013
2000-03-11,1.8887788066320095,2.1209781411809927,1.7181489158207008,2.0970774303039548
2000-03-12,1.8763074030993527,2.1034974282434877,1.699667583895032,2.079743705769513
2000-03-13,1.8630415524036315,2.0851376293671695,1.6810157670788213,2.062787057062316
2000-03-14,1.8489343947628407,2.065973977423009,1.6623084346882915,2.0462748781071802
2000-03-15,1.8339615674204959,2.046102343850327,1.6436612389745162,2.0302585181982518
2000-03-16,1.818120927837,2.025635390224891,1.6251862651411006,2.014770720811902
2000-03-17,1.8014323690696412,2.0046990391490738,1.606988577481925,1.999824387534924
2000-03-18,1.783937488350821,1.9834290985203296,1.5891634298898183,1.9854124401351683
2000-03-19,1.7656990278169897,1.9619680372367119,1.5717941353659581,1.97150868737964
2000-03-20,1.746800120629641,1.9404620240634516,1.5549506721497843,1.9580696900356438
2000-03-21,1.727343463415415,1.919058423729041,1.5386891605610569,1.9450376769422097
2000-03-22,1.7074506077752325,1.8979040075074034,1.523052385533579,1.9323446096611592
2000-03-23,1.6872616240213625,1.8771441848965338,1.508071570118091,1.9199175287319703
2000-03-24,1.6669354379026793,1.8569235974817804,1.4937696243957421,1.9076853403121488
2000-03-25,1.6466511691064898,1.837388428770158,1.480166096614555,1.895587211444687
2000-03-26,1.6266107971739672,1.8186907625027993,1.4672840286474338,1.8835827234757554
2000-03-27,1.6070434305835268,1.8009952501691213,1.455158851973487,1.8716638699726211
2000-03-28,1.5882113403203326,1.7844882071241746,1.4438493369691237,1.8598688589805754
2000-03-29,1.5704177230172318,1.7693890274151398,1.4334504114700335,1.8482974711724465
2000-03-30,1.5540158683063425,1.755963476960807,1.4241073828919761,1.8371274219606308
2000-03-31,1.5394190183278607,1.7445379912229928,1.416030729944761,1.8266307745214019
2000-04-01,1.5271097390652155,1.7355135833090733,1.4095101890830444,1.8171889672658281
2000-04-02,1.5176471106385716,1.7293774026527455,1.4049263825776548,1.8093044931292568
2000-04-03,1.5116695508722717,1.7267094432618328,1.4027577798364197,1.8036067672056293
2000-04-04,1.5098907040291887,1.7281814833839642,1.403580436875791,1.8008493403631418
2000-04-05,1.513085666074491,1.7345451674406742,1.408057825767692,1.80189547847612
2000-04-06,1.5220649983843986,1.7466063466779755,1.4169182587646214,1.8076893569283938
2000-04-07,1.5376346098123437,1.76518349349503,1.4309180307092553,1.8192108313875455
2000-04-08,1.5605407297742833,1.7910492692942281,1.450789511289169,1.8374130098289068
2000-04-09,1.591400852683492,1.8248561567614734,1.4771750151110168,1.8631436665582926
2000-04-10,1.630623615507052,1.8670493644392219,1.5105492753682488,1.8970538075874137
2000-04-11,1.6783228796789615,1.9177727593367282,1.5511355599432666,1.9394992068265273
2000-04-12,1.7342335300260106,1.97677605722823,1.5988226160448276,1.9904431651170758
2000-04-13,1.7976383068867143,2.043333494442755,1.6530913600333226,2.049370700874149
2000-04-14,1.8673159590027752,2.116185286863803,1.71296116901418,2.115225437731793
2000-04-15,1.9415207931513123,2.193512966553083,1.7769654472834941,2.186380233525042
2000-04-16,2.01800207012937,2.2729579194935314,1.843164613898191,2.2606508469007576
2000-04-17,2.094068612264978,2.3516890814934968,1.909201746110798,2.335358616231159
2000-04-18,2.1666996363791147,2.426520992501815,1.97240199799431,2.4074434360911257
2000-04-19,2.2326976424694736,2.494077738129773,2.0299120054574944,2.4736227266833235
2000-04-20,2.2888738119926413,2.5509924217144375,2.0788703936531725,2.530586289394471
2000-04-21,2.332251561416464,2.5941265443994532,2.1165959410970454,2.5752117457926884
2000-04-22,2.360270419645579,2.6207898603607984,2.140776649265425,2.6047814887772747
2000-04-23,2.3709708827209033,2.628939610587307,2.1496415145884664,2.6171804121903497
2000-04-24,2.3631417212600265,2.6173389329776326,2.1420975575278685,2.6110545335190993
2000-04-25,2.3364144098977015,2.5856577368774856,2.117817664041477,2.5859140214203777
2000-04-26,2.2912945793508057,2.5345050506769984,2.0772697224876757,2.542169727516118
2000-04-27,2.2291269974645096,2.465389075360553,2.021683766717869,2.4810993883299
2000-04-28,2.151997675447954,2.3806089298790636,1.9529605216292845,2.4047472523472484
2000-04-29,2.062583298283293,2.283089292180468,1.8735309720604933,2.3157679558862685
2000-04-30,1.9639634038290261,2.176174847798623,1.7861814975810142,2.2172310636805563
2000-05-01,1.8594139203990143,2.0634049300649036,1.6938621074373208,2.112406093764498
2000-05-02,1.7522014836756166,1.9482896069187536,1.5994960562232543,2.0045487030525493
2000-05-03,1.645396425483339,1.8341067775698956,1.5058076552905517,1.8967070577364318
2000-05-04,1.5417188349886315,1.7237360001517041,1.4151817738268881,1.791563655520168
2000-05-05,1.4434272684618752,1.619539471039563,1.3295639449139596,1.6913226833625772
2000-05-06,1.3522542902535706,1.5232946545940278,1.2504048788478552,1.5976472053870348
2000-05-07,1.269387826521121,1.4361773533883098,1.1786482596578234,1.5116448992194418
2000-05-08,1.195492944661803,1.3587892152205336,1.1147565672608024,1.4338963829795064
2000-05-09,1.130765570269989,1.291220271136421,1.058766738730866,1.3645168664223475
2000-05-10,1.075008011492069,1.2331352985200825,1.0103659390855686,1.3032401237171722
2000-05-11,1.0277159350149583,1.1838725580885385,0.9689775138591405,1.2495135751167816
2000-05-12,0.9881673972629941,1.1425445098157023,0.933848123075756,1.202594330703469
2000-05-13,0.9555063281556377,1.1081320861752926,0.9041287766178003,1.161638013666655
2000-05-14,0.9288150990478032,1.0795665597437347,0.8789446307813806,1.125774618645711
2000-05-15,0.9071731115864532,1.0557955808057014,0.8574506143381927,1.0941681741399965
2000-05-16,0.8897004242344115,1.0358322545202931,0.8388719487361592,1.066059247692281
2000-05-17,0.8755870924238064,1.0187879615624098,0.8225302250949356,1.0407911471305908
2000-05-18,0.8641100455166335,1.0038909005612768,0.8078568132666377,1.0178219316856136
2000-05-19,0.854639959006728,0.9904930446572946,0.7943960047108777,0.996725052540771
2000-05-20,0.8466407707952647,0.9780684310950678,0.7818004940844767,0.9771816647931657
2000-05-21,0.8396643419872198,0.9662055576773605,0.7698216840430245,0.9589675054264882
2000-05-22,0.8333423943300222,0.954596272834942,0.7582969657329365,0.9419368421258291
2000-05-23,0.8273773792397476,0.9430230382710219,0.7471356885182726,0.9260054848446899
2000-05-24,0.8215334375558484,0.9313459130400751,0.7363050716868924,0.911134312952933
2000-05-25,0.8156281582286438,0.9194901247140266,0.7258168880846011,0.8973142739847013
2000-05-26,0.8095254748941748,0.9074346970041639,0.715715399574859,0.8845533953961998
2000-05-27,0.8031297658737511,0.895202309104282,0.7060667603207881,0.8728660340498138
2000-05-28,0.7963810429923929,0.882850367138258,0.696949923858683,0.8622643672699918
2000-05-29,0.7892510147822633,0.870463158161458,0.6884489817811957,0.8527519911210586
2000-05-30,0.7817397722816404,0.8581449126455656,0.6806468090738905,0.8443194177474503
2000-05-31,0.7738728521897614,0.8460136020292827,0.6736198766732585,0.8369412352030815
2000-06-01,0.7656984659673477,0.8341953257139151,0.6674341004926904,0.8305746933284094
2000-06-02,0.7572847312411828,0.8228191824726557,0.6621416160376566,0.825159494614674
2000-06-03,0.7487167938644201,0.8120125643199692,0.6577783903358847,0.820618590218935
2000-06-04,0.740093778811109,0.801896849850354,0.6543626029589796,0.816859802489803
2000-06-05,0.7315255520436632,0.7925835053003328,0.65189374268753,0.8137781134877952
2000-06-06,0.7231293118521561,0.7841706237022978,0.650352375004962,0.8112584730123792
2000-06-07,0.7150260564900068,0.7767399455188684,0.649700538428594,0.8091789898355749
2000-06-08,0.7073369955508136,0.7703544089516353,0.6498827257027622,0.8074143771272013
2000-06-09,0.7001799861540388,0.7650562759974705,0.6508274003791638,0.8058395286299624
2000-06-10,0.6936660824747994,0.7608658726929096,0.6524489916211715,0.8043331071700399
2000-06-11,0.6878962893037552,0.7577809702172766,0.6546503014112813,0.8027810325587039
2000-06-12,0.6829586079317742,0.7557768188744216,0.6573252497558976,0.8010797625944567
2000-06-13,0.6789254564177483,0.7548068305518149,0.660361875811586,0.7991392691968244
2000-06-14,0.6758515368466994,0.7548038880310793,0.6636455067491268,0.7968856219361822
2000-06-15,0.6737722101016712,0.7556822423321651,0.6670620020958411,0.7942631034072183
2000-06-16,0.6727024245112898,0.7573399428357107,0.6705009795653619,0.7912357948970916
2000-06-17,0.6726362290361493,0.7596617298638519,0.6738589291726674,0.7877885863617781
2000-06-18,0.673546884956663,0.7625223062338055,0.6770421257964175,0.7839275814857962
2000-06-19,0.6753875728544365,0.7657898934655676,0.6799692562409891,0.7796798861322249
2000-06-20,0.6780926745632467,0.7693299701698443,0.6825736851253117,0.7750927863180611
2000-06-21,0.6815795932148908,0.773009084918722,0.6848052943623442,0.7702323394789089
2000-06-22,0.6857510590062844,0.7766986337706703,0.6866318432999106,0.7651814197188186
2000-06-23,0.6904978543193044,0.7802784936504817,0.6880398104208567,0.7600372734932547
2000-06-24,0.6957018797403279,0.7836404069470979,0.6890346924521111,0.7549086562946198
2000-06-25,0.7012394727020593,0.7866910198695463,0.689640752378545,0.7499126329949047
2000-06-26,0.7069848831900896,0.7893544870873779,0.689900223748184,0.7451711342012849
2000-06-27,0.7128138064309274,0.791574567689478,0.6898719943325458,0.7408073680185607
2000-06-28,0.7186068708376945,0.7933161521636114,0.6896298072178303,0.7369421907845098
2000-06-29,0.7242529807816177,0.7945661765056891,0.6892600313167034,0.7336905415303135
2000-06-30,0.7296524179447124,0.7953338972395712,0.688859065705332,0.7311580430840618
2000-07-01,0.7347196119709175,0.7956505195557944,0.6885304527482794,0.7294378679338542
2000-07-02,0.7393855006686976,0.7955681894296155,0.6883817833704391,0.7286079593366059
2000-07-03,0.7435994118528759,0.7951583789175133,0.6885214838283326,0.7287286879193545
2000-07-04,0.7473304127059825,0.7945097113280241,0.6890555767499954,0.7298410114668249
2000-07-05,0.7505680878920562,0.7937252891130867,0.6900845099548666,0.7319651910841772
2000-07-06,0.7533227241260112,0.7929196016643263,0.6917001446111375,0.7351001008853936
2000-07-07,0.7556248960145123,0.7922151023114958,0.6939829896942605,0.739223151248067
2000-07-08,0.7575244652464346,0.7917385533584569,0.6969997626092214,0.7442908279877061
2000-07-09,0.7590890221247363,0.7916172446805714,0.7008013464354297,0.7502398320490075
2000-07-10,0.7604018145093201,0.7919751950534016,0.7054212028178403,0.7569887869997853
2000-07-11,0.7615592240186491,0.7929294458810378,0.7108742863908352,0.7644404652444708
2000-07-12,0.7626678623905054,0.7945865543288283,0.7171564921612396,0.772484468920242
2000-07-13,0.7638413718529506,0.7970393871165753,0.724244651910502,0.7810002883310265
2000-07-14,0.7651970218896225,0.8003643075600869,0.7320970798465563,0.7898606498907563
2000-07-15,0.7668522006529269,0.8046188371113141,0.7406546518995908,0.798935057201106
2000-07-16,0.7689209023152579,0.8098398589669361,0.7498423876694258,0.8080934233211703
2000-07-17,0.7715103117645558,0.816042415686684,0.7595714895390585,0.8172096896576279
2000-07-18,0.7747175852429369,0.8232191356364241,0.7697417802870331,0.8261653272896974
2000-07-19,0.7786269198767686,0.8313403049408744,0.7802444690406406,0.83485261993251
2000-07-20,0.7833069967162867,0.8403545830194497,0.7909651659438772,0.843177634037658
2000-07-21,0.7888088711328629,0.850190341222741,0.8017870587415183,0.8510627905491733
2000-07-22,0.7951643715228094,0.860757586121501,0.8125941598104325,0.8584489643169814
2000-07-23,0.8023850526100663,0.8719504121426667,0.8232745301359664,0.865297050786898
2000-07-24,0.8104617336487977,0.8836499129839489,0.8337233873935523,0.8715889549438969
2000-07-25,0.8193646349618703,0.8957274680098632,0.8438460086344883,0.8773279741409143
2000-07-26,0.8290441089986511,0.9080483090191892,0.8535603439938945,0.8825385639186921
2000-07-27,0.8394319449528953,0.9204752646884315,0.8627992661674859,0.8872654937093102
2000-07-28,0.8504432094429951,0.9328725748710758,0.8715123909019342,0.8915724169043486
2000-07-29,0.8619785702992914,0.9451096649159816,0.8796674161085208,0.8955398966509461
2000-07-30,0.8739270365721956,0.9570647713183236,0.8872509410850826,0.8992629444286651
2000-07-31,0.8861690358721491,0.968628314299888,0.8942687423168149,0.9028481425047167
2000-08-01,0.8985797404240289,0.979705920208798,0.9007454979903778,0.906410433359806
2000-08-02,0.9110325460449487,0.9902210067215791,0.9067239692462764,0.9100696687758382
2000-08-03,0.9234026038423536,1.0001168564319494,0.9122636618535797,0.9139470182032211
2000-08-04,0.935570302906036,1.0093581191574816,0.9174390069672349,0.9181613400798482
2000-08-05,0.947424603677172,1.0179316997622272,0.9223371134897541,0.9228256208391238
2000-08-06,0.9588661259790223,1.0258470060057312,0.9270551569062646,0.9280435843899321
2000-08-07,0.9698099027635739,1.0331355493759857,0.9316974799388817,0.9339065699335671
2000-08-08,0.9801877202622872,1.0398499105139056,0.9363724886709845,0.9404907682431506
2000-08-09,0.9899499771495351,1.0460620991522056,0.9411894336848712,0.9478548961930908
2000-08-10,0.9990670091905646,1.0518613559440462,0.9462551690675344,0.9560383766877383
2000-08-11,1.0075298412522593,1.0573514596433788,0.9516709827734611,0.9650600765639343
2000-08-12,1.0153503450604193,1.0626476173557506,0.9575295897721638,0.9749176389518497
2000-08-13,1.022560798215843,1.0678730275944008,0.9639123747110061,0.9855874294362301
2000-08-14,1.0292128572394337,1.0731552153053925,0.9708869636262336,0.9970250976601593
2000-08-15,1.0353759743062265,1.078622244595434,0.9785051947444688,1.0091667382660034
2000-08-16,1.0411353033627846,1.0843989184175022,0.9868015469069066,1.0219306177850065
2000-08-17,1.04658915603952,1.0906030748409545,0.995792070950888,1.0352194177663132
2000-08-18,1.0518460807448777,1.0973420867437096,1.0054738548789657,1.0489229295486027
2000-08-19,1.0570216491879016,1.1047096658947626,1.0158250382521194,1.0629211230521756
2000-08-20,1.0622350430063907,1.1127830636149727,1.0268053754053184,1.0770875011818437
2000-08-21,1.0676055389365906,1.1216207487658896,1.0383573312567227,1.091292643192289
2000-08-22,1.0732489938811585,1.1312606300501142,1.0504076781228342,1.105407834915264
2000-08-23,1.079274431230737,1.1417188739092434,1.062869547503584,1.1193086812392439
2000-08-24,1.0857808268709725,1.152989352129362,1.0756448776803376,1.1328785967393011
2000-08-25,1.0928541875454676,1.1650437351045797,1.08862718655429,1.1460120738634
2000-08-26,1.1005650058121008,1.1778322280897222,1.1017045897719147,1.1586176344898786
2000-08-27,1.1089661649684786,1.1912849292309011,1.114762977108442,1.1706203797948234
2000-08-28,1.1180913543452182,1.205313770231794,1.1276892555137739,1.1819640649443406
2000-08-29,1.1279540406473658,1.219814983711101,1.1403745652994786,1.1926126388216036
2000-08-30,1.1385470249889051,1.2346720261171755,1.1527173767160417,1.2025512044172033
2000-08-31,1.149842598375368,1.2497588719272534,1.1646263776141956,1.2117863722092297
2000-09-01,1.1617932911318543,1.2649435841497116,1.176023068903607,1.220345996355279
2000-09-02,1.174333194645996,1.2800920581772592,1.1868439929428856,1.2282783013077463
2000-09-03,1.1873798172912433,1.295071831036602,1.1970425305740866,1.2356504240335469
2000-09-04,1.2008364209912266,1.3097558461901664,1.2065902149475705,1.2425464138632265
2000-09-05,1.2145947710249254,1.3240260653224738,1.2154775242108047,1.2490647476266403
2000-09-06,1.2285382197546229,1.33777682295084,1.223714130155987,1.255315431702377
2000-09-07,1.2425450353276923,1.3509178271102091,1.231328595603056,1.2614167745131044
2000-09-08,1.2564918793368858,1.3633767195615165,1.2383675291847307,1.267491922495744
2000-09-09,1.2702573331256135,1.375101121667892,1.2448942218405004,1.273665259390147
2000-09-10,1.2837253710187606,1.3860601069073342,1.2509868042661014,1.2800587726262058
2000-09-11,1.296788680286294,1.3962450575167906,1.2567359783732288,1.2867884915336125
2000-09-12,1.3093517320623507,1.4056698805143768,1.2622423880929434,1.2939611000236295
2000-09-13,1.3213335146193363,1.4143705768120718,1.2676137052515057,1.3016708213579693
2000-09-14,1.3326698501278995,1.4224041757781538,1.2729615144593935,1.3099966647714583
2000-09-15,1.3433152280389133,1.4298470658993812,1.2783980867464033,1.3190001132787808
2000-09-16,1.3532441021567212,1.436792769600113,1.2840331348809577,1.3287233192721861
2000-09-17,1.362451613932184,1.4433492262974141,1.2899706438376264,1.3391878598734726
2000-09-18,1.3709537210438367,1.4496356619457673,1.2963058677083812,1.3503940878620064
2000-09-19,1.3787867274790169,1.4557791352438407,1.3031225795527819,1.3623210968265342
2000-09-20,1.386006228580154,1.4619108599954616,1.3104906533888134,1.3749273014774592
2000-09-21,1.392685501387617,1.468162409569466,1.3184640479502734,1.388151616319391
2000-09-22,1.3989133866047647,1.4746619128038498,1.3270792502557751,1.4019151986338487
2000-09-23,1.4047917231748412,1.4815303509538336,1.3363542237852286,1.416123705459507
2000-09-24,1.4104324093765963,1.4888780623904936,1.3462878915299707,1.4306699994579117
2000-09-25,1.415954175156685,1.4968015558143126,1.3568601688037787,1.445437225656774
2000-09-26,1.4214791588365692,1.505380723956476,1.368032544942208,1.4603021704710015
2000-09-27,1.4271293871690318,1.514676538410326,1.3797491973803964,1.4751388064746134
2000-09-28,1.4330232609047493,1.524729292800751,1.3919386066290023,1.4898219214691142
2000-09-29,1.4392721486525002,1.5355574465468351,1.4045156269677388,1.504230728803228
2000-09-30,1.445977190182723,1.5471571057879934,1.4173839559471089,1.5182523580382201
2000-10-01,1.4532264070344862,1.5595021626854224,1.430438936894137,1.5317851314565345
2000-10-02,1.4610922143488605,1.5725451007228133,1.4435706236785417,1.5447415433764171
2000-10-03,1.46962942482276,1.5862184637847407,1.456667037519608,1.557050876981358
2000-10-04,1.4788738358129208,1.600436983348415,1.4696175536395621,1.568661419220626
2000-10-05,1.4888414970002015,1.615100364563563,1.4823163737853355,1.5795422708563212
2000-10-06,1.4995287725622584,1.6300967526187626,1.494666072400538,1.589684799273996
2000-10-07,1.5109133429935078,1.6453069404545908,1.5065812533253573,1.5991038501262431
2000-10-08,1.5229563419292578,1.6606094422191084,1.5179924239114857,1.607838923936997
2000-10-09,1.5356058954301322,1.6758866467572926,1.528850286416551,1.6159556374869979
2000-10-10,1.5488024241910328,1.691032380503491,1.5391307608548113,1.6235479250391163
2000-10-11,1.5624861749652992,1.705961340160105,1.548841180711088,1.630741581532492
2000-10-12,1.576607546888418,1.7206209809685649,1.5580282240667302,1.6376998871214121
2000-10-13,1.5911408368860454,1.7350065279747315,1.5667882243334033,1.6446321419371486
2000-10-14,1.6061019936616483,1.749179757652808,1.5752804966712497,1.651805924722427
2000-10-15,1.62157077267687,1.7632919992341334,1.5837441520487732,1.6595636939996106
2000-10-16,1.637717246031319,1.7776113419757706,1.592518475307853,1.6683438902397918
2000-10-17,1.65483186796826,1.7925532256361487,1.6020662466115843,1.6787058930344807
2000-10-18,1.6733571866371808,1.8087123898457091,1.6129983468164053,1.6913569929749137
2000-10-19,1.69391784773145,1.8268925875471103,1.6260966270989952,1.7071779774912725
2000-10-20,1.7173438775589442,1.8481286613983596,1.642330456740239,1.7272421345088425
2000-10-21,1.7446806116061937,1.8736938131857555,1.6628608265549394,1.7528207161460068
2000-10-22,1.777177433340037,1.9050835849955319,1.6890247422987608,1.7853665897330024
2000-10-23,1.816247194538249,1.9439677513672602,1.722292354385967,1.826467460108558
2000-10-24,1.8633893180188943,1.9921025583228333,1.7641903254633202,1.877761230061351
2000-10-25,1.9200725555104694,2.051198997460819,1.816187733175409,1.9408092265374801
2000-10-26,1.987578356229355,2.122748256147812,1.8795455020274328,2.0169283411219374
2000-10-27,2.066812560808483,2.207812881260772,1.9551367340004717,2.1069903630473426
2000-10-28,2.158100929144851,2.306800721836674,2.0432526612246025,2.21120512562053
2000-10-29,2.2609915886108927,2.4192470050787835,2.1434160919645486,2.328912198810205
2000-10-30,2.374093226997497,2.543636171500488,2.2542296266825286,2.4584119970963325
2000-10-31,2.494980039596768,2.677297472111551,2.373287963002091,2.596869492066551
2000-11-01,2.6201916660523246,2.816405273435056,2.497180956639059,2.7403207130960365
2000-11-02,2.7453479476293468,2.9561057885592703,2.6216061239260973,2.8838031646634965
2000-11-03,2.8653847037688442,3.0907769979908952,2.741596343985856,3.02161662070975
2000-11-04,2.974899491364144,3.2144096218517335,2.851852182325322,3.1477022202507285
2000-11-05,3.068578169661659,3.3210771122908773,2.9471510681023494,3.2561082853667727
2000-11-06,3.1416573766859672,3.4054453996066507,3.022790666508614,3.3414943910542756
2000-11-07,3.1903680114762274,3.463262143905697,3.0750143031575043,3.399614464118984
2000-11-08,3.2123029861583583,3.4917632294879493,3.101364563453009,3.4277177366777836
2000-11-09,3.2066598857389046,3.4899423124817783,3.1009181750340145,3.4248143279400463
2000-11-10,3.1743249699196103,3.458646537357304,3.0743702454449413,3.3917692349591477
2000-11-11,3.1177866465595265,3.4004853096978547,3.023956480575735,3.331211865323764
2000-11-12,3.040890359911857,3.319565108356476,2.9532245721943338,3.2472738771400644
2000-11-13,2.9484685299931153,3.2210870956098465,2.8666865016532195,3.1451914468665514
2000-11-14,2.845894971720859,3.110861596385013,2.769398481486167,3.0308250983615426
2000-11-15,2.738620590265527,2.9948016017428443,2.66652225721439,2.910158183066849
2000-11-16,2.6317453110038835,2.8784554510395433,2.5629197777137858,2.788833160534532
2000-11-17,2.5296711815344897,2.7666278820998125,2.462823781769466,2.6717740892152473
2000-11-18,2.43586585564959,2.6631214221614874,2.3696119846653696,2.56292686055643
2000-11-19,2.3527475171123595,2.570610220168566,2.2856953885825284,2.4651292224555137
2000-11-20,2.2816850535388595,2.4906395403444446,2.2125149353144633,2.3801041188634824
2000-11-21,2.2230936465091076,2.4237292045887355,2.1506278239297196,2.308555221501566
2000-11-22,2.176597526761826,2.369550065540898,2.099856866026996,2.25033449205395
2000-11-23,2.1412288577004555,2.327139556124542,2.0594736297808054,2.204648623608794
2000-11-24,2.1156338844204936,2.2951247581931242,2.028388194326245,2.1702735459600135
2000-11-25,2.098263213441144,2.271927721940196,2.0053237669984716,2.1457523296467707
2000-11-26,2.087530657646331,2.2559360720587875,1.9889615857805991,2.1295599474179885
2000-11-27,2.081932867949915,2.245630476843597,1.9780489006534927,2.120226704110063
2000-11-28,2.080128727204044,2.239667961882335,1.971469216269875,2.116419382762154
2000-11-29,2.0809824616076344,2.23692550831812,1.9682786828424153,2.116984479993845
2000-11-30,2.083577395733779,2.236511629759156,1.967715320510493,2.120961065836434
2000-12-01,2.087208407967723,2.2377548566342362,1.969188814861522,2.1275719845888235
2000-12-02,2.0913608528624823,2.2401777316274094,1.9722583251791357,2.1362017655189183
2000-12-03,2.0956825207527685,2.243463599359533,1.9766045906562872,2.1463682900868064
2000-12-04,2.0999535904543007,2.2474216922065056,1.9820010655292721,2.157693490972165
2000-12-05,2.1040578814313267,2.2519541925256394,1.9882872256156272,2.169876550749951
2000-12-06,2.107957276802364,2.2570273632478752,1.9953458029424385,2.182671493628224
2000-12-07,2.1116700895542206,2.2626476174636188,2.003084637926666,2.195869853856455
2000-12-08,2.1152534030253456,2.268842567530957,2.011423111210122,2.209288283354234
2000-12-09,2.118788990517842,2.2756466092207117,2.0202826901755744,2.222760483717465
2000-12-10,2.122372234198616,2.2830903763520602,2.0295809293676306,2.2361326354617863
2000-12-11,2.126103440865712,2.291193359786946,2.0392282249514255,2.2492614652145755
2000-12-12,2.1300810221339495,2.299959045816681,2.049126675622672,2.262014165026223
2000-12-13,2.1343961165071517,2.3093720356718115,2.0591704966098123,2.2742695005147193
2000-12-14,2.1391283458885515,2.31939672242085,2.069247536952109,2.2859195786874738
2000-12-15,2.1443424998185847,2.329977202841915,2.079241544773329,2.296871870718538
2000-12-16,2.150086018806693,2.3410381811057452,2.0890349029522843,2.307051190295821
2000-12-17,2.1563872023962967,2.3524866772261674,2.0985116172267944,2.3164014125437804
2000-12-18,2.163254100806946,2.364214389310787,2.1075603827102647,2.324886784163996
2000-12-19,2.170674065450929,2.3761005794184222,2.1160775867761146,2.3324927260955035
2000-12-20,2.1786139378213463,2.3880153631503522,2.1239701300605778,2.339226069563693
2000-12-21,2.187020852170209,2.399823287160453,2.131157966141451,2.3451146981237203
2000-12-22,2.1958236182402535,2.4113870798276253,2.137576276647132,2.3502065946124544
2000-12-23,2.204934638516034,2.4225714607385016,2.1431772137234364,2.3545683143751783
2000-12-24,2.2142523018005154,2.4332468959478977,2.1479311568631476,2.3582829256325524
2000-12-25,2.2236637826814136,2.4432931891815675,2.151827446515214,2.3614474748195016
2000-12-26,2.233048165533964,2.4526028047357205,2.154874572717278,2.3641700492672926
2000-12-27,2.24227980275152,2.461083826003231,2.157099813086484,2.3665665216413565
2000-12-28,2.251231810342327,2.4686624642809702,2.1585483305673843,2.3687570699384275
2000-12-29,2.259779600167438,2.4752850455850806,2.1592817570023675,2.3708625734227073
2000-12-30,2.2678043470844313,2.4809194183012355,2.1593763034570825,2.373000988508156
2000-12-31,2.2751962911601034,2.485555741219015,2.1589204518971985,2.3752838091967963
2001-01-01,2.2818577798816673,2.4892066293761976,2.158012294892814,2.3778127142584804
2001-01-02,2.2877059628011627,2.491906653664081,2.1567566001824514,2.380676497964799
2001-01-03,2.292675061083708,2.4937112087937,2.155261684874974,2.3839483730325775
2001-01-04,2.296718146722743,2.4946947824741352,2.153636189590212,2.3876837237422097
2001-01-05,2.299808380414359,2.4949486760192228,2.151985845810812,2.391918374317874
2001-01-06,2.301939672917282,2.4945782426642,2.150410330128146,2.39666742304703
2001-01-07,2.3031267518863054,2.4936997243707952,2.1490002970706943,2.4019246768879285
2001-01-08,2.3034046345446124,2.492436780831102,2.147834678225374,2.407662705332573
2001-01-09,2.302827526418314,2.4909168162443134,2.1469783302671828,2.413833517373016
2001-01-10,2.3014671886895743,2.4892672216112324,2.1464801099310447,2.420369853675772
2001-01-11,2.2994108438327814,2.4876116656442435,2.1463714528110938,2.4271870810058718
2001-01-12,2.2967587255399335,2.486066591224196,2.1466655401514476,2.4341856833375957
2001-01-13,2.293621432252258,2.484738115587312,2.1473571616046248,2.4412543731720953
2001-01-14,2.2901173260924947,2.4837196049546906,2.148423434596545,2.448273911278885
2001-01-15,2.286370347990251,2.483090317653984,2.1498256396142206,2.455121842735123
2001-01-16,2.282508816911103,2.4829157081138566,2.151512596550526,2.461678555521571
2001-01-17,2.2786660678695507,2.4832502815381825,2.1534262611853467,2.467835368582613
2001-01-18,2.2749841712438084,2.484144298582832,2.1555105742702305,2.473505771663153
2001-01-19,2.2716224481960556,2.4856561331971103,2.1577250331761997,2.478641451574256
2001-01-20,2.2687729828429446,2.4878726076695474,2.16006491081999,2.4832552724693016
2001-01-21,2.2666856751792595,2.4909399961886303,2.1625903710167576,2.4874537631847082
2001-01-22,2.2657053133664573,2.4951083103960854,2.16546667143641,2.4914816160058977
2001-01-23,2.266322292819669,2.5007905445208953,2.1690168478748304,2.4957798124219828
2001-01-24,2.2692365339342655,2.5086362832130114,2.173786321056546,2.501056790251208
2001-01-25,2.275430472967106,2.519615048712954,2.1806154020525232,2.5083681464680603
2001-01-26,2.2862416104862335,2.5350988637426233,2.1907105890145497,2.519194610818881
2001-01-27,2.3034184152303134,2.556926188471921,2.2056992398764548,2.535500873390113
2001-01-28,2.3291365833432973,2.5874219524778437,2.2276457944079278,2.559750577705681
2001-01-29,2.365947794523,2.629343092512158,2.259003145454374,2.5948476031943293
2001-01-30,2.4166329088813,2.685718805479745,2.3024725990517285,2.6439735813026037
2001-01-31,2.483938807387703,2.759562696659656,2.360752762952104,2.710299423021715
2001-02-01,2.570194679849572,2.8534522110533307,2.4361734470496264,2.7965665078643354
2001-02-02,2.6768293035775947,2.9689989569000566,2.530235053456916,2.904560875431689
2001-02-03,2.8038424663682706,3.1062681847869786,2.643103884827566,3.0345377581957518
2001-02-04,2.9493145793732563,3.2632395522182005,2.773143067081141,3.184687013447648
2001-02-05,3.109059674234393,3.435424493006319,2.916578821970412,3.350752751801388
2001-02-06,3.2765290824300513,3.6157578303569347,3.06740382827925,3.525922719291341
2001-02-07,3.44304961924003,3.794855562274742,3.2175971912804715,3.701077746108288
2001-02-08,3.5984303113563887,3.961676209069485,3.3576934082380676,3.8654380442154865
2001-02-09,3.731902533760207,4.1045473250307865,3.4776672228847647,4.00756875551715
2001-02-10,3.8332840323834967,4.21243727077228,3.568030824197895,4.116627159878416
2001-02-11,3.8941961244524337,4.276285302683151,3.6209819047627034,4.183668150496875
2001-02-12,3.9091330040158168,4.290169763398241,3.6314123303862633,4.202791910652283
2001-02-13,3.8761937610752555,4.252106951876365,3.5975982136886313,4.171930248583071
2001-02-14,3.797342114672299,4.164332843137942,3.5214436609831923,4.093126482794172
2001-02-15,3.6781449747718735,4.033014175780235,3.408231970633635,3.9722563069047356
2001-02-16,3.527038767262759,3.8674425965589245,3.265930650395617,3.8182421833781466
2001-02-17,3.3542585694625435,3.6788598934122865,3.1041781259262216,3.641906352902024
2001-02-18,3.1706194926594984,3.4791219279785506,2.9331314809497773,3.4546659829660578
2001-02-19,2.9863514250465326,3.2794216560810447,2.7623655985115763,3.2672865036999212
2001-02-20,2.8101578787423867,3.0892583299040983,2.5999852935134493,3.088876507868572
2001-02-21,2.6486084936781684,2.9157729089665683,2.452054068038352,2.9262417928815245
2001-02-22,2.505900354887965,2.763488171313569,2.322372662207123,2.783636133427833
2001-02-23,2.3839540985572794,2.634416195824713,2.212575055407438,2.6628719961879335
2001-02-24,2.282760990611071,2.5284413131243966,2.122462416611687,2.5637008808602846
2001-02-25,2.200873677714163,2.4438608770223684,2.050473258534106,2.4843477314156313
2001-02-26,2.1359354058158857,2.377968492869961,1.9941900291051775,2.422086124781985
2001-02-27,2.0851636421747353,2.327587494941935,1.9508023892998534,2.373763687110101
2001-02-28,2.045734921265209,2.289496299866809,1.9174766717730871,2.3362204103708906
2001-03-01,2.0150493387299586,2.2607218891504894,1.8916109456760626,2.3065765424687026
2001-03-02,1.990878850957188,2.2387058706061302,1.8709794901569794,2.282394417695324
2001-03-03,1.9714201342783417,2.221365756650434,1.8537862091628967,2.2617364686708945
2001-03-04,1.9552800134380044,2.2070820536051894,1.8386534098565157,2.243149495924871
2001-03-05,1.9414212691828925,2.1946415459533615,1.8245722006567993,2.2256050926421738
2001-03-06,1.9290917757481285,2.183161846562757,1.810836189375177,2.208420934707348
2001-03-07,1.9177531219591595,2.1720148496565677,1.7969737529188758,2.1911803743496887
2001-03-08,1.907018185375041,2.1607594144638265,1.7826878484578967,2.1736606229810573
2001-03-09,1.896601742525729,2.149087722186752,1.7678072631188426,2.1557740483153767
2001-03-10,1.886284526122049,2.1367857428240042,1.7522497485317992,2.1375231892047357
2001-03-11,1.8758890710841536,2.1237059992919,1.735995552015044,2.1189678886865875
2001-03-12,1.8652648480405203,2.109749910250227,1.7190690799046622,2.1002020552967795
2001-03-13,1.8542801270472065,2.09485694902121,1.7015263946710717,2.0813375128642746
2001-03-14,1.8428183688052562,2.0789982605551516,1.6834465986519997,2.0624927843442933
2001-03-15,1.8307774396527108,2.062172939660436,1.6649256412140747,2.043785189738258
2001-03-16,1.81807043449543,2.044405720786014,1.6460715552966676,2.0253251545972453
2001-03-17,1.8046272983297236,2.025745285145017,1.627000516835701,2.0072120486826472
2001-03-18,1.7903967461759092,2.006262737159245,1.6078334113576527,1.9895311873457138
2001-03-19,1.7753482051594989,1.9860500521019884,1.5886927975625502,1.9723518446250885
2001-03-20,1.7594736630498293,1.965218474290716,1.5697002989044355,1.9557262711946195
2001-03-21,1.7427894260978232,1.9438969735299785,1.5509745515111135,1.9396898058451262
2001-03-22,1.72533788135349,1.9222309641382251,1.5326299056963701,1.9242622341089413
2001-03-23,1.7071894335987068,1.9003815655929355,1.5147761276813176,1.9094505923946887
2001-03-24,1.6884448463315005,1.8785257387066372,1.4975193802176845,1.8952536434840381
2001-03-25,1.6692382550780405,1.8568576613259358,1.480964771737884,1.8816682553305373
2001-03-26,1.6497411291463642,1.8355917016365064,1.4652207442090563,1.8686978894894593
2001-03-27,1.6301674196762685,1.8149672891360955,1.4504055065232828,1.856363332950449
2001-03-28,1.610780029735198,1.7952558542232093,1.4366555969927486,1.8447156694695501
2001-03-29,1.5918985588680554,1.7767697885803284,1.42413645963595,1.8338512658113613
2001-03-30,1.5739079972401973,1.7598730567189969,1.413054633154608,1.8239282316551932
2001-03-31,1.5572676709495292,1.7449926621238818,1.4036707772391774,1.815183397281349
2001-04-01,1.5425192845288118,1.732629655564151,1.3963123122395011,1.8079483562875933
2001-04-02,1.5302924060794094,1.723367809320025,1.391383960793976,1.8026625814363515
2001-04-03,1.5213052585122664,1.7178775394731212,1.389374014368288,1.7998811087421462
2001-04-04,1.5163583073818383,1.7169122384319568,1.3908537896356474,1.8002738950667994
2001-04-05,1.5163179830115998,1.7212940037083337,1.3964675946844587,1.8046138070456945
2001-04-06,1.5220880609933263,1.7318859472355363,1.406910705813463,1.813750421528119
2001-04-07,1.534566856889237,1.7495489587542579,1.4228934625866532,1.8285675234009684
2001-04-08,1.5545895352766452,1.7750820507071967,1.4450906852432026,1.8499234471528883
2001-04-09,1.5828564902708795,1.8091472308094716,1.4740772042316246,1.8785752230808856
2001-04-10,1.6198508332173671,1.852182132060239,1.5102522797989832,1.9150897587234712
2001-04-11,1.6657503276884906,1.904306163855618,1.5537578943738741,1.959747799562776
2001-04-12,1.7203413463377804,1.9652284075540312,1.6043980411004735,2.0124488511188217
2001-04-13,1.7829442188992368,2.034167459964334,1.661567857600192,2.0726272088436946
2001-04-14,1.8523603016988288,2.1097944966941613,1.7242023910809723,2.1391903081821932
2001-04-15,1.926850875880392,2.1902105995183376,1.790754596565203,2.2104903969706458
2001-04-16,2.0041563427374385,2.2729676138681767,1.8592106443986258,2.2843387963836776
2001-04-17,2.081561087109584,2.3551384266038715,1.9271477048948684,2.358068707967735
2001-04-18,2.1560050153902406,2.433437789882846,1.9918352677083804,2.428647848328453
2001-04-19,2.2242375780891304,2.5043891400721616,2.0503761523360904,2.49283661670967
2001-04-20,2.283004698135452,2.564526972082429,2.0998782794627138,2.547381711764728
2001-04-21,2.3292542064816715,2.6106190629250707,2.1376437210266874,2.589229930544412
2001-04-22,2.3603418993498613,2.6398890296410693,2.1613582522321275,2.615743125694749
2001-04-23,2.374218807675487,2.6502180470902283,2.1692631885144005,2.6248936446602595
2001-04-24,2.3695810845966943,2.6403054517468996,2.160292060274299,2.61542043155447
2001-04-25,2.345967105863517,2.6097714563798915,2.134157690898348,2.5869293761057057
2001-04-26,2.3037916067853605,2.5591909311835987,2.091380183127715,2.539927086350758
2001-04-27,2.2443132846663043,2.490054442922428,2.0332525576936264,2.4757843304923406
2001-04-28,2.169539387359758,2.4046605095425817,1.9617474838648266,2.3966329824766945
2001-04-29,2.082077415359126,2.305950259404487,1.879374775115962,2.3052073722856488
2001-04-30,1.9849492964508124,2.1973014065104444,1.7890042522394622,2.2046465296579756
2001-05-01,1.8813865851774176,2.082301939438074,1.6936715736557104,2.098277207049016
2001-05-02,1.774626060055743,1.9645248063806813,1.5963853828153372,1.989398415935804
2001-05-03,1.667723574163164,1.8473231999599462,1.4999526588695964,1.8810865481401626
2001-05-04,1.5634005348106141,1.7336622151858725,1.4068358354794823,1.7760363852002294
2001-05-05,1.463932576372326,1.62599736379008,1.3190506717569728,1.676448102894341
2001-05-06,1.3710846099881164,1.5262045147578058,1.2381087420589882,1.5839645757596468
2001-05-07,1.2860912458371356,1.435560128648289,1.1650034789083261,1.4996576965035195
2001-05-08,1.20967722779182,1.3547658637633182,1.1002345620348133,1.42405773572159
2001-05-09,1.142109431039585,1.28400823202116,1.0438625083320572,1.3572164456444178
2001-05-10,1.083270342113778,1.2230421816860164,0.9955837640170473,1.298792863519166
2001-05-11,1.0327427245074643,1.1712872359465527,0.9548163908265449,1.248150549101878
2001-05-12,0.9898961400528081,1.1279258672815398,0.9207873535420514,1.204456047291349
2001-05-13,0.9539677957764998,1.091995753509007,0.8926141244101612,1.1667703236212008
2001-05-14,0.9241324238749429,1.062470010715374,0.8693754478432837,1.1341273528310276
2001-05-15,0.8995582090369204,1.0383220258342682,0.8501683058065985,1.105596550803733
2001-05-16,0.8794478565966826,1.0185737931732384,0.8341501099090766,1.0803280087272378
2001-05-17,0.8630655512376838,1.0023284801545396,0.8205667346520648,1.057581304086629
2001-05-18,0.8497516980814641,0.9887892079395292,0.8087681107049086,1.036739927062358
2001-05-19,0.8389279661729027,0.9772667323894544,0.7982137169835376,1.0173140722565983
2001-05-20,0.8300953359154394,0.9671789233942432,0.7884705087025404,0.998934775705309
2001-05-21,0.8228276932497542,0.9580447820919984,0.7792056953640287,0.981342239158684
2001-05-22,0.8167631334469702,0.9494753360053718,0.7701764498576017,0.9643708047609106
2001-05-23,0.8115946477287158,0.9411632332451115,0.7612181921965492,0.9479325424620094
2001-05-24,0.8070613571126364,0.9328723174192383,0.7522326339197156,0.9320008863873073
2001-05-25,0.8029409937841028,0.9244279742045871,0.7431763516198585,0.9165952730332912
2001-05-26,0.7990439481121593,0.9157086389314381,0.7340503150083638,0.9017673330932684
2001-05-27,0.7952089136779673,0.9066385574146721,0.7248905395963194,0.8875888852669687
2001-05-28,0.7912999711648098,0.8971816967619821,0.7157598639392289,0.8741417720998106
2001-05-29,0.7872048420386669,0.8873365947470739,0.7067407541749436,0.8615094512213096
2001-05-30,0.7828339970761999,0.877131895967191,0.6979289974665435,0.8497701916856034
2001-05-31,0.7781203046508036,0.8666223300489162,0.6894281435302071,0.8389917051783361
2001-06-01,0.7730189328347771,0.8558849234105528,0.6813445741904138,0.8292270485484353
2001-06-02,0.7675072646108745,0.8450152869396599,0.673783112555151,0.8205116539650092
2001-06-03,0.7615846371682947,0.8341238767990979,0.6668431171359916,0.8128613664540592
2001-06-04,0.7552717680042832,0.8233321774922738,0.6606150364476204,0.8062713897017878
2001-06-05,0.7486097786075108,0.8127688013210587,0.6551774232943863,0.8007160567782053
2001-06-06,0.7416587690117582,0.8025655346499193,0.6505944239640853,0.7961493518810243
2001-06-07,0.734495932866314,0.7928533885738598,0.6469137660208689,0.7925061127129606
2001-06-08,0.727213232970432,0.7837587301473274,0.6441652701604543,0.7897038418158692
2001-06-09,0.7199146818921767,0.7753995811587424,0.6423599078439953,0.7876450505302001
2001-06-10,0.712713291860441,0.7678821755712655,0.6414894184390109,0.7862200526894884
2001-06-11,0.7057277730724464,0.7612978652305253,0.6415264885947827,0.7853101180190307
2001-06-12,0.6990790703033126,0.7557204572247309,0.6424254836749838,0.7847908885908607
2001-06-13,0.6928868345577204,0.7512040562396263,0.6441237072288215,0.784535956459742
2001-06-14,0.68726592971886,0.7477814721627144,0.6465431505289332,0.7844204974017195
2001-06-15,0.6823230739442192,0.7454632377753817,0.649592680835564,0.7843248549236521
2001-06-16,0.678153712143202,0.744237264298076,0.6531706048426652,0.7841379706521071
2001-06-17,0.674839209479191,0.744069144460076,0.6571675331998383,0.78376056192981
2001-06-18,0.6724444467354056,0.7449030942639573,0.661469463467365,0.7831079549002035
2001-06-19,0.6710158868825263,0.7466635062939803,0.6659609926435514,0.7821124913848262
2001-06-20,0.670580168647722,0.7492570698380715,0.6705285667116365,0.7807254401970097
2001-06-21,0.671143267716897,0.752575396780318,0.6750636736101903,0.7789183578514012
2001-06-22,0.6726902498514997,0.756498077655796,0.6794658876753883,0.7766838595197354
2001-06-23,0.6751856231447984,0.7608960798677856,0.683645677893417,0.7740357780964597
2001-06-24,0.6785742793746727,0.7656353902093341,0.6875268991154844,0.7710087068859582
2001-06-25,0.6827829974300317,0.7705807967925359,0.6910488945314522,0.7676569391988546
2001-06-26,0.6877224655862118,0.7755997014735879,0.6941681489080586,0.7640528355366564
2001-06-27,0.693289764448659,0.7805658529857812,0.6968594450512506,0.7602846655507234
2001-06-28,0.6993712391051801,0.7853628932816066,0.6991164902759853,0.7564539871075884
2001-06-29,0.7058456778080499,0.7898876149731636,0.7009519949481443,0.7526726381413694
2001-06-30,0.7125877056716973,0.7940528360917551,0.7023972009613809,0.749059428140678
2001-07-01,0.7194712956744049,0.7977898094227798,0.7035008738713359,0.7457366247800229
2001-07-02,0.726373295872023,0.8010500970926271,0.7043277878735165,0.7428263371145837
2001-07-03,0.7331768712656754,0.8038068565033092,0.7049567474333447,0.7404468997419686
2001-07-04,0.7397747612271984,0.8060555006835342,0.7054782027359537,0.7387093623091551
2001-07-05,0.7460722587046326,0.8078137141624349,0.705991527834031,0.7377141857079484
2001-07-06,0.7519898254521916,0.8091208240542512,0.7066020400968137,0.7375482403455209
2001-07-07,0.7574652680234174,0.81003654463314,0.7074178470217786,0.7382821931695658
2001-07-08,0.7624554119301892,0.8106391317409888,0.7085466114477283,0.7399683589214531
2001-07-09,0.7669372258387508,0.8110230003868706,0.7100923285602233,0.7426390777084714
2001-07-10,0.7709083635298465,0.8112958743739795,0.7121522077399489,0.746305665813685
2001-07-11,0.7743871081362288,0.8115755502823686,0.7148137492813946,0.7509579701365197
2001-07-12,0.7774117204033568,0.8119863692545278,0.7181521003902976,0.7565645392553318
2001-07-13,0.7800392099011061,0.8126554984552863,0.722227766815751,0.7630734063266815
2001-07-14,0.7823435647504908,0.813709129564737,0.7270847462187408,0.7704134613972379
2001-07-15,0.7844134910401062,0.815268704054798,0.7327491372189106,0.7784963737118094
2001-07-16,0.7863497272420918,0.8174472742275105,0.7392282643460083,0.7872190087447573
2001-07-17,0.7882620111895317,0.820346105078664,0.7465103442473121,0.7964662704191998
2001-07-18,0.790265787192937,0.8240516151066049,0.7545647028960771,0.8061142867200958
2001-07-19,0.7924787483641953,0.8286327444133007,0.7633425376587428,0.8160338470070189
2001-07-20,0.7950173139660296,0.8341388261247512,0.7727782023682784,0.8260939920755067
2001-07-21,0.7979931434767908,0.8405980226457278,0.7827909784705446,0.8361656536116172
2001-07-22,0.8015097880001953,0.8480163719780955,0.7932872812947771,0.8461252382596833
2001-07-23,0.8056595756881363,0.8563774717420389,0.8041632379522041,0.8558580531192649
2001-07-24,0.8105208210960435,0.8656428101526286,0.81530756265029,0.8652614740580382
2001-07-25,0.8161554390490476,0.8757527345503008,0.8266046466329711,0.8742477656409433
2001-07-26,0.8226070319327913,0.8866280297008963,0.8379377737669279,0.8827464715187094
2001-07-27,0.8298995056712895,0.8981720604988457,0.849192369168781,0.8907063065012474
2001-07-28,0.8380362544095009,0.9102734174327783,0.8602591873127358,0.8980964959064758
2001-07-29,0.8469999375196285,0.9228089886755756,0.8710373478000746,0.9049075237086479
2001-07-30,0.8567528554704907,0.93564737035849,0.8814371313608912,0.9111512680529186
2001-07-31,0.8672379138309271,0.9486525168362674,0.8913824555679378,0.9168605203633297
2001-08-01,0.8783801477190974,0.9616875258282865,0.9008129589733255,0.9220879020404227
2001-08-02,0.8900887628485151,0.9746184494292202,0.9096856336648687,0.926904210110119
2001-08-03,0.9022596344247721,0.9873180212337456,0.9179759592547594,0.9313962396465456
2001-08-04,0.9147781919435658,0.9996691922350939,0.9256785056837431,0.9356641458737045
2001-08-05,0.9275226068115412,1.011568373666965,0.9328069875347162,0.9398184221193372
2001-08-06,0.9403671909774755,1.022928293403843,0.9393937683593226,0.943976580866587
2001-08-07,0.9531859086742192,1.0336803836724135,0.9454888293738063,0.9482596337058028
2001-08-08,0.9658559001071451,1.0437766313356045,0.951158232319152,0.9527884717834739
2001-08-09,0.9782609155766605,1.0531908375012542,0.9564821208602137,0.95768025121068
2001-08-10,0.9902945611008108,1.0619192502329349,0.9615523181988407,0.963044887747044
2001-08-11,1.0018632620346093,1.0699805522102297,0.9664695902134383,0.9689817619221801
2001-08-12,1.0128888593091112,1.0774152037787523,0.9713406530765032,0.975576729685973
2001-08-13,1.0233107635009606,1.0842841604104805,0.9762750116645235,0.9828995248667642
2001-08-14,1.0330876046870532,1.090667001626721,0.981381719948955,0.9910016284166685
2001-08-15,1.0421983305715785,1.0966595253995488,0.9867661568022886,0.9999146659616376
2001-08-16,1.050642721275124,1.1023708774536423,0.9925269102047216,1.0096493799385826
2001-08-17,1.0584413059892293,1.1079202982950629,0.9987528597076603,1.0201952060321997
2001-08-18,1.0656346839400466,1.113433581810101,1.0055205412903387,1.031520466197677
2001-08-19,1.07228226927456,1.1190393475883378,1.0128918706002472,1.0435731727748145
2001-08-20,1.0784604960870887,1.1248652344898982,1.0209122902315626,1.0562824205766919
2001-08-21,1.084260535363943,1.131034125242795,1.0296093944665226,1.0695603268801042
2001-08-22,1.0897855896913777,1.1376605109569895,1.038992071135071,1.0833044634442814
2001-08-23,1.0951478437409912,1.1448471004032337,1.0490501853353198,1.0974007104945407
2001-08-24,1.1004651584664389,1.1526817718433626,1.059754814131207,1.1117264504375681
2001-08-25,1.1058576043299957,1.1612349553180668,1.0710590254547716,1.1261540092758584
2001-08-26,1.1114439335139847,1.1705575208831618,1.0828991787468225,1.1405542465429752
2001-08-27,1.1173380928269179,1.1806792336938625,1.0951967098238335,1.154800190294771
2001-08-28,1.1236458778366787,1.191607820489413,1.1078603484945277,1.1687706123880925
2001-08-29,1.1304618246871503,1.2033286743986782,1.120788704969352,1.1823534409954053
2001-08-30,1.1378664291980094,1.215805206579548,1.1338731504697563,1.1954489119917033
2001-08-31,1.1459237734074301,1.2289798345518008,1.1470009089584865,1.2079723683738173
2001-09-01,1.1546796279665947,1.242775578722212,1.1600582708216767,1.219856627015043
2001-09-02,1.1641600850717357,1.257098221061663,1.1729338358139623,1.2310538445272476
2001-09-03,1.1743707613197971,1.2718389636822631,1.185521691730542,1.2415368284389852
2001-09-04,1.1852965934385984,1.286877510645652,1.197724437119695,1.2512997558853791
2001-09-05,1.1969022327456553,1.3020854841271852,1.2094559608421307,1.260358279082616
2001-09-06,1.2091330269243272,1.3173300764166715,1.22064389829049,1.2687490145347107
2001-09-07,1.221916560769499,1.3324778324326427,1.2312316934010277,1.2765284306829452
2001-09-08,1.2351647114360214,1.3473984536601111,1.2411802069515663,1.2837711660471383
2001-09-09,1.2487761588860615,1.361968513799886,1.2504688247174578,1.2905678263226759
2001-09-10,1.2626392791044605,1.376074978958745,1.2590960334736787,1.2970223239148508
2001-09-11,1.2766353366122933,1.3896184308409134,1.2670794481704883,1.3032488365794965
2001-09-12,1.290641884176621,1.4025158999599012,1.2744552894302508,1.309368472816046
2001-09-13,1.3045362716375417,1.4147032271291842,1.2812773263578405,1.3155057401094745
2001-09-14,1.318199162624655,1.4261368850863674,1.2876153150697167,1.3217849177974348
2001-09-15,1.3315179577044898,1.4367952076664139,1.2935529778830137,1.328326439084679
2001-09-16,1.3443900251952035,1.4466789910165627,1.2991855813466284,1.3352433864591824
2001-09-17,1.3567256464271131,1.4558114494465457,1.3046171828596973,1.3426382014912723
2001-09-18,1.3684505904576492,1.464237527110589,1.3099576251756553,1.3505997038126536
2001-09-19,1.3795082439300739,1.47202258528649,1.3153193653569504,1.3592005051551694
2001-09-20,1.3898612345889187,1.4792505030165748,1.320814229517177,1.3684948929365939
2001-09-21,1.3994925015626103,1.4860212457872461,1.3265501868269047,1.3785172443419882
2001-09-22,1.4084057814755404,1.4924479722622044,1.3326282357063497,1.389281016555741
2001-09-23,1.4166254963009477,1.4986537624099217,1.339139491900956,1.4007783421955529
2001-09-24,1.4241960461328653,1.504768061301584,1.346162562333962,1.4129802415706507
2001-09-25,1.4311805272553424,1.5109229411001968,1.3537612804325854,1.4258374456488963
2001-09-26,1.437658912550576,1.5172492891063163,1.3619828682930708,1.4392818061110748
2001-09-27,1.443725746985939,1.5238730320734224,1.3708565789312466,1.4532282521557378
2001-09-28,1.449487425299271,1.5309115063968664,1.3803928584023477,1.4675772383826364
2001-09-29,1.4550591318291235,1.5384700804310547,1.3905830533266783,1.4822176147643094
2001-09-30,1.4605615336654523,1.546639129550759,1.4013996750430533,1.4970298391452057
2001-10-01,1.4661173281567865,1.5554914574140348,1.4127972181670823,1.5118894457861838
2001-10-02,1.4718477549314735,1.5650802494132896,1.4247135200088858,1.526670681381066
2001-10-03,1.4778691921522409,1.5754376383133528,1.4370716397964978,1.5412502243214876
2001-10-04,1.4842899686184776,1.5865739601200055,1.4497822352270457,1.5555109159829372
2001-10-05,1.4912075403005973,1.5984777837355173,1.4627464214892705,1.5693454573896957
2001-10-06,1.4987062055428149,1.6111168152686417,1.4758591182264915,1.5826600644839408
2001-10-07,1.5068555717374728,1.6244398119248473,1.4890129270609287,1.5953781345707716
2001-10-08,1.51571004191715,1.638379696004323,1.502102640199757,1.6074440592940706
2001-10-09,1.5253096651280569,1.6528581397914952,1.5150305616945121,1.6188274279560149
2001-10-10,1.5356827885713202,1.6677919959285588,1.527712925838818,1.6295279971878287
2001-10-11,1.5468510542054148,1.6831020663072191,1.5400878138768628,1.6395819492852854
2001-10-12,1.5588373785739085,1.698724814421921,1.552125081953994,1.6490701003061419
2001-10-13,1.5716776076936645,1.7146276936582854,1.5638388869354796,1.6581288123225504
2001-10-14,1.585436496769158,1.7308287297408134,1.5753033823076386,1.666964354933958
2001-10-15,1.6002284582988295,1.7474207835977988,1.5866719878049746,1.6758712740745207
2001-10-16,1.6162430730406618,1.7646004445074828,1.5982002383310818,1.6852548756203083
2001-10-17,1.6337745933622267,1.7827006821877274,1.610271520314618,1.6956571379702827
2001-10-18,1.6532535458129511,1.8022251740795385,1.6234239664183159,1.7077841857610634
2001-10-19,1.675277081684387,1.823880644442256,1.6383754229283425,1.7225319094993399
2001-10-20,1.700633053113904,1.8486017384545081,1.6560418432462167,1.7410045339944704
2001-10-21,1.7303111579283355,1.8775611807083983,1.677542931758727,1.7645191903635238
2001-10-22,1.7654932829050822,1.9121566535517747,1.7041877280050746,1.7945882445952985
2001-10-23,1.8075148704842567,1.9539655109742955,1.7374325431439857,1.8328708047570328
2001-10-24,1.857790253685883,2.0046596825786906,1.7788047270064498,1.881086023157173
2001-10-25,1.9176978676185668,2.065876378994836,1.829788551551494,1.940883980426065
2001-10-26,1.9884262224059013,2.1390456696715763,1.891674205186961,2.013675267546681
2001-10-27,2.070788277089248,2.22518340915986,1.965377280224087,2.1004276178494226
2001-10-28,2.165019645808839,2.324666526427918,2.051243501079146,2.201446287732532
2001-10-29,2.2705836454898436,2.4370159928320696,2.148860599778111,2.3161629985873033
2001-10-30,2.3860119344563535,2.560719068807557,2.2569046608058723,2.4429643883310352
2001-10-31,2.5088116808706893,2.693124820318346,2.3730503080708574,2.579093238615144
2001-11-01,2.6354674325822542,2.8304438531809946,2.493971462113249,2.7206527326990955
2001-11-02,2.7615574633080247,2.9678739999193082,2.6154514195997556,2.862734937203214
2001-11-03,2.881990748199227,3.099858753020035,2.732608083016115,2.9996800239492756
2001-11-04,2.9913534976632072,3.220466349018809,2.8402238336117414,3.125454201436329
2001-11-05,3.0843360500110997,3.323857526722652,2.9331523504999497,3.2341148106353956
2001-11-06,3.1561952193813028,3.4047927574749943,3.0067597853440615,3.320314135409489
2001-11-07,3.203197196929571,3.4591187718229186,3.0573482128775615,3.3797827122168886
2001-11-08,3.2229842860609828,3.484172198337173,3.0825075371409127,3.4097309585858384
2001-11-09,3.2148161389047174,3.479046207435418,3.081349010342223,3.4091158745710306
2001-11-10,3.179651969364581,3.4446833595539537,3.0545884758044735,3.3787365656007897
2001-11-11,3.120061923941979,3.3837816277423785,3.0044679892196187,3.321145675512518
2001-11-12,3.0399796140775885,3.3005266570959257,2.934527023748853,3.2403894403387365
2001-11-13,2.9443295142897807,3.2001870932329273,2.849255011309203,3.1416124195794306
2001-11-14,2.8385787280099133,3.088627116673486,2.7536719349120258,3.0305799672976454
2001-11-15,2.7282699940548496,2.9717983943730095,2.652890675610388,2.913179456789283
2001-11-16,2.61859096964483,2.855271647574207,2.551713092274086,2.794959328908151
2001-11-17,2.5140248037383865,2.743857057436106,2.4543023411836145,2.6807542941667446
2001-11-18,2.4181112834806937,2.6413454997811705,2.363959069325498,2.574428143491498
2001-11-19,2.333329679005072,2.550382714039589,2.283011947307299,2.4787461393903847
2001-11-20,2.261097156823769,2.472469616615515,2.212816696323545,2.39537044606471
2001-11-21,2.2018629786871458,2.4080670225824594,2.153844863350877,2.324957414156457
2001-11-22,2.155270274875156,2.356773820667094,2.1058356463650023,2.2673265079522
2001-11-23,2.1203543834563905,2.317544598266989,2.0679814495663025,2.2216676844608565
2001-11-24,2.0957489084145484,2.2889150992849854,2.0391199206462045,2.1867563819440297
2001-11-25,2.0798763644450053,2.269210177560709,2.0179106567924405,2.1611514388430675
2001-11-26,2.071107832400437,2.2567172059426115,2.002981941565845,2.1433594013597403
2001-11-27,2.0678838235321164,2.24981643638373,1.9930402534537552,2.1319570437632493
2001-11-28,2.0687952925089874,2.2470672093576893,1.9869416844915722,2.1256711754701354
2001-11-29,2.0726287077908103,2.2472543690905575,1.9837291219380508,2.123420146525731
2001-11-30,2.0783820489952776,2.2494024974691267,1.982641855469399,2.124324636550969
2001-12-01,2.085259723402035,2.2527668188204992,1.983105336530093,2.1276965034289357
2001-12-02,2.0926540971460588,2.256809309413249,1.984708532454649,2.1330141283650965
2001-12-03,2.1001201362260256,2.261167233897254,1.9871751736902579,2.139891377964915
2001-12-04,2.107348035847995,2.265619560211015,1.9903336498405553,2.1480455366008435
2001-12-05,2.114137067317384,2.2700548949086468,1.9940887327362429,2.1572677566757053
2001-12-06,2.120372439041211,2.274443005691216,1.9983969288704295,2.1673979994332293
2001-12-07,2.1260058737212186,2.2788107904694277,2.0032462049240323,2.1783052263504943
2001-12-08,2.1310398690544963,2.283222736383518,2.008640109795628,2.1898727750746003
2001-12-09,2.135515191439335,2.287765441306336,2.0145858947542816,2.201988369400379
2001-12-10,2.1395009774641367,2.2925355639188374,2.0210860408915208,2.21453799156077
2001-12-11,2.143086806660037,2.29763053960243,2.028132565301702,2.227402802427907
2001-12-12,2.146376191246378,2.3031414720479826,2.0357035289887,2.2404583568628897
2001-12-13,2.149481051410802,2.3091477270873235,2.0437612609772984,2.2535754712228395
2001-12-14,2.1525168729069413,2.315712877828437,2.052251911948106,2.2666222208058926
2001-12-15,2.1555983575251814,2.3228817574355936,2.0611060387279023,2.279466655891241
2001-12-16,2.1588354676064427,2.330678458821018,2.070239990493987,2.2919799170008033
2001-12-17,2.162329831719354,2.339105177926825,2.0795579176343195,2.3040395016093904
2001-12-18,2.1661715223078937,2.34814183223339,2.0889542574743554,2.3155324883214394
2001-12-19,2.1704362415536966,2.3577464034033544,2.0983165715698204,2.3263585646328697
2001-12-20,2.175182963123633,2.3678559575096925,2.1075286210897084,2.3364327349953378
2001-12-21,2.1804520786559385,2.37838829245907,2.1164735735128564,2.34568761051873
2001-12-22,2.1862640918274487,2.3892441534985904,2.1250372381617253,2.3540752028919494
2001-12-23,2.192618891982522,2.40030994671296,2.1331112319281114,2.3615681646911253
2001-12-24,2.1994956253463718,2.411460869076697,2.1405959811623037,2.3681604371638625
2001-12-25,2.206853166107651,2.4225643632505913,2.1474034718315744,2.37386728526445
2001-12-26,2.2146311731450328,2.4334837968090346,2.153459668053472,2.37872471822516
2001-12-27,2.2227517016895124,2.4440822595546745,2.15870652904975,2.3827883120966433
2001-12-28,2.2311213234149108,2.4542263693918027,2.1631035663330156,2.3861314681477483
2001-12-29,2.2396336938878756,2.463789977089945,2.166628896284797,2.388843157385098
2001-12-30,2.248172493457175,2.4726576632351827,2.1692797578748557,2.391025216318768
2001-12-31,2.2566146569175456,2.4807279266825644,2.171072480711877,2.3927892720629114
2002-01-01,2.2648337989691645,2.487915972730063,2.172041904473021,2.394253385559981
2002-01-02,2.2727037368582215,2.494156020785426,2.1722402665849674,2.395538509854965
2002-01-03,2.2801020087977326,2.4994030651679893,2.1717355903736513,2.3967648656960407
2002-01-04,2.286913286926227,2.503634038494753,2.170609620335892,2.3980483391623832
2002-01-05,2.293032586694941,2.5068483444256855,2.1689553643297055,2.39949700548543
2002-01-06,2.2983681806705665,2.509067744974538,2.1668743140274893,2.40120787983728
2002-01-07,2.3028441338026036,2.5103356067920135,2.1644734247629174,2.4032639898982824
2002-01-08,2.306402389354854,2.5107155306653794,2.161861944009828,2.4057318570699033
2002-01-09,2.3090043503831867,2.5102894092504866,2.1591481846777554,2.4086594643514196
2002-01-10,2.3106319219715123,2.509154980877058,2.1564363464774003,2.4120747810896033
2002-01-11,2.311288006772658,2.5074229747137413,2.1538234983838347,2.415984911429101
2002-01-12,2.310996485192543,2.505213979596073,2.151396852385095,2.420375940068388
2002-01-13,2.3098017694695945,2.5026552239651885,2.1492314910701773,2.4252135751084642
2002-01-14,2.3077681100015037,2.499877541097038,2.1473887712539073,2.4304447473785866
2002-01-15,2.3049789697211436,2.4970129312414144,2.1459157297192806,2.436000438128829
2002-01-16,2.3015369894789637,2.494193344217091,2.14484598625724,2.4418001963671805
2002-01-17,2.2975653654917876,2.4915516161331994,2.144202894390419,2.4477590971840812
2002-01-18,2.2932118600583506,2.4892259148557265,2.1440060427610073,2.4537982959484252
2002-01-19,2.2886571519446304,2.487369562515868,2.144282644828344,2.459860832794635
2002-01-20,2.2841297318424854,2.486168632195411,2.1450858044989465,2.4659348613770318
2002-01-21,2.2799299046853205,2.485870089048631,2.1465219631522303,2.4720868477823017
2002-01-22,2.2764654077227835,2.486823171864461,2.1487897673385965,2.47850722344634
2002-01-23,2.274300313714523,2.4895357763812904,2.1522317893581273,2.4855700743648437
2002-01-24,2.2742168234379943,2.4947453259817465,2.157398569721039,2.4939062359051007
2002-01-25,2.2772858832973264,2.503499585317457,2.165120973844758,2.5044852319745217
2002-01-26,2.2849371808704615,2.5172369662932708,2.1765817599777018,2.5186957291586225
2002-01-27,2.2990123898381403,2.537848549834116,2.1933709351824846,2.538407017478771
2002-01-28,2.321778740919374,2.5676965995681833,2.21750305306597,2.5659867528542426
2002-01-29,2.3558751378579905,2.609559022016133,2.2513700220783526,2.6042450058447844
2002-01-30,2.404162838376054,2.6664690137565055,2.2976028226401817,2.6562744811972068
2002-01-31,2.469459975501696,2.74142709306627,2.3588224219787546,2.7251646080239036
2002-02-01,2.554155790086917,2.8369809072831327,2.437275911744836,2.813585076767786
2002-02-02,2.659726176924918,2.95469641409008,2.534378281662007,2.9232620964013996
2002-02-03,2.7862037480500317,3.094578675420743,2.6502101890855854,3.054404650932855
2002-02-04,2.931686497991498,3.2545343559450957,2.783051349670184,3.205171263474954
2002-02-05,3.0919902926812264,3.429991195510381,2.9290492134348187,3.371290526862003
2002-02-06,3.2605524946147866,3.613792033777141,3.0821245957211993,3.5459509318454794
2002-02-07,3.4286705482362176,3.796455246153998,3.2341937172373854,3.7200502930532586
2002-02-08,3.5861095530021143,3.9668389043947583,3.3757389812765166,3.8828415556116425
2002-02-09,3.7220436653713738,4.113170182825391,3.496695328810035,4.022937398259334
2002-02-10,3.8262217697672516,4.224320023251302,3.5875485835162166,4.129556069499956
2002-02-11,3.890186662887868,4.291136031590379,3.6404842689872905,4.193825103846027
2002-02-12,3.90834662167163,4.307613309211923,3.6503966279016984,4.209926902898612
2002-02-13,3.8787098981081694,4.271695721435004,3.6155786258114384,4.17588269843176
2002-02-14,3.803147069876292,4.185559704091081,3.5379652108701043,4.0938298581672985
2002-02-15,3.6871322861843496,4.055327066106446,3.42288362173512,3.969740037719024
2002-02-16,3.539012265755278,3.8902604279483852,3.2783571368256617,3.8126308062642695
2002-02-17,3.3689380172816716,3.701589290009993,3.114090173680023,3.6334159125162313
2002-02-18,3.187648644359272,3.501174317901788,2.940314125294816,3.4435977936399964
2002-02-19,3.0053082784166576,3.300230222955451,2.7666843577669638,3.254018451278497
2002-02-20,2.83056682019894,3.108294335699822,2.601390021234937,3.073852142504584
2002-02-21,2.6699539879666663,2.9325609175431167,2.45058037256027,2.909957527244923
2002-02-22,2.5276417844266317,2.777619733776437,2.318140852627909,2.766626915410585
2002-02-23,2.4055413246050232,2.6455616031449716,2.2057866444203813,2.6456958691678407
2002-02-24,2.3036501876353395,2.5363590771955193,2.113394281020963,2.546922876660682
2002-02-25,2.2205429844586795,2.448404666820212,2.0394696258273637,2.4685235603379656
2002-02-26,2.1538999418541063,2.379091325753753,1.9816525211308733,2.4077461329401144
2002-02-27,2.1009894570294922,2.325343062271077,1.93717841011323,2.3613975435901255
2002-02-28,2.0590514739507912,2.2840373887286987,1.9032464744541873,2.3262629657004625
2002-03-01,2.025560147942763,2.2522959457164125,1.8772737510101067,2.299395266111771
2002-03-02,1.9983700088832914,2.227647833041825,1.857039057403775,2.2782787767655748
2002-03-03,1.975766438580467,2.2080883642292735,1.8407362749395024,2.2608895540922695
2002-03-04,1.956448540654512,2.192063911435536,1.826963414960779,2.245682137473968
2002-03-05,1.9394722865378657,2.1784132894396513,1.8146737163589384,2.2315326325530487
2002-03-06,1.9241769651076186,2.1662908045067173,1.8031104345395577,2.2176627528729638
2002-03-07,1.9101111671618094,2.155088648191179,1.7917405618699431,2.203562178825786
2002-03-08,1.8969678501815723,2.144368994550153,1.780196407679548,2.188919439774542
2002-03-09,1.8845326387794585,2.1338102603123192,1.7682288838811382,2.1735657666190153
2002-03-10,1.87264583830594,2.123167967333292,1.7556728838430424,2.15743244456649
2002-03-11,1.8611765623789327,2.112248383374499,1.7424232015931758,2.1405199991994364
2002-03-12,1.8500065225345554,2.100892197338918,1.7284186580150223,2.122876666706571
2002-03-13,1.8390209614935267,2.088965427939359,1.713632064672811,2.1045835592254973
2002-03-14,1.8281045541474423,2.076355157307827,1.698064006979786,2.0857443329269283
2002-03-15,1.8171405866758528,2.0629682317409284,1.6817389143456587,2.0664777133967256
2002-03-16,1.806012198993533,2.048731610028246,1.6647023580146294,2.0469117624896467
2002-03-17,1.7946048690869185,2.033593488506208,1.6470189106642799,2.0271792074304207
2002-03-18,1.78280961418429,2.0175246735759598,1.6287702001562996,2.0074134794157157
2002-03-19,1.7705265955585452,2.000519920068494,1.6100530043830277,1.98774533847454
2002-03-20,1.75766896333607,1.9825991314686353,1.5909773856039884,1.9683001177439094
2002-03-21,1.7441668866006867,1.963808448915216,1.5716649712007427,1.9491957269802218
2002-03-22,1.7299717984634557,1.9442213574141403,1.5522475685079313,1.9305416296899367
2002-03-23,1.7150609546555964,1.9239400194758716,1.5328663628366779,1.9124390609074997
2002-03-24,1.6994424594976603,1.9030971103253167,1.5136719919054418,1.894982786039063
2002-03-25,1.6831609501123377,1.8818584696930296,1.4948258124294267,1.8782647110352997
2002-03-26,1.666304137992105,1.8604268914810462,1.4765026660229352,1.862379630043882
2002-03-27,1.6490103713994018,1.8390473278299766,1.4588953980087636,1.8474333233320903
2002-03-28,1.6314772847427506,1.818013668932373,1.442221267901919,1.8335530775137237
2002-03-29,1.6139714245074508,1.7976770553781585,1.4267301982974727,1.8209004741582817
2002-03-30,1.5968384726393756,1.7784553720832275,1.412714528162328,1.8096859688957525
2002-03-31,1.5805133248693959,1.7608431594602019,1.4005195653909128,1.8001843593581386
2002-04-01,1.565528837334487,1.7454206742306773,1.3905537859807475,1.7927497327350288
2002-04-02,1.5525215666369443,1.7328602797745476,1.3832970387819337,1.7878279326182727
2002-04-03,1.5422323594680032,1.7239278140105938,1.379304646144961,1.7859640589568615
2002-04-04,1.5354992880945089,1.7194761706248094,1.3792049278423806,1.7878021116986182
2002-04-05,1.5332402882147826,1.720428158983626,1.383687523963863,1.794073727695529
2002-04-06,1.5364230545259343,1.7277459097337953,1.3934800649220596,1.8055731694915615
2002-04-07,1.5460203926430292,1.7423847833306016,1.4093113339167438,1.8231164176019545
2002-04-08,1.5629503806379859,1.765230991242278,1.4318601528393091,1.8474834666724385
2002-04-09,1.588002359247483,1.797023954523104,1.4616907967101411,1.8793447300687784
2002-04-10,1.6217518553545485,1.8382667020003012,1.499177717897724,1.9191747183706442
2002-04-11,1.6644698528066755,1.8891301360793447,1.5444245540752592,1.967158663821004
2002-04-12,1.716034061932309,1.949359443872974,1.597184522641387,2.023100196057221
2002-04-13,1.775851634520459,2.0181928999211847,1.656791018797987,2.086340136143024
2002-04-14,1.8428037305413945,2.094304362445248,1.72210816118768,2.155697541576561
2002-04-15,1.9152221159669225,2.175780523644987,1.791510835528145,2.2294439267496187
2002-04-16,1.990906326403138,2.260142182361838,1.8629022534350226,2.305319851605889
2002-04-17,2.06718682606882,2.3444154172999663,1.9337741293811455,2.3805997689279894
2002-04-18,2.1410352178047605,2.4252537608017004,2.001310464412689,2.452206352998692
2002-04-19,2.209217352343985,2.4991067832065252,2.0625310219738093,2.5168699660358578
2002-04-20,2.2684797843586915,2.562424597272011,2.1144654944775993,2.571323141254842
2002-04-21,2.3157551904587983,2.6118825150465774,2.1543448094442503,2.612514790606842
2002-04-22,2.3483688639908875,2.6446062721881116,2.1797927333874245,2.637825101401579
2002-04-23,2.3642268645769957,2.6583765683435634,2.1889994972991986,2.6452604473558954
2002-04-24,2.3619672028670258,2.6517925683583035,2.1808599449839687,2.6336085099566167
2002-04-25,2.341058617977834,2.624377505658473,2.155061727273427,2.6025372228136563
2002-04-26,2.301836722887016,2.5766152600900227,2.1121140150038444,2.552626756170519
2002-04-27,2.2454738888256442,2.509914021145349,2.0533134537242437,2.485330838541667
2002-04-28,2.173886323510884,2.4265009183773274,1.9806507906675492,2.4028713111594633
2002-04-29,2.089588398855586,2.3292587396576936,1.896667850178867,2.3080768851617175
2002-04-30,1.9955095114825785,2.2215215892907763,1.8042794749212263,2.2041826649944163
2002-05-01,1.8947919508558957,2.1068498351739122,1.7065780591916246,2.0946104022658885
2002-05-02,1.7905890710336965,1.9888055911294238,1.6066390616331383,1.9827502939935104
2002-05-03,1.6858815474304156,1.870748315086303,1.5073444306469326,1.8717634758540935
2002-05-04,1.5833260249341943,1.7556662874509747,1.4112375628798495,1.7644205892360765
2002-05-05,1.4851456589314584,1.6460544580697967,1.3204188410630011,1.6629865996098578
2002-05-06,1.3930666790924466,1.5438432508482371,1.2364856851853132,1.569156234085457
2002-05-07,1.3082999279638121,1.4503772263641574,1.1605161215817168,1.484038806880032
2002-05-08,1.231561981991907,1.3664377258469294,1.0930907342498888,1.4081865011791512
2002-05-09,1.1631273857748576,1.292300230949277,1.0343449234705107,1.341656842187945
2002-05-10,1.1029019121616197,1.2278153826585083,0.9840418402306703,1.284098335160715
2002-05-11,1.0505065577111699,1.1725023622555195,0.9416561504917249,1.2348480076506463
2002-05-12,1.0053629630142762,1.125644393761868,0.906459692002346,1.193030638223265
2002-05-13,0.9667727593311248,1.08637809656881,0.8776017862365406,1.157651397262634
2002-05-14,0.9339855924392665,1.0537708671504258,0.854179086103351,1.1276760453402908
2002-05-15,0.9062528914314021,1.026882994831165,0.835292026270114,1.1020953330215522
2002-05-16,0.88286653817599,1.0048134942316223,0.8200869169655012,1.079972504231662
2002-05-17,0.8631832563150689,0.9867304518512336,0.8077842985482845,1.0604746123643594
2002-05-18,0.8466366857183865,0.9718879364354343,0.7976952664462817,1.04288961548355
2002-05-19,0.8327397392840614,0.9596322124991141,0.7892280841460035,1.0266319235960981
2002-05-20,0.8210800210965374,0.9494001973434862,0.7818875890859226,1.011239298508283
2002-05-21,0.811310924537295,0.9407129305614751,0.7752697628086144,0.9963638685932341
2002-05-22,0.8031406451809185,0.933166411847192,0.7690534948759383,0.9817596440309345
2002-05-23,0.7963208477352047,0.9264216299112363,0.7629911248299384,0.9672684216067188
2002-05-24,0.7906362096509363,0.9201950516058938,0.7568988831219889,0.9528054484811184
2002-05-25,0.7858955904310767,0.9142503358583016,0.7506479303768397,0.9383457393475917
2002-05-26,0.7819251825835112,0.9083916223392287,0.7441563493119016,0.923911550374886
2002-05-27,0.7785637024182358,0.9024584357500113,0.7373821883565436,0.9095612213228537
2002-05-28,0.7756594746325006,0.8963220406599572,0.730317487985624,0.8953794014189579
2002-05-29,0.7730691415915938,0.889882965018221,0.7229831276534103,0.8814685611186416
2002-05-30,0.7706576692256865,0.8830693634614462,0.7154242960552215,0.8679416417425188
2002-05-31,0.7682993085805928,0.8758358941716641,0.7077063926692128,0.8549156885149986
2002-06-01,0.7658791892172185,0.8681628172218873,0.6999111984266215,0.8425063322391294
2002-06-02,0.7632952549908453,0.8600550735450339,0.6921331953563922,0.8308230168704877
2002-06-03,0.7604602949301793,0.8515411612639651,0.6844759600448004,0.8199649047127475
2002-06-04,0.7573038658687499,0.8426716831051725,0.6770485978134692,0.8100174215967273
2002-06-05,0.7537739456275058,0.8335174908629913,0.6699622202941475,0.8010494279063858
2002-06-06,0.7498381942262895,0.8241673983680469,0.6633264970930416,0.7931110165008725
2002-06-07,0.7454847353118574,0.8147254725043824,0.6572463322650339,0.7862319456735003
2002-06-08,0.7407224008763196,0.805307942671259,0.6518187288658867,0.7804207153133261
2002-06-09,0.7355804098144689,0.7960397932362052,0.6471299107903665,0.775664288792827
2002-06-10,0.7301074753739926,0.7870511216317787,0.6432527714336304,0.7719284532856179
2002-06-11,0.7243703584364192,0.7784733574427036,0.6402447144206641,0.7691587986374777
2002-06-12,0.7184519030346077,0.7704354456632102,0.6381459436499122,0.767282280834163
2002-06-13,0.7124486076315534,0.7630601007391269,0.6369782490178985,0.7662093216119568
2002-06-14,0.7064678004119863,0.7564602374398323,0.6367443211715372,0.7658363817434245
2002-06-15,0.7006244990580465,0.7507356803876402,0.6374276141428633,0.7660489327389384
2002-06-16,0.6950380450471377,0.7459702465540945,0.6389927593700425,0.7667247407242855
2002-06-17,0.6898286092804756,0.7422292845758139,0.6413865189667844,0.7677373675453757
2002-06-18,0.685113669712553,0.7395577417392671,0.6445392506989973,0.7689597880525616
2002-06-19,0.6810045625434972,0.7379788143639221,0.6483668424543263,0.7702680192593419
2002-06-20,0.6776032064621438,0.737493220545143,0.6527730604981857,0.7715446567788891
2002-06-21,0.6749990944643997,0.7380791163040654,0.657652243904252,0.7726822166438266
2002-06-22,0.6732666400718467,0.7396926576585049,0.6628922675803864,0.7735861862423055
2002-06-23,0.6724629545667957,0.7422691925167803,0.6683776885749703,0.7741776965000925
2002-06-24,0.6726261194392246,0.7457250481449044,0.6739929850693983,0.7743957383651332
2002-06-25,0.6737740039678836,0.7499598627917811,0.6796257947935042,0.7741988597943049
2002-06-26,0.675903662144499,0.7548593943726459,0.6851700596197473,0.7735662944238787
2002-06-27,0.6789913264499198,0.7602987253605086,0.690528985798798,0.7724984894938802
2002-06-28,0.6829929987858295,0.7661457716155421,0.6956177346159237,0.7710170179199095
2002-06-29,0.6878456216514905,0.7722649941224624,0.700365766021048,0.769163877164616
2002-06-30,0.6934687959281017,0.7785212067585698,0.7047187677914767,0.7670001952430381
2002-07-01,0.6997669958761732,0.7847833704489388,0.7086401147366186,0.7646043812915772
2002-07-02,0.7066322176179616,0.7909282644599067,0.7121118160039965,0.762069774146722
2002-07-03,0.7139469848808544,0.7968439291262305,0.715134923304839,0.7595018568548677
2002-07-04,0.7215876254788137,0.8024327808988273,0.7177293884200532,0.7570151175515278
2002-07-05,0.7294277242045829,0.8076143100488874,0.7199333742252724,0.7547296473458621
2002-07-06,0.7373416527202523,0.812327283397855,0.7218020392292466,0.7527675734309269
2002-07-07,0.7452080748146405,0.8165313887145029,0.723405830798779,0.7512494303925399
2002-07-08,0.752913326106739,0.8202082735184786,0.724828336408153,0.7502905744732713
2002-07-09,0.7603545708946474,0.8233619484902587,0.7261637549931793,0.7499977443113514
2002-07-10,0.7674426452747285,0.8260185440069598,0.7275140614421342,0.7504658674527943
2002-07-11,0.7741045047007559,0.8282254269737974,0.7289859461024232,0.7517752048506721
2002-07-12,0.7802852055569723,0.8300497035644079,0.7306876176674871,0.7539889158222501
2002-07-13,0.7859493637533567,0.8315761511881097,0.7327255617465197,0.7571511138137311
2002-07-14,0.7910820484286847,0.8329046394579015,0.7352013486962451,0.7612854691729058
2002-07-15,0.7956890851325671,0.8341471146653153,0.7382085828726992,0.766394399360196
2002-07-16,0.7997967598819259,0.8354242348523035,0.7418300813824731,0.7724588700928751
2002-07-17,0.8034509327595953,0.8368617526433287,0.7461353637949323,0.7794388133040864
2002-07-18,0.8067155867448935,0.8385867502724936,0.7511785253102395,0.7872741500152958
2002-07-19,0.8096708537473698,0.8407238355010026,0.7569965548211237,0.795886388780847
2002-07-20,0.8124105748861039,0.8433914082469213,0.7636081464780798,0.8051807537690293
2002-07-21,0.8150394654833728,0.8466981057093634,0.7710130391377489,0.8150487812739858
2002-07-22,0.8176699666361594,0.8507395286219385,0.7791919028531311,0.8253713099471409
2002-07-23,0.8204188742633252,0.8555953431637183,0.7881067757905365,0.836021778684948
2002-07-24,0.823403842939855,0.8613268422240251,0.7977020390868791,0.8468697372389893
2002-07-25,0.8267398654374614,0.8679750364721666,0.8079059016493658,0.857784468480442
2002-07-26,0.8305358295890918,0.875559330406798,0.8186323521952086,0.8686386180306831
2002-07-27,0.8348912518632445,0.8840768216923007,0.8297835223555999,0.8793117267559636
2002-07-28,0.8398932819369556,0.8935022441176022,0.8412523928142207,0.8896935644230417
2002-07-29,0.8456140647407312,0.9037885559546349,0.8529257645577976,0.8996871685434851
2002-07-30,0.8521085361398748,0.9148681568838295,0.8646874096700026,0.9092115009320627
2002-07-31,0.8594127159119815,0.9266546985295532,0.8764213109205083,0.9182036455240687
2002-08-01,0.8675425473400905,0.9390454365314943,0.8880148968378865,0.9266204842199038
2002-08-02,0.876493316978772,0.9519240564623013,0.8993621790819243,0.9344398025716993
2002-08-03,0.8862396714206535,0.9651638922375236,0.9103667017443704,0.9416607935620949
2002-08-04,0.8967362306757762,0.9786314443449381,0.9209442176258571,0.9483039450760359
2002-08-05,0.9079187805722293,0.9921900965730251,0.9310250144046013,0.9544103144320505
2002-08-06,0.919706009889568,1.0057039241921901,0.9405558237027679,0.9600402110079223
2002-08-07,0.9320017422281142,1.0190414839020034,0.9495012580778646,0.9652713250576225
2002-08-08,0.944697598350122,1.032079476379859,0.9578447345730626,0.9701963567797107
2002-08-09,0.9576760123143402,1.044706175935521,0.9655888582592436,0.9749202141021435
2002-08-10,0.9708135145217656,1.0568245284866937,0.9727552547664303,0.9795568600791822
2002-08-11,0.9839841870912545,1.0683548286291658,0.9793838566843166,0.9842259008943682
2002-08-12,0.9970631920114431,1.0792368987058933,0.9855316644528568,0.9890490129384472
2002-08-13,1.009930270413255,1.0894317071329338,0.991271017510594,0.9941463120668661
2002-08-14,1.0224731121357702,1.0989223794022591,0.9966874255839724,0.9996327698047529
2002-08-15,1.0345904984937493,1.1077145726867135,1.0018770226781137,1.0056147799097717
2002-08-16,1.0461951276895518,1.115836203315572,1.0069437172032498,1.0121869743644045
2002-08-17,1.05721604145756,1.123336535041767,1.0119961204274202,1.0194293806740102
2002-08-18,1.0676005830216768,1.1302846544460896,1.0171443418329875,1.0274050025027532
2002-08-19,1.0773158299546115,1.1367673774882072,1.0224967437876193,1.0361578934703666
2002-08-20,1.086349460662286,1.1428866476100348,1.0281567491092498,1.045711779710272
2002-08-21,1.0947100295411736,1.1487565004512454,1.034219793575575,1.0560692709642105
2002-08-22,1.102426642900392,1.1544996827267042,1.0407705112456396,1.0672116830163838
2002-08-23,1.1095480450122257,1.1602440227817026,1.0478802337449655,1.0790994766403974
2002-08-24,1.1161411406566923,1.1661186574952982,1.055604875609933,1.0916733004534604
2002-08-25,1.1222889967676621,1.1722502243390163,1.063983266652742,1.1048556076568574
2002-08-26,1.1280883808013997,1.1787591283979284,1.0730359794166033,1.1185528000916831
2002-08-27,1.1336469068006125,1.1857559919951943,1.0827646855129966,1.1326578378315384
2002-08-28,1.1390798714332129,1.193338389291961,1.093152059381109,1.1470532391075454
2002-08-29,1.1445068712187754,1.2015879600137134,1.1041622322232392,1.1616143841030486
2002-08-30,1.150048298460091,1.2105679855191165,1.1157417830041596,1.1762130273899243
2002-08-31,1.155821816889819,1.2203214970931793,1.1278212379150223,1.1907209177585762
2002-09-01,1.1619389186230535,1.230869970997538,1.1403170350392207,1.2050134210928642
2002-09-02,1.1685016616584118,1.2422126478896975,1.1531338975420966,1.2189730418487734
2002-09-03,1.1755996819607883,1.2543264962174476,1.1661675469247699,1.2324927416142624
2002-09-04,1.1833075662387689,1.2671668206241444,1.1793076780746345,1.2454789590734945
2002-09-05,1.1916826611266007,1.2806684978000995,1.1924411102939545,1.257854244302573
2002-09-06,1.2007633818951324,1.2947478041211598,1.2054550234110075,1.2695594314385363
2002-09-07,1.2105680694105883,1.309304782349883,1.2182401856220064,1.2805552870676038
2002-09-08,1.2210944282500964,1.3242260791287879,1.230694079947233,1.2908235867895785
2002-09-09,1.2323195621242566,1.3393881714178997,1.2427238391047004,1.3003675888968482
2002-09-10,1.2442006055327912,1.3546608888111085,1.2542489041250462,1.3092118914834114
2002-09-11,1.2566759333861568,1.369911130131476,1.2652033299931376,1.3174016770712313
2002-09-12,1.2696669136596475,1.3850066671005004,1.275537671775403,1.3250013664949865
2002-09-13,1.2830801524872826,1.3998199253620338,1.2852203967840778,1.3320927208135973
2002-09-14,1.296810166902383,1.4142316337906018,1.294238781991404,1.3387724459264052
2002-09-15,1.3107424080993562,1.4281342368076557,1.3025992707449707,1.3451493689051308
2002-09-16,1.3247565479826116,1.4414349712582404,1.3103272784215239,1.351341267396519
2002-09-17,1.3387299341750445,1.454058519068023,1.317466452541816,1.357471443448891
2002-09-18,1.3525411137990273,1.4659491591278342,1.3240774085951377,1.3636651404805542
2002-09-19,1.3660733243579166,1.4770723562874057,1.3302359779359865,1.3700459066270818
2002-09-20,1.379217850992672,1.4874157415661375,1.3360310181813677,1.376732009247538
2002-09-21,1.3918771532401046,1.4969894552389378,1.3415618491503631,1.3838330038932511
2002-09-22,1.4039676710663713,1.5058258428255271,1.3469353881856223,1.3914465565905427
2002-09-23,1.415422229203166,1.5139785126749645,1.352263067370728,1.3996556109924136
2002-09-24,1.426191970413976,1.521520782262933,1.3576576214637175,1.4085259820307838
2002-09-25,1.4362477619423626,1.528543557990063,1.3632298391360063,1.4181044454502236
2002-09-26,1.4455810346770364,1.5351527097051003,1.3690853712538817,1.4284173784083762
2002-09-27,1.4542040311209588,1.5414660159597982,1.375321688482534,1.4394699906516801
2002-09-28,1.4621494556948413,1.5476097688148978,1.3820252765656893,1.451246169176253
2002-09-29,1.4694695389184012,1.5537151376881597,1.3892691515224684,1.4637089424361815
2002-09-30,1.4762345453990375,1.5599144003125784,1.3971107691893851,1.4768015538983832
2002-10-01,1.4825307743416078,1.5663371557154138,1.4055903947691641,1.4904491201292183
2002-10-02,1.4884581208463041,1.5731066400403266,1.4147299894470522,1.5045608370363093
2002-10-03,1.4941272874628908,1.58033627242532,1.4245326643129292,1.519032691263276
2002-10-04,1.4996567598764452,1.5881265672108578,1.434982749033797,1.5337506345681329
2002-10-05,1.5051696905928509,1.5965625636036977,1.4460465269573637,1.548594190599222
2002-10-06,1.510790873303342,1.605711948623022,1.4576737033493101,1.5634404898858876
2002-10-07,1.5166440420899827,1.6156240884427955,1.4697997035494754,1.5781687746683033
2002-10-08,1.5228497975769106,1.626330241763163,1.482348947101144,1.5926654847506403
2002-10-09,1.529524548879004,1.6378453096210444,1.4952393150153127,1.6068301314929092
2002-10-10,1.5367809643552697,1.6501715779691133,1.5083881192757735,1.6205822877829499
2002-10-11,1.5447305373270057,1.6633050235476412,1.5217199886988908,1.6338701580560033
2002-10-12,1.5534889756083317,1.6772448590024112,1.5351771849685332,1.6466813228121613
2002-10-13,1.5631851813633966,1.6920070522047344,1.5487329242831867,1.6590563388986102
2002-10-14,1.5739745481780931,1.7076425101507653,1.5624082538849335,1.6711058631650286
2002-10-15,1.5860570962536837,1.7242603940187524,1.5762928530754796,1.6830317778922417
2002-10-16,1.5997005155207165,1.7420565425736523,1.590569720135889,1.6951523460246511
2002-10-17,1.6152674173473809,1.761346146124009,1.605543000300416,1.7079306333561266
2002-10-18,1.6332449665955262,1.782598586650609,1.6216671653996502,1.722004257476037
2002-10-19,1.6542735996005735,1.80647076593882,1.639574393623911,1.7382129826631958
2002-10-20,1.679169852698332,1.8338334163938836,1.6600954332787474,1.7576189066622065
2002-10-21,1.7089366804629005,1.8657831025050056,1.6842677035884583,1.7815122474566474
2002-10-22,1.7447534171641117,1.9036312952789558,1.7133232516316972,1.8113944480028834
2002-10-23,1.7879372174850063,1.948861572024007,1.7486489090032211,1.8489299986305905
2002-10-24,1.8398689191192095,2.0030472243554245,1.7917120624774763,1.8958595843357249
2002-10-25,1.901879220420662,2.067724807821016,1.8439482667257074,1.9538703483923108
2002-10-26,1.9750960300770013,2.144224622080996,1.9066116436923595,2.0244244062031247
2002-10-27,2.0602605886722998,2.233466514077958,1.9805954103904193,2.108553992198891
2002-10-28,2.1575277430544633,2.3357379357949157,2.066237252734658,2.2066399813629647
2002-10-29,2.26627332310647,2.4504794924087774,2.16313143335402,2.3181986514616075
2002-10-30,2.3849373031949184,2.5761095065150266,2.2699749487263436,2.4417076972237335
2002-10-31,2.510933614458046,2.7099215226461246,2.3844771138173084,2.5745048328069786
2002-11-01,2.6406547032931895,2.8480856428810024,2.503359319716208,2.712789313212547
2002-11-02,2.7695905334501805,2.9857753820356363,2.6224637451288118,2.851747646754563
2002-11-03,2.8925681082131813,3.1174268026204275,2.7369768890776514,2.985810094631832
2002-11-04,3.0041003681189298,3.237117813762304,2.841757466788351,3.109026005632894
2002-11-05,3.098815196628835,3.339035651203019,2.9317410286639545,3.215526515523392
2002-11-06,3.1719195692845306,3.4179833443000374,3.002378775207268,3.3000262305107793
2002-11-07,3.2196438924063275,3.4698650163939613,3.050058556171549,3.3583047407646465
2002-11-08,3.2396097706648708,3.4920878696467748,3.0724543044952077,3.3876068352646644
2002-11-09,3.2310718409630446,3.483826794885491,3.068757133204444,3.386908212941095
2002-11-10,3.195000130736538,3.446114864435868,3.0397562765716253,3.3570104670671332
2002-11-11,3.1339911176811794,3.3817467459251596,2.987758596110414,3.300452447223554
2002-11-12,3.052019503621189,3.295008174680173,2.9163579179298127,3.221250711445992
2002-11-13,2.9540644286626048,3.1912683972784848,2.8300860076342436,3.124505113804638
2002-11-14,2.8456596616656795,3.076489806281605,2.733991942793906,3.015922565064491
2002-11-15,2.7324246853940863,2.9567170610006284,2.6332036217107184,2.901319942997331
2002-11-16,2.6196317676405765,2.8376059750693194,2.532523410862742,2.7861651738275417
2002-11-17,2.5118540958696074,2.7240414695555786,2.4361004504816566,2.6752047563153205
2002-11-18,2.412724328480892,2.6198766536585665,2.3472072525488112,2.572209116411164
2002-11-19,2.324814762752906,2.527805200171569,2.268131045459405,2.479847690896482
2002-11-20,2.2496330668764393,2.4493602776411207,2.2001739963819404,2.3996871209159107
2002-11-21,2.187713870261026,2.385018342949286,2.143743531026455,2.3322912914207676
2002-11-22,2.138778076282867,2.334376866063911,2.0985060080824267,2.277392924924408
2002-11-23,2.101928959947054,2.2963719966816387,2.063574374998212,2.234103462107658
2002-11-24,2.075856267989149,2.269504554345106,2.0377024965732717,2.2011303147317065
2002-11-25,2.0590252456685048,2.2520489894677302,2.019464277000303,2.17697674651823
2002-11-26,2.049835060879062,2.242228246258879,2.0074028678335067,2.16010778368848
2002-11-27,2.0467388592230455,2.238345981016168,2.0001426314444104,2.149073933018824
2002-11-28,2.048324413357418,2.2388749805075863,1.996462927579827,2.1425917469265077
2002-11-29,2.0533592856731238,2.2425060732524087,1.9953375077379727,2.139585625359468
2002-11-30,2.0608073712848207,2.2481650745979875,1.9959461160336684,2.1391984310072654
2002-12-01,2.0698247977424824,2.2550065396219825,1.9976659657111926,2.1407796991152424
2002-12-02,2.0797428486699556,2.2623927755964335,2.0000504844115814,2.143859896953665
2002-12-03,2.090044366310365,2.269865252535884,2.0028015864160804,2.148117884882616
2002-12-04,2.100338460711749,2.2771137804954273,2.005740198033347,2.153346975558254
2002-12-05,2.1103366948021667,2.283947015928697,2.0087781961910585,2.1594231928905496
2002-12-06,2.1198324745044483,2.2902662897654773,2.01189355635545,2.166277766578469
2002-12-07,2.1286842730548017,2.296043550064865,2.0151094593996723,2.1738746927835186
2002-12-08,2.13680258052317,2.3013034057692825,2.018477398670763,2.182193370747803
2002-12-09,2.14414005051229,2.306108798395724,2.0220639181349456,2.1912158438280795
2002-12-10,2.150684142325431,2.3105496345920105,2.0259404306206736,2.2009179530464467
2002-12-11,2.1564515488337337,2.314733697125306,2.030175536865263,2.211263667137138
2002-12-12,2.1614837878724287,2.31877923857705,2.0348293256525034,2.2222019110017754
2002-12-13,2.1658434651154344,2.32280879283825,2.0399492331699522,2.2336653183959734
2002-12-14,2.1696108536733894,2.3269438760406,2.04556714308123,2.2455704475982743
2002-12-15,2.1728805599729797,2.3313003691347656,2.0516974993820183,2.2578191000869925
2002-12-16,2.1757581478121857,2.335984469534359,2.058336274156163,2.270300463137284
2002-12-17,2.178356671002695,2.3410891675497245,2.0654606808983176,2.2828938566067967
2002-12-18,2.1807931217455647,2.3466912474842494,2.073029553794895,2.295471904916814
2002-12-19,2.183184840476819,2.3528488377629677,2.080984328392099,2.3079039818513754
2002-12-20,2.1856459572259435,2.3595995440506403,2.089250563702244,2.320059792867555
2002-12-21,2.1882839479479514,2.3669591982066978,2.0977399437531434,2.3318129710470026
2002-12-22,2.1911963945159076,2.3749212475287194,2.106352690848842,2.3430445716083
2002-12-23,2.1944680361144218,2.383456795673321,2.1149803156026703,2.3536463581197626
2002-12-24,2.198168194124508,2.3925152908703,2.1235086216985706,2.3635237825161752
2002-12-25,2.2023486433131088,2.4020258400179557,2.1318208774035714,2.372598571454478
2002-12-26,2.2070419900578835,2.4118991100632483,2.1398010617889347,2.380810843737156
2002-12-27,2.2122606041211332,2.4220297615789548,2.1473370918430597,2.3881206974842146
2002-12-28,2.217996134727582,2.4322993443260645,2.154323937398738,2.3945092212380588
2002-12-29,2.2242196249520285,2.4425795713772556,2.1606665341230378,2.399978899899217
2002-12-30,2.2308822212194315,2.452735877514224,2.16628241068313,2.4045534038890564
2002-12-31,2.2379164575845807,2.462631159440475,2.171103954461886,2.4082767677420494
2003-01-01,2.245238077898709,2.472129590122333,2.175080250628119,2.4112119819467117
2003-01-02,2.25274834347215,2.4811003974444614,2.1781784416748198,2.413439038781768
2003-01-03,2.2603367598606123,2.489421498412572,2.180384568377981,2.41505248865349
2003-01-04,2.2678841443559046,2.4969828843415307,2.1817038681137846,2.4161585775935586
2003-01-05,2.2752659460318996,2.503689659748208,2.1821605222034766,2.4168720487527184
2003-01-06,2.2823557231425324,2.5094646479019738,2.1817968600547872,2.417312700658337
2003-01-07,2.2890286786723726,2.51425048907161,2.180672044040367,2.417601802598571
2003-01-08,2.295165154400889,2.5180111734894344,2.1788602751950563,2.4178584729460426
2003-01-09,2.300653987765662,2.5207329703404495,2.1764485762111785,2.4181961302363892
2003-01-10,2.3053956455516182,2.522424737837959,2.1735342258754513,2.4187191309408327
2003-01-11,2.3093050666556976,2.523117630207784,2.1702219403006784,2.41951971516298
2003-01-12,2.312314177594235,2.522864260026075,2.1666209254097666,2.420675397371256
2003-01-13,2.314374096910817,2.5217374372359593,2.1628419696057977,2.4222469727337415
2003-01-14,2.315457130426987,2.519828702541971,2.1589948171311764,2.4242773744518376
2003-01-15,2.315558795615184,2.5172470215910905,2.155186177900112,2.4267917330356927
2003-01-16,2.314700321651116,2.5141182308498427,2.1515189092297664,2.429799178614122
2003-01-17,2.3129323731303404,2.510586149725343,2.1480931694834053,2.4332972158977735
2003-01-18,2.3103411510060132,2.5068167084928783,2.1450107041832047,2.4372799011594015
2003-01-19,2.3070585168894158,2.5030069694821275,2.1423838661064414,2.4417515441875417
2003-01-20,2.303278294974664,2.4994014617603235,2.140351425305283,2.44674816980725
2003-01-21,2.2992812728229484,2.4963186359565945,2.1391035453106264,2.452369335809378
2003-01-22,2.295471381122762,2.4941901838487386,2.1389182360324313,2.458822830949591
2003-01-23,2.2924247055932523,2.4936150434732034,2.1402107851853955,2.4664838628377943
2003-01-24,2.2909509320923855,2.495427643951188,2.1435957032393715,2.475968119479358
2003-01-25,2.292163170733441,2.500775921286699,2.1499572347224856,2.488214144183533
2003-01-26,2.297546734724714,2.51119873522954,2.160519386071564,2.5045646818899097
2003-01-27,2.3090107804551363,2.5286849939220364,2.1769000912645766,2.526829482841707
2003-01-28,2.328899931719779,2.555689345989414,2.201127703241868,2.5573047605509798
2003-01-29,2.35993816325536,2.595073976012358,2.2355934031856712,2.5987192991739647
2003-01-30,2.4050770278651337,2.6499458206779307,2.2829129374217194,2.6540770154696056
2003-01-31,2.467227573286773,2.7233664731961036,2.3456779702553603,2.7263736076371847
2003-02-01,2.5488718947075997,2.8179302285584407,2.4260930651864627,2.818182793421151
2003-02-02,2.651576002603576,2.9352339186427816,2.5255186834351857,2.9311353330567216
2003-02-03,2.775457286702171,3.0752968146745987,2.6439705243428797,3.0653480363921077
2003-02-04,2.918690735781601,3.2360227147064515,2.779654787560252,3.2188931831432033
2003-02-05,3.077159205511302,3.4128194973411135,2.928638967355976,3.3874215386872177
2003-02-06,3.2443551109684448,3.5984937175960123,3.084759787472644,3.564054424778655
2003-02-07,3.4116174235212715,3.7835120875450947,3.2398476643009264,3.739635080720571
2003-02-08,3.568738045333171,3.9566671249835434,3.384299956602834,3.9033760420983694
2003-02-09,3.7049024372901065,4.1061084481824555,3.5079697712012994,4.043864907581758
2003-02-10,3.809854962715828,4.220619675338064,3.6012666660461337,4.150310896792954
2003-02-11,3.875118200686966,4.290953837339417,3.6563076649176383,4.213848825487817
2003-02-12,3.895065095536369,4.3110069342945785,3.6679282502006907,4.228684475330142
2003-02-13,3.867654468970649,4.278622059701816,3.6343740594806735,4.1928778815214285
2003-02-14,3.7946947944551255,4.195876110841613,3.557545508483534,4.108619518446656
2003-02-15,3.68158723219568,4.0687954596276095,3.442749093292712,3.9819469191102406
2003-02-16,3.536596730079168,3.9065541410683062,3.2980017363590486,3.8219544001043304
2003-02-17,3.3697861002699234,3.7203024741315165,3.133016067844035,3.6396411134823463
2003-02-18,3.1918023655432965,3.5218336283920144,2.958046023933228,3.4466010920154946
2003-02-19,3.0127163456055737,3.32230844899648,2.7827831933044296,3.253771483028265
2003-02-20,2.8410860874609094,3.1312255816475902,2.615465582521913,3.0704224948060874
2003-02-21,2.683353560465953,2.9557568981119013,2.4623025289425042,2.9035067762485998
2003-02-22,2.5436096517800895,2.800486713255873,2.3272490446578096,2.7574059528009975
2003-02-23,2.423693331524606,2.6675174902901206,2.212097367602175,2.6340376522633724
2003-02-24,2.323541083239441,2.5568501829437733,2.1168063468446285,2.533232811071626
2003-02-25,2.241679231707344,2.4669216417110644,2.039967048429125,2.4532677924585706
2003-02-26,2.1757539178193124,2.3951838175784603,1.9793049463736152,2.3914380898120755
2003-02-27,2.1230146346143735,2.3386326713769465,1.9321390747344003,2.344583108205441
2003-02-28,2.0806981473774635,2.2942285474835495,1.8957477541392151,2.309504715153898
2003-03-01,2.046291248652323,2.2591844084875765,1.8676204257628752,2.28325622703299
2003-03-02,2.0176765558863248,2.231126531935338,1.8455994883980869,2.2633061663794742
2003-03-03,1.9931821778364225,2.20815046178273,1.8279317472495997,2.2475989756717283
2003-03-04,1.9715633514402193,2.1888029622723932,1.8132559534484982,2.2345426858502115
2003-03-05,1.9519439683148914,2.1720205062442375,1.8005527260157346,2.222953339112868
2003-03-06,1.9337410650902276,2.1570495071641687,1.7890785504741449,2.2119807608552193
2003-03-07,1.9165885652760102,2.1433660561485417,1.7782991169195421,2.20103298984576
2003-03-08,1.9002698827621871,2.1306055990523296,1.7678309366477356,2.189709512791385
2003-03-09,1.8846636133126151,2.118507082941056,1.7573950823503064,2.177747682740956
2003-03-10,1.869702866742796,2.1068720722176004,1.746783426404697,2.1649827771153345
2003-03-11,1.8553467178543168,2.095537060789464,1.7358357995628035,2.1513199504633285
2003-03-12,1.8415614014926283,2.084356274715569,1.724425700964126,2.1367154530463033
2003-03-13,1.828308808026959,2.073192189466568,1.7124521444493586,2.1211644469645208
2003-03-14,1.8155401736399572,2.0619113645927882,1.6998355686160547,2.1046931510331754
2003-03-15,1.8031933395743955,2.0503837350822605,1.686516216934012,2.087353597558366
2003-03-16,1.791192420887881,2.0384840228292553,1.6724538620350917,2.0692198208559924
2003-03-17,1.7794491086457689,2.0260943667059714,1.6576281382925968,2.050384742887787
2003-03-18,1.767865114579345,2.0131075985865774,1.6420390437847545,2.030957358393547
2003-03-19,1.7563354668195208,1.9994308288288098,1.6257073880036645,2.0110600632231113
2003-03-20,1.7447525019909358,1.984989172440269,1.6086751158703807,1.9908261387446236
2003-03-21,1.7330104947097638,1.9697295700235256,1.591005551855561,1.9703975252273205
2003-03-22,1.72101093687598,1.9536247531743223,1.5727836952592111,1.9499231052181965
2003-03-23,1.7086685355007807,1.9366774821136565,1.5541167673181393,1.9295577839426141
2003-03-24,1.695918041429115,1.918925245978851,1.5351352644617793,1.9094626999395106
2003-03-25,1.6827220478510931,1.9004456581817974,1.5159948052480317,1.8898069208308956
2003-03-26,1.6690798967576956,1.8813627890299238,1.4968790614020506,1.870770965570172
2003-03-27,1.6550377886382301,1.861854638822664,1.4780040217915071,1.8525524301200718
2003-03-28,1.6407000881235123,1.842161847351895,1.4596237354528288,1.8353738598709768
2003-03-29,1.6262416385724985,1.8225975409588355,1.4420374996415566,1.8194927912160181
2003-03-30,1.6119206289859578,1.8035579219527234,1.4255981894912049,1.8052135635951145
2003-03-31,1.5980911945208605,1.7855328044670944,1.4107210651848185,1.7929000801254484
2003-04-01,1.5852144912459383,1.7691148111436341,1.3978919543154638,1.7829881856493366
2003-04-02,1.573866503158812,1.7550054066221792,1.3876732265354992,1.7759957759551463
2003-04-03,1.5647403779998377,1.7440154261199203,1.3807055151139003,1.772528219964366
2003-04-04,1.5586407378180192,1.7370573591140142,1.3777027813673581,1.7732762653648122
2003-04-05,1.5564672811509945,1.7351264908738542,1.379438168573028,1.7790034273749515
2003-04-06,1.5591852043595527,1.7392682183866754,1.3867182646819354,1.7905200581259897
2003-04-07,1.5677806255989888,1.7505295581646805,1.4003439885839628,1.8086419747780007
2003-04-08,1.5832003626177755,1.7698941248954856,1.4210573965299944,1.8341327601409192
2003-04-09,1.6062770944963345,1.798201681814572,1.449475273756124,1.8676306402223488
2003-04-10,1.6376430358154057,1.8360556460066038,1.4860123451109313,1.909563090540793
2003-04-11,1.6776375733351918,1.8837244600433598,1.5307991222789412,1.9600548165062723
2003-04-12,1.7262165636597613,1.9410451911038664,1.5836015237909946,2.0188371741023747
2003-04-13,1.782872795500769,2.0073396849151672,1.64375110734068,2.085169047581325
2003-04-14,1.8465780877649012,2.0813546528224047,1.710095668854132,2.1577802567742923
2003-04-15,1.9157572739951376,2.1612368219549087,1.7809797572093784,2.2348483503856573
2003-04-16,1.9883026832233202,2.2445524773585035,1.8542631082149128,2.3140179038431734
2003-04-17,2.06163462411251,2.328357324177847,1.9273820755634936,2.392468134026115
2003-04-18,2.1328090051908184,2.409317807682666,1.9974550112280527,2.4670299738303174
2003-04-19,2.198668014070585,2.483879325780715,2.0614276346175164,2.534348183803522
2003-04-20,2.2560243732277603,2.5484708542158367,2.1162493345442845,2.5910783034423237
2003-04-21,2.30186485095044,2.599730213358497,2.1590667912588795,2.6341030790384194
2003-04-22,2.3335551972860493,2.6347303739980976,2.18741800996391,2.6607492682755063
2003-04-23,2.349027127868217,2.6511855195721994,2.199408419609519,2.668984092110284
2003-04-24,2.346928769704673,2.647616465725143,2.1938514669132907,2.6575714854024546
2003-04-25,2.32672314770296,2.6234585232318532,2.1703591581256787,2.6261717264119953
2003-04-26,2.288724495588611,2.5791006114260195,2.129372953740321,2.5753736425772993
2003-04-27,2.2340687574870115,2.5158516599608154,2.07213167621666,2.506655683163841
2003-04-28,2.164621717215196,2.4358381017477178,2.000579804939672,2.42227976164387
2003-04-29,2.082834780617389,2.3418434952018496,1.917225786521085,2.3251288582668646
2003-04-30,1.9915636523334668,2.2371070440805667,1.8249649392764822,2.2185049795826406
2003-05-01,1.8938683294483407,2.125101281600885,1.7268845504385715,2.1059074842401904
2003-05-02,1.7928136467462794,2.0093100860520052,1.6260695371339633,1.9908126445891139
2003-05-03,1.691288086527661,1.893026535544355,1.525425600151773,1.8764736591777118
2003-05-04,1.591855085727427,1.7791863011757585,1.42753349871026,1.7657565664661332
2003-05-05,1.4966462652258614,1.6702470118117996,1.3345435122078804,1.6610223137670665
2003-05-06,1.4073006336998497,1.5681181357849145,1.2481140539657094,1.564059428549642
2003-05-07,1.3249486419454182,1.4741402487958508,1.1693934829816843,1.4760661405804072
2003-05-08,1.2502356227643452,1.3891077939373215,1.0990400286741668,1.3976761013225856
2003-05-09,1.1833760803579345,1.313326064919972,1.0372718121157296,1.3290185092655906
2003-05-10,1.1242286825943186,1.2466913667021902,0.983937396760575,1.2698016826582974
2003-05-11,1.0723816157220711,1.1887830811755487,0.9385970914287607,1.2194088784301054
2003-05-12,1.0272389518434544,1.1389574352649148,0.9006061392067772,1.176996189226686
2003-05-13,0.9881005032925428,1.096434750137904,0.8691926259941697,1.1415842825811535
2003-05-14,0.9542299001731559,1.0603744110671243,0.8435250586325471,1.112138153684098
2003-05-15,0.9249079572468895,1.0299343324490013,0.822766744890854,1.087631548472747
2003-05-16,0.8994704974703334,1.0043139770240266,0.80611607586058,1.0670949584892389
2003-05-17,0.8773314754429428,0.9827818078624231,0.7928333802695178,1.0496478825194584
2003-05-18,0.8579934031697778,0.9646893062139712,0.7822561035702843,1.0345172941017735
2003-05-19,0.8410477225607014,0.949474377985128,0.7738046625183325,1.0210449483181798
2003-05-20,0.8261679608837303,0.9366571701076624,0.7669815019565375,1.0086863776513602
2003-05-21,0.8130983530016896,0.9258311419235884,0.7613657352253238,0.99700427880505
2003-05-22,0.8016402366040105,0.9166518165396412,0.7566053956757762,0.9856586076605364
2003-05-23,0.7916380351595844,0.9088250951049398,0.7524088695094638,0.9743951970794965
2003-05-24,0.7829661285956198,0.902096452548479,0.748536605181888,0.9630341887475239
2003-05-25,0.7755174377928093,0.8962418166619904,0.7447937621642885,0.9514590936686034
2003-05-26,0.769194153361064,0.8910605045235693,0.7410241069803893,0.9396069056143838
2003-05-27,0.7639007367279143,0.8863702672985984,0.7371052006650601,0.9274594028173164
2003-05-28,0.7595391106121323,0.8820042742977781,0.7329447468500911,0.9150355825829205
2003-05-29,0.7560058243971439,0.8778097362741675,0.7284778714248173,0.902385067264003
2003-05-30,0.7531909108349203,0.8736478073717777,0.7236650663612015,0.8895822789773796
2003-05-31,0.7509781262487489,0.869394395119101,0.7184905343405834,0.8767211846175557
2003-06-01,0.7492462712252096,0.8649415306704151,0.7129607015940996,0.8639104443420373
2003-06-02,0.747871310187541,0.8601989929293178,0.7071027112756568,0.8512688415652537
2003-06-03,0.7467290372702816,0.8550959299128776,0.7009627595374278,0.8389209203464936
2003-06-04,0.7456980668392862,0.8495822719370197,0.6946041852036572,0.826992800253286
2003-06-05,0.7446629566671205,0.8436297799670712,0.6881052679913677,0.815608175617712
2003-06-06,0.7435172988597164,0.8372326168655301,0.6815567278949125,0.8048845340160317
2003-06-07,0.7421666379692856,0.8304073686745628,0.6750589491304538,0.7949296476472163
2003-06-08,0.7405310977646102,0.823192477613197,0.6687189761236805,0.785838401751438
2003-06-09,0.7385476185303881,0.8156470785797246,0.6626473469583639,0.7776900273941043
2003-06-10,0.7361717261788365,0.8078492571135777,0.656954842136589,0.770545803080176
2003-06-11,0.733378773373374,0.7998937693880763,0.6517492340729818,0.7644472819723047
2003-06-12,0.7301646115773957,0.7918892841408525,0.6471321260290374,0.7594150900865262
2003-06-13,0.7265456715394857,0.7839552226332812,0.6431959686896224,0.7554483267342034
2003-06-14,0.7225584481239354,0.7762182857905665,0.640021338732904,0.7525245825597975
2003-06-15,0.7182584033718231,0.7688087675734678,0.6376745569517079,0.7506005735827713
2003-06-16,0.7137183189209396,0.7618567603114395,0.6362057141397754,0.7496133723985713
2003-06-17,0.7090261450579176,0.7554883611377605,0.6356471614553314,0.7494822007681556
2003-06-18,0.7042824083403683,0.7498219888025327,0.6360125087268276,0.7501107318047305
2003-06-19,0.6995972525380537,0.7449649170502678,0.6372961596010921,0.7513898353661926
2003-06-20,0.6950871982603979,0.7410101245566603,0.6394733970004217,0.7532006875350628
2003-06-21,0.690871714773994,0.7380335523214847,0.6425010165135131,0.7554181545995843
2003-06-22,0.68706970294313,0.7360918476839168,0.6463184895613647,0.757914354052493
2003-06-23,0.6837959907975322,0.7352206601071507,0.6508496229134104,0.7605622900308173
2003-06-24,0.6811579428731673,0.7354335379780723,0.6560046668239577,0.7632394584810113
2003-06-25,0.6792522811958468,0.7367214583451112,0.6616828111283799,0.7658313182119167
2003-06-26,0.6781622096788202,0.7390530032734361,0.6677749974558418,0.768234527868972
2003-06-27,0.6779549249606196,0.7423751778577786,0.6741669666035403,0.7703598556156356
2003-06-28,0.6786795855705305,0.746614846436933,0.6807424533392434,0.7721346777475573
2003-06-29,0.6803657980973907,0.7516807457337766,0.6873864366499267,0.7735049943196841
2003-06-30,0.6830226641339004,0.7574660170142173,0.6939883518569785,0.7744369037943976
2003-07-01,0.6866384156029718,0.7638511843973688,0.7004451721189465,0.7749174943184859
2003-07-02,0.691180649110925,0.7707074935887699,0.706664270609308,0.7749551260584597
2003-07-03,0.6965971527035433,0.7779005149193788,0.7125659809807504,0.7745790965825037
2003-07-04,0.7028173013230394,0.7852939069549527,0.718085782426581,0.7738386990669448
2003-07-05,0.7097539808691694,0.7927532323128338,0.723176046473379,0.7728017006126389
2003-07-06,0.7173059855288184,0.8001497158195942,0.727807295274784,0.7715522846774101
2003-07-07,0.7253608193945869,0.8073638368067083,0.7319689352600837,0.770188517082505
2003-07-08,0.7337978217377212,0.8142886521245445,0.7356694451170576,0.7688194087884713
2003-07-09,0.7424915259700925,0.8208327542195152,0.7389360128200966,0.7675616602629555
2003-07-10,0.7513151555928744,0.8269227791414187,0.741813632298658,0.7665361814442551
2003-07-11,0.7601441564803004,0.8325053923243757,0.7443636859193811,0.7658644877755679
2003-07-12,0.7688596637993513,0.8375486950413666,0.7466620537788607,0.7656650763589792
2003-07-13,0.7773518037504701,0.8420430111349203,0.748796804445544,0.7660498868524319
2003-07-14,0.7855227350763017,0.8460010314935942,0.7508655338553182,0.7671209492906144
2003-07-15,0.7932893427875141,0.8494573122603915,0.7529724292081844,0.7689673156222242
2003-07-16,0.8005855065808719,0.8524671413912103,0.7552251426405429,0.7716623635769699
2003-07-17,0.8073638786857464,0.855104806391896,0.7577315649305323,0.7752615507414944
2003-07-18,0.8135971200176499,0.8574613133261255,0.7605965923744639,0.7798006837438617
2003-07-19,0.8192785591335496,0.8596416230058282,0.7639189801676173,0.7852947525954208
2003-07-20,0.8244222551232983,0.8617614841947632,0.7677883731269667,0.7917373639448629
2003-07-21,0.829062462754931,0.863943955273125,0.7722825994786519,0.7991007897320949
2003-07-22,0.8332525154232627,0.8663157147916165,0.7774653058466516,0.8073366299866499
2003-07-23,0.8370631582345079,0.86900326742845,0.7833840017400568,0.8163770708086499
2003-07-24,0.8405803794106317,0.8721291548767551,0.7900685700279072,0.8261367014100472
2003-07-25,0.8439028026587962,0.8758082810460057,0.7975302864536425,0.8365148379748357
2003-07-26,0.8471387158066732,0.8801444576634192,0.8057613765627102,0.8473982874839273
2003-07-27,0.8504028214888137,0.8852272700050768,0.8147351229204682,0.8586644719645729
2003-07-28,0.8538128036801461,0.8911293532547626,0.8244065196295971,0.8701848232315242
2003-07-29,0.8574858091794637,0.8979041581475828,0.8347134553744818,0.8818283503870016
2003-07-30,0.861534945595017,0.9055842704466838,0.845578390979396,0.8934652773639332
2003-07-31,0.8660658969058491,0.9141803328313657,0.8569104832071742,0.9049706457756249
2003-08-01,0.871173754279837,0.9236806004044466,0.8686080936566267,0.9162277793330137
2003-08-02,0.8769401536203897,0.93405114275612,0.8805616105110579,0.9271315100794554
2003-08-03,0.8834308024675573,0.9452366868780875,0.8926565018673417,0.9375910735574784
2003-08-04,0.8906934676507334,0.9571620767425102,0.9047765126949739,0.9475325895641257
2003-08-05,0.8987564818032042,0.9697343075782656,0.9168069133300916,0.9569010570965484
2003-08-06,0.9076278118862372,0.9828450763048148,0.9286377059201443,0.9656618060926464
2003-08-07,0.9172947166639743,0.9963737746993354,0.9401666964435738,0.9738013642295185
2003-08-08,0.9277240030870044,1.0101908391049763,0.9513023438005588,0.9813277139034632
2003-08-09,0.9388628742719776,1.0241613602050066,0.9619663038944952,0.9882699320933787
2003-08-10,0.9506403447048964,1.0381488488860273,0.9720955954133905,0.9946772235978357
2003-08-11,0.9629691819385655,1.0520190497092938,0.9816443249231793,1.0006173756218883
2003-08-12,0.9757483188715649,1.065643692132576,0.9905849215863003,1.0061746783689476
2003-08-13,0.9888656671252809,1.078904071415568,0.998908845952534,1.0114473716845722
2003-08-14,1.0022012504674362,1.0916943560479715,1.0066267524280426,1.0165446914594793
2003-08-15,1.015630567999475,1.1039245264194193,1.013768100775061,1.0215836010342838
2003-08-16,1.029028090196888,1.115522860077769,1.0203802278754424,1.02668530192602
2003-08-17,1.0422707870569894,1.1264378919897073,1.026526906548058,1.0319716245547852
2003-08-18,1.0552415866790255,1.1366397933491765,1.0322864329943886,1.0375614031043106
2003-08-19,1.0678326646026726,1.1461211292381683,1.0377492980324534,1.0435669391034237
2003-08-20,1.079948469106175,1.1548969733476813,1.043015509274729,1.0500906557534002
2003-08-21,1.0915083952734537,1.1630043764984983,1.0481916414650418,1.0572220395223917
2003-08-22,1.1024490307613457,1.1705012043268308,1.053387700022618,1.0650349572417674
2003-08-23,1.1127259085419001,1.17746437768257,1.058713888222793,1.0735854261089055
2003-08-24,1.1223147161045066,1.183987566503283,1.0642773712179436,1.082909900938833
2003-08-25,1.131211926268806,1.1901784036788416,1.0701791301893289,1.0930241280902653
2003-08-26,1.139434831430219,1.1961552992557754,1.0765109973179934,1.1039225991493513
2003-08-27,1.1470209802550255,1.2020439468481146,1.0833529570457543,1.1155786201586388
2003-08-28,1.1540270330651996,1.207973622990565,1.090770791416185,1.1279449944277211
2003-08-29,1.1605270689084688,1.2140733861346575,1.0988141373615434,1.1409552992675063
2003-08-30,1.1666103931129728,1.2204682848772532,1.10751501192116,1.1545257198622971
2003-08-31,1.1723789085229284,1.2272756847397779,1.1168868478823566,1.168557387426765
2003-09-01,1.1779441261868906,1.2346018193941253,1.1269240676154935,1.1829391542514047
2003-09-02,1.1834239016607906,1.2425386657555926,1.1376022073545813,1.1975507256397349
2003-09-03,1.1889389909944927,1.2511612330213222,1.1488785883018549,1.2122660584466005
2003-09-04,1.194609525665277,1.260525343794022,1.1606935151657678,1.2269569282359638
2003-09-05,1.2005515080544609,1.270665971239095,1.1729719675323915,1.2414965622107546
2003-09-06,1.2068734284671445,1.2815961801881621,1.1856257352581483,1.255763233166451
2003-09-07,1.2136731011872708,1.2933067026855425,1.1985559362670455,1.2696437108392837
2003-09-08,1.221034810741348,1.3057661601786434,1.2116558441076897,1.283036471126904
2003-09-09,1.2290268505972168,1.3189219259057778,1.2248139436914522,1.2958545706355191
2003-09-10,1.2376995252065128,1.332701602573775,1.237917127051711,1.3080281036519386
2003-09-11,1.2470836729374808,1.3470150726743204,1.250853936924232,1.3195061706735647
2003-09-12,1.2571897524240732,1.3617570622746584,1.2635177645672164,1.3302583017071354
2003-09-13,1.2680075186102056,1.3768101443106209,1.2758099095560629,1.340275293261997
2003-09-14,1.2795062977637455,1.3920480947349423,1.2876424132647015,1.3495694348632536
2003-09-15,1.2916358534631476,1.407339504697353,1.2989405842674493,1.3581741185063207
2003-09-16,1.3043278185185982,1.4225515445475647,1.309645142775146,1.3661428422607216
2003-09-17,1.3174976514705594,1.4375537710718236,1.3197139222004597,1.3735476366940933
2003-09-18,1.3310470611821608,1.452221868123948,1.3291230787133523,1.380476959423964
2003-09-19,1.3448668295441053,1.4664412127290605,1.3378677738309015,1.3870331184358764
2003-09-20,1.3588399508312232,1.4801101637675078,1.3459623102770175,1.3933292983892933
2003-09-21,1.37284499711989,1.4931429783435646,1.3534397171099704,1.3994862755772663
2003-09-22,1.3867596126598045,1.5054722716788962,1.3603507959957126,1.40562891618315
2003-09-23,1.4004640363830387,1.5170509495387106,1.3667626560476378,1.4118825587319457
2003-09-24,1.413844550940711,1.527853557425649,1.3727567794165596,1.418369384991846
2003-09-25,1.4267967588193122,1.5378770076384642,1.3784266733850725,1.425204883960252
2003-09-26,1.4392285911685365,1.547140663332046,1.3838751767315614,1.4324945109852916
2003-09-27,1.4510629628757552,1.5556857774689463,1.3892114982841468,1.4403306386592043
2003-09-28,1.4622399980199141,1.5635743035878151,1.39454807368396,1.4487898881355983
2003-09-29,1.4727187630057306,1.570887114281294,1.3999973323591155,1.4579309193942898
2003-09-30,1.4824784603609578,1.5777216819820101,1.4056684707090008,1.4677927473445334
2003-10-01,1.491519054477505,1.5841892951684735,1.411664329922411,1.4783936384509009
2003-10-02,1.4998613218769763,1.5904119018900325,1.4180784784974432,1.4897306311199376
2003-10-03,1.507546343710932,1.5965186926099306,1.4249926017144892,1.5017797142802811
2003-10-04,1.5146344886103997,1.6026425575753824,1.432474305025875,1.5144966950095256
2003-10-05,1.5212039718855128,1.608916582953595,1.4405754483518853,1.5278187911268484
2003-10-06,1.5273491254487113,1.6154707884745514,1.4493311472021888,1.5416670026387578
2003-10-07,1.5331785752718936,1.6224293616335208,1.4587596085357208,1.5559493516234455
2003-10-08,1.5388136031618904,1.6299087138986332,1.4688630184022875,1.5705651382071297
2003-10-09,1.544387069146524,1.6380167755256654,1.4796297673310441,1.5854104436736798
2003-10-10,1.5500433880425804,1.6468540560879992,1.4910383872057704,1.600385219241864
2003-10-11,1.5559401800364325,1.656517118570882,1.5030636723422337,1.6154024217291587
2003-10-12,1.5622523305086786,1.667105224624512,1.515685549467258,1.6303997742447818
2003-10-13,1.5691792639528632,1.6787309695364565,1.5289013137266112,1.6453548038819734
2003-10-14,1.5769562080588353,1.691535680457369,1.5427418112905693,1.6603037825768086
2003-10-15,1.5858700274799231,1.705710124770825,1.5572919581679923,1.6753649971427318
2003-10-16,1.5962797634330956,1.7215205809484058,1.5727155647811304,1.690766314681213
2003-10-17,1.6086412519833704,1.7393394819197383,1.5892837174824834,1.7068762110316495
2003-10-18,1.6235340686881667,1.7596786051194984,1.6074049116693994,1.7242362469271006
2003-10-19,1.641687582656686,1.783221178615495,1.6276537574578802,1.7435914324167905
2003-10-20,1.6640012214488973,1.810847433227623,1.650793503560191,1.7659131456427875
2003-10-21,1.6915523998884825,1.8436463304767503,1.6777860845595016,1.7924075353201405
2003-10-22,1.7255843351857572,1.882904856569233,1.709782254547359,1.8245010494719789
2003-10-23,1.767465646290422,1.9300659284676536,1.7480840879619963,1.8637944202401269
2003-10-24,1.818614733180747,1.986647174555892,1.794073194318829,1.9119776496532912
2003-10-25,1.8803848720254535,2.054116089488035,1.849100804420481,1.9707017347747189
2003-10-26,1.9539109143976319,2.1337225058755003,1.9143406013394813,2.0414082240120988
2003-10-27,2.0399252091586435,2.226296717831366,1.9906115678280607,2.1251249573442315
2003-10-28,2.138558133683509,2.3320301210716763,2.0781855008977614,2.2222447149350533
2003-10-29,2.249146176620786,2.4502635309302687,2.176601019790522,2.332311636550391
2003-10-30,2.3700762341057637,2.579314624105637,2.2845113279011255,2.4538464329042595
2003-10-31,2.4986969528723613,2.716378345401328,2.3995950605653293,2.58424374841694
2003-11-01,2.6313251714886623,2.8575310865839216,2.5185569277881137,2.7197720417879103
2003-11-02,2.76336710284113,2.9978602438756523,2.637236907253929,2.8556973037949915
2003-11-03,2.889560271487452,3.1317258363577434,2.7508338410858917,2.9865372658739933
2003-11-04,3.004324991694624,3.25314199788267,2.8542329764848082,3.1064342135594507
2003-11-05,3.1021960441868797,3.3562462963809185,2.9424098203910045,3.209615007023785
2003-11-06,3.178289510123872,3.4358076334595093,3.010867803063514,3.290890005341643
2003-11-07,3.22874973096283,3.487712529352874,3.056057772049674,3.346131820005681
2003-11-08,3.251119557964658,3.5093676159432534,3.075725610495018,3.3726728485372837
2003-11-09,3.244584457224726,3.499964263733129,3.069141260321591,3.3695684604574696
2003-11-10,3.2100568628574795,3.460568600259434,3.0371773913480036,3.3376896853781304
2003-11-11,3.1500888978284474,3.3940239716051424,2.9822265024351564,3.2796325737365826
2003-11-12,3.068625427256465,3.304679012088485,2.9079677905116488,3.1994570004790845
2003-11-13,2.970631133442517,3.197978275127274,2.8190156648281444,3.102291004468176
2003-11-14,2.861641123838615,3.0799696975665283,2.720496737405408,2.993853737246229
2003-11-15,2.747291978276804,2.956791254892775,2.6176090970751074,2.8799580211327624
2003-11-16,2.6328883278501323,2.834197159191648,2.515215933923489,2.766051548291053
2003-11-17,2.5230500571767203,2.717172976121599,2.4175160919154646,2.656844988875495
2003-11-18,2.421469510030677,2.6096718047169074,2.327819234522091,2.5560583793535323
2003-11-19,2.3307899371930074,2.5144837708330603,2.2484361188958455,2.4662976596149706
2003-11-20,2.2525991835226824,2.4332321792537868,2.18067814048252,2.389054697868758
2003-11-21,2.1875189673867395,2.366474708335625,2.124947387321987,2.3248094865465982
2003-11-22,2.135361683240666,2.313878793833402,2.0808904689512975,2.2732041554411855
2003-11-23,2.0953238622000496,2.274437279120231,2.04758674212766,2.2332554648641483
2003-11-24,2.0661875841560877,2.24669277151665,2.023743608409847,2.20357478895889
2003-11-25,2.046506843182095,2.228945399263973,2.007876976297762,2.1825707661081806
2003-11-26,2.0347634135847525,2.2194269348468776,1.9984621417697537,2.1686179382803004
2003-11-27,2.0294845239945194,2.2164327594538817,1.9940477085572637,2.1601830784973366
2003-11-28,2.0293213714488525,2.2184105206152913,1.9933315593544385,2.155908170707609
2003-11-29,2.0330924560879247,2.2240097689285956,1.9952025996932148,2.154654362215466
2003-11-30,2.039798656141047,2.232100093852337,1.9987548054168396,2.1555144031833224
2003-12-01,2.048618061937498,2.241766498267947,2.003281172372601,2.1578023018917216
2003-12-02,2.058888266870445,2.252290416791634,2.0082548901267505,2.1610286091351387
2003-12-03,2.0700825885331575,2.263123458527833,2.013303927909235,2.164868454144036
2003-12-04,2.081785052990121,2.273859175690494,2.01818369224988,2.169127712004299
2003-12-05,2.093667303500465,2.284206345692074,2.0227508548921915,2.1737109010631435
2003-12-06,2.1054691419798317,2.293965679333133,2.0269400926374335,2.1785928565701402
2003-12-07,2.1169832991701663,2.3030106649125894,2.030744442843184,2.183795034779842
2003-12-08,2.128044279946795,2.311272451132442,2.0341992798268915,2.189366493548699
2003-12-09,2.138520701082514,2.3187282137783214,2.037369517990008,2.195369125640523
2003-12-10,2.148310356588394,2.325392261404891,2.040339477275871,2.2018665107237614
2003-12-11,2.157337231000186,2.33130912629088,2.0432048303053643,2.2089157163940114
2003-12-12,2.165549763900065,2.3365479820875685,2.0460661221994174,2.216561443045974
2003-12-13,2.1729197965549316,2.341197870668302,2.049023463713354,2.2248320157857457
2003-12-14,2.1794417685414884,2.3453633690082776,2.0521721128005654,2.2337368417278634
2003-12-15,2.18513185846516,2.3491604604564182,2.055598760452998,2.2432650522268878
2003-12-16,2.1900268693160196,2.352712483727695,2.0593784156080877,2.253385128118113
2003-12-17,2.1941827436780024,2.356146115415705,2.063571839837577,2.2640453608113993
2003-12-18,2.1976726587785715,2.359587400137482,2.0682235179036774,2.2751750361417176
2003-12-19,2.200584699640556,2.3631578806725093,2.0733601690555545,2.286686245916877
2003-12-20,2.2030191439569426,2.3669709029914365,2.078989810310169,2.298476238942111
2003-12-21,2.2050854178297667,2.3711281817258816,2.0851013806109586,2.310430223149441
2003-12-22,2.206898799544491,2.3757167134812693,2.091664926673639,2.322424526636904
2003-12-23,2.208576960740741,2.38080612076327,2.098632339797305,2.334330020370734
2003-12-24,2.2102364417793856,2.3864464998886907,2.105938619638582,2.3460157007182487
2003-12-25,2.211989161493922,2.392666833355568,2.1135036271651195,2.3573523269750334
2003-12-26,2.2139390613073626,2.399474011733697,2.1212342756434075,2.36821600830875
2003-12-27,2.2161789802234146,2.4068524930044215,2.129027096266839,2.3784916364330018
2003-12-28,2.2187878507443313,2.4147646091200428,2.1367711044174262,2.388076064988289
2003-12-29,2.221828296612678,2.4231515110005364,2.1443508839785506,2.3968809440151415
2003-12-30,2.225344701735387,2.4319347248299086,2.1516498008727662,2.4048351278992324
2003-12-31,2.2293618060862523,2.441018274914933,2.158553253293157,2.4118865874899225
2004-01-01,2.2338838692012644,2.450291312048032,2.1649518650491175,2.418003771402119
2004-01-02,2.2388944255266146,2.459631171752587,2.170744530095675,2.423176377402824
2004-01-03,2.244356638831344,2.468906774413099,2.1758412206200135,2.4274155118091967
2004-01-04,2.25021424566219,2.4779822694766866,2.1801654779099455,2.43075323250965
2004-01-05,2.2563930609284046,2.486720818977766,2.183656514461648,2.4332414890908383
2004-01-06,2.262803002725266,2.494988411870757,2.1862708672068543,2.4349504911805533
2004-01-07,2.2693405790753793,2.502657600359859,2.1879835551920155,2.4359665531835915
2004-01-08,2.2758917671867342,2.5096110530201003,2.1887887104996073,2.4363894800144963
2004-01-09,2.2823352072382126,2.5157448277755576,2.188699668970789,2.436329574598441
2004-01-10,2.2885456294214754,2.520971282218077,2.1877485283406246,2.4359043650374836
2004-01-11,2.29439743803151,2.5252215621226,2.18598520791222,2.435235170095209
2004-01-12,2.299768394900682,2.528447646411589,2.1834760800715065,2.4344436510729284
2004-01-13,2.304543384662634,2.530623986786575,2.180302297052688,2.4336485448289595
2004-01-14,2.3086183187885987,2.531748876100098,2.176558017878429,2.4329628500479106
2004-01-15,2.311904361644863,2.5318458301435376,2.1723488666504833,2.432491865880624
2004-01-16,2.314332861653472,2.5309654962757575,2.1677911446874925,2.4323326823037172
2004-01-17,2.3158616654515694,2.5291889324387014,2.163012595647312,2.4325760184723313
2004-01-18,2.316483893923227,2.5266335436504423,2.1581558953934556,2.4333117115619998
2004-01-19,2.316240749121802,2.5234635012866122,2.1533864910762825,2.4346396565565964
2004-01-20,2.315240429003693,2.5199070250813675,2.148906879419113,2.436688511210993
2004-01-21,2.3136855958810068,2.5162833071812023,2.1449797446311303,2.4396448425032364
2004-01-22,2.311911807566324,2.5130418093454057,2.14196231945909,2.443795315257907
2004-01-23,2.31043849946902,2.5108157547001455,2.140353531516569,2.4495836051083395
2004-01-24,2.310032061904026,2.510489383040098,2.1408535357713627,2.4576814851469475
2004-01-25,2.3117769113603237,2.513274529462766,2.144431755572389,2.4690695829166853
2004-01-26,2.317145095488915,2.5207861978633885,2.152394453630832,2.485117512440481
2004-01-27,2.328048314515661,2.5350994891552983,2.1664365250238755,2.5076459022269333
2004-01-28,2.34684947098005,2.558762807200583,2.1886557686328,2.538945538560935
2004-01-29,2.376306025118429,2.5947369500676305,2.2215032930890595,2.581723628270494
2004-01-30,2.419417255399005,2.646229481876562,2.267643524750247,2.6389469816635915
2004-01-31,2.4791547982303976,2.716401734823439,2.329704155865138,2.7135597300287873
2004-02-01,2.5580724524533722,2.8079439776381756,2.409912085870461,2.8080710492785355
2004-02-02,2.6578169786894734,2.922542482420608,2.5096357747339084,2.924036042480913
2004-02-03,2.7785932339833823,3.060296847176939,2.6288843515096945,3.0614869270038954
2004-02-04,2.91866786860795,3.2191797660996255,2.765843064704063,3.2184048923779436
2004-02-05,3.0740169499770102,3.394654595623319,2.9165446793598977,3.3903457410070397
2004-02-06,3.2382249665275955,3.579568349461119,3.074778411910114,3.5703346954350623
2004-02-07,3.4027191687781073,3.7644120114110797,3.2323157617414857,3.749120528805483
2004-02-08,3.5573733973861685,3.937985482848833,3.3794854582496887,3.9158256657829074
2004-02-09,3.6914463474252517,4.08842866318987,3.506064243869019,4.058954545961253
2004-02-10,3.7947447993908834,4.204498628105477,3.602379777480512,4.167642577896478
2004-02-11,3.8588411316600664,4.276905806080516,3.6604640090239235,4.232962240929208
2004-02-12,3.8781440329131565,4.2994887617340725,3.67506662371045,4.249070250766582
2004-02-13,3.850632982376982,4.270019974421696,3.644349210912548,4.213992260312959
2004-02-14,3.7781214272932226,4.190494582998325,3.570132308977052,4.129900035168023
2004-02-15,3.665999673152094,4.066848412329635,3.457649009071775,4.002828611029783
2004-02-16,3.522506296227496,3.9081587707900596,3.3148514162258196,3.841886089236136
2004-02-17,3.3576629791289454,3.725475858321276,3.1513977981279693,3.6581012897845033
2004-02-18,3.1820620415715406,3.53049221807676,2.9774997494814666,3.4631129398077456
2004-02-19,3.0057076024666998,3.3342704610121787,2.8028197579513923,3.267916617405099
2004-02-20,2.83708093196534,3.1462162215272675,2.635580807318887,3.081853012014037
2004-02-21,2.682539358692749,2.9734162630560803,2.4819917222762578,2.9119552706071197
2004-02-22,2.5460837041060174,2.8203801473433585,2.3460215259368957,2.762693211373103
2004-02-23,2.4294600429738824,2.6891480933891523,2.229490585799534,2.6360778054351646
2004-02-24,2.33251181074452,2.579673112692964,2.1323991868667496,2.5320357905484445
2004-02-25,2.2536748126957296,2.4903597962456048,2.0533919416985387,2.4489390258153616
2004-02-26,2.190509807238642,2.4186444468709714,1.9902584364874432,2.3841754404081263
2004-02-27,2.1401885023064335,2.361524438290897,1.9403905336035137,2.334671148692104
2004-02-28,2.099879716779324,2.3159785466724414,1.9011459973355351,2.297306499678471
2004-02-29,2.067014093184238,2.2792546524883033,1.8700980363688524,2.2692027993553623
2004-03-01,2.0394315129431453,2.2490294291632695,1.8451747247158135,2.2478841063912776
2004-03-02,2.015431993658477,2.2234628401949807,1.8247079793808345,2.231336343356414
2004-03-03,1.9937581346422606,2.2011782343834487,1.8074186449907779,2.2179937679139146
2004-03-04,1.973537006516111,2.181198624740031,1.7923640478746874,2.2066826380123774
2004-03-05,1.9542045485778163,2.162864424012714,1.7788697820191786,2.1965466877460953
2004-03-06,1.935428764234896,2.1457504699929273,1.7664610534262284,2.186971731423881
2004-03-07,1.9170413402101931,2.1295928536904456,1.7548025793102253,2.177519536829506
2004-03-08,1.8989819439928515,2.1142301615416548,1.7436509364102712,2.1678753284230385
2004-03-09,1.8812557919504724,2.099559715143484,1.732819772631225,2.157809344496068
2004-03-10,1.863903016235659,2.08550711695166,1.7221563331603635,2.1471506593016088
2004-03-11,1.846977514599607,2.07200647467554,1.7115269489566367,2.135770585928882
2004-03-12,1.8305329048394392,2.0589886004398825,1.7008090769047575,2.1235729263116827
2004-03-13,1.814613548040232,2.0463748505201504,1.6898878101867283,2.110488725661157
2004-03-14,1.799249086237965,2.0340747965172024,1.678655242755599,2.096473733419379
2004-03-15,1.7844514053412541,2.0219864291420397,1.6670115259040714,2.081507303823411
2004-03-16,1.7702133132568276,2.009998014777535,1.6548668312752755,2.065591910369248
2004-03-17,1.7565085008505017,1.9979910357866482,1.6421437182625502,2.048752782437648
2004-03-18,1.7432925425561174,1.985843862106912,1.6287796062195372,2.0310374119487427
2004-03-19,1.730504817181876,1.9734359490123836,1.6147291944128839,2.012514846897194
2004-03-20,1.718071310653606,1.9606524587856038,1.5999667761460876,1.993274810561995
2004-03-21,1.7059083190828799,1.9473892817522351,1.58448847424288,1.9734267784406327
2004-03-22,1.6939271142899623,1.9335584969875235,1.5683144933367084,1.9530992211009943
2004-03-23,1.6820396700049334,1.9190943702804362,1.5514915443742334,1.9324392849900063
2004-03-24,1.6701655747237578,1.9039600353684634,1.5340956470055336,1.911613233318065
2004-03-25,1.6582402704146997,1.8881550367278646,1.516235549546931,1.8908079982120105
2004-03-26,1.6462247437759716,1.8717239155576888,1.4980570127594668,1.8702341909499605
2004-03-27,1.6341167432551436,1.8547659777955767,1.4797481677874513,1.8501308625692658
2004-03-28,1.6219634828361815,1.8374462741778437,1.4615460630470316,1.8307721833413646
2004-03-29,1.6098756053739742,1.8200076281348239,1.4437443429491832,1.8124759980203762
2004-03-30,1.598041901361123,1.8027832534903339,1.4267017409289942,1.7956139010659649
2004-03-31,1.5867439110236183,1.786209107578535,1.4108507179879952,1.7806220600443388
2004-04-01,1.5763690926835687,1.7708346417798184,1.396705149292035,1.7680115118931283
2004-04-02,1.5674207550509345,1.7573300806569818,1.3848654902190385,1.7583761058249021
2004-04-03,1.5605224887067177,1.7464878520616962,1.376019399788899,1.7523957371174437
2004-04-04,1.5564144823136414,1.7392154022334356,1.3709354491010608,1.7508321053621745
2004-04-05,1.5559389825925183,1.7365164833155204,1.3704474004817637,1.7545140587645238
2004-04-06,1.5600123720433856,1.739458225622541,1.3754267220617504,1.7643097809247652
2004-04-07,1.5695820001393612,1.7491220191716543,1.386741602935149,1.781083752490802
2004-04-08,1.5855670786129443,1.766537501495211,1.4052018194507578,1.8056376494977544
2004-04-09,1.608784638729969,1.7926007811793738,1.4314903736161084,1.838636123244143
2004-04-10,1.639863656105638,1.8279803185889123,1.466084793728458,1.8805206451889642
2004-04-11,1.6791527801516715,1.873016422023318,1.50917316989275,1.931417084123167
2004-04-12,1.726629363955329,1.9276227745210104,1.5605721128508152,1.991045093474078
2004-04-13,1.7818193059253726,1.9912003783964949,1.6196555235345411,2.0586393264163685
2004-04-14,1.8437381923230152,2.062575359517583,1.6853039699640402,2.1328935416639925
2004-04-15,1.9108640187580042,2.1399718271042127,1.7558842556238756,2.211938436174328
2004-04-16,1.9811501371198856,2.221029183952174,1.8292672102122798,2.293362293370003
2004-04-17,2.052083979047638,2.302869879513504,1.9028887990255652,2.374280220269202
2004-04-18,2.1207927395020114,2.3822188044348374,1.9738555127172017,2.4514530697090486
2004-04-19,2.184191999170497,2.455569816710627,2.039090076481445,2.521451571627467
2004-04-20,2.239167862580495,2.5193889682692805,2.095508412911921,2.580855417768199
2004-04-21,2.2827783515846662,2.5703387012240397,2.1402142267390385,2.6264718751904903
2004-04-22,2.3124562850970496,2.6055034420633207,2.1706942751052085,2.6555547657721092
2004-04-23,2.326194327244707,2.622595331733507,2.1849959415260565,2.6660030195369355
2004-04-24,2.3226936738245163,2.620119702084448,2.1818695009530926,2.6565188926874588
2004-04-25,2.3014610065665533,2.5974833830752315,2.1608604802844686,2.626709373741075
2004-04-26,2.2628435430366607,2.5550346350728996,2.122342467090413,2.57711992396374
2004-04-27,2.2079985848076364,2.4940307204659744,2.0674869714414013,2.509196798447741
2004-04-28,2.138801028434911,2.416536883713434,1.9981736587288539,2.4251818147031363
2004-04-29,2.0576988823994897,2.3252677350858133,1.916850525716022,2.3279505325212857
2004-04-30,1.9675320390614175,2.223387755603202,1.8263585448658626,2.2208104252310266
2004-05-01,1.871332721330216,2.1142911326269522,1.7297383253484966,2.107279045568293
2004-05-02,1.772126825718467,2.001382031296233,1.6300371166735732,1.9908630602992992
2004-05-03,1.6727538517379326,1.8878747444173336,1.5301330452695703,1.8748573838866949
2004-05-04,1.5757196181025352,1.776629353919288,1.4325901810014818,1.7621798868569356
2004-05-05,1.4830911500074002,1.6700332716803028,1.3395534767898174,1.6552519676345592
2004-05-06,1.3964377420352196,1.56993314229621,1.252687532564066,1.5559294781441466
2004-05-07,1.316817019026546,1.4776159188095057,1.1731582252436215,1.4654829019861062
2004-05-08,1.2448004721604924,1.393833165201785,1.1016521249676972,1.3846209876557984
2004-05-09,1.1805298737579268,1.3188592722629504,1.038425695739205,1.3135487056266961
2004-05-10,1.1237943629005311,1.2525725055046357,0.9833747371474137,1.2520486332857017
2004-05-11,1.0741178010895764,1.194547587192499,0.9361143219091443,1.1995746295831216
2004-05-12,1.0308469905731736,1.1441495949735079,0.8960604022580315,1.1553476931479363
2004-05-13,0.9932331761298325,1.100620952033582,0.8625059645394366,1.1184458266754582
2004-05-14,0.9605015190713888,1.0631557558013627,0.8346867325183543,1.087882133105175
2004-05-15,0.931905569398541,1.0309582381907287,0.8118336057296147,1.0626678480730092
2004-05-16,0.9067658715464813,1.0032844453989997,0.7932109894059901,1.041859250184202
2004-05-17,0.8844935244342677,0.9794680544449372,0.7781417417869301,1.0245891753911538
2004-05-18,0.8646006856386147,0.9589325067000027,0.7660205466476295,1.0100850961131185
2004-05-19,0.8467006618567885,0.941192335505986,0.7563181138507585,0.9976764097115338
2004-05-20,0.8305004300113826,0.925846769081607,0.748578782327929,0.9867937866364479
2004-05-21,0.8157882911185124,0.9125685176623335,0.7424139488273178,0.9769632699885682
2004-05-22,0.802418991053595,0.9010902356865469,0.7374933848413003,0.9677974231250931
2004-05-23,0.7902981596879581,0.8911906079837358,0.7335360388860431,0.9589853096752228
2004-05-24,0.7793674129139975,0.8826814427423686,0.7303014375528663,0.9502825578903094
2004-05-25,0.7695909946441516,0.8753966337710303,0.7275823570196404,0.9415022768772111
2004-05-26,0.7609444452548267,0.8691834213153037,0.7251990722865382,0.932507195520852
2004-05-27,0.753405483911596,0.8638960507796827,0.7229952181037232,0.9232031009938685
2004-05-28,0.7469470829369114,0.859391700199798,0.7208351113832684,0.9135334599272728
2004-05-29,0.7415325807470201,0.8555284069129535,0.718602277956281,0.9034749976495883
2004-05-30,0.7371126089652937,0.852164652927805,0.7161988803138559,0.893033970222914
2004-05-31,0.7336235815150512,0.8491602475178152,0.7135457401905609,0.8822428703678182
2004-06-01,0.7309874931712665,0.8463781571523985,0.7105826750294528,0.8711573439218653
2004-06-02,0.7291127898510331,0.8436869631513154,0.7072689080749426,0.8598531439013832
2004-06-03,0.727896094083701,0.8409636663936791,0.703583359006778,0.8484230041164447
2004-06-04,0.7272245911207104,0.8380965995498791,0.6995246696633002,0.836973366783564
2004-06-05,0.7269789011240696,0.8349882469662057,0.6951108639884982,0.8256209447426572
2004-06-06,0.7270362797689387,0.8315578088640098,0.6903785811484775,0.814489136882366
2004-06-07,0.7272740035367719,0.8277433795372084,0.6853818552320856,0.8037043447752384
2004-06-08,0.7275728077044462,0.8235036390470297,0.680190444168837,0.793392259705806
2004-06-09,0.7278202555165979,0.8188189850891135,0.6748877348555686,0.7836742030296122
2004-06-10,0.7279139271952004,0.8136920568145413,0.6695682714484815,0.7746636100608418
2004-06-11,0.727764328053017,0.8081476258541157,0.6643349697713945,0.7664627493736683
2004-06-12,0.7272974265670381,0.802231851864484,0.659296093145185,0.7591597663686986
2004-06-13,0.7264567461278508,0.7960109206375519,0.6545620738963661,0.7528261329638326
2004-06-14,0.7252049483911194,0.7895691020867577,0.6502422705223707,0.7475145750038512
2004-06-15,0.7235248616179664,0.7830062830296812,0.6464417531062988,0.7432575360744474
2004-06-16,0.721419923862511,0.7764350453438114,0.6432582092041679,0.7400662214479033
2004-06-17,0.7189140280048343,0.769977373475457,0.640779059209394,0.7379302494529904
2004-06-18,0.716050773024719,0.7637610861346357,0.6390788643033084,0.7368179202134919
2004-06-19,0.7128921431143616,0.7579160950535867,0.638217101744637,0.7366770939925079
2004-06-20,0.7095166527705347,0.7525705987238855,0.6382363717039026,0.7374366538553989
2004-06-21,0.7060170114285668,0.747847320930469,0.6391610874310252,0.7390085105467687
2004-06-22,0.702497375066991,0.7438599026258377,0.6409966866229682,0.7412900918612666
2004-06-23,0.6990702641281991,0.7407095512767641,0.6437293868395243,0.7441672448301045
2004-06-24,0.6958532367263277,0.7384820443994143,0.6473264921349107,0.7475174671505326
2004-06-25,0.6929654131726972,0.737245173792111,0.6517372421841873,0.7512133747985369
2004-06-26,0.6905239521388055,0.7370467042733113,0.6568941795454637,0.7551263059600568
2004-06-27,0.6886405801737019,0.7379129059021977,0.6627149957626134,0.7591299574897549
2004-06-28,0.6874182747566183,0.7398477021284857,0.6691048032095309,0.7631039491720323
2004-06-29,0.6869481966412356,0.7428324585631999,0.6759587673039613,0.7669372131437404
2004-06-30,0.6873069600625682,0.7468264185952701,0.6831650233304297,0.7705311108818153
2004-07-01,0.6885543196383974,0.751767773432255,0.6906077939073368,0.7738021880163525
2004-07-02,0.6907313407851232,0.7575753358548778,0.698170617349426,0.7766844876740742
2004-07-03,0.6938591065293308,0.7641507695716782,0.7057395939802683,0.7791313557874653
2004-07-04,0.6979379981329235,0.7713813100436857,0.7132065569324422,0.7811166864541801
2004-07-05,0.7029475704074233,0.7791428984812919,0.7204720761504433,0.7826355715771524
2004-07-06,0.7088470254486617,0.7873036388050221,0.7274482091203222,0.7837043361928137
2004-07-07,0.7155762712710356,0.7957274780519703,0.7340609191521883,0.7843599586076533
2004-07-08,0.7230575349580843,0.8042780042687077,0.7402520916260563,0.7846588922013666
2004-07-09,0.7311974839595534,0.8128222525452057,0.7459810902022062,0.7846753230066413
2004-07-10,0.7398897945151076,0.8212344096103138,0.7512258082598324,0.7844989134439171
2004-07-11,0.7490180932941509,0.8293993103344626,0.7559831853799178,0.7842320974050213
2004-07-12,0.7584591875809439,0.8372156254850225,0.7602691741106508,0.7839870048155424
2004-07-13,0.7680864910150882,0.8445986489812476,0.7641181581013329,0.7838821044889525
2004-07-14,0.7777735462590244,0.8514826044424594,0.7675818385070587,0.7840386622080282
2004-07-15,0.7873975431690858,0.8578224046818962,0.7707276208952667,0.7845771162967148
2004-07-16,0.7968427311755875,0.86359481357018,0.7736365492846867,0.7856134753247886
2004-07-17,0.806003627626391,0.868798976921849,0.7764008470021534,0.7872558419497123
2004-07-18,0.8147879297298565,0.8734563072489996,0.7791211353767747,0.7896011632635775
2004-07-19,0.8231190462771842,0.8776097258536605,0.7819034105773186,0.7927323014825749
2004-07-20,0.8309381762846979,0.8813222842576118,0.7848558658696209,0.796715509580503
2004-07-21,0.8382058747575672,0.8846752048612238,0.7880856510255059,0.8015983847926557
2004-07-22,0.8449030605613667,0.8877653974654228,0.7916956624244536,0.8074083591384208
2004-07-23,0.8510314374702707,0.8907025234004575,0.7957814565021362,0.8141517706277454
2004-07-24,0.8566133163771145,0.8936056920461706,0.8004283756414807,0.8218135420740934
2004-07-25,0.8616908439132553,0.8965998851249567,0.8057089694744852,0.8303574769178421
2004-07-26,0.8663246598373693,0.899812211995025,0.8116807860437002,0.8397271636740381
2004-07-27,0.8705920220187839,0.903368104041726,0.8183845966062552,0.8498474630699858
2004-07-28,0.8745844531880137,0.9073875580183028,0.8258431053583882,0.8606265351372564
2004-07-29,0.878404977412086,0.9119815367736374,0.8340601813750231,0.8719583479538069
2004-07-30,0.8821650260780246,0.9172486312644486,0.8430206350002238,0.8837255958436873
2004-07-31,0.8859811026931682,0.9232720802137606,0.8526905452243462,0.8958029430348199
2004-08-01,0.8899713027614004,0.93011723346333,0.8630181286954308,0.9080604993900431
2004-08-02,0.8942517891695715,0.9378295322729386,0.8739351253934067,0.9203674281333284
2004-08-03,0.8989333247978148,0.9464330649123958,0.885358661096593,0.9325955816850693
2004-08-04,0.9041179624143015,0.9559297393028829,0.8971935330205576,0.9446230609072704
2004-08-05,0.9098959873770934,0.966299096671075,0.9093348528053197,0.956337595264717
2004-08-06,0.9163432013736602,0.9774987716952788,0.9216709707210076,0.9676396465683621
2004-08-07,0.9235186255926686,0.9894655859804282,0.9340865968505313,0.9784451469333055
2004-08-08,0.9314626896267899,1.0021172434360335,0.946466029325217,0.9886877921262638
2004-08-09,0.9401959583973432,1.015354578774126,0.9586963965992061,0.9983208242924918
2004-08-10,0.9497184338766734,1.0290642943935133,0.9706708203397432,1.0073182527700746
2004-08-11,0.9600094518083334,1.043122106832455,0.9822914077952565,1.0156754778960562
2004-08-12,0.9710281764672237,1.0573962121594251,0.9934719874155087,1.023409299917414
2004-08-13,0.9827146792560645,1.071750970472584,1.0041405088961857,1.0305573128437209
2004-08-14,0.994991570098184,1.0860507033570879,1.0142410384911005,1.0371767008068322
2004-08-15,1.0077661346450977,1.100163494888481,1.0237352920998304,1.0433424717152362
2004-08-16,1.0209329157303833,1.11396488666383,1.0326036619606005,1.049145179209383
2004-08-17,1.0343766646892585,1.1273413603929356,1.0408457073738449,1.0546881986730576
2004-08-18,1.0479755774956114,1.140193507702194,1.0484800953299693,1.0600846359082026
2004-08-19,1.0616047224526635,1.1524387958170024,1.0555439927702808,1.0654539576669095
2004-08-20,1.0751395606464154,1.1640138494349033,1.06209192801566,1.0709184412490085
2004-08-21,1.0884594576924762,1.174876183045508,1.0681941541975737,1.0765995455856472
2004-08-22,1.1014510855534767,1.1850053337924757,1.0739345618794534,1.0826143084884565
2004-08-23,1.1140116163692981,1.1944033622507022,1.0794082010494837,1.0890718739850607
2004-08-24,1.1260516162344187,1.203094706710531,1.0847184839237864,1.0960702499067025
2004-08-25,1.1374975555029814,1.2111253951947276,1.0899741491973454,1.1036933892509153
2004-08-26,1.148293863253582,1.2185616379460613,1.0952860752536513,1.1120086795030495
2004-08-27,1.1584044666836057,1.2254878409799999,1.1007640341946126,1.1210649123341234
2004-08-28,1.1678137710483567,1.2320040979831834,1.1065134802546173,1.1308907922384714
2004-08-29,1.1765270518853208,1.2382232328731873,1.112632465167464,1.141494027132061
2004-08-30,1.18457024820388,1.2442674782850407,1.1192087693908093,1.1528610271495159
2004-08-31,1.1919891625869306,1.2502648857416852,1.126317331866003,1.1649572203386327
2004-09-01,1.1988480912458561,1.2563455709965412,1.1340180523803203,1.17772797616106
2004-09-02,1.2052279235009176,1.262637902783925,1.142354029852806,1.19110011017981
2004-09-03,1.2112237654516647,1.2692647448398904,1.1513502872934704,1.2049839265538702
2004-09-04,1.2169421563160867,1.2763398595158906,1.1610130201510493,1.2192757394502873
2004-09-05,1.2224979576566246,1.2839645766443544,1.1713293896715777,1.233860800672104
2004-09-06,1.228011005138254,1.2922248236633649,1.1822678671738378,1.248616549084735
2004-09-07,1.2336026193064236,1.3011886025883062,1.1937791192612142,1.2634160881411147
2004-09-08,1.2393920759333932,1.3109039865309668,1.2057974083909786,1.278131791225464
2004-09-09,1.2454931376436194,1.321397693483751,1.2182424683608912,1.292638930846003
2004-09-10,1.2520107467586084,1.3326742784396604,1.23102180057799,1.3068192270149583
2004-09-11,1.2590379746501545,1.3447159670877613,1.2440333248402442,1.3205642124800212
2004-09-12,1.2666533154923685,1.3574831358229353,1.2571683081381786,1.3337783177472162
2004-09-13,1.2749184023704119,1.3709154241714137,1.2703144869654956,1.3463815869097366
2004-09-14,1.2838762115240077,1.3849334474968702,1.2833592930462672,1.3583119459372432
2004-09-15,1.2935498064276627,1.399441060541957,1.2961930894022593,1.3695269579789155
2004-09-16,1.3039416578428544,1.4143281064757027,1.3087123233835356,1.3800050150193146
2004-09-17,1.315033559369127,1.4294735721164904,1.320822505677432,1.3897459314726612
2004-09-18,1.3267871408500298,1.4447490582869296,1.332440929326025,1.3987709225398453
2004-09-19,1.3391449647510658,1.4600224651686167,1.3434990502763515,1.4071219678869027
2004-09-20,1.3520321738177352,1.4751617863239608,1.3539444607446116,1.4148605789223792
2004-09-21,1.3653586424275859,1.4900389019183056,1.3637423984148995,1.4220660051439973
2004-09-22,1.3790215695302,1.504533261700214,1.3728767478774273,1.4288329311980839
2004-09-23,1.3929084383451849,1.518535351483586,1.3813505053575603,1.4352687309850145
2004-09-24,1.4069002574332503,1.5319498431373397,1.3891856932788476,1.4414903579337468
2004-09-25,1.4208749896867978,1.5446983372600795,1.3964227271066414,1.4476209611038329
2004-09-26,1.434711070463243,1.5567216195635176,1.4031192527998808,1.4537863247783303
2004-09-27,1.4482909137116098,1.5679813662241493,1.409348488648585,1.4601112345110923
2004-09-28,1.461504305687911,1.5784612497857937,1.4151971199418274,1.466715875140022
2004-09-29,1.4742515898778235,1.5881674153344014,1.4207628085437147,1.4737123661958276
2004-09-30,1.4864465542529406,1.5971283164521806,1.4261513919672733,1.4812015377735583
2004-10-01,1.4980189433174045,1.6053939219271607,1.4314738580908193,1.4892700459552282
2004-10-02,1.508916533142024,1.6130343277292978,1.4368431927911824,1.4979879223731905
2004-10-03,1.519106728720577,1.6201378352660758,1.4423712095168864,1.5074066491653713
2004-10-04,1.5285776710786432,1.626808588012225,1.448165483907239,1.517557850823009
2004-10-05,1.5373388788921427,1.6331638967534603,1.4543265354943413,1.5284527015774854
2004-10-06,1.545421498951921,1.6393314322808352,1.460945425637125,1.5400821652132244
2004-10-07,1.5528783051847652,1.6454465274691492,1.4681019800556383,1.5524182183473134
2004-10-08,1.5597836704988737,1.651649912227451,1.475863899522126,1.5654162629680382
2004-10-09,1.5662338413272503,1.6580863071858423,1.4842870959052101,1.5790190124203838
2004-10-10,1.5723479694572728,1.6649044234402675,1.4934176817784393,1.5931622359946644
2004-10-11,1.5782704905541545,1.6722590467875962,1.5032961424500175,1.6077828620905799
2004-10-12,1.5841755636231152,1.6803160041160672,1.5139643113062558,1.622830047866466
2004-10-13,1.5902743653160587,1.689260878914308,1.525475820220163,1.638279887266925
2004-10-14,1.5968260145662738,1.69931230477262,1.537910657074879,1.6541543931003666
2004-10-15,1.6041527168577088,1.7107404444479675,1.551394266865943,1.6705451779875675
2004-10-16,1.6126592841576053,1.723890771106644,1.5661212068092802,1.6876417885350348
2004-10-17,1.6228564327623545,1.7392124277857222,1.582382640353984,1.7057638382328457
2004-10-18,1.6353861448024039,1.7572892050824678,1.6005958903443076,1.725394891902437
2004-10-19,1.651045922105275,1.7788695702602861,1.621332889014275,1.7472145016540537
2004-10-20,1.6708070857432455,1.8048903375637433,1.6453427778326446,1.7721230122510077
2004-10-21,1.6958206310035775,1.836486763836377,1.6735623602030931,1.8012520108396437
2004-10-22,1.7274029199688685,1.8749805067093523,1.7071069582987306,1.8359520045743474
2004-10-23,1.7669931708229423,1.9218365299247469,1.747233934020894,1.8777485940057845
2004-10-24,1.8160758004244484,1.9785812471553255,1.7952721913650416,1.9282596240179173
2004-10-25,1.876063614805791,2.0466774222726563,1.8525137806602032,1.9890689883142305
2004-10-26,1.9481427906910813,2.1273567760595364,1.9200684342118093,2.061558119289072
2004-10-27,2.0330873161751932,2.2214186304949273,1.9986882558585364,2.146703460294755
2004-10-28,2.1310583199413875,2.329011440300102,2.0885771620783,2.2448565948410875
2004-10-29,2.2414112658673333,2.449422347403966,2.1892068453248528,2.355531852458609
2004-10-30,2.362539700546516,2.5809061685010253,2.2991664637832865,2.477232378148325
2004-10-31,2.491786402991979,2.7205876123993584,2.4160753338809937,2.6073480001627027
2004-11-01,2.6254499933258546,2.864467482084596,2.5365852814470156,2.7421552479630567
2004-11-02,2.75890663875457,3.007554409689499,2.6564913576093487,2.8769408358059394
2004-11-03,2.8868528553598147,3.1441287438702643,2.7709567289944883,3.0062552722676705
2004-11-04,3.003658166602456,3.2681263367749738,2.8748412450722847,3.1242847270608767
2004-11-05,3.103798242533446,3.3736101183250478,2.963106023191585,3.2253097846745957
2004-11-06,3.1823234360714103,3.4552801456979028,3.0312515251470065,3.3042028179924063
2004-11-07,3.235307635925506,3.5089618710922155,3.0757371348462192,3.356904952123413
2004-11-08,3.260220545348607,3.5320103933306086,3.0943285286174875,3.3808216208896997
2004-11-09,3.256173894100415,3.5235765684845326,3.086326125838631,3.3750836452396937
2004-11-10,3.22400791550884,3.4846981942399515,3.0526428774705328,3.3406377441122683
2004-11-11,3.1662061468938982,3.4182032860476825,2.995720203969887,3.280153711048
2004-11-12,3.086650458224483,3.3284385866555346,2.919293451974806,3.1977610898255207
2004-11-13,2.9902499413171615,3.22086024934213,2.8280387878339788,3.0986515032534188
2004-11-14,2.882493118490158,3.1015409656341726,2.727148405673449,2.9885997667202213
2004-11-15,2.7689803308473637,2.976655904638524,2.6218879087900526,2.8734648393932005
2004-11-16,2.6549913599241535,2.852007836488438,2.517187985750581,2.7587296910324013
2004-11-17,2.5451333443659574,2.732640847158803,2.417313015148981,2.6491283909440435
2004-11-18,2.4430983510296596,2.6225748288920294,2.3256343400055237,2.5483918195543054
2004-11-19,2.351541828827573,2.524673045756665,2.2445187618803977,2.4591238907305155
2004-11-20,2.272075942144534,2.4406361749434256,2.175326467913632,2.382801632928813
2004-11-21,2.2053581471663284,2.371101268533725,2.1184996766818993,2.3198778107691913
2004-11-22,2.1512469621845964,2.3158148467624993,2.073715308394874,2.2699557209969123
2004-11-23,2.108994096483481,2.273846266030466,2.0400723350576095,2.232002803049626
2004-11-24,2.077444269756895,2.2438098671810973,2.016286510883356,2.204572042153438
2004-11-25,2.055219769724935,2.224070662240118,2.0008705920111223,2.1860063009582302
2004-11-26,2.0408743474258846,2.212916585011852,1.9922853063596608,2.1746088530889423
2004-11-27,2.0330088143991656,2.208688834316236,1.9890536923852147,2.1687717631890777
2004-11-28,2.030347433594316,2.209869208650093,1.9898378058784074,2.167061018565204
2004-11-29,2.031779145840785,2.215128756328297,1.9934814953262616,2.168262670552568
2004-11-30,2.036370612341012,2.2233452895328463,1.9990257470366717,2.171397437012105
2004-12-01,2.04335915052115,2.2335985198980595,2.0057041612369635,2.1757124322879813
2004-12-02,2.052133315895973,2.245151227507073,2.0129258369450773,2.1806583781922355
2004-12-03,2.0622076524441972,2.2574235396502806,2.0202518044901026,2.185859362866092
2004-12-04,2.073196486862345,2.2699656053218953,2.027369611908636,2.1910804778192077
2004-12-05,2.0847899623261936,2.2824321269410133,2.034069108198472,2.1961968892695767
2004-12-06,2.0967340452741894,2.294560625905809,2.040221108711264,2.201166356190872
2004-12-07,2.108815116600019,2.306154106904394,2.045759590896147,2.2060060249524933
2004-12-08,2.120848998846321,2.3170679713821043,2.0506673725919002,2.2107735324456743
2004-12-09,2.1326738314779115,2.3272005666074382,2.0549648296190908,2.215551990380607
2004-12-10,2.144146013860058,2.33648656264944,2.058701044624578,2.2204382239199942
2004-12-11,2.155138411010366,2.344892338051744,2.0619467695237033,2.225533612669031
2004-12-12,2.1655400910369957,2.3524126494720856,2.064788663279313,2.2309369565272883
2004-12-13,2.1752569826817774,2.359068002871571,2.0673243849453544,2.236738906471017
2004-12-14,2.184212971514388,2.3649022952632857,2.0696582455646517,2.2430176236213297
2004-12-15,2.1923510741212473,2.36998043444815,2.07189723274211,2.2498354379945806
2004-12-16,2.199634432208357,2.374385759659832,2.0741473102169397,2.2572363621969656
2004-12-17,2.2060469510400686,2.378217176492389,2.0765099600261956,2.26524437378684
2004-12-18,2.2115934709890017,2.381585987000229,2.0790789790782576,2.273862416024766
2004-12-19,2.216299410594031,2.384612444271393,2.0819375688568944,2.2830720848940205
2004-12-20,2.220209857955352,2.3874220941350695,2.085155770486181,2.292833975424755
2004-12-21,2.2233881175264343,2.3901419884992006,2.088788300992919,2.303088656748462
2004-12-22,2.225913743604755,2.3928968678740437,2.092872843122623,2.313758236365459
2004-12-23,2.2278801115471114,2.395805416922994,2.0974288326513495,2.3247484624162342
2004-12-24,2.2293915938139426,2.3989766977914835,2.1024567753968113,2.3359513001950813
2004-12-25,2.2305604208307956,2.4025068624732087,2.1079381122715906,2.3472479070754426
2004-12-26,2.23150331652637,2.406476238288221,2.1138356356629786,2.3585119193742763
2004-12-27,2.232338005304022,2.4109468702306,2.120094444908351,2.3696129561219057
2004-12-28,2.23317969111001,2.415960590991022,2.1266434132811898,2.3804202386662814
2004-12-29,2.2341376101633226,2.4215376743533663,2.1333971242469345,2.390806221806297
2004-12-30,2.235311756834143,2.4276761108963654,2.14025822126167,2.40065013186723
2004-12-31,2.2367898771879804,2.4343515270144813,2.147120103483986,2.409841309838816
2005-01-01,2.688644817006863,2.4415177497379448,2.153869889807651,2.418282263329889
2005-01-02,2.690932300888414,2.449108001223723,2.1603915658950528,2.4258913394997355
2005-01-03,2.6936892066109466,2.4570366886530035,2.1665692236292933,2.4326049420712974
2005-01-04,2.696932384710687,2.465201738145719,2.172290299772604,2.4383792287165633
2005-01-05,2.7006580575909873,2.4734874057201686,2.1774487207285302,2.443191240186176
2005-01-06,2.704841816002531,2.481767484822061,2.181947863227007,2.447039429183868
2005-01-07,2.70943921405115,2.4899088191062932,2.1857032465692616,2.44994357487391
2005-01-08,2.714386947871133,2.4977750217102592,2.1886448809793912,2.4519440879532715
2005-01-09,2.7196045890026084,2.5052302992939977,2.190719209106317,2.453100731724342
2005-01-10,2.7249968333052337,2.5121432824424486,2.1918905949272003,2.4534908076623534
2005-01-11,2.7304562231655107,2.5183907767588463,2.192142338512332,2.45320688208392
2005-01-12,2.7358663101398513,2.5238613765001188,2.19147723058549,2.4523541685120955
2005-01-13,2.7411052555331845,2.5284589337458425,2.1899177148459064,2.451047736545667
2005-01-14,2.7460499306022355,2.5321059644265103,2.1875058100542017,2.449409805619989
2005-01-15,2.750580693975122,2.5347472171387233,2.1843030741843537,2.447567519680372
2005-01-16,2.7545872134717695,2.5363538551179134,2.1803910897217555,2.4456518097263156
2005-01-17,2.757975984540641,2.5369290293715863,2.175873232536947,2.443798258599494
2005-01-18,2.7606805894639743,2.5365160639215403,2.1708788671537858,2.442151298578624
2005-01-19,2.762676223587022,2.5352110136316917,2.1655715725434717,2.440873579464198
2005-01-20,2.764000515921704,2.5331819128955364,2.1601634772831133,2.440162866693309
2005-01-21,2.7647830350829397,2.53069743781403,2.1549381228586526,2.440279197890159
2005-01-22,2.765285830786967,2.5281676628446763,2.150284226538805,2.441584955902112
2005-01-23,2.765956538326285,2.5261986912499443,2.1467419232018883,2.4445996014806224
2005-01-24,2.7674935290904963,2.5256606955075314,2.1450611130707347,2.4500685778129485
2005-01-25,2.770918946106108,2.527764904830037,2.146268071891213,2.459041946467227
2005-01-26,2.7776501077215534,2.534139199531106,2.151731386218362,2.472952520596429
2005-01-27,2.789553110282807,2.5468846714983986,2.163211953033361,2.493676073964332
2005-01-28,2.8089556961093,2.5685880843578275,2.1828753518043764,2.5235488975419393
2005-01-29,2.838591626080364,2.6022598624435362,2.2132402998217495,2.56531275360828
2005-01-30,2.8814486270101076,2.6511670356110795,2.257036714563382,2.621957065776393
2005-01-31,2.9404992680274957,2.7185385306236376,2.3169537773391755,2.6964359879616415
2005-02-01,3.0183107418617428,2.8071383946814557,2.395274105485587,2.7912558425660503
2005-02-02,3.116555281772589,2.918730739108944,2.4934145030255466,2.9079560888514733
2005-02-03,3.235474565584279,3.053494821729627,2.6114236791628396,3.0465409647479285
2005-02-04,3.3733823547526463,3.209482524553487,2.7475165612810803,3.204952155091653
2005-02-05,3.526310763902083,3.382233640902316,2.8977448401438166,3.378695575056402
2005-02-06,3.6879076527378354,3.5646666708763575,3.055905362902225,3.5607376195365146
2005-02-07,3.84966914401051,3.7473370773631385,3.213765748470198,3.741760993539509
2005-02-08,4.0015414699135805,3.919100378799066,3.3616394502769142,3.9108167218435623
2005-02-09,4.132857153261586,4.068141630436283,3.4892769835411843,4.056334574911393
2005-02-10,4.233496114012857,4.183251305000492,3.5869695886599113,4.167374179731994
2005-02-11,4.295101077106575,4.255160510733223,3.6467036596219864,4.234933310570122
2005-02-12,4.312146260796895,4.277715182870058,3.6631755054592294,4.25309721248145
2005-02-13,4.282669971694596,4.248681654132643,3.634487061830543,4.21982536686505
2005-02-14,4.2085360902677,4.17003558110944,3.562394659505241,4.1372305789411055
2005-02-15,4.095175511117547,4.047680536872727,3.4520644831578635,4.011297839264227
2005-02-16,3.9508563893655917,3.8906497427449427,3.311380965152067,3.851095566371851
2005-02-17,3.7856181274830365,3.7099387518485543,3.1499358891523976,3.667624408182614
2005-02-18,3.610058399229736,3.517176480687982,2.977877475000475,3.4725072470105287
2005-02-19,3.434174161413482,3.323354772568722,2.8048097755185863,3.2767366045486157
2005-02-20,3.2664272164315804,3.1378033979409024,2.6389039680670003,3.089662994708569
2005-02-21,3.113143684761383,2.9675303516102156,2.4863251966079183,2.9183419909305774
2005-02-22,2.978282343030243,2.816965797364318,2.3510081921794974,2.7672777976589256
2005-02-23,2.863537600606424,2.68807222039327,2.2347494111041875,2.638526745047225
2005-02-24,2.768693100411748,2.580728808009036,2.137536301020808,2.5320705992874526
2005-02-25,2.69211845578995,2.493272369370137,2.058012084540929,2.4463443351738534
2005-02-26,2.631303745987328,2.4230794263217788,1.9939764488414733,2.378805269501373
2005-02-27,2.5833475540448463,2.367097300256537,1.9428425603841808,2.326453180025098
2005-02-28,2.5453452401923498,2.3222658909382536,1.9020000797838168,2.28624423545601
2005-03-01,2.514655776092078,2.2858065033916275,1.8690637879751313,2.2553755361446783
2005-03-02,2.4890512300395686,2.2553823068944303,1.842011811811958,2.2314447288434067
2005-03-03,2.4667696229349856,2.229153225553463,1.8192331618446496,2.2125070005724625
2005-03-04,2.4464991647698886,2.205756038764106,1.799511174027198,2.1970595570950318
2005-03-05,2.427321715841532,2.1842402769942013,1.7819692652227326,2.1839834775036366
2005-03-06,2.4086384911202523,2.163985196918473,1.7660008168256043,2.172467613827767
2005-03-07,2.390094260466476,2.1446156910762055,1.7511985679457902,2.161931898730769
2005-03-08,2.371509641579373,2.1259276774622164,1.7372925709835874,2.15196023980997
2005-03-09,2.352825720989066,2.1078276219795384,1.7241006601553044,2.142247389755256
2005-03-10,2.334061586643798,2.090286827334831,1.711491901817653,2.1325602351277264
2005-03-11,2.3152833020457595,2.0733088539312257,1.6993615292715947,2.122711723372378
2005-03-12,2.296582018707568,2.0569075082129857,1.6876150570856767,2.112544742246066
2005-03-13,2.2780588720989408,2.0410927613922585,1.6761592059176864,2.1019232066583857
2005-03-14,2.259814659245683,2.0258623339276634,1.6648975918416744,2.090727989834488
2005-03-15,2.241942787814139,2.0111972075700333,1.6537295928603408,2.0788558727875395
2005-03-16,2.2245244614943305,1.9970598373527753,1.6425512526929489,2.066220211064023
2005-03-17,2.207625454868018,1.9833942542600682,1.6312574519471654,2.0527524550244958
2005-03-18,2.19129411731196,1.9701275587862468,1.6197448547605298,2.0384039924177264
2005-03-19,2.1755604425741604,1.957172520278956,1.6079153367906462,2.0231480226734697
2005-03-20,2.160436171148539,1.944431141722261,1.5956797391906261,2.0069813447260287
2005-03-21,2.145915978632443,1.9317991487047086,1.5829618934808287,1.989926067195517
2005-03-22,2.131979861665945,1.9191714329856244,1.5697029393687432,1.9720313484444052
2005-03-23,2.1185968736092686,1.9064485358224303,1.5558660202128283,1.9533753538798795
2005-03-24,2.10573038753578,1.893544296738212,1.5414414908513194,1.934067680768453
2005-03-25,2.0933450705739713,1.8803948151301695,1.5264528055484416,1.9142525416249059
2005-03-26,2.0814157315141144,1.8669688640966493,1.5109632599761191,1.8941130046297445
2005-03-27,2.0699381386725193,1.8532798420309915,1.495083726193002,1.8738765473191141
2005-03-28,2.0589417802999748,1.8393992287923178,1.4789814266639114,1.8538220689320273
2005-03-29,2.048504338589546,1.8254713107560334,1.4628896259076474,1.8342883086259134
2005-03-30,2.0387673584095367,1.8117286389132468,1.4471178641772402,1.8156833176737333
2005-03-31,2.029952211257057,1.798507283727927,1.4320620141827416,1.798494231217585
2005-04-01,2.02237499810236,1.7862604650896694,1.418213022507455,1.7832960945793126
2005-04-02,2.0164585387784912,1.7755686055267303,1.4061627366996048,1.7707579602810275
2005-04-03,2.0127391238712073,1.7671433490713622,1.396604776912649,1.7616439532410022
2005-04-04,2.0118653477466717,1.7618227051642348,1.390328072563742,1.756806600238355
2005-04-05,2.0145862091940883,1.760554337882359,1.3882005546645566,1.7571695552634923
2005-04-06,2.021725877530905,1.7643642551146541,1.391140685463267,1.7636970526886344
2005-04-07,2.0341431823909275,1.774308875581554,1.4000751189445417,1.777348099461769
2005-04-08,2.052675061166697,1.7914097365379322,1.4158818817938528,1.7990146479836544
2005-04-09,2.0780648884213377,1.8165719508494937,1.439320044395068,1.8294447730943773
2005-04-10,2.1108787244342553,1.8504898281695308,1.4709488286964298,1.8691541116964747
2005-04-11,2.1514148587416084,1.8935456259442671,1.5110412888231362,1.9183313016134078
2005-04-12,2.199614292170743,1.945709866946387,1.5594998207532351,1.9767455591905334
2005-04-13,2.2549816268371945,2.0064536452852773,1.6157824590797563,2.043666465486971
2005-04-14,2.3165268229975102,2.0746844101405406,1.6788498287709623,2.1178070651289556
2005-04-15,2.3827380831266027,2.1487164812531443,1.747142405979512,2.1973011430865754
2005-04-16,2.4515945050017596,2.226285758664761,1.8185961853230164,2.279723784006838
2005-04-17,2.5206240633682144,2.3046146941099357,1.8907019111181667,2.3621609900563736
2005-04-18,2.5870081251362755,2.380528802859397,1.9606088884554955,2.441329442482212
2005-04-19,2.647728510524579,2.450620289280235,2.0252694586780366,2.513741906657179
2005-04-20,2.69974772203623,2.5114484385563665,2.081615109081906,2.575907988251153
2005-04-21,2.7402081359724746,2.559761125530627,2.126750609639146,2.624554767720246
2005-04-22,2.766632450845996,2.5927179464223227,2.1581492533173234,2.6568480920364568
2005-04-23,2.777106144953843,2.608093782366641,2.173830819007007,2.6705936648258506
2005-04-24,2.770423487686553,2.604442467707971,2.172504633257878,2.6643979526580965
2005-04-25,2.7461818112001284,2.5812036995740946,2.1536631122005234,2.637772353381568
2005-04-26,2.70481394762283,2.538742023357401,2.1176161023592823,2.591169693061967
2005-04-27,2.6475553097507216,2.4783139356213413,2.0654625810724574,2.5259492183990977
2005-04-28,2.5763491509056204,2.401966887065297,1.9990029814012091,2.444273874474727
2005-04-29,2.493700112017876,2.3123811801427467,1.9206016534481258,2.3489507592493744
2005-04-30,2.4024913617685355,2.2126714640213785,1.8330139212459118,2.243231269348913
2005-05-01,2.305783796542273,2.1061680077984204,1.7391952140625198,2.1305908834344036
2005-05-02,2.20661655779961,1.9961988157137154,1.642110526847326,2.01450941066143
2005-05-03,2.1078265806317766,1.8858919738107713,1.5445610293081344,1.8982708995218298
2005-05-04,2.011901384941274,1.778013797824345,1.4490413522092591,1.7847986603765753
2005-05-05,1.9208744913546376,1.674853078412871,1.357636530055262,1.6765356813872319
2005-05-06,1.8362674511769508,1.5781558283367434,1.2719624936430671,1.5753749326403121
2005-05-07,1.7590772848430682,1.4891092605941878,1.193149104338048,1.48263847518741
2005-05-08,1.6898037663946581,1.408368967638591,1.1218606098080883,1.3990996082932874
2005-05-09,1.6285079070869928,1.3361199053523405,1.0583454894099302,1.3250389665526774
2005-05-10,1.5748913705730407,1.2721600206375,1.0025061273033558,1.2603237244867311
2005-05-11,1.5283863517251677,1.2159951503235735,0.9539785613606754,1.2044988333406361
2005-05-12,1.4882464389780805,1.1669349070706312,0.9122134863380809,1.1568802541162866
2005-05-13,1.4536308047513395,1.1241812699077873,0.8765514080565521,1.1166420853284789
2005-05-14,1.4236763351986619,1.086904080281788,0.8462869779406419,1.082891889899452
2005-05-15,1.397554648649635,1.0543002029520216,0.8207197337056226,1.054731005514615
2005-05-16,1.3745130647693327,1.0256354195473043,0.7991904516717968,1.031298858463806
2005-05-17,1.353900277010112,1.0002699658045593,0.7811038935229897,1.0118020821074374
2005-05-18,1.3351786572732833,0.9776699007938561,0.7659398187906047,0.9955304696784584
2005-05-19,1.3179257830352438,0.957407207256705,0.7532547339056328,0.9818624673354286
2005-05-20,1.3018279898699314,0.9391517396421231,0.7426770229021848,0.9702631095436074
2005-05-21,1.2866686217515446,0.9226579764938184,0.7338979543848946,0.9602771292580768
2005-05-22,1.272313296074971,0.9077491266631817,0.7266606969937222,0.9515195680599855
2005-05-23,1.2586940307069887,0.8943006062262061,0.7207490068891963,0.9436656861058529
2005-05-24,1.2457935865821252,0.8822243441070367,0.7159767616472636,0.9364414258337931
2005-05-25,1.2336309248220223,0.8714548592807893,0.7121790660817202,0.9296151854600833
2005-05-26,1.2222482990086745,0.8619376219943591,0.7092052823969416,0.9229912483554672
2005-05-27,1.211700215488344,0.8536198819496231,0.7069140537840806,0.916404907993382
2005-05-28,1.2020442952789723,0.8464439158989143,0.705170195392434,0.9097191229217613
2005-05-29,1.1933339478926537,0.8403425023612545,0.7038432079744967,0.9028224185291114
2005-05-30,1.1856127030000088,0.835236353649845,0.7028071112201877,0.8956277033724664
2005-05-31,1.1789100225663152,0.8310332058159566,0.7019412789443392,0.8880716678044279
2005-06-01,1.1732384181153799,0.8276282683045887,0.70113197173766,0.8801144639111065
2005-06-02,1.1685917127026526,0.8249057535001042,0.7002742923397163,0.8717394141566166
2005-06-03,1.16494430623626,0.822741232249694,0.6992743260950073,0.8629525512668702
2005-06-04,1.1622513205320342,0.8210045887817523,0.6980512677079883,0.8537818469260995
2005-06-05,1.1604495141509823,0.8195633739170196,0.6965393728568157,0.8442760377837787
2005-06-06,1.1594588657848175,0.8182863778569257,0.6946896075405402,0.8345030021086343
2005-06-07,1.159184729089974,0.8170472631534944,0.692470898912509,0.8245476785468063
2005-06-08,1.1595204624491633,0.815728115416738,0.6898709189881493,0.8145095499757956
2005-06-09,1.1603504354481389,0.8142227848370935,0.6868963574449432,0.8044997408860114
2005-06-10,1.1615533111772847,0.8124399065978775,0.683572662209176,0.7946377966608934
2005-06-11,1.1630055009340277,0.8103055034479381,0.6799432469978663,0.7850482281231396
2005-06-12,1.1645846864226448,0.8077650895767144,0.6760681836570666,0.7758569152354605
2005-06-13,1.1661733047936598,0.8047852117132585,0.6720224140658383,0.7671874702615171
2005-06-14,1.1676618942787997,0.8013543810671804,0.667893531496928,0.7591576633052969
2005-06-15,1.1689522029998776,0.7974833681723,0.6637791944980901,0.7518760122130814
2005-06-16,1.1699599708281037,0.793204851577314,0.6597842473973518,0.7454386345897671
2005-06-17,1.1706173038661731,0.7885724302526209,0.6560176302486789,0.7399264524152659
2005-06-18,1.1708745730224197,0.7836590280938279,0.6525891672485045,0.7354028297453828
2005-06-19,1.1707017819515182,0.7785547365215855,0.6496063262368031,0.7319117115871606
2005-06-20,1.1700893649812387,0.7733641574288701,0.6471710427737415,0.7294763176407089
2005-06-21,1.1690483921044021,0.7682033231608026,0.6453767004451079,0.7280984286311255
2005-06-22,1.167610175224449,0.7631962824229765,0.6443053545589674,0.7277582858861839
2005-06-23,1.1658252871138797,0.7584714506556506,0.6440252793865726,0.7284151071456534
2005-06-24,1.1637620214822226,0.7541578302083838,0.6445889097774398,0.730008203828895
2005-06-25,1.1615043386672368,0.750381209408217,0.6460312366116935,0.73245866765232
2005-06-26,1.1591493562958637,0.7472604502268516,0.6483687024707842,0.7356715780780979
2005-06-27,1.1568044573827927,0.744903971701289,0.651598629488073,0.7395386670634698
2005-06-28,1.1545840993662113,0.7434065306216765,0.6556991959993178,0.743941364399416
2005-06-29,1.1526064162045175,0.7428463924325359,0.6606299627922959,0.7487541359581009
2005-06-30,1.1509897116257148,0.7432829740459947,0.6663329339107628,0.753848018726986
2005-07-01,1.14984894476108,0.7447550266626036,0.6727341215574913,0.7590942508369561
2005-07-02,1.149292309615751,0.7472794111288136,0.6797455701085257,0.7643678920558512
2005-07-03,1.1494180071248632,0.7508505012790613,0.687267781015132,0.7695513304963527
2005-07-04,1.1503113029927616,0.7554402326072064,0.6951924688126123,0.7745375745700761
2005-07-05,1.1520419562745805,0.7609987950085382,0.7034055689095835,0.7792332354134972
2005-07-06,1.154662092971668,0.7674559497662131,0.7117904105725776,0.7835611139373001
2005-07-07,1.1582045860831196,0.7747229329600506,0.7202309637582193,0.7874623180516024
2005-07-08,1.1626819889548436,0.7826948905699141,0.7286150663161028,0.7908978491665642
2005-07-09,1.1680860528161536,0.7912537752178452,0.7368375386511472,0.7938496123705356
2005-07-10,1.1743878425517231,0.8002716211846614,0.7448030961783959,0.7963208213050235
2005-07-11,1.1815384475093558,0.8096141034314998,0.7524289757324611,0.7983357862082066
2005-07-12,1.1894702669888342,0.8191442781692078,0.7596472003399054,0.7999390913833896
2005-07-13,1.1980988334884535,0.8287263972846255,0.7664064171881254,0.8011941859528716
2005-07-14,1.207325121281679,0.8382296868035406,0.772673255928407,0.8021814286737586
2005-07-15,1.2170382739034569,0.8475319806068555,0.7784331682784472,0.8029956433324604
2005-07-16,1.227118672047655,0.8565231047893039,0.7836907248429448,0.8037432553452816
2005-07-17,1.237441253561899,0.8651079152386927,0.788469360717978,0.8045390922668176
2005-07-18,1.247878989957136,0.8732089010108516,0.7928105773351295,0.8055029405975471
2005-07-19,1.2583064193354057,0.880768278592965,0.7967726236766054,0.8067559583080134
2005-07-20,1.2686031340115915,0.8877495168248383,0.8004286950005916,0.8084170466564105
2005-07-21,1.2786571224095373,0.8941382486610784,0.8038647011245885,0.8105992860495178
2005-07-22,1.2883678690125309,0.8999425436332574,0.8071766687222702,0.8134065388499456
2005-07-23,1.2976491231219414,0.9051925333012025,0.8104678526386437,0.816930317218708
2005-07-24,1.3064312567240792,0.9099394006344008,0.8138456396151716,0.8212470064400356
2005-07-25,1.314663143609591,0.914253762600866,0.8174183337989226,0.8264155239256289
2005-07-26,1.3223135056899982,0.9182234927331102,0.8212919168154369,0.8324754815332114
2005-07-27,1.3293716878145312,0.921951046584291,0.8255668759157395,0.8394459043222194
2005-07-28,1.335847838864599,0.9255503673173039,0.8303351917423812,0.8473245428253645
2005-07-29,1.3417724940179006,0.9291434607721903,0.8356775726546961,0.8560877988016916
2005-07-30,1.3471955703359808,0.932856738883637,0.8416610154419776,0.865691266748005
2005-07-31,1.3521848047404428,0.9368172369963015,0.8483367628402992,0.8760708756906653
2005-08-01,1.3568236795161441,0.9411488142583795,0.8557387168253787,0.8871445984712737
2005-08-02,1.3612088952515546,0.945968446758688,0.8638823535104884,0.8988146793762829
2005-08-03,1.3654474641708194,0.9513827203956622,0.8727641710134102,0.9109703160138821
2005-08-04,1.369653507753131,0.9574846247049703,0.8823616862872902,0.9234907182427144
2005-08-05,1.3739448510570573,0.9643507401923341,0.892633981079836,0.9362484560836435
2005-08-06,1.3784395120252235,0.9720389003697332,0.9035227813499972,0.9491130002112501
2005-08-07,1.3832521870688492,0.9805863960036639,0.9149540390878828,0.9619543530666156
2005-08-08,1.388490834335255,0.9900087734481068,0.9268399709953079,0.974646666017047
2005-08-09,1.3942534532415303,1.000299261803451,0.9390814953091228,0.987071738387386
2005-08-10,1.4006251531951894,1.0114288455092364,0.9515709965669785,0.999122297589828
2005-08-11,1.4076755960815355,1.0233469803664765,0.96419533865656,1.0107049658866794
2005-08-12,1.4154568863174564,1.0359829324308834,0.9768390393272012,1.0217428283513301
2005-08-13,1.4240019693639527,1.0492477012563883,0.9893875146839445,1.0321775280867047
2005-08-14,1.4333235849264763,1.0630364721171457,1.001730300162255,1.041970828385899
2005-08-15,1.4434138050761725,1.0772315265810744,1.0137641551557992,1.0511055968841736
2005-08-16,1.4542441706573295,1.0917055275891656,1.0253959618199597,1.0595861834117
2005-08-17,1.4657664220934707,1.1063250843931578,1.0365453345036353,1.0674381807321847
2005-08-18,1.4779138035632584,1.1209544946312258,1.0471468646005506,1.0747075751401576
2005-08-19,1.4906029029827568,1.1354595557097475,1.0571519361182693,1.0814593114759745
2005-08-20,1.5037359747787793,1.1497113356566628,1.066530059635315,1.0877753139959823
2005-08-21,1.5172036785145442,1.1635897947755034,1.0752696861979631,1.0937520202188589
2005-08-22,1.5308881544354354,1.1769871537261838,1.0833784776976265,1.0994974989058477
2005-08-23,1.5446663472847495,1.1898109109645478,1.0908830259356987,1.1051282353176752
2005-08-24,1.5584134825771983,1.2019864225770451,1.0978280284732258,1.1107656764791898
2005-08-25,1.5720065951182858,1.213458970158577,1.104274945019949,1.1165326360970858
2005-08-26,1.585328008047028,1.2241952571368135,1.1103001730894682,1.122549662817853
2005-08-27,1.5982686621016275,1.2341842904195774,1.1159927955032303,1.1289314765654885
2005-08-28,1.6107311991216207,1.2434376219587542,1.1214519646657992,1.1357835757309622
2005-08-29,1.6226327108812175,1.2519889432732207,1.1267839990021258,1.1431991130551749
2005-08-30,1.6339070739929653,1.2598930446231538,1.1320992752421812,1.1512561302958926
2005-08-31,1.6445068035505686,1.2672241688407597,1.1375090061203181,1.1600152314205465
2005-09-01,1.6544043720504076,1.2740738072702011,1.1431219963566839,1.1695177614193761
2005-09-02,1.6635929555435587,1.2805480013490083,1.1490414704103369,1.1797845432513223
2005-09-03,1.6720865854792735,1.2867642276114422,1.155362063421037,1.1908152093393554
2005-09-04,1.6799197018310037,1.2928479558997112,1.16216706204831,1.2025881468861317
2005-09-05,1.687146120353598,1.2989289799861399,1.1695259747083502,1.2150610585796244
2005-09-06,1.6938374437071386,1.3051376263664154,1.1774925012091386,1.228172122511774
2005-09-07,1.7000809622127964,1.3116009504920092,1.1861029602663211,1.2418417178532566
2005-09-08,1.7059771047164833,1.3184390300678528,1.19537522017793,1.2559746665118587
2005-09-09,1.7116365130030822,1.3257614622384968,1.205308163426982,1.2704629261216007
2005-09-10,1.7171768240535865,1.3336641656037764,1.2158817005844116,1.2851886566933004
2005-09-11,1.7227192528573283,1.342226579212494,1.2270573330453187,1.3000275724800974
2005-09-12,1.7283850742378228,1.3515093392336621,1.2387792483057796,1.3148524823844772
2005-09-13,1.7342921050593347,1.361552500229137,1.2509759161311764,1.3295369167933346
2005-09-14,1.7405512881669387,1.3723743522468983,1.2635621395236338,1.3439587362318652
2005-09-15,1.747263476476786,1.3839708677723483,1.2764415012816368,1.3580036177471997
2005-09-16,1.754516509860088,1.3963157944127405,1.2895091355374182,1.3715683184540284
2005-09-17,1.7623826690199718,1.4093613905694224,1.3026547442863015,1.3845636220950333
2005-09-18,1.7709165796889779,1.4230397828117163,1.3157657718570015,1.396916883604499
2005-09-19,1.7801536274897807,1.437264905739603,1.3287306457165688,1.4085740982495165
2005-09-20,1.790108929077156,1.451934968326378,1.3414419900902166,1.4195014356275035
2005-09-21,1.80077688914085,1.466935375552838,1.3537997196597769,1.4296861942254158
2005-09-22,1.8121313559601944,1.4821420210199119,1.3657139240642715,1.4391371489525555
2005-09-23,1.8241263709518758,1.4974248555384975,1.377107459964651,1.4478842815667754
2005-09-24,1.8366974905461588,1.5126516287590175,1.3879181758842156,1.4559779017243246
2005-09-25,1.8497636422696777,1.5276916959615285,1.398100705665076,1.463487183998104
2005-09-26,1.8632294616060396,1.5424197803516209,1.4076277789081524,1.4704981631476213
2005-09-27,1.8769880425418024,1.556719582706095,1.4164910108771025,1.47711124575379
2005-09-28,1.8909240231774587,1.5704871350497336,1.4247011497320752,1.4834383107029636
2005-09-29,1.9049169189049031,1.5836338032806525,1.432287775345567,1.4895994836977924
2005-09-30,1.9188446100037246,1.5960888554128663,1.4392984611733552,1.4957196819692054
2005-10-01,1.9325868888053073,1.607801527639534,1.4457974287369706,1.5019250349428548
2005-10-02,1.9460289747789483,1.6187425402916258,1.451863743563564,1.5083392954802388
2005-10-03,1.959064915357649,1.628905040982168,1.4575891227339677,1.515080365764424
2005-10-04,1.9716008079389573,1.638304984434878,1.4630754489493605,1.5222570739917218
2005-10-05,1.9835578068449378,1.6469810001494305,1.4684321164477807,1.5299663557312455
2005-10-06,1.99487492138366,1.6549938534411148,1.473773373184977,1.5382910210168526
2005-10-07,2.005511671274157,1.662425676390732,1.4792158750212656,1.5472983295022
2005-10-08,2.015450747117486,1.6693792365827835,1.4848767347394534,1.5570396558180293
2005-10-09,2.0247009282729587,1.6759776252762615,1.490872433698371,1.5675516085222825
2005-10-10,2.0333006365190553,1.682364880775242,1.497319065399033,1.5788590675744905
2005-10-11,2.041322642201114,1.688708207452087,1.5043344901589455,1.5909807183539812
2005-10-12,2.048880570003858,1.6952025842022984,1.5120430799482454,1.6039377642015835
2005-10-13,2.056137938681564,1.702078639613397,1.5205837894451901,1.617766557334466
2005-10-14,2.063320459907887,1.7096146469488962,1.5301222539581538,1.6325358436897643
2005-10-15,2.070732145932123,1.7181532839553493,1.5408674215891889,1.6483690966032998
2005-10-16,2.078775354295623,1.7281233236731373,1.5530928012462084,1.6654719325195497
2005-10-17,2.087974156727966,1.7400655925600848,1.567161680800037,1.6841637807120093
2005-10-18,2.0989993159198796,1.754661305168222,1.5835546012442134,1.7049117731930092
2005-10-19,2.1126917099635643,1.772759284761342,1.6028959844790274,1.7283632546149097
2005-10-20,2.1300793816990993,1.7953967406354008,1.6259752202720197,1.755371516395517
2005-10-21,2.152381758748165,1.8238064696413763,1.653755959016476,1.7870076032498217
2005-10-22,2.1809933735580596,1.8594020026163187,1.6873661950079626,1.8245497365396628
2005-10-23,2.217439099440059,1.9037318613500833,1.7280614225301913,1.8694415719792281
2005-10-24,2.2632940241062736,1.9583952938023539,1.7771541925519108,1.9232117133895954
2005-10-25,2.320064026545614,2.024915074962368,1.8359061889339823,1.987350090381123
2005-10-26,2.389028075683726,2.104568383873613,1.9053836400688127,2.063142157612758
2005-10-27,2.4710499963163186,2.19818413781861,1.9862832632065837,2.1514691345253953
2005-10-28,2.5663752088068774,2.305923671122691,2.0787433029269313,2.252590880298052
2005-10-29,2.6744354940547233,2.4270699188188773,2.182161388384029,2.3659361445960725
2005-10-30,2.7936905413073347,2.559856526036864,2.2950463589102297,2.4899311047803367
2005-10-31,2.9215371915016823,2.701370676300337,2.4149332727363686,2.62189945317476
2005-11-01,3.0543144878984223,2.8475603760436488,2.5383881879435726,2.75806432224783
2005-11-02,3.1874242172275036,2.9933677123290994,2.6611213516829753,2.893673308173813
2005-11-03,3.3155729734569865,3.1329946593635083,2.77821453591982,3.0232532086837733
2005-11-04,3.4331245263587102,3.2602891256687547,2.884451952037868,3.140982574029465
2005-11-05,3.5345331272232468,3.3692190644636324,2.974727017175966,3.2411506808662813
2005-11-06,3.6148126632821946,3.4543852620272637,3.0444823832483805,3.318654655859381
2005-11-07,3.6699865625942536,3.5115124681611483,3.0901311819270516,3.3694757264548327
2005-11-08,3.6974615282504697,3.5378565517709952,3.109405729055082,3.3910736218162736
2005-11-09,3.6962755673158596,3.5324734730287184,3.101586937708764,3.3826460865107126
2005-11-10,3.6671865940104973,3.4963132043329046,3.067582669742875,3.3452174625792175
2005-11-11,3.6125896040962093,3.4321255392131627,3.0098438210609877,3.281543628895758
2005-11-12,3.536274256895692,3.34419085775383,2.9321295057550953,3.195846195592469
2005-11-13,3.4430564236376355,3.2379127238175656,2.8391532650417575,3.0934121792149027
2005-11-14,3.338333084375467,3.11932652966814,2.736157198425023,2.9801123667145917
2005-11-15,3.227617356149551,2.994586511389561,2.628467906921782,2.8618995004395513
2005-11-16,3.116108630014694,2.869491476575687,2.5210864111905993,2.744345441839036
2005-11-17,3.008342806083127,2.74909863412339,2.4183547291984526,2.6322656983376698
2005-11-18,2.9079519191325063,2.637457707054835,2.323726912850287,2.5294627877246767
2005-11-19,2.8175443238651705,2.537477638776353,2.239655158168679,2.4386003958545635
2005-11-20,2.738699386730626,2.4509193181513194,2.1675852709644903,2.3612017352612034
2005-11-21,2.67205700848491,2.3784928060683623,2.108042844850514,2.2977508359465313
2005-11-22,2.6174739012706913,2.3200283245521294,2.0607835282687192,2.24786644066883
2005-11-23,2.574215770211615,2.274687212334201,2.024978105441253,2.210515170915736
2005-11-24,2.5411567299492073,2.241181421950107,1.9994051569508517,2.1842329543017525
2005-11-25,2.5169630154050378,2.217976392993835,1.9826294686783847,2.1673298486989347
2005-11-26,2.5002456106586184,2.2034604080370155,1.9731515021338277,2.1580615222773507
2005-11-27,2.489674196666835,2.1960720434503314,1.9695205881789855,2.1547590067427014
2005-11-28,2.4840515572135606,2.1943846972993666,1.970410876288334,2.155915589288887
2005-11-29,2.4823525421506685,2.1971525992895278,1.974663761713198,2.1602350506340255
2005-11-30,2.4837346336418022,2.203325927305244,1.9813033017843071,2.1666486401009584
2005-12-01,2.4875282641336423,2.212043857291605,1.9895321805115078,2.174309385667634
2005-12-02,2.493214714184944,2.222614018484487,1.9987154851945192,2.182572018167527
2005-12-03,2.50039819003066,2.2344854797472884,2.0083584082113166,2.190965498265129
2005-12-04,2.508777033306608,2.2472205902505182,2.0180824436163465,2.1991633967008113
2005-12-05,2.518117333076113,2.260469160018821,2.027603075106251,2.2069556048385772
2005-12-06,2.528230743491756,2.2739468670776293,2.0367105857203787,2.214223311832944
2005-12-07,2.5389571815919196,2.287418552039596,2.0452545756658465,2.2209180074015
2005-12-08,2.5501523114108373,2.300686232358595,2.053132073517322,2.227044478433937
2005-12-09,2.561679270967371,2.313581190956217,2.060278727400456,2.2326473175314545
2005-12-10,2.573403894862921,2.325959287146304,2.066662396795863,2.237800272696356
2005-12-11,2.585192648325118,2.3376986148853405,2.0722784568766612,2.2425977541584308
2005-12-12,2.5969125494426555,2.3486987180969567,2.0771462096002007,2.2471479016463625
2005-12-13,2.6084324626814386,2.3588807072608495,2.081305918823526,2.251566746364617
2005-12-14,2.619625263892028,2.3681877671235503,2.0848161170407504,2.2559731387800652
2005-12-15,2.630370485337011,2.376585680331126,2.0877509498533366,2.2604842346970178
2005-12-16,2.6405571402519086,2.3840631061841497,2.090197422443115,2.2652114286904523
2005-12-17,2.6500864985880517,2.3906314454871747,2.092252488340272,2.270256694179852
2005-12-18,2.658874641092561,2.396324193676631,2.094019976545716,2.2757093358598097
2005-12-19,2.666854661432395,2.4011957387873823,2.0956073919642217,2.2816431871894105
2005-12-20,2.673978419411881,2.405319602240139,2.097122649718147,2.2881142977471973
2005-12-21,2.6802177756014336,2.4087861521935174,2.0986708193810384,2.2951591565369043
2005-12-22,2.6855652611874388,2.4116998437699975,2.1003509629705746,2.3027934910601315
2005-12-23,2.6900341580610956,2.414176059502389,2.102253152499658,2.311011670667979
2005-12-24,2.693657983918394,2.416337637888307,2.1044557503119172,2.3197867282405498
2005-12-25,2.6964893957878426,2.4183111885660913,2.1070230292625562,2.329070998020125
2005-12-26,2.6985985429540613,2.4202232996373274,2.110003200749675,2.3387973505042505
2005-12-27,2.7000709165208443,2.42219674621101,2.1134269072221192,2.3488809885239195
2005-12-28,2.701004757569264,2.4243468094284872,2.1173062225873336,2.359221752668755
2005-12-29,2.701508098689304,2.426777812149999,2.1216341893911004,2.3697068696418913
2005-12-30,2.701695524279632,2.429579971288189,2.12638490620856,2.380214064407955
2005-12-31,2.701684743140051,2.4328266576693505,2.1315141628432803,2.3906149465340345
2006-01-01,2.7015930723041532,2.436572142566937,2.136960605147608,2.400778573231667
2006-01-02,2.701533933628023,2.4408498960315006,2.142647396016519,2.410575086524719
2006-01-03,2.7016134642984277,2.4456714862502182,2.148484324816288,2.41987931984871
2006-01-04,2.7019273391765455,2.4510261118819683,2.154370304614928,2.4285742703092303
2006-01-05,2.7025578968782873,2.456880781166946,2.160196185487834,2.4365543368008877
2006-01-06,2.7035716529628813,2.463181133212514,2.1658478032740818,2.4437282311841
2006-01-07,2.7050172729809834,2.4698528789352636,2.1712091768815354,2.450021479724965
2006-01-08,2.7069240661127547,2.47680382263029,2.1761657641268135,2.4553784451472946
2006-01-09,2.7093010478455257,2.4839264113886967,2.180607686990967,2.4597638164009616
2006-01-10,2.7121366095211794,2.4911007507068503,2.18443284353114,2.4631635348178342
2006-01-11,2.7153988268751847,2.498198024107461,2.1875498381166105,2.465585154249435
2006-01-12,2.7190364442970307,2.5050842681801937,2.1898806886998368,2.467057673857631
2006-01-13,2.7229805951160295,2.5116244913802954,2.1913633170255022,2.4676309437193416
2006-01-14,2.727147373811827,2.517687199182256,2.191953906666472,2.4673748382998792
2006-01-15,2.731441481794506,2.523149519251625,2.191629340959726,2.4663785396231743
2006-01-16,2.735761346565016,2.5279033321355824,2.1903901286026937,2.464750493606806
2006-01-17,2.740006386730042,2.5318631292933276,2.1882645089852537,2.4626199224005787
2006-01-18,2.7440874743303603,2.53497675354063,2.1853148127157698,2.460141204622971
2006-01-19,2.747942114882739,2.5372407087180933,2.1816476190478813,2.457502955913199
2006-01-20,2.751556353636713,2.5387222775209746,2.177429733357673,2.454944177629305
2006-01-21,2.7549957677053842,2.5395910874032928,2.172912356103026,2.4527802237043743
2006-01-22,2.7584478514525874,2.5401627218219525,2.1684657770499953,2.451441278010759
2006-01-23,2.7622772693917343,2.5409560738504595,2.1646261472975667,2.4515251313961417
2006-01-24,2.7670933977263066,2.542763899815398,2.162153940771117,2.45386382698017
2006-01-25,2.7738259245717694,2.546732037646625,2.1621002584412357,2.4595997984096707
2006-01-26,2.783798918045017,2.554436885363163,2.1658720467538615,2.470261338928258
2006-01-27,2.7987871162516558,2.5679434446360574,2.175280990163236,2.4878200566324216
2006-01-28,2.8210314280053237,2.5898188202553682,2.1925544177994016,2.5147056670557815
2006-01-29,2.8531858076870265,2.623070774653195,2.2202819773497766,2.5537482527040414
2006-01-30,2.898167502281673,2.6709807482159937,2.2612716512717768,2.608017905647853
2006-01-31,2.9588899585093693,2.736808733940437,2.3182955685779687,2.6805394696353178
2006-02-01,3.0378743074050267,2.823365604018566,2.3937217843880574,2.773877939083098
2006-02-02,3.1367611079802544,2.932476702227091,2.4890525661450313,2.889617734710768
2006-02-03,3.255775663177106,3.0643951596107475,2.6044196469167504,3.0277930478681756
2006-02-04,3.3932311297531412,3.217257241019871,2.738116143526893,3.1863596439584048
2006-02-05,3.545174803961863,3.3866951980711013,2.8862648462581175,3.3608212386538647
2006-02-06,3.705285074469636,3.5657253976137477,3.0427245607620446,3.5441258094053736
2006-02-07,3.865103058843639,3.7450037547948276,3.199313935871193,3.7269219555119686
2006-02-08,4.014633151406197,3.9134859283213963,3.346385053860361,3.898211889737049
2006-02-09,4.143277526242018,4.059453913210169,3.4737135427555614,4.046363270153242
2006-02-10,4.240995234305779,4.1717891251887265,3.57160151442905,4.160362100354976
2006-02-11,4.299515328533573,4.241304995360493,3.632031678303429,4.231123141431421
2006-02-12,4.3134030619541415,4.261918786819513,3.649682207750993,4.252641627403164
2006-02-13,4.280789856805971,4.231455107262555,3.622622973259885,4.222782624435214
2006-02-14,4.203632104119538,4.151933153804587,3.552565234096821,4.143562838939126
2006-02-15,4.087449935518734,4.029284048826723,3.4446183952642317,4.0208722482390105
2006-02-16,3.940594895511451,3.8725517760043626,3.3066000370039905,3.8636880810662664
2006-02-17,3.7731815228150154,3.692725552092657,3.148026944529125,3.6829262465657697
2006-02-18,3.5958722067360633,3.5014110397073965,2.978966353890435,3.4901337809256576
2006-02-19,3.4187163318089504,3.3095605796839935,2.8089376823397645,3.296238437592647
2006-02-20,3.2502143274859048,3.12644932881718,2.6460262587397887,3.1105389059596344
2006-02-21,3.0967160256629658,2.9590171301342045,2.4963126394613515,2.9400533713478025
2006-02-22,2.9621883138185736,2.811614420898877,2.3636506663509476,2.7892641629456967
2006-02-23,2.8483178764543573,2.6861146821213526,2.2497619358199406,2.6602218777356947
2006-02-24,2.7548650173196787,2.582301383853879,2.1545672219455567,2.552918854662519
2006-02-25,2.6801610678718952,2.4984116630421602,2.076653181196095,2.4658166409327835
2006-02-26,2.621643985167626,2.4317212865259155,2.0137746717081986,2.396414357876279
2006-02-27,2.576347891202655,2.3790786412893046,1.963313059323272,2.3417676132253873
2006-02-28,2.5412932035047713,2.337329364199401,1.922640148176748,2.298900820078332
2006-03-01,2.5137556287840375,2.3036078851430615,1.8893673205908044,2.265089768646239
2006-03-02,2.491418047493205,2.275500389290109,1.8614838595938117,2.2380189709411473
2006-03-03,2.4724259399377213,2.251101925794612,1.8374041640196515,2.2158361488792115
2006-03-04,2.4553742895832107,2.2289983772858974,1.8159504572422278,2.197134043547613
2006-03-05,2.439253730888147,2.2082038217064266,1.7962974205467448,2.180889514093478
2006-03-06,2.42337888263171,2.188078528256879,1.7779005978086624,2.166384674594225
2006-03-07,2.4073150436404926,2.168245413191989,1.7604239955656469,2.153127511629519
2006-03-08,2.3908127758504234,2.148515485133209,1.7436759830075836,2.1407822386276876
2006-03-09,2.373754543991781,2.1288269312211,1.7275575017099225,2.129113849471281
2006-03-10,2.356113937249956,2.109198490268623,1.712023119080792,2.117947380911878
2006-03-11,2.337925954159907,2.08969550487246,1.6970534973066707,2.107140161830289
2006-03-12,2.3192660097173796,2.0704061274004446,1.6826370439293332,2.0965644118952866
2006-03-13,2.3002352840843177,2.0514250941727985,1.6687584460645457,2.0860974815445585
2006-03-14,2.2809503979980033,2.0328428650362604,1.6553921111926384,2.0756173946137277
2006-03-15,2.2615359047812946,2.014738460635139,1.6424989920279927,2.065001878803815
2006-03-16,2.2421185769456713,1.9971748468730102,1.6300257144197678,2.054129580616351
2006-03-17,2.22282286648634,1.980196138818069,1.617905289592649,2.0428825852153354
2006-03-18,2.2037672163203172,1.9638262078392485,1.6060589608756128,2.0311496811566907
2006-03-19,2.1850611083006055,1.9480684900835996,1.5943989225092818,2.0188300384100164
2006-03-20,2.166802873215144,1.9329069364138818,1.582831775615246,2.005837129483655
2006-03-21,2.1490783820459485,1.9183081379395768,1.571262674830311,1.9921028409767423
2006-03-22,2.131960802080624,1.9042247256944163,1.559600184147704,1.9775818138442345
2006-03-23,2.115511645852183,1.8906001885502106,1.5477619111501153,1.9622561247811743
2006-03-24,2.0997833679454185,1.877375283061695,1.5356810272906454,1.9461404804568787
2006-03-25,2.08482377057084,1.8644962183624882,1.5233138041360492,1.929288135818446
2006-03-26,2.070682453881396,1.8519247778833807,1.5106482919695243,1.9117977560697157
2006-03-27,2.057419477140351,1.8396504718637403,1.4977142238812367,1.8938214029895026
2006-03-28,2.045116265205726,1.827704681673903,1.4845941288537772,1.8755737208409538
2006-03-29,2.033888584836514,1.8161765404123427,1.471435464994055,1.8573422064189933
2006-03-30,2.0239011151262933,1.8052299806324277,1.4584633269240332,1.839498157960415
2006-03-31,2.015382744224222,1.7951209670781323,1.4459929370222258,1.822507505918156
2006-04-01,2.0086412552508084,1.7862134357440536,1.4344407119787266,1.806940250068455
2006-04-02,2.004075555317091,1.778991920852141,1.4243322386108053,1.793476701495032
2006-04-03,2.002183116693887,1.7740683379344429,1.4163050558638361,1.7829082227368895
2006-04-04,2.0035599288964576,1.7721800027156351,1.411103808390177,1.7761297715647066
2006-04-05,2.0088901158989545,1.7741758231927307,1.409565215743741,1.7741214026551617
2006-04-06,2.0189225726027296,1.7809878358458973,1.412590502016325,1.7779160943770507
2006-04-07,2.0344326248556435,1.7935859817955222,1.4211035535150445,1.7885519587820462
2006-04-08,2.056167884424678,1.8129153076392595,1.435994179753317,1.807008133608198
2006-04-09,2.0847791538269074,1.8398166277808985,1.4580474450167225,1.8341254454812754
2006-04-10,2.120739343932542,1.8749339993997636,1.487862027124661,1.8705151753149012
2006-04-11,2.1642557032504977,1.9186149223428517,1.525762760862697,1.9164617396074686
2006-04-12,2.2151829249644517,1.9708116588673066,1.571714655187422,1.9718275066449118
2006-04-13,2.2729465255074457,2.030994066287449,1.6252473852548746,2.0359698970700375
2006-04-14,2.336486881821334,2.0980854165894414,1.6854001792155044,2.107681950317018
2006-04-15,2.4042341219241625,2.1704324560134745,1.750696813359731,2.1851672951834793
2006-04-16,2.4741224527192887,2.245819180237606,1.819158878356198,2.2660586956621223
2006-04-17,2.5436494363374544,2.321530419511365,1.8883625432877638,2.3474860060352634
2006-04-18,2.6099813826354694,2.394466552503522,1.9555399045018265,2.4261946683782005
2006-04-19,2.6701008449723678,2.461304973966423,2.0177210748250585,2.4987102886813575
2006-04-20,2.7209868286185905,2.5186980308728493,2.0719080517568065,2.561539023130159
2006-04-21,2.7598135070954704,2.5634918487821303,2.115266822064516,2.611388312398681
2006-04-22,2.784149754505587,2.592946631525595,2.1453208379423163,2.645388740001822
2006-04-23,2.792140272524865,2.604937324806009,2.1601275346045368,2.6612961395376806
2006-04-24,2.78264989499328,2.5981144002492593,2.158420307183799,2.657653939238804
2006-04-25,2.7553558259356374,2.572007979588248,2.139701359586459,2.6338991482605167
2006-04-26,2.7107777748149013,2.5270642139088975,2.104275763991207,2.5904009988510985
2006-04-27,2.6502425333374298,2.4646100346144815,2.053223299816667,2.528428349429849
2006-04-28,2.5757866016712856,2.3867501265482503,1.9883113330442186,2.450049568925114
2006-04-29,2.4900070480684127,2.296207176389897,1.9118582318318678,2.3579757186398407
2006-04-30,2.395875985204906,2.196122146561275,1.8265617500660323,2.2553634675539596
2006-05-01,2.2965372067885044,2.089834790757336,1.7353098194482475,2.145597607509555
2006-05-02,2.1951043159434884,1.9806654966883905,1.640991956959178,2.03207391702486
2006-05-03,2.094478128010768,1.8717178533383096,1.5463280510554753,1.9180014936274006
2006-05-04,1.9971976210684528,1.765717506156228,1.4537279924210982,1.8062399381436582
2006-05-05,1.9053338693454516,1.6648975759073397,1.3651910608450561,1.6991816083273266
2006-05-06,1.8204309915776204,1.570935011946515,1.2822488912399066,1.5986833836380692
2006-05-07,1.743492939943541,1.4849365626210411,1.2059509393443661,1.506046815781199
2006-05-08,1.6750105858335524,1.407468275487239,1.1368872567436497,1.4220408682725314
2006-05-09,1.6150204612837995,1.33861906409922,1.075240476534786,1.3469581396115957
2006-05-10,1.563184881088422,1.2780871057654164,1.0208573860058932,1.2806937240385516
2006-05-11,1.518882957267951,1.225277618106504,0.9733302796304925,1.2228356445084847
2006-05-12,1.4813029930350852,1.17940164712793,0.932079224595717,1.1727568450904309
2006-05-13,1.449528556657715,1.1395675007748034,0.8964280992165102,1.1297006770463986
2006-05-14,1.4226127921645866,1.104858946877214,0.8656694080902345,1.0928542303345778
2006-05-15,1.3996378533801086,1.0743968569239326,0.8391150859244684,1.0614063523862411
2006-05-16,1.3797584536698666,1.047383291896181,0.8161324936952501,1.0345894402468931
2006-05-17,1.3622302095703107,1.0231288779756889,0.7961664002197864,1.0117058799215313
2006-05-18,1.3464246302078866,1.0010656074263689,0.77874884248439,0.9921412398740455
2006-05-19,1.3318332653580085,0.98074792249979,0.7634993687859982,0.9753670041466551
2006-05-20,1.3180637395117518,0.9618451705908416,0.7501183531858719,0.9609358267453546
2006-05-21,1.304830272788956,0.9441283726751728,0.7383759282497242,0.9484721170582636
2006-05-22,1.291940940171043,0.9274538540388915,0.7280987281077419,0.9376603542468918
2006-05-23,1.279283458871271,0.9117457678856303,0.7191561708706917,0.9282329966563289
2006-05-24,1.2668108094873551,0.8969789973067872,0.7114475241293549,0.9199592978632682
2006-05-25,1.2545275530524658,0.8831634189540194,0.7048905502191297,0.9126358328968326
2006-05-26,1.2424773398216282,0.8703300931362457,0.6994121545902807,0.9060791166796708
2006-05-27,1.2307318306606927,0.8585196258788108,0.6949411750637218,0.9001203777597503
2006-05-28,1.2193810657313278,0.847772726492556,0.6914032503200235,0.894602331909033
2006-05-29,1.2085252050022872,0.8381228459148269,0.6887175812280019,0.8893776689381183
2006-05-30,1.198267513420222,0.8295907077853876,0.6867953325473936,0.8843089036258888
2006-05-31,1.1887084521887021,0.8221805164968093,0.6855393984431726,0.8792692286720627
2006-06-01,1.1799407504233737,0.8158776270997126,0.6848452582597322,0.874144026754001
2006-06-02,1.1720453557392834,0.8106474773811208,0.6846026673271198,0.8688327362614156
2006-06-03,1.1650881890462375,0.8064356030885925,0.6846979527868164,0.8632508110502866
2006-06-04,1.1591176523166722,0.803168577187887,0.6850167111725337,0.8573315620221053
2006-06-05,1.154162855407489,0.8007557301629784,0.6854467298475344,0.8510277136941902
2006-06-06,1.1502325381971177,0.7990915197191959,0.6858809772117475,0.844312550372923
2006-06-07,1.14731466766206,0.7980584251780366,0.6862205267727671,0.8371805635390867
2006-06-08,1.1453766871122057,0.7975302454116947,0.6863772982277736,0.829647544768113
2006-06-09,1.144366388003161,0.7973756806812267,0.6862765153411605,0.821750097395026
2006-06-10,1.1442133649775015,0.7974620795235824,0.6858587963147332,0.8135445656889043
2006-06-11,1.1448310033906233,0.7976592330118805,0.6850818080726405,0.8051054029206307
2006-06-12,1.146118936716157,0.7978431011730104,0.6839214317605785,0.7965230196380799
2006-06-13,1.1479658998706146,0.7978993607042809,0.6823724029253674,0.7879011708054449
2006-06-14,1.1502528944248671,0.797726669754146,0.6804484062567704,0.7793539552019109
2006-06-15,1.152856573481627,0.7972395545698701,0.6781816212588441,0.7710025125179804
2006-06-16,1.155652748135233,0.7963708342323509,0.675621731492879,0.7629715128095911
2006-06-17,1.1585199141946865,0.795073513311542,0.6728344257544479,0.7553855392474077
2006-06-18,1.1613426974186736,0.7933220877830472,0.6698994343383871,0.748365468339336
2006-06-19,1.1640151179452873,0.7911132265554016,0.6669081570286872,0.7420249519688696
2006-06-20,1.1664435798584818,0.7884658090105944,0.6639609512647308,0.7364671027075325
2006-06-21,1.1685494997836292,0.7854203175555841,0.6611641587566017,0.7317814780279474
2006-06-22,1.1702714988262486,0.7820376027944463,0.6586269563761595,0.7280414504433421
2006-06-23,1.1715670947657135,0.7783970570284726,0.6564581222245925,0.7253020394832139
2006-06-24,1.1724138458293125,0.7745942488563544,0.6547628102274239,0.7235982681070324
2006-06-25,1.1728099131872294,0.7707380871882091,0.6536394263653665,0.722944091043333
2006-06-26,1.1727740260707062,0.7669475965582935,0.653176696721579,0.7233319260571187
2006-06-27,1.1723448506409277,0.7633483968310723,0.6534510119976462,0.724732801769648
2006-06-28,1.1715797809286281,0.7600689889208281,0.6545241251815188,0.7270971178827449
2006-06-29,1.170553186828481,0.7572369537404386,0.6564412688704387,0.7303559960072089
2006-06-30,1.1693541697875922,0.7549751740992366,0.6592297466542756,0.7344231822706468
2006-07-01,1.1680838910225269,0.7533981886105738,0.6628980392983219,0.7391974469749777
2006-07-02,1.1668525494251236,0.752608782866081,0.6674354516235727,0.7445654122464888
2006-07-03,1.1657760964183004,0.7526949162951035,0.6728123103946428,0.7504047262847839
2006-07-04,1.164972782608224,0.7537270734517479,0.6789807076402772,0.7565874928268351
2006-07-05,1.164559635929627,0.7557561162372237,0.6858757681066925,0.7629838570867257
2006-07-06,1.164648972957117,0.7588116991244955,0.6934174044332648,0.7694656449225624
2006-07-07,1.165345044099792,0.7629012932219904,0.7015125095789368,0.7759099504495202
2006-07-08,1.166740909537258,0.7680098474611861,0.710057523421471,0.7822025688060933
2006-07-09,1.168915636103122,0.7741000968253277,0.7189412996639294,0.7882411752466375
2006-07-10,1.1719318960692355,0.7811135088828242,0.7280481905244318,0.7939381590483247
2006-07-11,1.175834037197132,0.7889718414869525,0.7372612604058226,0.7992230306737949
2006-07-12,1.1806466798361188,0.7975792668837127,0.7464655360228305,0.8040443329352155
2006-07-13,1.186373881652333,0.8068250011401629,0.7555511994122581,0.808371001206295
2006-07-14,1.192998894207607,0.8165863632370973,0.7644166318975959,0.8121931336138088
2006-07-15,1.2004845185430764,0.8267321757823739,0.7729712213753644,0.8155221491514263
2006-07-16,1.2087740496523018,0.8371264094519172,0.7811378521127436,0.8183903293055347
2006-07-17,1.2177927827497619,0.8476319662382725,0.7888550053981235,0.8208497565567037
2006-07-18,1.2274500380427775,0.8581144925839548,0.7960784106038497,0.8229706805089104
2006-07-19,1.237641645765096,0.8684461126146845,0.8027821991806724,0.8248393589002897
2006-07-20,1.2482528199593972,0.8785089739900405,0.8089595284322851,0.8265554358884316
2006-07-21,1.2591613382868432,0.8881985042904041,0.8146226572029283,0.828228933343381
2006-07-22,1.270240936317154,0.8974262842031206,0.8198024714104937,0.8299769420380306
2006-07-23,1.2813648185674056,0.9061224548171639,0.824547473216703,0.8319201082770956
2006-07-24,1.2924091851899409,0.914237589765992,0.8289222630870978,0.8341790174023732
2006-07-25,1.3032566727565578,0.9217439783850395,0.833005558611436,0.8368705785841218
2006-07-26,1.3137996100605613,0.9286362830291787,0.8368878073079352,0.8401045152700254
2006-07-27,1.3239429951891555,0.9349315517366207,0.8406684623377406,0.8439800626156124
2006-07-28,1.333607108152048,0.9406685860091852,0.8444529997717375,0.8485829672511094
2006-07-29,1.3427296838566682,0.9459066820686998,0.8483497635000452,0.8539828760214125
2006-07-30,1.3512675828931473,0.9507237820098414,0.8524667288407192,0.86023118911973
2006-07-31,1.3591979120676863,0.9552140882799239,0.8569082782450476,0.8673594396447053
2006-08-01,1.3665185624841505,0.9594852103858759,0.8617720821448877,0.8753782464316132
2006-08-02,1.373248149762902,0.9636549262118415,0.8671461749528869,0.8842768704780677
2006-08-03,1.3794253582194782,0.9678476514386386,0.8731063105968152,0.8940233878803814
2006-08-04,1.385107708006542,0.9721907189687395,0.8797136739066516,0.9045654744196941
2006-08-05,1.390369780855444,0.9768105757346544,0.8870130139100599,0.9158317793001353
2006-08-06,1.3953009556590326,0.9818290066470536,0.8950312529247062,0.9277338485528668
2006-08-07,1.400002719265416,0.9873594946529567,0.903776611614495,0.9401685427696156
2006-08-08,1.4045856300955677,0.9935038219464922,0.9132382752978779,0.9530208795745494
2006-08-09,1.409166022203093,1.0003490104183828,0.9233866111878279,0.9661672189945337
2006-08-10,1.4138625448741253,1.0079646896461003,0.9341739303557334,0.979478699998555
2006-08-11,1.4187926376025668,1.016400968396416,0.9455357725029764,0.9928248292322833
2006-08-12,1.4240690421354774,1.0256868710913918,0.957392676547148,1.0060771185822661
2006-08-13,1.4297964522103677,1.0358293843968114,0.9696523860196976,1.0191126667927062
2006-08-14,1.4360683976325619,1.046813141497372,0.9822124257319595,1.0318175819670246
2006-08-15,1.4429644525805314,1.0586007532341877,0.9949629754586903,1.0440901463698937
2006-08-16,1.4505478486752659,1.0711337766261497,1.0077899578209482,1.0558436323708513
2006-08-17,1.4588635616760772,1.0843342929163209,1.0205782513707307,1.0670086884245615
2006-08-18,1.467936927006095,1.0981070497071985,1.0332149362659915,1.0775352263743936
2006-08-19,1.4777728240601122,1.1123421054810734,1.0455924789810023,1.087393755739122
2006-08-20,1.4883554528448082,1.1269179003132204,1.0576117642506013,1.0965761265817575
2006-08-21,1.4996487094199835,1.1417046642936377,1.0691848868470066,1.1050956596061356
2006-08-22,1.511597149341312,1.1565680654321653,1.0802376227080763,1.1129866597890377
2006-08-23,1.5241275113484858,1.1713729919125888,1.0907115081761334,1.1203033276240053
2006-08-24,1.5371507573861987,1.1859873596834554,1.1005654674008574,1.1271180994157166
2006-08-25,1.5505645701548678,1.2002858356379535,1.1097769409823226,1.1335194645199878
2006-08-26,1.5642562361930599,1.2141533690642232,1.1183424833057867,1.1396093224997899
2006-08-27,1.5781058313740708,1.2274884295703248,1.1262778113336274,1.1454999564274433
2006-08-28,1.5919896169761556,1.240205858145773,1.1336173034307953,1.151310709625379
2006-08-29,1.605783548410732,1.2522392491704326,1.140412962651903,1.1571644616830323
2006-08-30,1.6193667954406488,1.2635427946996935,1.1467328743541443,1.1631840053698914
2006-08-31,1.6326251723851117,1.2740925378530907,1.1526592025752547,1.1694884289172471
2006-09-01,1.6454543793989433,1.2838869991646447,1.1582857829095663,1.1761896079817178
2006-09-02,1.6577629613564604,1.2929471578264222,1.1637153812447618,1.183388908436913
2006-09-03,1.6694748990078327,1.3013157883508504,1.1690566973517218,1.191174195056595
2006-09-04,1.6805317576735574,1.3090561717565141,1.1744211996721978,1.1996172323291912
2006-09-05,1.6908943314950573,1.3162502184102733,1.1799198825124557,1.2087715523335314
2006-09-06,1.7005437357989885,1.3229960566164274,1.1856600390845442,1.2186708511356408
2006-09-07,1.7094819160401487,1.3294051564420117,1.1917421433767517,1.2293279599242655
2006-09-08,1.7177315586043305,1.3355990716622963,1.1982569306939956,1.2407344205285447
2006-09-09,1.7253354059937163,1.3417058937161688,1.2052827609780354,1.2528606775320337
2006-09-10,1.7323549960855533,1.3478565198598034,1.2128833408616597,1.2656568814162747
2006-09-11,1.7388688617557382,1.3541808430595288,1.2211058700657438,1.279054279546524
2006-09-12,1.7449702427134208,1.3608039734173571,1.229979665511105,1.2929671548601736
2006-09-13,1.7507643754527076,1.3678426000094115,1.2395153027417416,1.3072952563238391
2006-09-14,1.7563654393873176,1.3754015979656322,1.2497042993391168,1.3219266510430496
2006-09-15,1.7618932471435704,1.3835709785449897,1.2605193493787197,1.3367409157478514
2006-09-16,1.7674697743599654,1.3924232700681356,1.271915102091153,1.3516125755897037
2006-09-17,1.7732156289660297,1.402011405144109,1.2838294621979531,1.366414691050847
2006-09-18,1.7792465616552964,1.4123671750279012,1.2961853743503173,1.3810224894937468
2006-09-19,1.7856701180772458,1.423500295591956,1.3088930401402161,1.395316936587794
2006-09-20,1.7925825291855282,1.4353981117592844,1.321852503680973,1.4091881445811358
2006-09-21,1.8000659293128745,1.4480259488376443,1.3349565311281428,1.4225385190876387
2006-09-22,1.808185982096469,1.4613281005451901,1.3480937010394287,1.4352855535988898
2006-09-23,1.816989982626137,1.4752294251695244,1.3611516164010038,1.447364191094072
2006-09-24,1.82650549047683,1.4896375037892549,1.3740201456582444,1.458728684620588
2006-09-25,1.8367395330245722,1.5044452983299172,1.3865945992943636,1.4693539032089764
2006-09-26,1.847678402098091,1.5195342329186325,1.3987787504485028,1.479236045577373
2006-09-27,1.8592880501094,1.534777610013802,1.4104876127487462,1.4883927413657485
2006-09-28,1.871515074922203,1.5500442635708036,1.4216498959132187,1.4968625377254567
2006-09-29,1.8842882665253313,1.5652023455272386,1.4322100697032858,1.5047037876497664
2006-09-30,1.8975206738694692,1.5801231396777138,1.442129979514101,1.5119929752778238
2006-10-01,1.9111121379775893,1.5946847992297775,1.4513899724170267,1.518822532590586
2006-10-02,1.9249522289191718,1.6087759119262734,1.4599895112435812,1.5252982218711961
2006-10-03,1.938923521133092,1.6222988109460492,1.4679472771456086,1.5315361799995209
2006-10-04,1.9529051461531617,1.6351725728186772,1.4753007893755987,1.537659745796583
2006-10-05,1.9667765769853964,1.647335678024988,1.482105606909736,1.5437962228208053
2006-10-06,1.9804216278661047,1.6587483592995622,1.48843422282717,1.5500737707483787
2006-10-07,1.993732701017438,1.6693947309302184,1.4943748224363103,1.5566186729157492
2006-10-08,2.006615382203964,1.6792848833717178,1.5000301532629934,1.5635532998628079
2006-10-09,2.018993581659991,1.6884572433467075,1.5055168510358943,1.570995181331659
2006-10-10,2.0308155346754035,1.696981638168261,1.510965679000422,1.579057710667
2006-10-11,2.0420611079958824,1.7049636543627762,1.5165232598791347,1.5878531269015679
2006-10-12,2.0527509842089557,1.7125510226866798,1.5223559917188658,1.5974985300796896
2006-10-13,2.062958381222812,1.7199428556000576,1.5286569075819836,1.6081257474306505
2006-10-14,2.072823954741037,1.7274025510221183,1.5356562146527486,1.619895825656472
2006-10-15,2.082574358356288,1.735274981176058,1.5436360650746699,1.6330187035975994
2006-10-16,2.0925445188111054,1.7440081203343798,1.5529496937884844,1.64777813519098
2006-10-17,2.103202949237632,1.7541784495915274,1.5640443385037515,1.66456110656671
2006-10-18,2.115178328016427,1.7665182638573917,1.5774862939192038,1.6838897784062583
2006-10-19,2.1292841368556417,1.7819414200873391,1.5939850675807388,1.7064524095128721
2006-10-20,2.146536500339065,1.8015622399601403,1.614412014195551,1.733127911561442
2006-10-21,2.16815874994182,1.8267004885497953,1.6398072657341394,1.764996917211428
2006-10-22,2.1955650319189868,1.8588640137821772,1.6713676101562043,1.803330927283308
2006-10-23,2.230314978284089,1.8997002845808602,1.7104076646092101,1.8495507624980687
2006-10-24,2.2740325786720113,1.9509092738009493,1.7582877280681608,1.9051467358785612
2006-10-25,2.32828534780487,2.0141133555754114,1.8163044814438964,1.971556134702038
2006-10-26,2.394424847639146,2.090685311305133,1.8855453907547328,2.0499989378156576
2006-10-27,2.473396360900381,2.1815429080605138,1.96671403968985,2.141279943445483
2006-10-28,2.565533282820541,2.286927016303162,2.059940970659674,2.245573847812965
2006-10-29,2.6703593502761054,2.406188501006381,2.164601764652049,2.362217951595037
2006-10-30,2.78642753900903,2.5376153731317315,2.2791695030606247,2.4895433340967847
2006-10-31,2.9112266180324324,2.6783340510925973,2.401130807900058,2.624777682708548
2006-11-01,3.0411835505072538,2.8243155146876093,2.5269920197833873,2.764049986443727
2006-11-02,3.171781500701247,2.9705079010793742,2.6523941094203654,2.9025182742093576
2006-11-03,3.2977995522030596,3.111102137494669,2.7723420112380976,3.034626935452421
2006-11-04,3.4136629871876365,3.239918307511063,2.8815377538592597,3.1544816475409414
2006-11-05,3.513874819319752,3.3508805642859842,2.9747895964242583,3.256310451172138
2006-11-06,3.59348354296401,3.4385311823511553,3.047454513380022,3.3349626400227854
2006-11-07,3.6485320409695277,3.4985233756632073,3.095861910211781,3.3863863911669876
2006-11-08,3.6764307586306577,3.5280305162764374,3.1176647423532935,3.4080241194851144
2006-11-09,3.6762056253921624,3.5260174856174578,3.1120712168806937,3.3990724911574333
2006-11-10,3.6485870068924364,3.4933372219878502,3.0799252408414537,3.360571037467629
2006-11-11,3.5959276742521453,3.432639327714774,3.023624351007921,3.2953066569036893
2006-11-12,3.521961604116693,3.3481037238492712,2.9468864370213717,3.2075469159395564
2006-11-13,3.4314371330287323,3.245036144392396,2.8543971394826304,3.1026383999245284
2006-11-14,3.329673802074925,3.1293796021255336,2.7513847861345515,2.986523360365718
2006-11-15,3.2220996183217108,3.0072040681041896,2.6431767327618987,2.865235840256709
2006-11-16,3.113823646274579,2.8842346294816377,2.5347892601835795,2.744436494548798
2006-11-17,3.009288847747558,2.76546744543256,2.4305937125799337,2.6290345577751766
2006-11-18,2.9120343875929806,2.6549056208036803,2.33408668924537,2.5229285069571903
2006-11-19,2.824578497107521,2.555427257132185,2.247774928710842,2.4288774534729196
2006-11-20,2.748415764813238,2.4687790676381876,2.173169202523751,2.34849675122903
2006-11-21,2.684109103856928,2.395674013214524,2.1108686208546836,2.282356631692612
2006-11-22,2.631448249324731,2.335962208656102,2.0607087805829836,2.2301536146735264
2006-11-23,2.5896438714540655,2.2888413054347923,2.0219445418602495,2.190921432670645
2006-11-24,2.557528579480593,2.2530749425985346,1.9934402652931884,2.1632505241478617
2006-11-25,2.533741829639053,2.227194130587257,1.9738457483401144,2.145491286808927
2006-11-26,2.516883326690445,2.209664717412889,1.9617432452409669,2.135924395335056
2006-11-27,2.505627297424348,2.1990126039217888,1.9557583031245067,2.132889834381339
2006-11-28,2.498796766131672,2.1939057547629113,1.9546335144091476,2.1348735331134
2006-11-29,2.495401934869652,2.193197482599453,1.9572689711983027,2.140555816073051
2006-11-30,2.494649731036846,2.195938708691997,1.9627359897802688,2.1488290551969853
2006-12-01,2.4959327003507408,2.201368108938958,1.9702717131658734,2.1587931013960957
2006-12-02,2.4988051144402883,2.208888701098184,1.9792618946458986,2.169736742540389
2006-12-03,2.5029529445431953,2.2180380816327636,1.9892180041642271,2.1811121322536566
2006-12-04,2.508162714387935,2.2284577146854114,1.9997532443040476,2.1925073851806154
2006-12-05,2.5142925703497494,2.2398648322716164,2.0105604776513326,2.2036207518989843
2006-12-06,2.5212474454962783,2.2520288981664387,2.0213936889999347,2.2142382387427118
2006-12-07,2.5289590685266012,2.2647533523492074,2.032053549975442,2.2242153553328152
2006-12-08,2.537370801302425,2.2778625129240386,2.042376941147509,2.233462878913003
2006-12-09,2.5464268378380845,2.2911930222893164,2.0522298775615564,2.2419360737879166
2006-12-10,2.5560650903621522,2.3045890040030423,2.061503108324084,2.249626616926379
2006-12-11,2.566213045650025,2.3179000598123847,2.070109644268645,2.256556471450459
2006-12-12,2.5767859282735026,2.3309813068278125,2.0779835438228993,2.26277304308549
2006-12-13,2.587686604569007,2.343694775336657,2.085079405879835,2.26834509359862
2006-12-14,2.598806767595203,2.3559116201745707,2.091372146412555,2.2733590318337176
2006-12-15,2.6100290398631363,2.367514721336712,2.0968567537353238,2.2779153355172177
2006-12-16,2.6212297089865846,2.378401353147863,2.1015478171760646,2.2821249659263545
2006-12-17,2.6322818704637467,2.388485684046267,2.1054787036551543,2.2861057208269497
2006-12-18,2.6430587941629597,2.397700933197887,2.1087003180369495,2.2899785310252665
2006-12-19,2.653437360796736,2.4060010596748342,2.111279429357247,2.293863746378332
2006-12-20,2.6633014358462255,2.413361898824464,2.1132965795066645,2.297877482346993
2006-12-21,2.6725450645275197,2.4197816920913735,2.114843616551399,2.302128111832197
2006-12-22,2.681075385091894,2.425280983400711,2.116020913780756,2.3067129920289307
2006-12-23,2.6888151707977,2.429901878870696,2.1169343492939734,2.3117155145521875
2006-12-24,2.6957049243483735,2.4337066879926663,2.1176921304470104,2.3172025607278015
2006-12-25,2.701704462984491,2.4367759838836327,2.1184015533634666,2.3232224338635383
2006-12-26,2.7067939478869176,2.439206137824739,2.119165790328195,2.3298033274086043
2006-12-27,2.7109743279701966,2.441106398895881,2.1200807974576654,2.336952372892535
2006-12-28,2.7142671852286995,2.442595602851414,2.121232431762184,2.3446552950349218
2006-12-29,2.716713986148575,2.4437986051778253,2.1226938607694548,2.352876684018005
2006-12-30,2.718374760868051,2.444842541277252,2.1245233394874337,2.3615608771717795
2006-12-31,2.719326248288897,2.445853021729396,2.12676241891393,2.370633424776262
2007-01-01,2.7196595607500735,2.4469503724690043,2.129434637868926,2.380003097858722
2007-01-02,2.7194774357351323,2.448246028431899,2.1325447359993492,2.389564380248816
2007-01-03,2.7188911540064846,2.449839184815484,2.1360784107944184,2.3992003732109923
2007-01-04,2.7180172132135483,2.451813802713441,2.1400026257999483,2.4087860291196765
2007-01-05,2.7169738531641143,2.454236055769418,2.1442664614155946,2.418191621256892
2007-01-06,2.71587753345231,2.4571522920295132,2.1488024842308615,2.4272863502501143
2007-01-07,2.7148394660503006,2.4605875709123044,2.1535285964167485,2.4359419843106935
2007-01-08,2.7139623051234096,2.4645448199904414,2.158350314020491,2.4440364307899105
2007-01-09,2.713337094523618,2.4690046413981372,2.1631634132276787,2.4514571414836985
2007-01-10,2.7130405717735977,2.473925785290493,2.167856878525122,2.4581042651316762
2007-01-11,2.7131329288638475,2.4792463014663912,2.1723160891543007,2.4638934805180406
2007-01-12,2.713656140045661,2.484885385950346,2.1764261951796375,2.468758477549145
2007-01-13,2.7146329935114935,2.4907459664705196,2.1800756697934216,2.472653110117518
2007-01-14,2.716067020376266,2.4967181336366204,2.1831600921261236,2.47555333660235
2007-01-15,2.717943618810554,2.5026836430210757,2.18558633155889,2.4774592100602693
2007-01-16,2.7202328458371374,2.5085219116085056,2.18727749095042,2.478397403529936
2007-01-17,2.722894616364619,2.514118234305309,2.1881792426849636,2.478425079224937
2007-01-18,2.7258874204809405,2.519375365249116,2.188268568687905,2.477636345560446
2007-01-19,2.729182129717701,2.5242301264857505,2.187566377514622,2.4761730745569817
2007-01-20,2.732782940393904,2.5286772455010844,2.186155950749826,2.4742423973778775
2007-01-21,2.736757841460251,2.532803011941439,2.1842095189697703,2.4721435891830454
2007-01-22,2.7412809293424982,2.5368312905097046,2.1820252316580406,2.470307009183159
2007-01-23,2.746688046073753,2.541183517826786,2.1800760079979273,2.469346871719085
2007-01-24,2.753545150740113,2.5465520647062614,2.179069820280736,2.470127417127643
2007-01-25,2.762725170353597,2.553982347559667,2.180017510661024,2.473838120770435
2007-01-26,2.775483703282638,2.5649532009471327,2.184299169138444,2.4820678048722566
2007-01-27,2.7935172821236214,2.581437732778313,2.1937137992283,2.4968603476715328
2007-01-28,2.818981127969453,2.605919471930829,2.21049058906361,2.520727391366276
2007-01-29,2.8544384945132566,2.641333331091697,2.2372355305023923,2.5565882385799985
2007-01-30,2.902713528835886,2.6909007261230298,2.2767869629373516,2.607606921583994
2007-01-31,2.9666268614401665,2.757836179990586,2.3319605086701016,2.67690423493012
2007-02-01,3.04860976553717,2.844920958986303,2.4051795973126326,2.7671403669694543
2007-02-02,3.15021849010646,2.9539675173632283,2.4980121543010436,2.8799914298099982
2007-02-03,3.2716020052874653,3.0852331833032722,2.610663960006384,3.0155771589232696
2007-02-04,3.4110073117007067,3.236875383103642,2.7415084317981044,3.1719302490519086
2007-02-05,3.5644276321532913,3.4045638826794313,2.886752597387902,3.3446205112565397
2007-02-06,3.7255009222193998,3.581367833094763,3.040341006871451,3.526649277582444
2007-02-07,3.8857426711232477,3.758009680438216,3.1941770872185287,3.7087042215900548
2007-02-08,4.035147187151074,3.923523441556655,3.338694287067271,3.8798112221216567
2007-02-09,4.163122390115695,4.066279036279705,3.463743841925769,4.028345511504247
2007-02-10,4.259648741477163,4.175252835472321,3.5596955311889324,4.143284356038402
2007-02-11,4.316491750838487,4.241357516653163,3.6185898396763694,4.215517718501821
2007-02-12,4.328267121648698,4.2586110178340535,3.6351511570603883,4.2390006871491
2007-02-13,4.293169264461858,4.224937146164556,3.607482677316623,4.211543990949379
2007-02-14,4.21322827918574,4.142449961311771,3.537315128379777,4.135097372847007
2007-02-15,4.094046600470006,4.0171683749023845,3.4297629665386564,4.015473149597162
2007-02-16,3.9440642958105787,3.8582145540678843,3.292634259042896,3.861562429823596
2007-02-17,3.7734880933661867,3.67664403768411,3.135421986839028,3.6841890244726465
2007-02-18,3.593073579126698,3.484115035573135,2.968155975473142,3.4948045472355904
2007-02-19,3.412961653304931,3.2916171444207794,2.800305702773311,3.304240754392637
2007-02-20,3.241739940249935,3.108446409933683,2.639895467803109,3.121702529693487
2007-02-21,3.0858386307729724,2.941546593399516,2.4929354650546136,2.9541191473474524
2007-02-22,2.949295817178697,2.795254965254442,2.36320186977223,2.805891481858006
2007-02-23,2.8338581805246315,2.671415132733464,2.252333545010342,2.6789984788727956
2007-02-24,2.7393330818145905,2.569764844983245,2.1601658487945277,2.573372693642432
2007-02-25,2.664084612485816,2.4884809876194924,2.0851998002661696,2.487429479463803
2007-02-26,2.605568246537345,2.4247662813627584,2.0251068667756984,2.4186366838898468
2007-02-27,2.560819873585205,2.3753853768154287,1.977189672984347,2.3640344612090236
2007-02-28,2.5268458772465276,2.3370918969450156,1.9387482004877556,2.320648035508354
2007-03-01,2.5008925321633484,2.3069226316249782,1.9073309972957977,2.285770247617689
2007-03-02,2.480598735890658,2.2823633135209818,1.880875310825785,2.2571184068089813
2007-03-03,2.4640527018604637,2.2614086215178935,1.857755802166569,2.2328878319390677
2007-03-04,2.449780512546916,2.242547042583974,1.8367683994480777,2.2117322870872544
2007-03-05,2.4366942525952413,2.22470104024239,1.8170756883187047,2.1927013197497174
2007-03-06,2.4240226056485077,2.207147690495066,1.798135664374616,2.1751593007130334
2007-03-07,2.411240026519441,2.1894375348319417,1.7796292616015257,2.1587036687859
2007-03-08,2.398003942247461,2.171322110880151,1.7613957634199524,2.143092704873123
2007-03-09,2.384104075852068,2.1526947518960395,1.7433801202568686,2.1281873722684406
2007-03-10,2.3694243407532114,2.1335452518661353,1.7255927333362653,2.1139078109435547
2007-03-11,2.353915710060789,2.1139267509277566,1.7080803130792295,2.100202843677191
2007-03-12,2.3375776452078996,2.0939322920040118,1.6909056246798275,2.0870299356642747
2007-03-13,2.3204456334928256,2.0736784528625725,1.674133877790019,2.07434297561516
2007-03-14,2.3025827565348576,2.053293854895979,1.657823845072704,2.062085610562758
2007-03-15,2.2840737249649146,2.032910899114503,1.6420222540814633,2.050188383221473
2007-03-16,2.265020312867388,2.012659610597002,1.6267604415646222,2.0385684231076717
2007-03-17,2.245537537980373,1.992662908052726,1.6120526228177712,2.0271308558142125
2007-03-18,2.2257502443512105,1.9730329380504112,1.5978953966631586,2.0157714023995816
2007-03-19,2.2057899650614234,1.9538683375550427,1.5842682911607169,2.0043798564994546
2007-03-20,2.1857920957728676,1.9352524382926732,1.57113527778619,1.9928442747653035
2007-03-21,2.1658935167201654,1.9172525262338873,1.5584472635624427,1.9810558201900446
2007-03-22,2.146230877569912,1.8999203373788875,1.5461456273867114,1.9689142755104856
2007-03-23,2.126939815540003,1.8832940176557833,1.5341669077811888,1.956334305271645
2007-03-24,2.1081554146014336,1.8674018030252135,1.5224487770110564,1.9432525927126523
2007-03-25,2.090014228292158,1.8522676816120065,1.5109374472309431,1.9296360066872917
2007-03-26,2.0726581708149627,1.8379192723681137,1.4995966388078716,1.9154909533970224
2007-03-27,2.0562405163115596,1.8243980789067458,1.488418185596748,1.9008740218207278
2007-03-28,2.0409341175224207,1.8117721342657693,1.4774342404601,1.8859039214301103
2007-03-29,2.0269417458293657,1.8001508242978812,1.466730860688584,1.8707745174027446
2007-03-30,2.014508152991232,1.7897013510225175,1.4564624854674275,1.8557684783368855
2007-03-31,2.003933059060264,1.780665870667206,1.4468664640488977,1.841270661662539
2007-04-01,1.9955837959504767,1.7733778304443903,1.4382763673678503,1.8277798875665852
2007-04-02,1.9899058194489303,1.7682754741898,1.4311323523214547,1.815917232605246
2007-04-03,1.98742880821871,1.7659099597201822,1.4259864067772061,1.8064284771414862
2007-04-04,1.988765687254567,1.7669451291364089,1.4234999696922752,1.800177962850866
2007-04-05,1.9946017567783256,1.7721458189755313,1.4244312992703694,1.7981309766903686
2007-04-06,2.005671294776817,1.782351820080759,1.4296101648187618,1.8013220031071029
2007-04-07,2.022719638457577,1.798435313129578,1.439898064683943,1.8108068903153494
2007-04-08,2.046449903874499,1.8212408878828084,1.4561332861398164,1.8275982307103198
2007-04-09,2.0774551737000757,1.8515091017105203,1.4790617226266323,1.8525850593535598
2007-04-10,2.116139079069907,1.8897868450446809,1.5092563621285433,1.886440229344221
2007-04-11,2.1626300264291123,1.9363303427068401,1.5470305715971258,1.9295213178496495
2007-04-12,2.216696577857594,1.9910091052716994,1.5923524451591191,1.9817733329861031
2007-04-13,2.2776733131221887,2.0532211476496744,1.6447692076161842,2.0426434318232425
2007-04-14,2.3444074890017275,2.1218308801638877,1.7033515957314638,2.111018899701338
2007-04-15,2.4152366149125637,2.195140865399873,1.7666679454606171,2.185199403721495
2007-04-16,2.4880054513563747,2.2709068675290203,1.832796174044664,2.2629127698655127
2007-04-17,2.5601278654854336,2.3464022517193768,1.8993789206913636,2.3413801975717714
2007-04-18,2.6286946370482163,2.4185330289219893,1.9637229796635365,2.417432123923486
2007-04-19,2.690623132255,2.483999161593545,2.022939236555855,2.4876703495785883
2007-04-20,2.742839392123257,2.5394918496798184,2.0741142084441484,2.548666228620315
2007-04-21,2.782478376399807,2.5819112373602553,2.1144997124483242,2.5971795235081414
2007-04-22,2.8070846270791368,2.6085851559225195,2.1417038681013634,2.6303787553559568
2007-04-23,2.814794097575129,2.617467838244803,2.153865174715935,2.646042217847084
2007-04-24,2.8044787102384987,2.6072984176171388,2.1497921519703436,2.6427196747256727
2007-04-25,2.7758383907584667,2.5777024964656934,2.1290540237227877,2.619838163947085
2007-04-26,2.729430549120967,2.529225773583965,2.092012846157981,2.577740927882701
2007-04-27,2.6666335703055353,2.4632959258685485,2.039793704773039,2.5176555663006144
2007-04-28,2.5895479538942827,2.382116677719593,1.97419628842683,2.44159511085325
2007-04-29,2.5008453294424937,2.2885051949364987,1.8975573740195817,2.3522028030266955
2007-04-30,2.40358078409483,2.185689635639932,1.8125786802877673,2.2525569654441466
2007-05-01,2.300987107944168,2.077087152840127,1.722137546583541,2.1459557765766006
2007-05-02,2.1962703575829394,1.9660835066865672,1.6290986467467123,2.0357026324626184
2007-05-03,2.092424594429327,1.8558337480087443,1.5361434925900512,1.9249111433110628
2007-05-04,1.992080147950514,1.7490995908731939,1.4456311721385977,1.8163450716111347
2007-05-05,1.8973949164306165,1.6481337926261497,1.3594992022645414,1.7123033497369973
2007-05-06,1.8099928132320677,1.5546159421340662,1.2792082764725117,1.6145545391712537
2007-05-07,1.7309482563231862,1.4696383552172136,1.205729777008214,1.5243195282746216
2007-05-08,1.6608112236172914,1.3937359921214818,1.1395708019243527,1.4422965984273706
2007-05-09,1.5996642914923627,1.3269509217556934,1.0808285435020952,1.3687196860481903
2007-05-10,1.5472014305990307,1.26892007121525,1.0292643254119405,1.3034389356841434
2007-05-11,1.5028181088716706,1.2189747694522393,0.9843874208615572,1.2460124300134123
2007-05-12,1.4657032151605682,1.1762416668574234,0.9455397128768919,1.1957990465732549
2007-05-13,1.4349251174434776,1.1397366032682419,0.9119739880255058,1.1520443505481401
2007-05-14,1.4095064130122466,1.1084454731230364,0.882920802413897,1.113953863635733
2007-05-15,1.3884842444491756,1.0813886923016043,0.857641072763454,1.080750552644673
2007-05-16,1.3709551483467775,1.0576681814917284,0.8354635446941185,1.0517156391989613
2007-05-17,1.3561050774930292,1.0364976303577147,0.8158078888563038,1.0262136327116782
2007-05-18,1.3432264000327065,1.0172180945330223,0.7981952861174749,1.0037037341230397
2007-05-19,1.3317243305119615,0.9993017026727951,0.7822489849625529,0.9837404474673678
2007-05-20,1.3211154543534305,0.9823464861646374,0.7676875105451364,0.9659664420786415
2007-05-21,1.3110208747994452,0.9660652050684735,0.7543130754015682,0.9501005441682092
2007-05-22,1.3011561580858182,0.9502706599756128,0.7419973989101979,0.9359233304947742
2007-05-23,1.2913197892257517,0.934859471903277,0.7306666911587851,0.9232622686111494
2007-05-24,1.2813813671157328,0.9197957794893671,0.7202870823837451,0.9119777951415113
2007-05-25,1.2712703268700778,0.9050958138986255,0.7108513418303407,0.9019512145541103
2007-05-26,1.260965615874267,0.8908139071880571,0.7023673649121691,0.8930748762259038
2007-05-27,1.2504864819397408,0.8770301849070794,0.6948486287574299,0.8852447632544611
2007-05-28,1.2398843544325502,0.8638399857797708,0.688306621770355,0.8783554005839543
2007-05-29,1.2292356993004367,0.8513449265354879,0.6827451311284638,0.8722968495755448
2007-05-30,1.2186356886983016,0.8396454692145828,0.6781562070707019,0.8669534829419432
2007-05-31,1.2081925269263583,0.8288348318036999,0.674517597684644,0.8622042089739534
2007-06-01,1.198022300182299,0.8189940933152858,0.6717914478358524,0.8579238202656104
2007-06-02,1.188244255079867,0.8101883675732223,0.6699240691932715,0.8539851662189775
2007-06-03,1.178976450584546,0.8024639461988314,0.6688466067141132,0.8502618808243032
2007-06-04,1.170331763925556,0.7958463344915243,0.6684764452972444,0.8466314313776662
2007-06-05,1.1624142598636853,0.7903391209173466,0.6687192159236103,0.8429782864981912
2007-06-06,1.155315953129143,0.7859236307550639,0.6694712725843318,0.8391970315965027
2007-06-07,1.1491140059177258,0.7825593174921895,0.6706225198876622,0.835195286626606
2007-06-08,1.1438684068444227,0.7801848429803498,0.6720594772719257,0.8308963049868997
2007-06-09,1.1396201758740565,0.7787197906522056,0.6736684702922652,0.8262411545302275
2007-06-10,1.136390132767181,0.7780669468171352,0.6753388435325919,0.8211904024880163
2007-06-11,1.1341782557516793,0.7781150746124986,0.6769660942005709,0.815725246241392
2007-06-12,1.1329636436050368,0.7787420948093291,0.6784548310551145,0.8098480516021759
2007-06-13,1.132705079127294,0.7798185783432106,0.6797214704262409,0.8035822797050359
2007-06-14,1.1333421759887998,0.7812114479252542,0.6806965899375065,0.7969718026825378
2007-06-15,1.134797074921275,0.7827877809408545,0.6813268711700409,0.7900796267808353
2007-06-16,1.1369766398532415,0.784418603439396,0.6815765748030508,0.7829860591638786
2007-06-17,1.13977509044705,0.7859825655710062,0.6814285054995988,0.7757863709835544
2007-06-18,1.1430769950652369,0.7873693924114437,0.6808844386609034,0.7685880239804082
2007-06-19,1.1467605378871277,0.7884830106849157,0.6799649967665421,0.7615075405549682
2007-06-20,1.1507009660394878,0.7892442612902565,0.6787089789303691,0.7546671075796596
2007-06-21,1.154774117440997,0.7895931195061672,0.6771721630900391,0.7481910119265001
2007-06-22,1.1588599277481202,0.7894903589616663,0.6754256154656448,0.7422020105541504
2007-06-23,1.162845815401198,0.7889186115044655,0.6735535561364363,0.7368177398950654
2007-06-24,1.1666298472897116,0.7878827925232093,0.6716508423867715,0.7321472681575197
2007-06-25,1.1701235938846168,0.7864098795786941,0.6698201424955553,0.7282878900422964
2007-06-26,1.1732545916415742,0.78454805084751,0.6681688815705977,0.7253222563893821
2007-06-27,1.1759683418041653,0.7823652083418603,0.666806047603225,0.7233159216177124
2007-06-28,1.1782297881043327,0.7799469286095794,0.6658389499501566,0.7223153797794436
2007-06-29,1.1800242308830404,0.777393900127171,0.6653700238225053,0.7223466459666047
2007-06-30,1.1813576514043769,0.7748189214002182,0.6654937730366649,0.7234144240884155
2007-07-01,1.1822564371424202,0.7723435464529357,0.6662939392967595,0.7255018851352291
2007-07-02,1.1827665160921135,0.7700944745568609,0.6678409797481635,0.7285710624472936
2007-07-03,1.1829519251948715,0.7681997884244648,0.6701899256548525,0.7325638527207016
2007-07-04,1.1828928542856763,0.7667851494641733,0.6733786840658801,0.7374035940217459
2007-07-05,1.1826832220905574,0.7659700599330775,0.6774268315652097,0.7429971754478467
2007-07-06,1.1824278542953714,0.7658642998963742,0.6823349350123533,0.7492376177478236
2007-07-07,1.1822393451802418,0.7665646418642929,0.6880844189881066,0.7560070506383743
2007-07-08,1.182234693437437,0.768151937972929,0.6946379838977781,0.7631800011185114
2007-07-09,1.1825318093014685,0.7706886638357464,0.7019405628085491,0.7706268981192743
2007-07-10,1.183245993830493,0.7742169900274775,0.7099207895652458,0.7782176925905007
2007-07-11,1.1844864919812716,0.7787574369508464,0.7184929359879381,0.7858254887996942
2007-07-12,1.1863532189922952,0.7843081520179382,0.7275592624303652,0.7933300822960253
2007-07-13,1.1889337545930567,0.7908448301366762,0.7370127140599276,0.8006213026843376
2007-07-14,1.1923006918355004,0.7983212799463314,0.7467398852519153,0.807602064982412
2007-07-15,1.196509417119241,0.8066706196286069,0.7566241667595304,0.8141910417369972
2007-07-16,1.201596385550057,0.8158070679698161,0.7665489850506614,0.8203248790083933
2007-07-17,1.2075779414894976,0.8256282791878548,0.7764010405437782,0.8259598924841407
2007-07-18,1.2144497184345877,0.836018154360119,0.7860734515055583,0.8310731949706986
2007-07-19,1.2221866356628919,0.8468500485472438,0.7954687130909852,0.835663222905514
2007-07-20,1.2307434918720586,0.8579902812984277,0.804501386334547,0.8397496468583544
2007-07-21,1.2400561388298441,0.8693018494766013,0.813100439684763,0.8433726687501815
2007-07-22,1.2500432013270937,0.8806482355072717,0.8212111756896541,0.8465917261985296
2007-07-23,1.2606082939741967,0.8918972014025038,0.8287966873988886,0.8494836414905665
2007-07-24,1.2716426710555566,0.9029244593200203,0.8358388026045014,0.8521402686955881
2007-07-25,1.2830282331692282,0.9136171129752008,0.8423384888056088,0.8546657068967961
2007-07-26,1.2946408040905129,0.9238767708282721,0.8483157073275126,0.8571731600296963
2007-07-27,1.3063535835053173,0.9336222414298786,0.8538087209041418,0.8597815340017964
2007-07-28,1.3180406761862473,0.9427917333525235,0.8588728747869063,0.8626118693409172
2007-07-29,1.3295805959780513,0.9513444964160697,0.8635788866186894,0.8657837123595956
2007-07-30,1.3408596436825186,0.959261857020752,0.8680106944712179,0.8694115295937626
2007-07-31,1.3517750615657889,0.9665476178666234,0.8722629251794315,0.8736012690243021
2007-08-01,1.3622378736481346,0.9732278106607012,0.8764380560502443,0.8784471673560829
2007-08-02,1.372175329992356,0.9793498090637192,0.880643351860044,0.8840288955328072
2007-08-03,1.3815328846206125,0.9849808275700113,0.8849876655305045,0.8904091249121081
2007-08-04,1.390275650132135,0.9902058497146495,0.8895781947989685,0.8976315843948052
2007-08-05,1.3983892871777468,0.9951250454514626,0.8945172884650215,0.9057196646452029
2007-08-06,1.4058803032371041,0.9998507522695071,0.8998993943618724,0.9146756097634334
2007-08-07,1.4127757521711366,1.0045041071897414,0.9058082371115708,0.924480319831399
2007-08-08,1.4191223432944002,1.0092114268451922,0.9123143070946222,0.9350937701389587
2007-08-09,1.4249849857323102,1.0141004401070592,0.9194727330883388,0.9464560351146067
2007-08-10,1.430444810105333,1.0192964819665553,0.9273215999630442,0.9584888875475315
2007-08-11,1.4355967246473351,1.0249187584951982,0.9358807599902607,0.9710979270986928
2007-08-12,1.440546576283842,1.0310767906531928,0.9451511720819191,0.9841751768351866
2007-08-13,1.4454079985812116,1.0378671395549826,0.9551147880552449,0.9976020730252073
2007-08-14,1.4502990375012332,1.0453705076823516,0.9657349892429826,1.0112527620892797
2007-08-15,1.4553386522977347,1.0536492996924367,0.97695756089781,1.024997609743984
2007-08-16,1.4606431924871786,1.0627457132133171,0.988712176331033,1.0387068212529742
2007-08-17,1.4663229525109682,1.0726804147355833,1.0009143480255571,1.0522540684926003
2007-08-18,1.4724789034630437,1.083451838835329,1.013467789496087,1.0655200193389665
2007-08-19,1.479199696147183,1.0950361309884322,1.0262671198232864,1.078395667695099
2007-08-20,1.4865590219016993,1.1073877356764439,1.0392008329052493,1.0907853682203166
2007-08-21,1.494613407310229,1.1204406128757263,1.0521544458333087,1.1026094883330295
2007-08-22,1.5034005064039018,1.1341100479001773,1.065013735631311,1.1138066010881584
2007-08-23,1.5129379396129334,1.148295002456679,1.0776679710454822,1.1243351557625452
2007-08-24,1.5232227129584486,1.162880939164123,1.0900130462108073,1.1341745780352506
2007-08-25,1.534231234242109,1.1777430381321097,1.1019544258448535,1.1433257680901654
2007-08-26,1.5459199257755134,1.1927497128872981,1.1134098170493916,1.1518109823218718
2007-08-27,1.5582264159881571,1.2077663243005277,1.12431149067865,1.159673102092267
2007-08-28,1.5710712755592535,1.2226589854542493,1.1346081853318553,1.166974310652308
2007-08-29,1.5843602480156944,1.2372983477637505,1.1442665390572417,1.1737942164015798
2007-08-30,1.59798691047818,1.2515632592009598,1.1532720074669505,1.1802274766159928
2007-08-31,1.6118356878323932,1.2653441891524488,1.1616292417656304,1.1863809901712163
2007-09-01,1.6257851334081674,1.2785463211667456,1.1693619157625472,1.1923707402104642
2007-09-02,1.6397113815621673,1.2910922244159682,1.176512006819621,1.1983183777933812
2007-09-03,1.653491672599302,1.3029240268385391,1.1831385514272956,1.20434764502538
2007-09-04,1.6670078483786834,1.3140050272915025,1.189315911243355,1.2105807407902112
2007-09-05,1.6801497177909661,1.3243207002103992,1.1951315995400127,1.2171347338588074
2007-09-06,1.6928181950419254,1.3338790637842273,1.2006837306746154,1.2241181267767112
2007-09-07,1.7049281202232107,1.3427104009990285,1.206078166064755,1.2316276695813153
2007-09-08,1.7164106808073303,1.350866341556113,1.2114254388948549,1.2397455151925236
2007-09-09,1.7272153642058932,1.3584183310932754,1.2168375461577698,1.2485367984657294
2007-09-10,1.7373113850459727,1.3654555317972725,1.2224247004565159,1.258047708677024
2007-09-11,1.7466885459604535,1.372082214885038,1.2282921351485423,1.2683041109805715
2007-09-12,1.7553575070164646,1.3784147200768582,1.2345370548741041,1.2793107565464343
2007-09-13,1.7633494559522298,1.3845780696643748,1.2412458193162357,1.291051104111339
2007-09-14,1.7707151886642838,1.3907023347310445,1.2484914413128891,1.3034877580432271
2007-09-15,1.7775236263867455,1.3969188582240843,1.2563314713764526,1.3165635102420326
2007-09-16,1.7838598122416747,1.403356443700656,1.2648063295331733,1.3302029557865191
2007-09-17,1.7898224448468274,1.4101376195570738,1.2739381324962709,1.3443146356915063
2007-09-18,1.7955210200111897,1.4173750863704204,1.2837300499039181,1.3587936449397655
2007-09-19,1.8010726628453664,1.425168449699609,1.2941662080981615,1.3735246305349946
2007-09-20,1.8065987415376084,1.4336013324608485,1.3052121441338786,1.3883850930753054
2007-09-21,1.812221360340139,1.4427389500477932,1.3168157968432843,1.4032488965942664
2007-09-22,1.8180598327948143,1.45262621802717,1.328909006300145,1.4179898854131614
2007-09-23,1.8242272368038002,1.463286446893635,1.3414094783776696,1.4324855036696167
2007-09-24,1.8308271508101845,1.474720661462462,1.3542231577035866,1.446620313129928
2007-09-25,1.8379506651753377,1.4869075645173249,1.3672469405830974,1.4602893078704797
2007-09-26,1.8456737550001814,1.4998041458591194,1.3803716497490424,1.473400930370641
2007-09-27,1.854055090414184,1.5133469195103524,1.3934851854372647,1.485879702379011
2007-09-28,1.8631343481423663,1.5274537541560635,1.4064757625797824,1.4976683954487158
2007-09-29,1.8729310744902892,1.5420262456552176,1.4192351421663127,1.5087296801486556
2007-09-30,1.883444135477591,1.5569525664584807,1.4316617664025375,1.5190472095861904
2007-10-01,1.8946517756714638,1.5721107160302017,1.4436637126698604,1.5286261121395697
2007-10-02,1.9065122946448696,1.5873720902043755,1.4551613911766934,1.5374928906217513
2007-10-03,1.9189653407163476,1.6026052875648886,1.4660899266656604,1.5456947513879558
2007-10-04,1.9319338181554015,1.6176800798009456,1.4764011872118321,1.5532984187308956
2007-10-05,1.9453264095437417,1.6324714936737992,1.4860654552813402,1.5603885296784057
2007-10-06,1.9590407334061026,1.6468639886324814,1.495072780768788,1.5670657552746698
2007-10-07,1.9729671930060664,1.6607557706337206,1.5034341161198663,1.5734448604648055
2007-10-08,1.9869936295839117,1.6740633635025801,1.5111824131239258,1.5796529995779702
2007-10-09,2.0010109749430915,1.686726666601223,1.5183739613118592,1.5858286502940926
2007-10-10,2.014920202921635,1.698714859767848,1.5250903672714928,1.5921217140200192
2007-10-11,2.028640998489725,1.7100336637084106,1.5314417040331891,1.598695445372899
2007-10-12,2.0421226773575123,1.7207346042750213,1.5375714809004977,1.6057309966709232
2007-10-13,2.0553579631726033,1.730927023683625,1.543664163296108,1.6134354374480808
2007-10-14,2.068400210885159,1.7407935725273327,1.5499559591610823,1.622054077497377
2007-10-15,2.081384483990947,1.750609726772119,1.5567494170933165,1.631887710246478
2007-10-16,2.094552470629637,1.7607674164239973,1.5644319764733705,1.6433149164176404
2007-10-17,2.1082804852131343,1.7718020463067419,1.5734979016542059,1.6568187473336258
2007-10-18,2.1231087057162843,1.7844209875532142,1.5845719807499756,1.6730158978088738
2007-10-19,2.139768363586887,1.7995300446759286,1.598431995489986,1.6926849044213848
2007-10-20,2.1592019549526245,1.818252590703367,1.6160253875639936,1.716788097703962
2007-10-21,2.182569927747108,1.8419342852256417,1.6384739955274055,1.7464802654711304
2007-10-22,2.211236102949526,1.8721249676539844,1.6670595783327031,1.7830956623129468
2007-10-23,2.2467237968745266,1.9105289851110692,1.7031825392365412,1.8281046523852666
2007-10-24,2.2906357404642628,1.9589164359426947,1.7482873056645638,1.8830324537477405
2007-10-25,2.3445338601026284,2.018991045739979,1.803750604351827,1.949335614310138
2007-10-26,2.4097799613462114,2.09221582837846,1.8707335572658137,2.0282371742019563
2007-10-27,2.4873451076190607,2.179605063447206,1.9500048911587922,2.1205287056946474
2007-10-28,2.5776032691859325,2.281499631963053,2.0417499010513214,2.226355773523773
2007-10-29,2.680132383015646,2.39735102465453,2.14538695209606,2.345011481641798
2007-10-30,2.793551687926562,2.525545592885508,2.2594187084816784,2.4747689220439404
2007-10-31,2.915426369150677,2.663302975472969,2.381347321336456,2.612785676489338
2007-11-01,3.0422677566633016,2.8066795656051053,2.5076801595785323,2.755110531701002
2007-11-02,3.1696489003893253,2.9506986449022037,2.634044692361663,2.896813530410451
2007-11-03,3.292441697566481,3.089613850273901,2.7554182125544355,3.032245829210897
2007-11-04,3.405164496756405,3.2172937328790314,2.8664617647475725,3.155417314428327
2007-11-05,3.5024109482181665,3.3276952746493116,2.961930463781551,3.2604604397916135
2007-11-06,3.579315140650303,3.4153769942663996,3.037117512332743,3.342131872478559
2007-11-07,3.631998041887242,3.475991297550571,3.0882797558422417,3.396292794594146
2007-11-08,3.6579384222778404,3.506693720108833,3.1129908939969106,3.420306766295823
2007-11-09,3.6562188071987527,3.5064147935300176,3.1103754680370845,3.4133020133310823
2007-11-10,3.627612798067932,3.4759575839064736,3.0811917218460616,3.376262014649724
2007-11-11,3.574501795788013,3.4179077375297333,3.0277520020488815,3.3119316211715732
2007-11-12,3.5006329760451833,3.336368980184872,2.9536919378640603,3.2245515694827285
2007-11-13,3.4107520638165476,3.236560808841981,2.863620211435351,3.1194576069174875
2007-11-14,3.310160253980706,3.124332444466121,2.7626957133949346,3.0025974519898524
2007-11-15,3.2042520023553145,3.005655216303073,2.6561858862968166,2.8800267627984817
2007-11-16,3.0980885851262463,2.886153564325748,2.549058349560364,2.757443335024608
2007-11-17,2.9960523171471025,2.7707238975984003,2.445648441348004,2.639807999478337
2007-11-18,2.901610606817165,2.66327334450582,2.3494304490013924,2.5310837981723027
2007-11-19,2.81720088892404,2.5665905715539563,2.2629031370337382,2.4341055154677953
2007-11-20,2.74423024548577,2.482341977550691,2.1875838714018374,2.350573105278761
2007-11-21,2.6831698966578794,2.4111716458295867,2.1240927355810055,2.281147887767531
2007-11-22,2.633716342247381,2.3528742369796087,2.072300074558132,2.2256213347200515
2007-11-23,2.59498816358116,2.3066069711138546,2.0315082701573433,2.1831232571045405
2007-11-24,2.5657296829502267,2.2711092451406154,2.0006406087047637,2.1523385290811956
2007-11-25,2.5444984175854475,2.244904716201209,1.9784155191095807,2.1317076193700366
2007-11-26,2.529820844134516,2.2264689805501563,1.9634916146435752,2.1195943129135904
2007-11-27,2.5203087839630314,2.2143545084627103,1.954576328092736,2.114412348475265
2007-11-28,2.5147354783897358,2.207271889874584,1.9504973038511506,2.114709927514149
2007-11-29,2.512075404788688,2.204131890355224,1.9502404007058383,2.119216370407719
2007-11-30,2.511514854679351,2.2040560559522584,1.9529609441026998,2.1268583565856205
2007-12-01,2.512441422185812,2.2063648237274194,1.9579759071016059,2.1367543676863763
2007-12-02,2.5144202549086203,2.210551752391239,1.9647443928171096,2.1481956090774332
2007-12-03,2.5171637145671464,2.2162511494199975,1.9728426264821486,2.160620369608136
2007-12-04,2.5204994695170897,2.223204572397782,1.9819381048877758,2.173587017247746
2007-12-05,2.5243403791530623,2.231229844041614,1.9917659587757204,2.1867490322369334
2007-12-06,2.5286580809968333,2.2401946165641426,2.002109196766197,2.1998339182743987
2007-12-07,2.5334610769385195,2.2499952858317407,2.0127834335208354,2.2126266373034555
2007-12-08,2.5387773577608557,2.260541213833391,2.02362598132528,2.2249574083501793
2007-12-09,2.5446411626143925,2.2717437234823303,2.0344887634340028,2.236693250054334
2007-12-10,2.5510832693879264,2.283509102870467,2.0452343201622734,2.2477324509785372
2007-12-11,2.5581241740077245,2.295734810503696,2.0557341500318795,2.258001136050384
2007-12-12,2.565769572490892,2.3083081331558377,2.065868692637399,2.2674511865725653
2007-12-13,2.5740076568539467,2.321106656601601,2.0755283675254903,2.276058908152856
2007-12-14,2.5828078403381745,2.334000028874289,2.0846152012538783,2.283823987747553
2007-12-15,2.5921206196494677,2.346852604648578,2.0930446841830292,2.290768416129741
2007-12-16,2.6018783539540187,2.3595266488048217,2.1007475911771323,2.29693516577765
2007-12-17,2.6119967912516846,2.3718858458219905,2.107671574628456,2.3023865043396987
2007-12-18,2.6223772053008654,2.3837989121077565,2.113782396003912,2.3072018924969493
2007-12-19,2.632909024827482,2.395143145029722,2.119064706770843,2.3114754659000156
2007-12-20,2.6434728457534282,2.405807769653245,2.1235223245115997,2.315313137784781
2007-12-21,2.653943720463315,2.415696965721427,2.127177978153893,2.3188293852089656
2007-12-22,2.6641946186824086,2.424732475990844,2.1300725196356143,2.3221438001555867
2007-12-23,2.6740999545161186,2.4328557145035163,2.132263619368337,2.3253774988238924
2007-12-24,2.6835390750451573,2.440029310807548,2.13382398035038,2.3286494894755703
2007-12-25,2.6923996084697888,2.446238044034958,2.134839121068741,2.332073102002445
2007-12-26,2.7005805746302456,2.451489139195865,2.135404790503411,2.3357525814469007
2007-12-27,2.7079951679826375,2.455811916876178,2.1356240895337892,2.339779943412154
2007-12-28,2.714573132752891,2.459256806387213,2.1356043817000425,2.344232181964878
2007-12-29,2.720262661846044,2.461893750874501,2.1354540824366794,2.349168910575909
2007-12-30,2.7250317648647067,2.463810050474204,2.1352794194423796,2.3546305042106743
2007-12-31,2.72886906591835,2.4651077058315694,2.1351812577024516,2.3606367962574177
2008-01-01,2.731784008355842,2.4659003387136513,2.135252080826551,2.3671863679985687
2008-01-02,2.7338064606617145,2.4663097786517882,2.135573215865855,2.3742564512584585
2008-01-03,2.7349857350368922,2.4664624141955405,2.1362123817683796,2.3818034472002885
2008-01-04,2.7353890471540714,2.466485414186953,2.1372216323347972,2.389764046522348
2008-01-05,2.73509946178179,2.466502928313476,2.1386357532505174,2.3980569190655294
2008-01-06,2.734213384021176,2.4666323770449554,2.1404711598932753,2.406584924673443
2008-01-07,2.7328376695399412,2.466980939075615,2.142725328688787,2.415237782700564
2008-01-08,2.7310864394097694,2.4676423400540157,2.145376780575337,2.423895125671935
2008-01-09,2.7290776963978773,2.468694040687459,2.1483856218030057,2.4324298544566663
2008-01-10,2.7269298510738826,2.4701949171338886,2.1516946367028122,2.4407117098461617
2008-01-11,2.7247582804814754,2.472183525318669,2.1552309223079322,2.448610981862414
2008-01-12,2.7226720642157742,2.4746770492142933,2.158908060891774,2.4560022989098615
2008-01-13,2.7207710806882877,2.4776710605799352,2.1626288517436056,2.4627684828682557
2008-01-14,2.7191437127923983,2.481140278432294,2.166288680107278,2.4688045369007363
2008-01-15,2.7178655249199846,2.485040630478093,2.169779706212575,2.4740219690063037
2008-01-16,2.716999454392758,2.4893131103387147,2.172996231675945,2.4783538694685983
2008-01-17,2.7165983318522757,2.493890217934173,2.1758418649777376,2.481761477396252
2008-01-18,2.7167109188586447,2.498706178973179,2.178239473250297,2.484243402534863
2008-01-19,2.717393110666252,2.5037126453794607,2.1801453585473456,2.4858491951842745
2008-01-20,2.7187264273456857,2.508902104327606,2.181569565880738,2.486699502621942
2008-01-21,2.7208462513722793,2.514341598576443,2.1826045696059064,2.487015446500911
2008-01-22,2.7239821984799466,2.520219293253913,2.183464541703022,2.487159815245783
2008-01-23,2.7285121541170096,2.5269055009148294,2.1845366226148197,2.487691782336068
2008-01-24,2.7350294317063364,2.5350275166768594,2.1864436766102586,2.489434663099749
2008-01-25,2.7444188338013005,2.5455536046896463,2.190114561138292,2.4935523026714552
2008-01-26,2.757932012036587,2.5598755938937083,2.19685286734283,2.501623925773315
2008-01-27,2.777245842660925,2.579872240478778,2.2083887900889856,2.51570012154647
2008-01-28,2.8044807463605737,2.607928094524364,2.226892381691852,2.53831535696947
2008-01-29,2.842151034507438,2.6468773152382523,2.2549218747623825,2.572427214197087
2008-01-30,2.893019179789173,2.699841693859313,2.2952806017490976,2.6212523550597893
2008-01-31,2.959833183138791,2.7699401285538685,2.350762938375763,2.6879770352284758
2008-02-01,3.044942825741405,2.8598650162664603,2.423785439375874,2.7753378472989696
2008-02-02,3.1498163503069883,2.9713492581985,2.515923723985058,2.8850960467947555
2008-02-03,3.274510742467343,3.1045822380059755,2.6274056119983493,3.0174627958398617
2008-02-04,3.417179690782901,3.2576670035172026,2.7566402691796905,3.1705658619607004
2008-02-05,3.5737244673943613,3.426234074632673,2.899883148707635,3.340071032885155
2008-02-06,3.7376950882875124,3.6033296189606627,3.0511385058259597,3.519073752880801
2008-02-07,3.9005256482082244,3.7796700229240936,3.2023790297383123,3.698351228689554
2008-02-08,4.052137951398047,3.944300340790399,3.3441149902670797,3.8670117106953303
2008-02-09,4.181878393058352,4.0856183072616705,3.4662797869879456,4.013503264983334
2008-02-10,4.279678661920963,4.192644082179054,3.5593283361396124,4.12686435264733
2008-02-11,4.337269651544879,4.256348842241287,3.615386776346822,4.198032726652795
2008-02-12,4.34924760267159,4.27082204683279,3.629263197329362,4.220996481642961
2008-02-13,4.313803176254818,4.234069983212844,3.599140124962719,4.193583616193418
2008-02-14,4.232978542461273,4.148297770487648,3.526820962482034,4.117744906776651
2008-02-15,4.112403676715776,4.019621332293162,3.417484088341935,3.9992774363845873
2008-02-16,3.960560862440446,3.8572630019616008,3.278990894649923,3.847041250357629
2008-02-17,3.787712500415976,3.6723787494427937,3.1208755512605397,3.671814160974321
2008-02-18,3.6046816995344826,3.4767245835500855,2.9531957479285746,3.4849881725968017
2008-02-19,3.421686785130667,3.2813824468061505,2.785434697407872,3.297323538634271
2008-02-20,3.2474004753539916,3.0957326137468226,2.625615907184783,3.1179438064353366
2008-02-21,3.088343268868463,2.9267925276480296,2.479734275267891,2.9536894237925497
2008-02-22,2.9486461749417927,2.7789604683346023,2.3515366153038983,2.80886750823067
2008-02-23,2.830148720549995,2.654126619434582,2.242619208944419,2.685361019460881
2008-02-24,2.7327483634744425,2.5520595292130333,2.1527628394639384,2.583007063707055
2008-02-25,2.6548939439630312,2.4709502157249594,2.0804035301505106,2.5001288325398767
2008-02-26,2.5941178922295984,2.4079984565643984,2.0231392041068386,2.4341079547069624
2008-02-27,2.5475230415577714,2.3599489670618867,1.9781925125314817,2.381906792900449
2008-02-28,2.5121707754142513,2.3235190160909878,1.942779338897026,2.340483448153447
2008-02-29,2.4853488375614985,2.2956936673058506,1.9143624319179782,2.30707624054416
2008-03-01,2.4647228671440753,2.273893044919065,1.8907940110936783,2.2793621313285533
2008-03-02,2.4483923194601633,2.256034227255845,1.8703669312943227,2.255511425908768
2008-03-03,2.4348786937954165,2.2405183444762597,1.8518008935708954,2.234168929181407
2008-03-04,2.4230737974397734,2.2261732641512038,1.8341900322047193,2.2143915405551184
2008-03-05,2.4121709258055937,2.21217695292171,1.816933639472408,2.195567080310029
2008-03-06,2.401595053397536,2.197979185202744,1.7996653852476396,2.177331856548065
2008-03-07,2.3909414596547265,2.1832319769935538,1.7821900891341815,2.1594973166005347
2008-03-08,2.3799268421339175,2.167733252007692,1.7644320295610123,2.1419903518517263
2008-03-09,2.3683533129487366,2.1513842537321937,1.74639532050547,2.1248078875240486
2008-03-10,2.3560836212665897,2.1341589780559236,1.7281349463842388,2.1079841693180366
2008-03-11,2.343025117156371,2.1160830024591597,1.7097362613237792,2.091568251098648
2008-03-12,2.3291199310738095,2.0972190480592134,1.6913007147744084,2.075609120554229
2008-03-13,2.3143392113355326,2.0776570163480272,1.6729359040717195,2.0601462678562745
2008-03-14,2.2986797725402424,2.0575068011296587,1.654748524011882,2.045204020094278
2008-03-15,2.2821620049207683,2.036892716922543,1.6368392363778925,2.0307884647142194
2008-03-16,2.2648283072859337,2.015948830500353,1.6192988521394052,2.0168861932516275
2008-03-17,2.2467416182526794,1.9948148146603355,1.6022054909365948,2.003464395841778
2008-03-18,2.2279838438007546,1.9736321760672304,1.58562256841574,1.9904720411727606
2008-03-19,2.2086541358816794,1.9525408666607134,1.5695975836501108,1.977842010491368
2008-03-20,2.18886708882777,1.9316763950870277,1.554161757802126,1.9654941425637242
2008-03-21,2.1687510047520577,1.9111676301312723,1.5393306283500139,1.9533392084591246
2008-03-22,2.148446446839294,1.8911355445462588,1.5251057416437495,1.9412838831432533
2008-03-23,2.1281053549701934,1.8716931905145036,1.5114776153355847,1.92923682075744
2008-03-24,2.107891040241504,1.8529472263880489,1.498430160849104,1.9171159713474213
2008-03-25,2.08797939703621,1.8350013215970657,1.4859467588651813,1.9048572920006348
2008-03-26,2.068561661925978,1.8179617406629693,1.4740181575078142,1.8924249928084267
2008-03-27,2.049848992479381,1.8019453317020522,1.462652299369245,1.8798234013350483
2008-03-28,2.032079018364481,1.7870900007363688,1.4518860633185389,1.8671104092797628
2008-03-29,2.015524314910434,1.7735675221838465,1.441798714205886,1.854412263137398
2008-03-30,2.000502453285537,1.76159820493391,1.432526576554566,1.8419391632883975
2008-03-31,1.9873868897859774,1.7514665005662235,1.4242780852559322,1.8300007404663607
2008-04-01,1.9766174842154576,1.7435361218681276,1.4173479309444301,1.8190200001387802
2008-04-02,1.9687089214177365,1.738262676901019,1.412128545237573,1.8095438033988762
2008-04-03,1.9642548147805947,1.7362012866005982,1.4091167215878762,1.8022474554452803
2008-04-04,1.9639248867029973,1.738006241544847,1.4089128264636661,1.797930596164561
2008-04-05,1.9684524601466546,1.7444195880657813,1.4122099279143165,1.7975014505952158
2008-04-06,1.978609676679908,1.756245745617415,1.4197703664294912,1.8019467272373897
2008-04-07,1.9951684862049335,1.7743099623836782,1.4323879162987803,1.8122851625775325
2008-04-08,2.0188465990954017,1.799399687779458,1.4508347973165643,1.82950397216029
2008-04-09,2.050239252848578,1.8321897783855328,1.4757943959590079,1.8544792812741022
2008-04-10,2.089739731319067,1.8731547574718956,1.5077825549306068,1.887883872954557
2008-04-11,2.1374538892692754,1.9224739024506612,1.5470625040599992,1.930088096335322
2008-04-12,2.1931161821314227,1.9799374142758708,1.5935606528158446,1.9810622054702807
2008-04-13,2.2560165105061096,2.04486392202667,1.6467921943115236,2.040290349511591
2008-04-14,2.324948166620052,2.116040662043279,1.7058064086838787,2.1067074854163375
2008-04-15,2.3981869646628717,2.1916974589291085,1.7691613674204283,2.1786702567928455
2008-04-16,2.4735100167029063,2.269523870997269,1.8349362097629256,2.253971127975261
2008-04-17,2.548259537233058,2.3467354973439796,1.900786246430481,2.329901734522953
2008-04-18,2.6194527134211856,2.4201906868393412,1.9640420255478668,2.4033667160437404
2008-04-19,2.68393349909098,2.4865532166176747,2.021848582147814,2.4710437020362055
2008-04-20,2.738556817871053,2.542490619815672,2.071335991733286,2.529579314630497
2008-04-21,2.7803908556400887,2.5848925730261487,2.109807780886699,2.575805852463735
2008-04-22,2.8069196472293694,2.6110899392123463,2.134930436587991,2.6069595485110555
2008-04-23,2.816226647995684,2.6190533929123374,2.1449057984808357,2.620879630509383
2008-04-24,2.807140802724599,2.6075514430404874,2.1386088708931177,2.616168260234721
2008-04-25,2.7793298168309533,2.576251152575784,2.1156765873416457,2.5922948254074645
2008-04-26,2.733330563873555,2.5257505682213304,2.0765379839621487,2.54963364722111
2008-04-27,2.670513165855643,2.4575390905612875,2.0223824627294595,2.489431235468167
2008-04-28,2.5929823684883506,2.373889761457475,1.9550695084462657,2.4137068158816546
2008-04-29,2.5034264314753645,2.2776946568945,1.8769894466097563,2.325096927423332
2008-04-30,2.404928973911601,2.1722602754984517,1.7908897504290286,2.226660484621873
2008-05-01,2.300762394198288,2.0610832796948353,1.6996843974595832,2.121664109508519
2008-05-02,2.1941822887251403,1.9476278127412665,1.60626452408418,2.0133684006894605
2008-05-03,2.0882407589119234,1.8351239194196425,1.5133271629063834,1.9048341612717894
2008-05-04,1.9856329979993663,1.726402753354985,1.423235530287612,1.7987638567703517
2008-05-05,1.888586718572262,1.623778951858343,1.3379197566663017,1.697388397168942
2008-05-06,1.7987985827734976,1.528984636819933,1.258821843943678,1.6024035543928243
2008-05-07,1.7174165911082249,1.4431537921812034,1.1868837130695835,1.5149547556654996
2008-05-08,1.645063012951994,1.3668509765977352,1.122573077027428,1.435664322161501
2008-05-09,1.5818893373948826,1.3001349307591887,1.0659389512318849,1.3646919178294885
2008-05-10,1.5276530787215752,1.2426458425956466,1.016687076091022,1.3018172405357809
2008-05-11,1.4818060438277698,1.1937047931975706,0.9742653340423679,1.2465337797322982
2008-05-12,1.4435846279153095,1.152414968036408,0.9379501761157955,1.1981435320059506
2008-05-13,1.412094499362344,1.117756197595746,0.9069267984132081,1.1558445302574296
2008-05-14,1.386384270761727,1.0886668567451079,0.8803579530594113,1.1188054793522786
2008-05-15,1.3655050610584814,1.0641096975830628,0.8574384903587103,1.086224302497069
2008-05-16,1.3485549374770676,1.0431204912110723,0.8374347280391408,1.057369669222603
2008-05-17,1.3347088896925026,1.0248401949051722,0.8197093434230801,1.0316063864323546
2008-05-18,1.3232361411437032,1.0085326418473124,0.8037335979535871,1.0084067896915123
2008-05-19,1.3135072434008355,0.9935904703214373,0.7890893299762718,0.9873509721836539
2008-05-20,1.3049935960135681,0.9795322409114599,0.7754633538347855,0.9681189051797479
2008-05-21,1.2972618921847454,0.9659935493265956,0.7626367809858994,0.9504773501413077
2008-05-22,1.2899656285927439,0.9527145586166113,0.7504714439729788,0.9342640663037051
2008-05-23,1.2828353466362465,0.9395258688832535,0.7388951614959282,0.9193712981894743
2008-05-24,1.2756687823416863,0.9263341135066335,0.7278871176377943,0.9057299821586279
2008-05-25,1.2683216564858228,0.9131081875518664,0.7174642005482718,0.8932956084275023
2008-05-26,1.2606994718122837,0.899866616436805,0.7076687904268385,0.8820362550775497
2008-05-27,1.2527504145743455,0.8866662764225823,0.6985582170539871,0.8719229892985383
2008-05-28,1.244459280350281,0.8735924801437592,0.6901959212758205,0.8629226065058996
2008-05-29,1.2358422461103045,0.8607503260520644,0.6826442409253224,0.8549925370001197
2008-05-30,1.2269422739697577,0.8482571608989278,0.6759586833299422,0.8480776742874716
2008-05-31,1.2178249383507815,0.8362359991377344,0.6701835268919508,0.8421088501159922
2008-06-01,1.2085745007766722,0.8248097645269513,0.6653485982401759,0.8370026818672214
2008-06-02,1.1992901019363134,0.814096253094674,0.6614670873160946,0.8326625348732078
2008-06-03,1.1900819893351593,0.8042037528713917,0.6585342821227722,0.8289803660487659
2008-06-04,1.1810677444974225,0.7952272880055639,0.6565271225417183,0.8258392399956549
2008-06-05,1.1723685127225754,0.7872454796365352,0.6554044859574912,0.8231163313003292
2008-06-06,1.164105269236126,0.780318031987867,0.6551081255970352,0.8206862459587726
2008-06-07,1.1563951779344954,0.7744838597689409,0.6555641858361648,0.8184245108267274
2008-06-08,1.1493481133081267,0.7697598731701207,0.6566852182375511,0.8162110934828529
2008-06-09,1.143063423423495,0.7661404309281101,0.6583726190102029,0.813933826916719
2008-06-10,1.1376270130775301,0.7635974616436418,0.6605194041778893,0.8114916249948876
2008-06-11,1.1331088224257775,0.7620812402052393,0.6630132341373987,0.8087973865155936
2008-06-12,1.1295607684750082,0.761521791111156,0.6657395954022778,0.8057804983940967
2008-06-13,1.1270152056777398,0.7618308748095421,0.6685850448706373,0.8023888624347162
2008-06-14,1.1254839482428054,0.7629044978393729,0.6714404214233947,0.7985903853243816
2008-06-15,1.124957881384705,0.7646258733339011,0.6742039313614241,0.7943738878225155
2008-06-16,1.1254071722254235,0.7668687459797592,0.6767840182721028,0.7897494063731484
2008-06-17,1.126782074043884,0.7695009853134271,0.6791019343856195,0.7847478781726669
2008-06-18,1.129014300613711,0.7723883436674213,0.6810939392311018,0.7794202186661267
2008-06-19,1.1320189310185995,0.7753982704246541,0.6827130622272054,0.7738358180533363
2008-06-20,1.1356967900872423,0.7784036726674323,0.683930378457368,0.7680805001870582
2008-06-21,1.1399372359032665,0.7812865138818169,0.6847357609390131,0.7622540027739445
2008-06-22,1.144621274124164,0.7839411470634886,0.6851380878022003,0.7564670516064428
2008-06-23,1.1496249094297115,0.786277286238469,0.6851648985161282,0.750838113268621
2008-06-24,1.1548226375895712,0.78822253084342,0.6848615091908068,0.7454899200354773
2008-06-25,1.1600909775894253,0.7897243703061749,0.6842896125795446,0.7405458672584365
2008-06-26,1.1653119421032694,0.7907516111571338,0.6835254032664939,0.7361263872102832
2008-06-27,1.1703763463795396,0.7912951856541184,0.6826572822144726,0.7323454040452639
2008-06-28,1.1751868602695106,0.7913683187374579,0.6817832069770954,0.7293069721950718
2008-06-29,1.1796607155338517,0.7910060486344602,0.6810077640961856,0.7271021952360628
2008-06-30,1.183731990503475,0.7902641150694594,0.6804390482160482,0.7258065141800223
2008-07-01,1.187353406357522,0.7892172472701968,0.6801854380196941,0.7254774434931085
2008-07-02,1.1904975833631517,0.7879569012675971,0.6803523620674664,0.7261528202420564
2008-07-03,1.1931577209926683,0.7865885118650223,0.6810391479102981,0.7278496169756344
2008-07-04,1.19534768244452,0.7852283386472891,0.6823360454495373,0.7305633526990493
2008-07-05,1.1971014812670888,0.7839999971052934,0.6843215104918964,0.7342681190578783
2008-07-06,1.1984721850226008,0.7830307750318027,0.6870598269467711,0.73891722111351
2008-07-07,1.199530267736239,0.7824478405360427,0.6905991363499903,0.7444444143749522
2008-07-08,1.2003614587677616,0.782374451150371,0.6949699316544499,0.750765702563359
2008-07-09,1.2010641502616983,0.7829262734718747,0.7001840588428495,0.7577816444209502
2008-07-10,1.2017464380587726,0.7842079195956058,0.7062342552765151,0.7653801032014848
2008-07-11,1.2025228815186326,0.7863098003465478,0.7130942382193511,0.773439359717961
2008-07-12,1.2035110758078629,0.7893053861843549,0.720719341113483,0.7818314993427423
2008-07-13,1.2048281356135788,0.793248954901704,0.7290476793902462,0.7904259754580464
2008-07-14,1.2065871917961029,0.7981738912025993,0.7380018123324777,0.7990932467683471
2008-07-15,1.2088940021205914,0.8040915873359266,0.7474908532014518,0.8077083837572311
2008-07-16,1.2118437739177563,0.8109909766304645,0.7574129669167848,0.8161545404612569
2008-07-17,1.215518290412808,0.8188387135302628,0.7676581834029578,0.8243261916165905
2008-07-18,1.2199834237058784,0.8275799950896413,0.7781114456135115,0.8321320419984805
2008-07-19,1.2252871062384905,0.8371400003927443,0.7886558044765608,0.8394975242244913
2008-07-20,1.2314578193609376,0.8474259065463897,0.7991756687674116,0.8463668131567323
2008-07-21,1.2385036427056486,0.8583294232709482,0.8095600163286885,0.8527042989746051
2008-07-22,1.246411891901578,0.869729773161244,0.8197054741703962,0.8584954765956262
2008-07-23,1.2551493552007318,0.8814970318389307,0.829519178760572,0.8637472259480787
2008-07-24,1.264663122318996,0.8934957318404358,0.8389213341518118,0.868487475160216
2008-07-25,1.274881981717638,0.9055886264790083,0.8478473942981717,0.8727642565203836
2008-07-26,1.2857183461609403,0.9176405053052493,0.856249806748955,0.8766441825678298
2008-07-27,1.297070651152916,0.9295219513007688,0.8640992675489221,0.8802103863903117
2008-07-28,1.3088261572199784,0.9411129316172705,0.8713854512638803,0.8835599856501771
2008-07-29,1.3208640753608536,0.9523061184695467,0.8781171951799185,0.8868011435898988
2008-07-30,1.3330589256651628,0.9630098445684618,0.8843221324579873,0.8900498118853375
2008-07-31,1.3452840323768651,0.9731506080133164,0.8900457849092925,0.8934262493853065
2008-08-01,1.3574150547420196,0.9826750545495435,0.8953501416331607,0.8970514172352616
2008-08-02,1.369333451945572,0.9915513801624516,0.900311764578352,0.9010433544440246
2008-08-03,1.3809297823387732,0.999770113686457,0.905019475724769,0.9055136385142205
2008-08-04,1.3921067419331643,1.0073442569806192,0.909571692640735,0.9105640333015734
2008-08-05,1.4027818546507047,1.0143087787393779,0.9140734893051862,0.9162834208677046
2008-08-06,1.4128897368559425,1.0207194766389185,0.9186334670012141,0.9227451059003985
2008-08-07,1.422383870966568,1.026651240727205,0.9233605255593447,0.9300045705308266
2008-08-08,1.431237837088129,1.0321957682243739,0.9283606280982515,0.9380977443890177
2008-08-09,1.4394459672405868,1.0374587957123385,0.9337336525942282,0.9470398398808623
2008-08-10,1.4470234033874652,1.042556928602713,0.9395704211035693,0.9568247863708591
2008-08-11,1.454005557663001,1.0476141593783734,0.9459499923362716,0.9674252796846242
2008-08-12,1.4604469904238355,1.0527581750730555,0.9529372956830756,0.978793445601537
2008-08-13,1.4664197385319566,1.0581165605252985,0.9605811749494467,0.9908620983023736
2008-08-14,1.4720111421217736,1.063813006943761,0.9689128982342698,1.0035465575804
2008-08-15,1.4773212325589355,1.069963635163501,0.9779451769476231,1.0167469725106588
2008-08-16,1.4824597569454077,1.076673539661668,0.9876717222793269,1.0303510846670385
2008-08-17,1.487542924999641,1.0840336530321715,0.9980673519309335,1.0442373513000593
2008-08-18,1.4926899721405587,1.0921180213752621,1.0090886440552882,1.0582783385062935
2008-08-19,1.4980196378986081,1.1009815692065859,1.0206751195676196,1.0723442866322486
2008-08-20,1.503646661214152,1.1106584183725539,1.0327509187546566,1.0863067451853892
2008-08-21,1.5096783936922227,1.1211608094820362,1.0452269238534377,1.100042172516847
2008-08-22,1.51621162847754,1.1324786569887948,1.0580032664098855,1.1134353965515404
2008-08-23,1.5233297361931375,1.1445797507859914,1.070972147129744,1.1263828368429754
2008-08-24,1.5311001905286303,1.157410598530138,1.084020886921105,1.1387953951065937
2008-08-25,1.5395725548261556,1.1708978844345506,1.09703512115852,1.150600930939028
2008-08-26,1.5487769877169473,1.18495050249461,1.109902045065347,1.161746251385113
2008-08-27,1.5587233108927097,1.1994621055412094,1.1225136166334657,1.1721985570260687
2008-08-28,1.5694006658850541,1.2143140966424568,1.134769624719689,1.1819463029263086
2008-08-29,1.5807777697407353,1.2293789766159102,1.146580533841344,1.1909994496415552
2008-08-30,1.5928037622096778,1.2445239511421402,1.1578700236276913,1.1993890970712366
2008-08-31,1.605409620005057,1.259614693481128,1.1685771496831023,1.2071665117262422
2008-09-01,1.6185100973416386,1.2745191543024983,1.1786580635292492,1.2144015754666875
2008-09-02,1.632006136781601,1.2891113087775063,1.1880872420018174,1.2211807004389394
2008-09-03,1.6457876808539236,1.3032747328849,1.1968581906163647,1.2276042703263401
2008-09-04,1.6597368033548816,1.3169059058021946,1.2049836005801116,1.233783681679965
2008-09-05,1.6737310700168253,1.3299171431463983,1.2124949548747943,1.2398380706211818
2008-09-06,1.6876470316156562,1.3422390764666878,1.2194415947158006,1.2458908192740925
2008-09-07,1.701363748765557,1.3538226074689015,1.2258892732472046,1.252065942631871
2008-09-08,1.7147662467320541,1.3646402805911593,1.2319182381124432,1.258484460003878
2008-09-09,1.7277488006087285,1.3746870343149475,1.237620898119929,1.2652608556303988
2008-09-10,1.7402179560899054,1.3839803095032333,1.2430991412107952,1.2724997304769405
2008-09-11,1.7520951986911462,1.3925595115902532,1.248461380986147,1.2802927417038727
2008-09-12,1.763319194401503,1.400484842072597,1.2538194168742212,1.2887159180092025
2008-09-13,1.7738475371039966,1.4078355329304928,1.2592851983879956,1.2978274282015294
2008-09-14,1.783657952317846,1.4147075348183873,1.2649675866865655,1.307665867289427
2008-09-15,1.792748922487375,1.4212107256083306,1.2709692067285674,1.3182491094491378
2008-09-16,1.801139715716753,1.427465719694463,1.2773834806922317,1.3295737608854437
2008-09-17,1.8088698170458646,1.4336003699740398,1.2842919281082106,1.3416152283014602
2008-09-18,1.815997778585171,1.439746063277202,1.2917618104600548,1.3543284009413488
2008-09-19,1.8225995215794526,1.446033915970042,1.2998441880743739,1.3676489264770573
2008-09-20,1.8287661392701389,1.4525909793311185,1.3085724452349712,1.3814950438866043
2008-09-21,1.8346012638171452,1.4595365640188893,1.3179613259563072,1.3957699204117464
2008-09-22,1.8402180731116995,1.4669787895154656,1.3280065081311265,1.4103644251509266
2008-09-23,1.8457360237007874,1.4750114579537765,1.3386847282530807,1.4251602592619539
2008-09-24,1.8512774039589852,1.483711342402934,1.3499544530600711,1.4400333524869218
2008-09-25,1.8569638068695957,1.4931359677851084,1.3617570787179474,1.4548574280795155
2008-09-26,1.8629126241888547,1.5033219484973455,1.374018623044767,1.4695076334601058
2008-09-27,1.8692336633481401,1.5142839309775178,1.3866518622490542,1.4838641322406982
2008-09-28,1.8760259853092625,1.526014172449583,1.3995588512177068,1.4978155548027616
2008-09-29,1.8833750559998461,1.5384827695980405,1.4126337560725797,1.5112622095289385
2008-09-30,1.8913502964031839,1.5516385338142782,1.4257659201214834,1.52411896528874
2008-10-01,1.9000031076326966,1.5654104940276217,1.438843080203384,1.5363177282099305
2008-10-02,1.909365438549214,1.579709995433994,1.4517546507532046,1.5478094527552824
2008-10-03,1.9194489563765464,1.5944333546102398,1.4643949990438898,1.558565649728095
2008-10-04,1.93024487770958,1.6094650311561056,1.4766666488800873,1.568579383730789
2008-10-05,1.9417245214626984,1.6246812865264462,1.4884833740401637,1.577865792251317
2008-10-06,1.9538406606513297,1.6399543262902045,1.499773180177389,1.5864622112135611
2008-10-07,1.9665297809654245,1.6551569673902335,1.5104812283261875,1.5944280613264656
2008-10-08,1.9797154052590127,1.6701679415505022,1.5205728280389275,1.6018447395687376
2008-10-09,1.9933127171709812,1.6848780424927272,1.5300367254166758,1.6088158726799653
2008-10-10,2.0072348130794158,1.6991974465122943,1.5388890291381465,1.6154684225411178
2008-10-11,2.0214010212985483,1.713064673782847,1.5471782475157188,1.621955277167056
2008-10-12,2.035747831490812,1.7264577897854587,1.5549920325319078,1.6284600941394036
2008-10-13,2.050243041091471,1.7394085340665812,1.5624663092764908,1.635205247877654
2008-10-14,2.064903696679589,1.7520200491318545,1.56979746091813,1.6424637113358167
2008-10-15,2.079818217306134,1.7644886891729465,1.577258074076298,1.6505755016529842
2008-10-16,2.0951726545984437,1.7771299292455407,1.5852163517676496,1.6599688527086223
2008-10-17,2.1112802975686877,1.7904075895903087,1.594158601129429,1.6711854665550754
2008-10-18,2.1286127260393948,1.8049643901717203,1.604713160497945,1.6849079949485544
2008-10-19,2.1478289772844534,1.8216502808228199,1.6176727657281846,1.7019863355374587
2008-10-20,2.1697978375744267,1.8415431857704896,1.6340107841674405,1.7234575260853462
2008-10-21,2.195606653272923,1.8659550309866821,1.6548852028188976,1.750552253277986
2008-10-22,2.226548858445059,1.8964146089237282,1.681623108349873,1.78467967326246
2008-10-23,2.2640821251888137,1.9346185120441786,1.715678102781477,1.8273818941575677
2008-10-24,2.3097501741736615,1.9823425986766023,1.7585541481604248,1.8802506510699872
2008-10-25,2.365064255382991,2.0413097016779442,1.8116921237932284,1.9448018633375441
2008-10-26,2.4313452914470854,2.1130147372359147,1.8763200710802221,2.022309084133192
2008-10-27,2.5095344335348306,2.198515761107665,1.9532744721660698,2.1136040829403684
2008-10-28,2.599987571182037,2.2982080407505032,2.0428072583798498,2.218861145767628
2008-10-29,2.7022769118512793,2.4116064940610134,2.144400389281098,2.337389792581442
2008-10-30,2.81502847963468,2.53716811004562,2.2566152464098823,2.467466751511191
2008-10-31,2.9358265625230224,2.6721883374466144,2.3770061266113793,2.606240354334101
2008-11-01,3.0612133582788688,2.8128023642942246,2.5021244677400856,2.749737516888579
2008-11-02,3.186803657954805,2.9541129784926783,2.6276324587892526,2.8929944191377652
2008-11-03,3.307520768047716,3.090451740641771,2.748531760567675,3.0303173377144654
2008-11-04,3.417942630529288,3.2157612945410836,2.8594967293325904,3.1556615540585344
2008-11-05,3.5127289532540926,3.324066745664944,2.9552843496811074,3.2630967646735036
2008-11-06,3.58708444034152,3.40998680114155,3.0311781963593676,3.3473105347436207
2008-11-07,3.637203195081525,3.469224382878062,3.083414264884539,3.4040905900569998
2008-11-08,3.660637532845436,3.4989744117687227,3.1095347822438426,3.4307247960669995
2008-11-09,3.6565418113031765,3.498194536324092,3.108623099672104,3.426265625856435
2008-11-10,3.625757678502106,3.467701887300756,3.0813877393610873,3.391622929807214
2008-11-11,3.5707288325039004,3.410082715782146,3.0300842261489107,3.329472175149241
2008-11-12,3.495257198625749,3.3294278728900664,2.958285903663018,3.243990958021692
2008-11-13,3.4041341234806666,3.2309308704934048,2.870535498471682,3.1404599468929493
2008-11-14,3.302695978280638,3.1204025809996567,2.771924175281803,3.0247814288826826
2008-11-15,3.1963609337079104,3.003764725054314,2.6676518310576447,2.902976585891253
2008-11-16,3.0902018336190196,2.886582302024332,2.562620665464169,2.780720684456694
2008-11-17,2.9886000778331243,2.7736841598554536,2.4611046069725733,2.662964620702376
2008-11-18,2.89500970138895,2.6689036909107773,2.3665223119320355,2.553674380692547
2008-11-19,2.8118426909571004,2.5749517744078734,2.2813242946180115,2.455700484548429
2008-11-20,2.740469337387035,2.493415211041107,2.2069884407954787,2.370770957822556
2008-11-21,2.681313785362309,2.424858967862604,2.144105260269596,2.299586716710556
2008-11-22,2.634016530184839,2.369001349790117,2.0925262817767463,2.2419892096869174
2008-11-23,2.597632832366006,2.3249281810800033,2.0515463691017377,2.197167162046787
2008-11-24,2.5708382007535593,2.2913144788282636,2.0200928038392862,2.163871599227586
2008-11-25,2.5521178285756925,2.266628390385371,1.996899406678505,2.140614468852683
2008-11-26,2.539924441231083,2.249300470513185,1.9806511338629287,2.125834299484112
2008-11-27,2.5327968060881796,2.2378499127931635,1.9700919513410788,2.118020681203152
2008-11-28,2.5294379121565544,2.230966752615792,1.9640951721207691,2.115796585551021
2008-11-29,2.528756809894251,2.227554513754963,1.961700140987074,2.1179628640124144
2008-11-30,2.5298810739309534,2.2267410200412066,1.962121943377397,2.1235124238173597
2008-12-01,2.5321479827561872,2.2278663229945503,1.9647418621209465,2.1316227596921156
2008-12-02,2.535082218660158,2.23045636510066,1.969086004551675,2.141635172009955
2008-12-03,2.5383666935106826,2.2341896714745992,1.9747983616245057,2.153027680323503
2008-12-04,2.541811488882347,2.2388625746276407,1.9816130025181824,2.1653868716295066
2008-12-05,2.5453242461135166,2.244356648602738,1.98932851666275,2.1783821180770926
2008-12-06,2.548883902516361,2.2506104337140584,1.9977864271414556,2.191744028153988
2008-12-07,2.552518565910528,2.257596305388802,2.0068542309441466,2.20524779018102
2008-12-08,2.556287572716871,2.2653025045970834,2.016412993922059,2.2187012512015483
2008-12-09,2.560267342612079,2.2737198570924724,2.0263490019371972,2.2319371028363464
2008-12-10,2.5645404517773196,2.282832484191528,2.0365487755828484,2.244808339645068
2008-12-11,2.5691873178671147,2.292611762745329,2.0468967193655794,2.2571861298662093
2008-12-12,2.5742799536082637,2.303012850675463,2.0572747319668983,2.268959318369977
2008-12-13,2.5798773499643213,2.3139731998132853,2.0675632026212374,2.2800349105419944
2008-12-14,2.5860221594745654,2.325412592137844,2.077642927003906,2.2903390259394603
2008-12-15,2.5927384463358063,2.3372343378060036,2.0873975758565297,2.299817940470695
2008-12-16,2.6000303438648094,2.349327354732775,2.0967164328885772,2.3084389459837955
2008-12-17,2.607881511129838,2.361568908776218,2.1054971839271355,2.316190844524144
2008-12-18,2.616255311598505,2.3738278338143073,2.1136485890301433,2.3230839632109173
2008-12-19,2.6250956519942745,2.3859680767887714,2.121092906889123,2.3291496283775
2008-12-20,2.63432842371518,2.397852428838307,2.1277679699498133,2.334439078146462
2008-12-21,2.643863486122225,2.4093463139763758,2.1336288323124237,2.339021824201423
2008-12-22,2.653597123923709,2.4203215144689563,2.1386489328762646,2.3429834985806557
2008-12-23,2.6634149021382187,2.430659719289475,2.14282073483159,2.3464232414597417
2008-12-24,2.673194833407862,2.440255790143895,2.1461558203029596,2.3494507020827093
2008-12-25,2.682810764918847,2.449020649335506,2.148684436067341,2.3521827377576043
2008-12-26,2.6921358866394285,2.4568837055013284,2.1504545028381425,2.354739905381879
2008-12-27,2.701046259489024,2.463794747015763,2.151530116451256,2.3572428463768005
2008-12-28,2.709424261677376,2.469725248423854,2.151989584126541,2.359808669199121
2008-12-29,2.717161853908876,2.4746690522960275,2.1519230524733626,2.3625474337735404
2008-12-30,2.7241635694154254,2.4786424069539343,2.151429795721975,2.365558839301572
2008-12-31,2.7303491427363067,2.481683359112107,2.1506152424784997,2.3689292110638083
2009-01-01,2.735655701589976,2.4838505190910567,2.1495878268497943,2.3727288732256544
2009-01-02,2.7400394587882064,2.4852212343571405,2.1484557548561196,2.377009983539102
2009-01-03,2.743476855572351,2.4858892242201955,2.1473237795057796,2.3818048925341606
2009-01-04,2.7459651236040963,2.485961744095782,2.146290077690453,2.3871250747130923
2009-01-05,2.747522249695977,2.485556361403644,2.1454433192111737,2.3929606628699966
2009-01-06,2.748186344813525,2.484797436620278,2.1448600129204944,2.3992805995155386
2009-01-07,2.7480144365961365,2.483812412096405,2.14460220748758,2.406033402177024
2009-01-08,2.74708072250111,2.4827280181483826,2.144715615239783,2.4131485229767633
2009-01-09,2.74547433895378,2.481666511307453,2.1452282179190387,2.420538268692234
2009-01-10,2.7432967216265256,2.4807420650238754,2.1461494047752114,2.4281002375638576
2009-01-11,2.74065865554556,2.480057441645069,2.1474696892313836,2.4357202268915783
2009-01-12,2.737677145696965,2.4797010916127333,2.149161055479885,2.4432755766470415
2009-01-13,2.734472287034076,2.4797448606848334,2.1511780089709305,2.450638948043638
2009-01-14,2.7311643896208917,2.480242552627795,2.1534594571899435,2.457682606044071
2009-01-15,2.7278717375973933,2.4812297129421914,2.1559316465556444,2.4642834003377168
2009-01-16,2.7247095514965056,2.482725193118388,2.158512548813351,2.4703288439849453
2009-01-17,2.7217910038909836,2.48473534889517,2.1611183468825947,2.475724996057771
2009-01-18,2.7192315200007995,2.4872621331080627,2.163673026985343,2.480407276511992
2009-01-19,2.7171580613057147,2.490316846267749,2.166122525592223,2.484355860194635
2009-01-20,2.715725570660534,2.493941828755031,2.1684553393158175,2.4876178357967476
2009-01-21,2.715143096018644,2.4982427468157087,2.170731835627397,2.4903387064847466
2009-01-22,2.715712040503956,2.503434048859779,2.1731244499417444,2.4928057650182813
2009-01-23,2.717878132308773,2.509899235899994,2.175970162950639,2.495504991313393
2009-01-24,2.7222966301972,2.5182653196887594,2.179834705387691,2.499190922242322
2009-01-25,2.7299066020020537,2.5294868206748835,2.185584477899097,2.504965025403406
2009-01-26,2.74200472340643,2.5449287634030386,2.194457095603407,2.5143523502652223
2009-01-27,2.7603023588036173,2.566430815241101,2.2081151636760885,2.5293590779765815
2009-01-28,2.7869428902673286,2.5963272835351594,2.2286614832089398,2.552486318257236
2009-01-29,2.824451405329985,2.6373923830117296,2.2585893164751343,2.58667031169733
2009-01-30,2.8755886605074523,2.6926799906240473,2.300641183174627,2.635119012883005
2009-01-31,2.943088501338644,2.765235082235807,2.3575565607506497,2.701022859014881
2009-02-01,3.0292745261832823,2.85767225954081,2.4317046065232955,2.7871353959351426
2009-02-02,3.135577526091424,2.9716450023336662,2.524622413361369,2.8952471189336584
2009-02-03,3.262006849728888,3.10726394044333,2.6365092601932667,3.0256098770706203
2009-02-04,3.4066597406022967,3.2625563099975228,2.765756584010583,3.1764024026702593
2009-02-05,3.5653738489094504,3.4330819511003448,2.908613436213953,3.343350260562579
2009-02-06,3.731630229951694,3.611823525340862,3.059089185621563,3.5196157648644286
2009-02-07,3.8967906711471563,3.7894429219962853,3.209173006745503,3.696048160929581
2009-02-08,4.050703411378506,3.954941282471136,3.3494025549931545,3.861830833570384
2009-02-09,4.182642147364002,4.0966842831860735,3.4697487300940004,4.005487916970164
2009-02-10,4.282468836163979,4.203672808843187,3.5607129856998827,4.1161326849749
2009-02-11,4.341849620896638,4.266872104192916,3.6144756972527765,4.184774295178816
2009-02-12,4.355322843915156,4.28037921524759,3.625905330860002,4.205466784252833
2009-02-13,4.321029793121657,4.2422213201326455,3.5932491915096363,4.176096733249353
2009-02-14,4.240973218469204,4.1546371351728215,3.518378000488319,4.098664456830924
2009-02-15,4.1207547685658765,4.023787923374303,3.4065380562441008,3.9790061079387784
2009-02-16,3.9688403141439483,3.858951796870146,3.26565731845294,3.826009211499041
2009-02-17,3.7954882346563004,3.671349340153936,3.105333256717733,3.650466681068202
2009-02-18,3.611530129006852,3.4728081539023434,2.935681771516257,3.4637728129258267
2009-02-19,3.4272050831388716,3.274486690236956,2.7662375227870974,3.276677281300117
2009-02-20,3.2512182518807586,3.0858444496580013,2.6050672221161344,3.0982804926131795
2009-02-21,3.0901333154724786,2.9139785380774477,2.458199486597482,2.935387863506394
2009-02-22,2.948133968676848,2.763365042330656,2.3294043954407666,2.7922606044531295
2009-02-23,2.8271204128757437,2.635967858613985,2.2202903751684055,2.670726220093431
2009-02-24,2.7270570238030536,2.5316230325242826,2.1306388866345305,2.5705584167092996
2009-02-25,2.6464638778018132,2.4485809225793145,2.05887514737637,2.490010873252791
2009-02-26,2.5829469093864432,2.384090783470164,2.0025751063947275,2.4263916015880693
2009-02-27,2.533682608973439,2.334935522093304,1.9589289093494713,2.3765873699816606
2009-02-28,2.4958040501696774,2.2978582165210524,1.9251103432213135,2.337480891214391
2009-03-01,2.4666666367216634,2.2698566173523003,1.8985316862163673,2.306237481033814
2009-03-02,2.443997690581067,2.248350051883017,1.8769877716132748,2.280465589281277
2009-03-03,2.4259505979340927,2.231241344760243,1.8587088099798614,2.258273482300056
2009-03-04,2.4110914857464185,2.2169043307389202,1.8423484091577633,2.2382521911086846
2009-03-05,2.398346202688116,2.204127331282284,1.8269330698899329,2.2194146609615197
2009-03-06,2.3869305213889374,2.1920376604737424,1.8117948635796175,2.20111584919344
2009-03-07,2.3762796850444676,2.1800247982968304,1.7965025930703953,2.182971244023381
2009-03-08,2.365986741116169,2.167672567279978,1.7808004383145821,2.164784120896609
2009-03-09,2.3557537232796832,2.154704769760325,1.7645580175949847,2.146486088165931
2009-03-10,2.3453560760172225,2.140944743054908,1.74773234489059,2.128091547211266
2009-03-11,2.3346186531080835,2.126287046264617,1.7303402291093894,2.109664483484623
2009-03-12,2.323400784273904,2.1106785911772943,1.7124388833303357,2.0912951083953546
2009-03-13,2.3115878546556017,2.0941064895985715,1.6941124760861792,2.0730838156948077
2009-03-14,2.299087202594994,2.0765902968778143,1.6754627047855806,2.055130294843912
2009-03-15,2.285826646223223,2.0581768944437755,1.6566019514482289,2.037526171911497
2009-03-16,2.2717544428674468,2.0389368018764857,1.6376480454876874,2.0203500588458776
2009-03-17,2.256839896824464,2.018961164024297,1.6187200406982603,2.003664309336486
2009-03-18,2.2410741445473064,1.998359003201871,1.599934698878994,1.9875130873839988
2009-03-19,2.224470873696707,1.9772545736425189,1.5814035723056659,1.971921566810526
2009-03-20,2.2070668956279174,1.9557848290734232,1.5632307126315754,1.9568962206371725
2009-03-21,2.1889226109435533,1.9340971379442708,1.5455111254105205,1.9424262523569629
2009-03-22,2.170122500550394,1.9123474720125229,1.5283301528894695,1.9284862846614483
2009-03-23,2.1507758490066564,1.8906993626127215,1.511764012045995,1.9150404656412645
2009-03-24,2.1310179645841676,1.8693239672974846,1.4958817424518958,1.9020481807730927
2009-03-25,2.111012196638472,1.8484016128472647,1.48074882570186,1.8894715669845505
2009-03-26,2.0909530551142055,1.8281251679080108,1.4664327157276777,1.8772850023956829
2009-03-27,2.0710706943226955,1.808705533805915,1.4530104538926725,1.8654866766406517
2009-03-28,2.0516369158928756,1.7903794066166245,1.4405784183658665,1.8541122136920112
2009-03-29,2.03297265677141,1.773419238955145,1.4292640582438672,1.8432501038156595
2009-03-30,2.0154566448077507,1.75814500298287,1.4192391779390774,1.8330583905601143
2009-03-31,1.999534524611771,1.7449369248716087,1.4107339648909376,1.8237816503493502
2009-04-01,1.9857272944997022,1.7342478417267062,1.4040505077658283,1.8157668118743822
2009-04-02,1.974637388597784,1.726613265835968,1.3995740684104507,1.8094758298225502
2009-04-03,1.9669502503683884,1.7226566983181275,1.3977799094542547,1.8054927208005722
2009-04-04,1.9634288654907106,1.7230873142285716,1.3992331263171103,1.804522085405781
2009-04-05,1.9648985645485937,1.7286869661426394,1.40457879277861,1.807376098357342
2009-04-06,1.9722195884544358,1.7402836537540998,1.414519915697955,1.8149471756661828
2009-04-07,1.9862455382764446,1.7587092995632945,1.4297813071932512,1.828164237385745
2009-04-08,2.0077669734229855,1.784740928910803,1.4510585848009145,1.8479317479081987
2009-04-09,2.037441078153341,1.8190261764462539,1.4789531014140818,1.8750525322244496
2009-04-10,2.0757103950300446,1.8619963305221174,1.513895600217372,1.910137637074895
2009-04-11,2.1227159295327085,1.9137726672257402,1.556063599402081,1.9535090190977673
2009-04-12,2.1782121666651384,1.9740742921271424,1.6052996561876578,2.005103278786587
2009-04-13,2.2414933382904745,2.0421376947644028,1.6610393887630754,2.0643866209189357
2009-04-14,2.311341245056465,2.1166592961363295,1.7222590743224917,2.1302922846563894
2009-04-15,2.3860047184206756,2.1957720482344496,1.7874524586134422,2.201191472010132
2009-04-16,2.4632191749125885,2.2770653726991066,1.854644887430134,2.2749070623300525
2009-04-17,2.5402716232430698,2.3576543552522335,1.9214499618115095,2.348776086110653
2009-04-18,2.614112126664651,2.434299352952824,1.9851698070994244,2.4197622492880946
2009-04-19,2.681507532707042,2.5035714982988027,2.0429351425382065,2.484614216448668
2009-04-20,2.739227899916125,2.5620536984592293,2.0918762482572264,2.540059565915732
2009-04-21,2.7842512376166235,2.6065614630835796,2.1293113707036593,2.5830191399856988
2009-04-22,2.8139686931019496,2.634364086076292,2.1529358083357453,2.6108227504134733
2009-04-23,2.8263708018900995,2.6433850465007707,2.160993474028579,2.621405541369563
2009-04-24,2.8201962362774,2.6323613927251572,2.152413494922844,2.6134651638983115
2009-04-25,2.7950276799006053,2.6009453698508334,2.1268974173931774,2.5865633153621226
2009-04-26,2.7513246872672754,2.5497372773364106,2.0849475185385877,2.5411607862216363
2009-04-27,2.6903899940327793,2.4802457750046285,2.027832958739442,2.4785822228352847
2009-04-28,2.6142728359087233,2.3947796160228765,1.9574972001099356,2.400914402751124
2009-04-29,2.525619440224073,2.2962820110493176,1.876416344222416,2.310848885149138
2009-04-30,2.427486084065477,2.1881245434270444,1.7874229671490907,2.2114854876647025
2009-05-01,2.3231333034340884,2.0738810348672163,1.693513023554835,2.10611643985145
2009-05-02,2.215820654914585,1.9571026389268014,1.597654138777288,1.998011914797771
2009-05-03,2.1086199095593092,1.8411137541708187,1.5026121420685046,1.8902259818740101
2009-05-04,2.00426107363855,1.7288445122783367,1.4108093717749293,1.7854382596707796
2009-05-05,1.9050208135582838,1.6227103003848646,1.324223702245175,1.6858413576776368
2009-05-06,1.8126574758085299,1.524542858425247,1.2443321258594022,1.5930783989413222
2009-05-07,1.7283916984989551,1.4355717857150916,1.172097792964762,1.5082293323125626
2009-05-08,1.652927248834192,1.3564504981508134,1.1079952739657974,1.4318400599017092
2009-05-09,1.5865036255025695,1.2873172749346213,1.0520658731947163,1.3639850901615111
2009-05-10,1.5289703279843276,1.2278802318756188,1.0039932749781406,1.3043526851963916
2009-05-11,1.4798724731975135,1.1775148101699326,0.9631895977647125,1.252341255688404
2009-05-12,1.4385384022456844,1.135363421670658,0.9288828529978356,1.2071568187626593
2009-05-13,1.4041617156861288,1.1004288599035832,0.9001985193602896,1.1679032954767394
2009-05-14,1.3758724106999296,1.0716555387266957,0.876230076645638,1.1336598609640125
2009-05-15,1.3527940981459503,1.0479951524076567,0.8560955463173116,1.1035420732226338
2009-05-16,1.3340863557982352,1.028455637560154,0.8389790770210586,1.076745776978473
2009-05-17,1.3189729304374003,1.0121341441745786,0.824158206992304,1.0525745955814867
2009-05-18,1.306757644783105,0.9982359897277796,0.8110185444515607,1.0304530875410716
2009-05-19,1.2968304956670247,0.9860822768230562,0.7990582310825814,1.0099283542333737
2009-05-20,1.2886666145927155,0.9751090742175382,0.7878847554188003,0.9906631128738334
2009-05-21,1.2818206071501521,0.964860909359862,0.7772065622377431,0.9724231074144818
2009-05-22,1.2759184126704202,0.954980927591126,0.7668215728287568,0.9550613468300915
2009-05-23,1.2706483413071912,0.9451995603767355,0.7566042939338679,0.9385011543566139
2009-05-24,1.265752442839609,0.9353230109038689,0.7464927352610228,0.9227194794231478
2009-05-25,1.261018903606444,0.925222379406596,0.7364759365193156,0.9077314344999571
2009-05-26,1.2562757921239238,0.9148238527785195,0.7265825595569246,0.8935766115878284
2009-05-27,1.2513861944449503,0.90410008870408,0.716870742664971,0.8803074231087797
2009-05-28,1.2462445948027703,0.8930627307300302,0.7074192400121805,0.8679794972373734
2009-05-29,1.2407742527430317,0.881755883104646,0.6983197673282515,0.8566440249116429
2009-05-30,1.2349252870723715,0.8702503332325573,0.6896704286767009,0.8463418864373872
2009-05-31,1.2286731810732723,0.858638314883775,0.6815700911854118,0.8370993606300827
2009-06-01,1.222017455998543,0.8470286386941074,0.6741135896030402,0.8289252218756463
2009-06-02,1.2149803075599948,0.8355420634889135,0.6673876683817973,0.8218090469713668
2009-06-03,1.2076050532525693,0.8243068320623738,0.6614675970136125,0.8157205746943696
2009-06-04,1.1999542904832055,0.81345434144585,0.6564144191273089,0.8106099808695776
2009-06-05,1.1921077128369186,0.8031149565830091,0.6522728145317328,0.8064089472675384
2009-06-06,1.1841595725789578,0.7934140060644856,0.6490695649837906,0.803032413005174
2009-06-07,1.1762158111004435,0.7844680189764222,0.6468126192181951,0.8003809026109686
2009-06-08,1.1683909056420394,0.7763812736524819,0.6454907516448753,0.798343326623897
2009-06-09,1.1608045008109382,0.769242733276463,0.6450738033664004,0.7968001498736694
2009-06-10,1.153577907793919,0.7631234410962033,0.6455134851263253,0.7956268207864007
2009-06-11,1.1468305634020222,0.7580744406960294,0.6467447107284656,0.7946973533598904
2009-06-12,1.1406765457314942,0.7541252754628281,0.648687417478286,0.7938879528046422
2009-06-13,1.1352212437850067,0.7512831070841557,0.6512488182310021,0.793080576944286
2009-06-14,1.1305582753007835,0.7495324765409755,0.6543260184582065,0.7921663287651167
2009-06-15,1.126766740684632,0.7488357134148649,0.6578089219813049,0.7910485812367385
2009-06-16,1.123908891720233,0.749133981153912,0.66158334114239,0.7896457437508043
2009-06-17,1.1220282820444898,0.7503489279025551,0.6655342215441666,0.7878935901480629
2009-06-18,1.121148452637315,0.7523848952089192,0.6695488883309423,0.7857470811077409
2009-06-19,1.1212721902350624,0.7551316209323065,0.673520220441085,0.7831816283427752
2009-06-20,1.1223813801057465,0.7584673584770663,0.6773496613817562,0.7801937641884611
2009-06-21,1.124437457514386,0.7622623225048613,0.6809499798136933,0.7768011973435391
2009-06-22,1.127382444960902,0.7663823618813871,0.6842477004603438,0.7730422532369812
2009-06-23,1.1311405453936987,0.7706927540723363,0.6871851353680458,0.7689747152455928
2009-06-24,1.1356202455785662,0.7750620117085074,0.6897219570707656,0.7646741002683379
2009-06-25,1.1407168690985618,0.7793655916939978,0.6918362684232405,0.7602314184763415
2009-06-26,1.1463155055005567,0.7834894000450267,0.6935251383799937,0.7557504819333165
2009-06-27,1.1522942312621804,0.7873329915393567,0.6948045883966169,0.7513448397913369
2009-06-28,1.1585275298419309,0.790812372058106,0.6957090299700726,0.7471344285363767
2009-06-29,1.1648898123376015,0.7938623229590193,0.6962901696600644,0.743242033976541
2009-06-30,1.171258937379361,0.7964381806028029,0.6966154132874407,0.7397896670966696
2009-07-01,1.177519628907686,0.7985170198647635,0.6967658154455364,0.7368949583891212
2009-07-02,1.1835666934318296,0.8000982076494919,0.6968336335700253,0.7346676747406505
2009-07-03,1.1893079441469314,0.8012033105914522,0.6969195572143665,0.7332064594246606
2009-07-04,1.1946667477405484,0.8018753597453199,0.6971296925422856,0.7325958893181748
2009-07-05,1.199584120598347,0.802177493609813,0.6975723891064705,0.7329039343196087
2009-07-06,1.2040203141107098,0.8021910187532533,0.6983550005297198,0.7341798923497954
2009-07-07,1.207955843512141,0.8020129441011363,0.6995806726104812,0.7364528596094287
2009-07-08,1.2113919307290804,0.8017530601217638,0.7013452515840459,0.7397307803362456
2009-07-09,1.2143503486066138,0.8015306472677245,0.7037344018061634,0.74400010359956
2009-07-10,1.2168726711432363,0.8014709087204928,0.7068210160877756,0.7492260571701446
2009-07-11,1.21901895148801,0.8017012304345383,0.7106629934717381,0.7553535307141139
2009-07-12,1.2208658659522345,0.8023473764567901,0.7153014486481545,0.762308542993481
2009-07-13,1.2225043776824545,0.8035297293635103,0.7207594047597631,0.7700002509198709
2009-07-14,1.2240369874897719,0.8053596843560987,0.7270410074115079,0.7783234426866826
2009-07-15,1.2255746512321137,0.8079363011270164,0.7341312826706344,0.7871614432494519
2009-07-16,1.2272334527589859,0.8113433101752172,0.7419964461589875,0.7963893485363411
2009-07-17,1.2291311284744928,0.8156465600310403,0.7505847544494038,0.8058774952934933
2009-07-18,1.231383543851286,0.8208919791382111,0.7598278743417394,0.8154950666766381
2009-07-19,1.2341012236122002,0.8271041113020674,0.7696427306616126,0.8251137297865277
2009-07-20,1.2373860357477355,0.8342852670758915,0.7799337794270507,0.8346112004245778
2009-07-21,1.2413281251007866,0.8424153156983551,0.7905956409628224,0.8438746324429884
2009-07-22,1.2460031850533608,0.8514521237263161,0.8015160171625259,0.852803734119869
2009-07-23,1.2514701461005064,0.8613326278612691,0.8125788089042751,0.8613135218592274
2009-07-24,1.2577693480756604,0.8719745111819515,0.8236673438529529,0.869336631970766
2009-07-25,1.2649212488457735,0.8832784345973217,0.8346676216969892,0.876825124024056
2009-07-26,1.2729257068255424,0.8951307593249234,0.8454714833623981,0.8837517239285057
2009-07-27,1.2817618581143486,0.9074066820410103,0.8559796129359968,0.8901104710421233
2009-07-28,1.2913885919137364,0.9199736924490137,0.8661042858498021,0.8959167507924856
2009-07-29,1.3017456106320018,0.9326952537150814,0.8757717841912923,0.9012067120075802
2009-07-30,1.3127550442228313,0.9454345997913922,0.8849244095980022,0.9060360858913646
2009-07-31,1.3243235723233975,0.9580585402753888,0.8935220357936631,0.9104784408276084
2009-08-01,1.3363449931141602,0.9704411632329737,0.9015431560923259,0.9146229234587533
2009-08-02,1.3487031649403713,0.9824673293523195,0.9089853957537989,0.9185715512950385
2009-08-03,1.3612752359852454,0.9940358568080746,0.915865474499034,0.9224361350362222
2009-08-04,1.3739350689767666,1.0050623051293173,0.9222186203427336,0.9263349194610787
2009-08-05,1.386556762283844,1.0154812779221738,0.9280974517157388,0.9303890398509933
2009-08-06,1.3990181659750596,1.0252481781662421,0.9335703601755355,0.9347188962291219
2009-08-07,1.4112042915549887,1.0343403655828172,0.9387194403979076,0.9394405500630674
2009-08-08,1.4230105171546237,1.0427576828078644,0.9436380271910809,0.9446622474281783
2009-08-09,1.4343454958460284,1.050522335296439,0.9484279105995784,0.9504811689792738
2009-08-10,1.4451336833063881,1.0576781285136136,0.9531963094421793,0.9569805005363359
2009-08-11,1.4553174120273022,1.0642890844926973,0.9580526905886196,0.9642269088425578
2009-08-12,1.4648584523343746,1.0704374777305636,0.963105525723508,0.9722684953683426
2009-08-13,1.4737390152736785,1.076221347126484,0.968459079143998,0.9811332872487382
2009-08-14,1.4819621685089837,1.0817515557726272,0.9742103192391035,0.9908283089521611
2009-08-15,1.4895516532923925,1.0871484834355443,0.9804460427287388,1.0013392615316037
2009-08-16,1.4965511078346092,1.0925384471533996,0.9872402946025358,1.0126308187886268
2009-08-17,1.5030227195103125,1.0980499532078416,0.9946521581691727,1.024647531890384
2009-08-18,1.5090453447969534,1.1038098885861318,1.00272397895257,1.0373153164339208
2009-08-19,1.5147121511865995,1.1099397617896465,1.0114800736590974,1.0505434791553632
2009-08-20,1.5201278490877914,1.11655210141712,1.0209259614509918,1.0642272259191565
2009-08-21,1.5254055935508195,1.1237471163978356,1.0310481396989086,1.0782505787427565
2009-08-22,1.5306636451649052,1.1316097142019077,1.0418144106846516,1.09248961781469
2009-08-23,1.5360218864143427,1.1402069630292517,1.053174749837156,1.1068159550902623
2009-08-24,1.5415982939436785,1.1495860711741184,1.0650626904679192,1.121100339367708
2009-08-25,1.547505468448888,1.1597729418470086,1.0773971850771402,1.1352162889526258
2009-08-26,1.5538473222455909,1.1707713451402213,1.0900848895582025,1.14904364721862
2009-08-27,1.5607160200154957,1.1825627310260212,1.1030228044316979,1.1624719585902283
2009-08-28,1.5681892609284658,1.195106688790542,1.1161011969429524,1.1754035676469736
2009-08-29,1.576327980491382,1.208342039664553,1.1292067197558437,1.187756352025437
2009-08-30,1.5851745383699638,1.2221885311524174,1.1422256363037064,1.199466010349156
2009-08-31,1.5947514444145925,1.2365490842084417,1.1550470597795253,1.2104878392403429
2009-09-01,1.605060659600345,1.2513125284663877,1.1675661123506789,1.220797948192904
2009-09-02,1.6160834920124436,1.2663567466524794,1.1796869134796315,1.230393877288063
2009-09-03,1.6277810908487065,1.2815521375107937,1.1913253111556228,1.2392945999459217
2009-09-04,1.640095524165557,1.2967652973823258,1.2024112772506268,1.2475399106311746
2009-09-05,1.6529514092606383,1.311862814270885,1.2128908978930222,1.2551892151587187
2009-09-06,1.666258048648396,1.3267150649813504,1.222727901424858,1.262319758463762
2009-09-07,1.6799120100048033,1.341199905822876,1.2319046798369904,1.269024340914668
2009-09-08,1.6938000756537792,1.3552061504339974,1.2404227741764409,1.2754085889878166
2009-09-09,1.7078024765102333,1.3686367344196348,1.2483028098712532,1.281587858967405
2009-09-10,1.7217963171900423,1.381411475515294,1.2555838837741644,1.2876838629087695
2009-09-11,1.735659093482444,1.3934693496507633,1.2623224205307948,1.2938211141068194
2009-09-12,1.7492722007140726,1.4047702172385397,1.2685905311748684,1.300123294510687
2009-09-13,1.7625243317932298,1.4152959498585431,1.2744739212013114,1.306709648771904
2009-09-14,1.77531466690041,1.4250509247938494,1.2800694083543216,1.313691508841486
2009-09-15,1.7875557627949266,1.4340618730935035,1.285482121617113,1.3211690492635415
2009-09-16,1.7991760583648588,1.4423770854732278,1.2908224620788493,1.3292283666580398
2009-09-17,1.8101219241085482,1.4500649988750673,1.2962029132172515,1.3379389675350735
2009-09-18,1.8203591963820294,1.45721220435982,1.3017347924749072,1.3473517368070531
2009-09-19,1.829874152098844,1.4639209336864145,1.3075250376979932,1.3574974455030784
2009-09-20,1.8386738956989939,1.4703060969596562,1.313673120999984,1.3683858406417164
2009-09-21,1.8467861471476956,1.4764919566698154,1.3202681789390736,1.3800053434328248
2009-09-22,1.854258436995075,1.4826085339318922,1.3273864416638352,1.3923233644417727
2009-09-23,1.8611567316297162,1.4887878504607486,1.335089035069633,1.4052872265689467
2009-09-24,1.8675635283057692,1.4951601145743363,1.343420219272522,1.4188256691929664
2009-09-25,1.8735754748532936,1.5018499611780698,1.3524061141699177,1.4328508901167545
2009-09-26,1.8793005827796472,1.5089728542301122,1.3620539489042804,1.4472610665509367
2009-09-27,1.8848551143899277,1.516631755718939,1.3723518571291762,1.4619432827693408
2009-09-28,1.8903602343512398,1.5249141579371492,1.3832692246194762,1.4767767807746037
2009-09-29,1.895938523699023,1.5338895662180396,1.3947575805840642,1.4916364418388386
2009-09-30,1.9017104597375278,1.5436075079445615,1.4067520097737807,1.5063964017268578
2009-10-01,1.9077909690185821,1.5540961314788453,1.4191730500657065,1.5209337015092161
2009-10-02,1.9142861633985269,1.5653614470462944,1.4319290308694816,1.5351318801367282
2009-10-03,1.9212903724335222,1.5773872524557015,1.4449188030772138,1.548884425805197
2009-10-04,1.928883591153397,1.5901357824871016,1.458034813552307,1.5620980226070054
2009-10-05,1.9371294734718214,1.6035491253280612,1.471166489178767,1.574695559799369
2009-10-06,1.9460740219181358,1.6175514669443605,1.484203920803458,1.586618916732632
2009-10-07,1.9557451583978585,1.632052259676221,1.497041879976889,1.5978316011026084
2009-10-08,1.9661534125968407,1.6469504694138986,1.509584264999195,1.6083214055251815
2009-10-09,1.9772940372436636,1.6621401394663444,1.5217491596466615,1.6181033595855512
2009-10-10,1.9891509517496762,1.6775176174909625,1.5334747966326456,1.6272233894444605
2009-10-11,2.001703019685298,1.6929909155536376,1.5447268400913108,1.6357632450846202
2009-10-12,2.0149332619286366,1.7084917912185855,1.5555075183006712,1.6438473946704908
2009-10-13,2.0288416617643317,1.7239912115109748,1.5658672161976839,1.651652678290113
2009-10-14,2.043462178537167,1.7395188340647416,1.5759191268071657,1.6594215024679362
2009-10-15,2.0588843836173925,1.7551869346341435,1.5858573953408626,1.6674791671278502
2009-10-16,2.075279687547617,1.7712187405014277,1.5959787939838208,1.6762554625484967
2009-10-17,2.0929313672486383,1.7879803145804516,1.6067072693603304,1.6863098760475483
2009-10-18,2.1122664850189534,1.8060139286078998,1.618619667873601,1.6983585609061564
2009-10-19,2.1338863389710223,1.8260692895469535,1.6324695869599148,1.7132996668708675
2009-10-20,2.1585904195801278,1.849127174476868,1.6492047378582333,1.7322318434513
2009-10-21,2.187387218989352,1.8764082590829396,1.6699716738868495,1.756458972663682
2009-10-22,2.221484032421777,1.9093586135464387,1.6961006005433297,1.7874728795725974
2009-10-23,2.2622475923552914,1.9496030213868332,1.729062701747159,1.8269054317021196
2009-10-24,2.311128501333409,1.9988585160176093,1.770393478103869,1.8764426265561616
2009-10-25,2.369545397806679,2.0588037857964885,1.8215783953701832,1.937696431567619
2009-10-26,2.4387297699779955,2.13090555599498,1.883901844357049,2.0120354649503716
2009-10-27,2.5195390906273123,2.21621045827707,1.9582667955316242,2.10038283778855
2009-10-28,2.6122537399409174,2.315119432695907,2.044999891112589,2.202997821237121
2009-10-29,2.716380762571518,2.427170003413807,2.1436638707234486,2.3192661142231223
2009-10-30,2.830493245561465,2.5508580481679783,2.252904636784363,2.4475296218276927
2009-10-31,2.952136292372787,2.6835330662795136,2.370362311639775,2.584988972162701
2009-11-01,3.0778277990436678,2.8213979004833325,2.492672989462796,2.727708989550902
2009-11-02,3.2031738389251254,2.9596346475961486,2.615579906301768,2.8707482821847394
2009-11-03,3.323104836771261,3.0926635454398825,2.7341598247390757,3.0084194285890344
2009-11-04,3.432221484159076,3.2145227273704644,2.8431540929183865,3.134667704624415
2009-11-05,3.5252212146373028,3.319336848389043,2.9373766466484326,3.2435367827797315
2009-11-06,3.5973603470908313,3.4018253557199323,3.0121563299071394,3.329672936660815
2009-11-07,3.6448970012092046,3.457790198222343,3.0637614209597177,3.3888085239722376
2009-11-08,3.6654580654227336,3.484520756287346,3.0897525129634187,3.4181635624846387
2009-11-09,3.6582808777981626,3.481061847848147,3.089216877874649,3.416712154711762
2009-11-10,3.6242960824140398,3.4483079705764874,3.062852400758012,3.385277517685757
2009-11-11,3.566039823865049,3.388910710149212,3.012889718785369,3.3264427208438385
2009-11-12,3.487407259894511,3.307012337050185,2.942863755537389,3.2442898626301293
2009-11-13,3.393281068170838,3.2078423855580387,2.8572663934566376,3.144003767837935
2009-11-14,3.28908441714548,3.0972313157229623,2.761126995536295,3.031393297838168
2009-11-15,3.1803152391914007,2.9811034370771425,2.6595744818382867,2.91239132091318
2009-11-16,3.072116805411627,2.865009265214003,2.5574329468561983,2.7925924489401415
2009-11-17,2.968929578646596,2.753746509955518,2.4588933380458537,2.6768769083597044
2009-11-18,2.8742535905832023,2.6511016696537872,2.367288847888093,2.569152038685806
2009-11-19,2.7905324327246834,2.5597243263398455,2.284984508502008,2.4722234281472093
2009-11-20,2.7191526984129593,2.481127348305914,2.2133751702915565,2.387789181189956
2009-11-21,2.6605390631265653,2.4157912672223008,2.1529731490273423,2.3165361670507014
2009-11-22,2.6143167666057887,2.3633418846825105,2.1035588756802435,2.258308067095325
2009-11-23,2.5795104679043397,2.32276712131051,2.0643652628805493,2.212312055706994
2009-11-24,2.554750611396792,2.2926415135826304,2.0342685743074047,2.177333292431566
2009-11-25,2.5384641626681406,2.2713330488510928,2.0119640173771476,2.1519325606355144
2009-11-26,2.5290341356382227,2.2571753308567883,1.9961114534606081,2.1346105190134814
2009-11-27,2.5249201127671164,2.2485966069668573,1.9854439960335397,2.123930391634889
2009-11-28,2.5247387082423742,2.2442045938605166,1.9788386613990352,2.1185981656824113
2009-11-29,2.527307898576284,2.24283149805236,1.9753529471064224,2.117504697248122
2009-11-30,2.531662111581142,2.2435468843237976,1.9742340179238882,2.1197372929438187
2009-12-01,2.5370460920548363,2.2456472836247947,1.9749082381467145,2.1245695207469706
2009-12-02,2.542895270024768,2.2486311116858486,1.9769584994011207,2.1314376589767767
2009-12-03,2.548809160204119,2.2521661548911593,1.9800956430324261,2.139910872217622
2009-12-04,2.5545227069753365,2.2560551052301023,1.984128727747632,2.1496604324661863
2009-12-05,2.5598788411424884,2.260202811648782,1.9889373100047838,2.1604314959530555
2009-12-06,2.5648040822098035,2.2645873343056357,1.9944475234192802,2.1720193700443433
2009-12-07,2.569287924556604,2.2692356745587032,2.000612679953483,2.1842509920262576
2009-12-08,2.5733660091628714,2.2742042310030923,2.0073983910582727,2.1969715166187793
2009-12-09,2.5771066617787874,2.2795635541705814,2.01477178158019,2.210035426784957
2009-12-10,2.580600199864675,2.285386759257431,2.0226941740768494,2.2233013643699695
2009-12-11,2.5839503946892255,2.2917409207864043,2.0311165816170313,2.2366298385383168
2009-12-12,2.5872675519205495,2.2986808395334326,2.039977397852569,2.2498830365219837
2009-12-13,2.5906627910479965,2.306244682989107,2.0492017647579677,2.2629260765224406
2009-12-14,2.5942432260643296,2.3144511182612466,2.058702198385313,2.27562916943613
2009-12-15,2.5981078572982477,2.3232976595159514,2.0683801430566673,2.2878702733242426
2009-12-16,2.6023440686086565,2.3327600318980704,2.078128196895465,2.299537923028375
2009-12-17,2.60702468400999,2.342792409278373,2.087832805440622,2.3105339953943593
2009-12-18,2.612205575768565,2.353328417260647,2.097377257812432,2.3207762305803725
2009-12-19,2.6179238362719857,2.364282810442101,2.106644845413284,2.3302003758319048
2009-12-20,2.624196532915046,2.3755537388978527,2.115522060421169,2.338761853926633
2009-12-21,2.6310200627632447,2.387025517570661,2.1239017237500013,2.3464368875977093
2009-12-22,2.6383701150040513,2.398571807107139,2.1316859422703542,2.353223036111123
2009-12-23,2.646202236598447,2.410059108216556,2.138788804669274,2.3591391224160487
2009-12-24,2.6544529819058598,2.4213504656043217,2.1451387354670977,2.3642245498156984
2009-12-25,2.6630416117100615,2.432309273124006,2.150680437975639,2.368538026310273
2009-12-26,2.6718722920187017,2.4428030697336816,2.155376369575207,2.3721557326850116
2009-12-27,2.680836729001599,2.452707216547628,2.159207706550714,2.3751689868859307
2009-12-28,2.689817164058765,2.4619083489219924,2.1621747706320678,2.3776814719641157
2009-12-29,2.6986896427233567,2.4703075041057323,2.164296904994471,2.3798061075571653
2009-12-30,2.707327463255834,2.4778228343923643,2.1656118033894582,2.3816616552040135
2009-12-31,2.7156047056262604,2.484391827682253,2.1661743118635206,2.3833691554869945
